gene	accession	species	gene_id	isoform	length	status	reason	old_header	new_header
PRELP	XP_039394346.1	Mauremys reevesii	120405122		385	kept	representative	XP_039394346.1 PRELP [organism=Mauremys reevesii] [GeneID=120405122]	Mauremys_reevesii|PRELP|XP_039394346.1
PRELP	XP_053562702.1	Bombina bombina	128653438		374	kept	representative	XP_053562702.1 PRELP [organism=Bombina bombina] [GeneID=128653438]	Bombina_bombina|PRELP|XP_053562702.1
PRELP	XP_032369205.1	Etheostoma spectabile	116687728		379	kept	representative	XP_032369205.1 prelp [organism=Etheostoma spectabile] [GeneID=116687728]	Etheostoma_spectabile|PRELP|XP_032369205.1
PRELP	XP_032369206.1	Etheostoma spectabile	116687728		379	excluded	extra_isoform_same_locus	XP_032369206.1 prelp [organism=Etheostoma spectabile] [GeneID=116687728]	Etheostoma_spectabile|PRELP|XP_032369206.1
PRELP	XP_063212786.1	Chroicocephalus ridibundus	134525659		371	kept	representative	XP_063212786.1 PRELP [organism=Chroicocephalus ridibundus] [GeneID=134525659]	Chroicocephalus_ridibundus|PRELP|XP_063212786.1
PRELP	XP_007111091.1	Physeter macrocephalus	102976439		381	kept	representative	XP_007111091.1 PRELP [organism=Physeter macrocephalus] [GeneID=102976439]	Physeter_macrocephalus|PRELP|XP_007111091.1
PRELP	XP_019287760.1	Panthera pardus	109256683		379	kept	representative	XP_019287760.1 PRELP [organism=Panthera pardus] [GeneID=109256683]	Panthera_pardus|PRELP|XP_019287760.1
PRELP	XP_019287769.1	Panthera pardus	109256683		379	excluded	extra_isoform_same_locus	XP_019287769.1 PRELP [organism=Panthera pardus] [GeneID=109256683]	Panthera_pardus|PRELP|XP_019287769.1
PRELP	XP_029948502.1	Salarias fasciatus	115389184		373	kept	representative	XP_029948502.1 prelp [organism=Salarias fasciatus] [GeneID=115389184]	Salarias_fasciatus|PRELP|XP_029948502.1
PRELP	XP_030088896.2	Serinus canaria	103824505		372	kept	representative	XP_030088896.2 PRELP [organism=Serinus canaria] [GeneID=103824505]	Serinus_canaria|PRELP|XP_030088896.2
PRELP	XP_042322003.1	Sceloporus undulatus	121929978		369	kept	representative	XP_042322003.1 PRELP [organism=Sceloporus undulatus] [GeneID=121929978]	Sceloporus_undulatus|PRELP|XP_042322003.1
PRELP	XP_042322004.1	Sceloporus undulatus	121929978		369	excluded	extra_isoform_same_locus	XP_042322004.1 PRELP [organism=Sceloporus undulatus] [GeneID=121929978]	Sceloporus_undulatus|PRELP|XP_042322004.1
PRELP	XP_059002014.1	Mustela lutreola	131814762		379	kept	representative	XP_059002014.1 PRELP [organism=Mustela lutreola] [GeneID=131814762]	Mustela_lutreola|PRELP|XP_059002014.1
PRELP	XP_059002015.1	Mustela lutreola	131814762		379	excluded	extra_isoform_same_locus	XP_059002015.1 PRELP [organism=Mustela lutreola] [GeneID=131814762]	Mustela_lutreola|PRELP|XP_059002015.1
PRELP	XP_080969446.1	Myotis nattereri	308534763		372	kept	representative	XP_080969446.1 PRELP [organism=Myotis nattereri] [GeneID=308534763]	Myotis_nattereri|PRELP|XP_080969446.1
PRELP	XP_032405757.1	Xiphophorus hellerii	116710692		379	kept	representative	XP_032405757.1 prelp [organism=Xiphophorus hellerii] [GeneID=116710692]	Xiphophorus_hellerii|PRELP|XP_032405757.1
PRELP	XP_008152454.1	Eptesicus fuscus	103297515		380	kept	representative	XP_008152454.1 PRELP [organism=Eptesicus fuscus] [GeneID=103297515]	Eptesicus_fuscus|PRELP|XP_008152454.1
PRELP	XP_027985149.1	Eptesicus fuscus	103297515		380	excluded	extra_isoform_same_locus	XP_027985149.1 PRELP [organism=Eptesicus fuscus] [GeneID=103297515]	Eptesicus_fuscus|PRELP|XP_027985149.1
PRELP	XP_004625435.1	Octodon degus	101582240		382	kept	representative	XP_004625435.1 Prelp [organism=Octodon degus] [GeneID=101582240]	Octodon_degus|PRELP|XP_004625435.1
PRELP	XP_007434947.1	Python bivittatus	103061990	X2	369	kept	representative	XP_007434947.1 PRELP [organism=Python bivittatus] [GeneID=103061990] [isoform=X2]	Python_bivittatus|PRELP|XP_007434947.1
PRELP	XP_007434949.1	Python bivittatus	103061990	X2	369	excluded	extra_isoform_same_locus	XP_007434949.1 PRELP [organism=Python bivittatus] [GeneID=103061990] [isoform=X2]	Python_bivittatus|PRELP|XP_007434949.1
PRELP	XP_025026732.1	Python bivittatus	103061990	X1	407	excluded	extra_isoform_same_locus	XP_025026732.1 PRELP [organism=Python bivittatus] [GeneID=103061990] [isoform=X1]	Python_bivittatus|PRELP|XP_025026732.1
PRELP	XP_025026733.1	Python bivittatus	103061990	X2	369	excluded	extra_isoform_same_locus	XP_025026733.1 PRELP [organism=Python bivittatus] [GeneID=103061990] [isoform=X2]	Python_bivittatus|PRELP|XP_025026733.1
PRELP	XP_025026734.1	Python bivittatus	103061990	X2	369	excluded	extra_isoform_same_locus	XP_025026734.1 PRELP [organism=Python bivittatus] [GeneID=103061990] [isoform=X2]	Python_bivittatus|PRELP|XP_025026734.1
PRELP	XP_025026735.1	Python bivittatus	103061990	X2	369	excluded	extra_isoform_same_locus	XP_025026735.1 PRELP [organism=Python bivittatus] [GeneID=103061990] [isoform=X2]	Python_bivittatus|PRELP|XP_025026735.1
PRELP	XP_025026736.1	Python bivittatus	103061990	X2	369	excluded	extra_isoform_same_locus	XP_025026736.1 PRELP [organism=Python bivittatus] [GeneID=103061990] [isoform=X2]	Python_bivittatus|PRELP|XP_025026736.1
PRELP	XP_025026738.1	Python bivittatus	103061990	X2	369	excluded	extra_isoform_same_locus	XP_025026738.1 PRELP [organism=Python bivittatus] [GeneID=103061990] [isoform=X2]	Python_bivittatus|PRELP|XP_025026738.1
PRELP	XP_025026739.1	Python bivittatus	103061990	X2	369	excluded	extra_isoform_same_locus	XP_025026739.1 PRELP [organism=Python bivittatus] [GeneID=103061990] [isoform=X2]	Python_bivittatus|PRELP|XP_025026739.1
PRELP	XP_025026740.1	Python bivittatus	103061990	X2	369	excluded	extra_isoform_same_locus	XP_025026740.1 PRELP [organism=Python bivittatus] [GeneID=103061990] [isoform=X2]	Python_bivittatus|PRELP|XP_025026740.1
PRELP	XP_044529423.1	Gracilinanus agilis	123244851		384	kept	representative	XP_044529423.1 PRELP [organism=Gracilinanus agilis] [GeneID=123244851]	Gracilinanus_agilis|PRELP|XP_044529423.1
PRELP	XP_074910786.1	Buteo buteo	142043473		371	kept	representative	XP_074910786.1 PRELP [organism=Buteo buteo] [GeneID=142043473]	Buteo_buteo|PRELP|XP_074910786.1
PRELP	XP_059269130.1	Mustela nigripes	132025631		379	kept	representative	XP_059269130.1 PRELP [organism=Mustela nigripes] [GeneID=132025631]	Mustela_nigripes|PRELP|XP_059269130.1
PRELP	XP_059269131.1	Mustela nigripes	132025631		379	excluded	extra_isoform_same_locus	XP_059269131.1 PRELP [organism=Mustela nigripes] [GeneID=132025631]	Mustela_nigripes|PRELP|XP_059269131.1
PRELP	XP_068029217.1	Anomalospiza imberbis	137462589		371	kept	representative	XP_068029217.1 PRELP [organism=Anomalospiza imberbis] [GeneID=137462589]	Anomalospiza_imberbis|PRELP|XP_068029217.1
PRELP	XP_048409349.1	Stegostoma tigrinum	125462902		393	kept	representative	XP_048409349.1 prelp [organism=Stegostoma tigrinum] [GeneID=125462902]	Stegostoma_tigrinum|PRELP|XP_048409349.1
PRELP	XP_048409350.1	Stegostoma tigrinum	125462902		393	excluded	extra_isoform_same_locus	XP_048409350.1 prelp [organism=Stegostoma tigrinum] [GeneID=125462902]	Stegostoma_tigrinum|PRELP|XP_048409350.1
PRELP	XP_061840821.1	Nerophis lumbriciformis	133622284		373	kept	representative	XP_061840821.1 prelp [organism=Nerophis lumbriciformis] [GeneID=133622284]	Nerophis_lumbriciformis|PRELP|XP_061840821.1
PRELP	XP_074530875.1	Halichoeres trimaculatus	141793901		379	kept	representative	XP_074530875.1 prelp [organism=Halichoeres trimaculatus] [GeneID=141793901]	Halichoeres_trimaculatus|PRELP|XP_074530875.1
PRELP	XP_075191917.1	Anomaloglossus baeobatrachus	142291336		375	kept	representative	XP_075191917.1 PRELP [organism=Anomaloglossus baeobatrachus] [GeneID=142291336]	Anomaloglossus_baeobatrachus|PRELP|XP_075191917.1
PRELP	XP_030274359.1	Sparus aurata	115582525		379	kept	representative	XP_030274359.1 prelp [organism=Sparus aurata] [GeneID=115582525]	Sparus_aurata|PRELP|XP_030274359.1
PRELP	XP_003130154.1	Sus scrofa	100511032		381	kept	representative	XP_003130154.1 PRELP [organism=Sus scrofa] [GeneID=100511032]	Sus_scrofa|PRELP|XP_003130154.1
PRELP	XP_084467688.1	Lepidochelys olivacea	311511166	1	388	excluded	extra_isoform_same_locus	XP_084467688.1 PRELP [organism=Lepidochelys olivacea] [GeneID=311511166] [isoform=1]	Lepidochelys_olivacea|PRELP|XP_084467688.1
PRELP	XP_084467689.1	Lepidochelys olivacea	311511166	2	371	kept	representative	XP_084467689.1 PRELP [organism=Lepidochelys olivacea] [GeneID=311511166] [isoform=2]	Lepidochelys_olivacea|PRELP|XP_084467689.1
PRELP	XP_037640214.1	Sebastes umbrosus	119496751		380	kept	representative	XP_037640214.1 LOC119496751 [organism=Sebastes umbrosus] [GeneID=119496751]	Sebastes_umbrosus|PRELP|XP_037640214.1
PRELP	XP_037640224.1	Sebastes umbrosus	119496751		380	excluded	extra_isoform_same_locus	XP_037640224.1 LOC119496751 [organism=Sebastes umbrosus] [GeneID=119496751]	Sebastes_umbrosus|PRELP|XP_037640224.1
PRELP	XP_068275347.1	Nyctibius grandis	137674093		371	kept	representative	XP_068275347.1 PRELP [organism=Nyctibius grandis] [GeneID=137674093]	Nyctibius_grandis|PRELP|XP_068275347.1
PRELP	XP_017380845.1	Cebus imitator	108302010		382	kept	representative	XP_017380845.1 PRELP [organism=Cebus imitator] [GeneID=108302010]	Cebus_imitator|PRELP|XP_017380845.1
PRELP	XP_017380848.1	Cebus imitator	108302010		382	excluded	extra_isoform_same_locus	XP_017380848.1 PRELP [organism=Cebus imitator] [GeneID=108302010]	Cebus_imitator|PRELP|XP_017380848.1
PRELP	XP_031238765.1	Mastomys coucha	116099394	X1	429	excluded	extra_isoform_same_locus	XP_031238765.1 Prelp [organism=Mastomys coucha] [GeneID=116099394] [isoform=X1]	Mastomys_coucha|PRELP|XP_031238765.1
PRELP	XP_031238775.1	Mastomys coucha	116099394	X2	387	excluded	extra_isoform_same_locus	XP_031238775.1 Prelp [organism=Mastomys coucha] [GeneID=116099394] [isoform=X2]	Mastomys_coucha|PRELP|XP_031238775.1
PRELP	XP_031238784.1	Mastomys coucha	116099394	X3	376	kept	representative	XP_031238784.1 Prelp [organism=Mastomys coucha] [GeneID=116099394] [isoform=X3]	Mastomys_coucha|PRELP|XP_031238784.1
PRELP	XP_031238793.1	Mastomys coucha	116099394	X3	376	excluded	extra_isoform_same_locus	XP_031238793.1 Prelp [organism=Mastomys coucha] [GeneID=116099394] [isoform=X3]	Mastomys_coucha|PRELP|XP_031238793.1
PRELP	XP_031238803.1	Mastomys coucha	116099394	X3	376	excluded	extra_isoform_same_locus	XP_031238803.1 Prelp [organism=Mastomys coucha] [GeneID=116099394] [isoform=X3]	Mastomys_coucha|PRELP|XP_031238803.1
PRELP	XP_038675391.1	Scyliorhinus canicula	119978080		393	kept	representative	XP_038675391.1 prelp [organism=Scyliorhinus canicula] [GeneID=119978080]	Scyliorhinus_canicula|PRELP|XP_038675391.1
PRELP	XP_041278648.1	Onychostruthus taczanowskii	121345623		371	kept	representative	XP_041278648.1 PRELP [organism=Onychostruthus taczanowskii] [GeneID=121345623]	Onychostruthus_taczanowskii|PRELP|XP_041278648.1
PRELP	XP_060897965.1	Labrus mixtus	132977430		379	kept	representative	XP_060897965.1 prelp [organism=Labrus mixtus] [GeneID=132977430]	Labrus_mixtus|PRELP|XP_060897965.1
PRELP	XP_008407465.2	Poecilia reticulata	103464870	X2	379	kept	representative	XP_008407465.2 prelp [organism=Poecilia reticulata] [GeneID=103464870] [isoform=X2]	Poecilia_reticulata|PRELP|XP_008407465.2
PRELP	XP_081463383.1	Poecilia reticulata	103464870	X1	386	excluded	extra_isoform_same_locus	XP_081463383.1 prelp [organism=Poecilia reticulata] [GeneID=103464870] [isoform=X1]	Poecilia_reticulata|PRELP|XP_081463383.1
PRELP	XP_004862241.2	Heterocephalus glaber	101701329	X1	668	excluded	absolute_length	XP_004862241.2 Prelp [organism=Heterocephalus glaber] [GeneID=101701329] [isoform=X1]	Heterocephalus_glaber|PRELP|XP_004862241.2
PRELP	XP_087050046.1	Heterocephalus glaber	101701329	X2	382	kept	representative	XP_087050046.1 Prelp [organism=Heterocephalus glaber] [GeneID=101701329] [isoform=X2]	Heterocephalus_glaber|PRELP|XP_087050046.1
PRELP	XP_010219512.1	Tinamus guttatus	104573972		312	kept	representative	XP_010219512.1 PRELP [organism=Tinamus guttatus] [GeneID=104573972]	Tinamus_guttatus|PRELP|XP_010219512.1
PRELP	XP_017536217.1	Manis javanica	108409908		381	kept	representative	XP_017536217.1 PRELP [organism=Manis javanica] [GeneID=108409908]	Manis_javanica|PRELP|XP_017536217.1
PRELP	XP_017536224.1	Manis javanica	108409908		381	excluded	extra_isoform_same_locus	XP_017536224.1 PRELP [organism=Manis javanica] [GeneID=108409908]	Manis_javanica|PRELP|XP_017536224.1
PRELP	XP_043818804.1	Dromiciops gliroides	122725657		383	kept	representative	XP_043818804.1 PRELP [organism=Dromiciops gliroides] [GeneID=122725657]	Dromiciops_gliroides|PRELP|XP_043818804.1
PRELP	XP_053883346.1	Malaclemys terrapin pileata	128836784		371	kept	representative	XP_053883346.1 PRELP [organism=Malaclemys terrapin pileata] [GeneID=128836784]	Malaclemys_terrapin_pileata|PRELP|XP_053883346.1
PRELP	XP_059806018.1	Hypanus sabinus	132380988		401	kept	representative	XP_059806018.1 prelp [organism=Hypanus sabinus] [GeneID=132380988]	Hypanus_sabinus|PRELP|XP_059806018.1
PRELP	XP_082186240.1	Platalea leucorodia	309599027		371	kept	representative	XP_082186240.1 PRELP [organism=Platalea leucorodia] [GeneID=309599027]	Platalea_leucorodia|PRELP|XP_082186240.1
PRELP	XP_025776959.1	Puma concolor	112857845		379	kept	representative	XP_025776959.1 PRELP [organism=Puma concolor] [GeneID=112857845]	Puma_concolor|PRELP|XP_025776959.1
PRELP	XP_031992779.1	Hylobates moloch	116457593		382	kept	representative	XP_031992779.1 PRELP [organism=Hylobates moloch] [GeneID=116457593]	Hylobates_moloch|PRELP|XP_031992779.1
PRELP	XP_031992780.1	Hylobates moloch	116457593		382	excluded	extra_isoform_same_locus	XP_031992780.1 PRELP [organism=Hylobates moloch] [GeneID=116457593]	Hylobates_moloch|PRELP|XP_031992780.1
PRELP	XP_033775201.1	Geotrypetes seraphini	117347857		374	kept	representative	XP_033775201.1 PRELP [organism=Geotrypetes seraphini] [GeneID=117347857]	Geotrypetes_seraphini|PRELP|XP_033775201.1
PRELP	XP_036129595.1	Molossus molossus	118637980		379	kept	representative	XP_036129595.1 PRELP [organism=Molossus molossus] [GeneID=118637980]	Molossus_molossus|PRELP|XP_036129595.1
PRELP	XP_036129596.1	Molossus molossus	118637980		379	excluded	extra_isoform_same_locus	XP_036129596.1 PRELP [organism=Molossus molossus] [GeneID=118637980]	Molossus_molossus|PRELP|XP_036129596.1
PRELP	XP_057896008.1	Melospiza georgiana	131093025		429	kept	representative	XP_057896008.1 PRELP [organism=Melospiza georgiana] [GeneID=131093025]	Melospiza_georgiana|PRELP|XP_057896008.1
PRELP	XP_078500818.1	Lissotriton helveticus	144755585		375	kept	representative	XP_078500818.1 PRELP [organism=Lissotriton helveticus] [GeneID=144755585]	Lissotriton_helveticus|PRELP|XP_078500818.1
PRELP	XP_025847254.1	Vulpes vulpes	112914412		379	kept	representative	XP_025847254.1 PRELP [organism=Vulpes vulpes] [GeneID=112914412]	Vulpes_vulpes|PRELP|XP_025847254.1
PRELP	XP_025847255.1	Vulpes vulpes	112914412		379	excluded	extra_isoform_same_locus	XP_025847255.1 PRELP [organism=Vulpes vulpes] [GeneID=112914412]	Vulpes_vulpes|PRELP|XP_025847255.1
PRELP	XP_069094543.1	Pleurodeles waltl	138299841		375	kept	representative	XP_069094543.1 PRELP [organism=Pleurodeles waltl] [GeneID=138299841]	Pleurodeles_waltl|PRELP|XP_069094543.1
PRELP	XP_069094544.1	Pleurodeles waltl	138299841		375	excluded	extra_isoform_same_locus	XP_069094544.1 PRELP [organism=Pleurodeles waltl] [GeneID=138299841]	Pleurodeles_waltl|PRELP|XP_069094544.1
PRELP	XP_004610101.2	Sorex araneus	101538634		427	kept	representative	XP_004610101.2 PRELP [organism=Sorex araneus] [GeneID=101538634]	Sorex_araneus|PRELP|XP_004610101.2
PRELP	XP_038236241.1	Dermochelys coriacea	119846519		367	kept	representative	XP_038236241.1 PRELP [organism=Dermochelys coriacea] [GeneID=119846519]	Dermochelys_coriacea|PRELP|XP_038236241.1
PRELP	XP_049589090.1	Syngnathus scovelli	125977024		373	kept	representative	XP_049589090.1 prelp [organism=Syngnathus scovelli] [GeneID=125977024]	Syngnathus_scovelli|PRELP|XP_049589090.1
PRELP	XP_065710677.1	Patagioenas fasciata	136110896		371	kept	representative	XP_065710677.1 PRELP [organism=Patagioenas fasciata] [GeneID=136110896]	Patagioenas_fasciata|PRELP|XP_065710677.1
PRELP	XP_065710678.1	Patagioenas fasciata	136110896		371	excluded	extra_isoform_same_locus	XP_065710678.1 PRELP [organism=Patagioenas fasciata] [GeneID=136110896]	Patagioenas_fasciata|PRELP|XP_065710678.1
PRELP	XP_072307511.1	Eucyclogobius newberryi	140365159		377	kept	representative	XP_072307511.1 prelp [organism=Eucyclogobius newberryi] [GeneID=140365159]	Eucyclogobius_newberryi|PRELP|XP_072307511.1
PRELP	XP_028260748.1	Parambassis ranga	114435319		379	kept	representative	XP_028260748.1 prelp [organism=Parambassis ranga] [GeneID=114435319]	Parambassis_ranga|PRELP|XP_028260748.1
PRELP	XP_013797462.1	Apteryx mantelli	106483944		371	kept	representative	XP_013797462.1 PRELP [organism=Apteryx mantelli] [GeneID=106483944]	Apteryx_mantelli|PRELP|XP_013797462.1
PRELP	XP_053294182.1	Pleuronectes platessa	128454716		379	kept	representative	XP_053294182.1 prelp [organism=Pleuronectes platessa] [GeneID=128454716]	Pleuronectes_platessa|PRELP|XP_053294182.1
PRELP	XP_080820402.1	Bucephala clangula	308452647		374	kept	representative	XP_080820402.1 PRELP [organism=Bucephala clangula] [GeneID=308452647]	Bucephala_clangula|PRELP|XP_080820402.1
PRELP	XP_083668799.1	Anser anser	310887123	1	374	kept	representative	XP_083668799.1 PRELP [organism=Anser anser] [GeneID=310887123] [isoform=1]	Anser_anser|PRELP|XP_083668799.1
PRELP	XP_083668800.1	Anser anser	310887123	1	374	excluded	extra_isoform_same_locus	XP_083668800.1 PRELP [organism=Anser anser] [GeneID=310887123] [isoform=1]	Anser_anser|PRELP|XP_083668800.1
PRELP	XP_059944448.1	Mesoplodon densirostris	132483208		381	kept	representative	XP_059944448.1 PRELP [organism=Mesoplodon densirostris] [GeneID=132483208]	Mesoplodon_densirostris|PRELP|XP_059944448.1
PRELP	XP_063153630.1	Candoia aspera	134493198		369	kept	representative	XP_063153630.1 PRELP [organism=Candoia aspera] [GeneID=134493198]	Candoia_aspera|PRELP|XP_063153630.1
PRELP	XP_063274659.1	Prinia subflava	134561506		371	kept	representative	XP_063274659.1 PRELP [organism=Prinia subflava] [GeneID=134561506]	Prinia_subflava|PRELP|XP_063274659.1
PRELP	XP_036200105.1	Myotis myotis	118673443		372	kept	representative	XP_036200105.1 PRELP [organism=Myotis myotis] [GeneID=118673443]	Myotis_myotis|PRELP|XP_036200105.1
PRELP	XP_036200106.1	Myotis myotis	118673443		372	excluded	extra_isoform_same_locus	XP_036200106.1 PRELP [organism=Myotis myotis] [GeneID=118673443]	Myotis_myotis|PRELP|XP_036200106.1
PRELP	XP_074706136.1	Strix aluco	141934522		371	kept	representative	XP_074706136.1 PRELP [organism=Strix aluco] [GeneID=141934522]	Strix_aluco|PRELP|XP_074706136.1
PRELP	XP_074706137.1	Strix aluco	141934522		371	excluded	extra_isoform_same_locus	XP_074706137.1 PRELP [organism=Strix aluco] [GeneID=141934522]	Strix_aluco|PRELP|XP_074706137.1
PRELP	XP_028853346.1	Denticeps clupeoides	114800320		404	kept	representative	XP_028853346.1 prelp [organism=Denticeps clupeoides] [GeneID=114800320]	Denticeps_clupeoides|PRELP|XP_028853346.1
PRELP	XP_082558188.1	Mustela nivalis	309849458	1	379	kept	representative	XP_082558188.1 PRELP [organism=Mustela nivalis] [GeneID=309849458] [isoform=1]	Mustela_nivalis|PRELP|XP_082558188.1
PRELP	XP_082558189.1	Mustela nivalis	309849458	1	379	excluded	extra_isoform_same_locus	XP_082558189.1 PRELP [organism=Mustela nivalis] [GeneID=309849458] [isoform=1]	Mustela_nivalis|PRELP|XP_082558189.1
PRELP	XP_082634435.1	Aythya marila	309886964		381	kept	representative	XP_082634435.1 PRELP [organism=Aythya marila] [GeneID=309886964]	Aythya_marila|PRELP|XP_082634435.1
PRELP	XP_003823035.1	Pan paniscus	100990076	X2	382	kept	representative	XP_003823035.1 PRELP [organism=Pan paniscus] [GeneID=100990076] [isoform=X2]	Pan_paniscus|PRELP|XP_003823035.1
PRELP	XP_008974850.1	Pan paniscus	100990076	X2	382	excluded	extra_isoform_same_locus	XP_008974850.1 PRELP [organism=Pan paniscus] [GeneID=100990076] [isoform=X2]	Pan_paniscus|PRELP|XP_008974850.1
PRELP	XP_063453959.1	Pan paniscus	100990076	X1	400	excluded	extra_isoform_same_locus	XP_063453959.1 PRELP [organism=Pan paniscus] [GeneID=100990076] [isoform=X1]	Pan_paniscus|PRELP|XP_063453959.1
PRELP	XP_031178915.1	Sander lucioperca	116066877		379	kept	representative	XP_031178915.1 LOC116066877 [organism=Sander lucioperca] [GeneID=116066877]	Sander_lucioperca|PRELP|XP_031178915.1
PRELP	XP_035858338.1	Sander lucioperca	116066877		379	excluded	extra_isoform_same_locus	XP_035858338.1 LOC116066877 [organism=Sander lucioperca] [GeneID=116066877]	Sander_lucioperca|PRELP|XP_035858338.1
PRELP	XP_067387773.1	Emydura macquarii macquarii	137142359		384	kept	representative	XP_067387773.1 PRELP [organism=Emydura macquarii macquarii] [GeneID=137142359]	Emydura_macquarii_macquarii|PRELP|XP_067387773.1
PRELP	XP_071192284.1	Salvelinus alpinus	139536057		380	kept	representative	XP_071192284.1 prelp [organism=Salvelinus alpinus] [GeneID=139536057]	Salvelinus_alpinus|PRELP|XP_071192284.1
PRELP	XP_078963063.1	Sciurus vulgaris	306641711	1	383	kept	representative	XP_078963063.1 PRELP [organism=Sciurus vulgaris] [GeneID=306641711] [isoform=1]	Sciurus_vulgaris|PRELP|XP_078963063.1
PRELP	XP_078963064.1	Sciurus vulgaris	306641711	1	383	excluded	extra_isoform_same_locus	XP_078963064.1 PRELP [organism=Sciurus vulgaris] [GeneID=306641711] [isoform=1]	Sciurus_vulgaris|PRELP|XP_078963064.1
PRELP	XP_079452647.1	Phoxinus phoxinus	306990129		387	kept	representative	XP_079452647.1 prelp [organism=Phoxinus phoxinus] [GeneID=306990129]	Phoxinus_phoxinus|PRELP|XP_079452647.1
PRELP	XP_003938358.1	Saimiri boliviensis	101033634		382	kept	representative	XP_003938358.1 PRELP [organism=Saimiri boliviensis] [GeneID=101033634]	Saimiri_boliviensis|PRELP|XP_003938358.1
PRELP	XP_074241107.1	Saimiri boliviensis	101033634		382	excluded	extra_isoform_same_locus	XP_074241107.1 PRELP [organism=Saimiri boliviensis] [GeneID=101033634]	Saimiri_boliviensis|PRELP|XP_074241107.1
PRELP	XP_055276084.1	Moschus berezovskii	129551786		381	kept	representative	XP_055276084.1 PRELP [organism=Moschus berezovskii] [GeneID=129551786]	Moschus_berezovskii|PRELP|XP_055276084.1
PRELP	XP_066218119.1	Saccopteryx leptura	136390899		379	kept	representative	XP_066218119.1 PRELP [organism=Saccopteryx leptura] [GeneID=136390899]	Saccopteryx_leptura|PRELP|XP_066218119.1
PRELP	XP_066218120.1	Saccopteryx leptura	136390899		379	excluded	extra_isoform_same_locus	XP_066218120.1 PRELP [organism=Saccopteryx leptura] [GeneID=136390899]	Saccopteryx_leptura|PRELP|XP_066218120.1
PRELP	XP_085896413.1	Filicampus tigris	147142314		373	kept	representative	XP_085896413.1 prelp [organism=Filicampus tigris] [GeneID=147142314]	Filicampus_tigris|PRELP|XP_085896413.1
PRELP	XP_079366095.1	Electrona antarctica	306929432	1	386	kept	representative	XP_079366095.1 prelp [organism=Electrona antarctica] [GeneID=306929432] [isoform=1]	Electrona_antarctica|PRELP|XP_079366095.1
PRELP	XP_079366096.1	Electrona antarctica	306929432	1	386	excluded	extra_isoform_same_locus	XP_079366096.1 prelp [organism=Electrona antarctica] [GeneID=306929432] [isoform=1]	Electrona_antarctica|PRELP|XP_079366096.1
PRELP	XP_056590881.1	Triplophysa dalaica	130410303		378	kept	representative	XP_056590881.1 prelp [organism=Triplophysa dalaica] [GeneID=130410303]	Triplophysa_dalaica|PRELP|XP_056590881.1
PRELP	XP_085974887.1	Hippocampus guttulatus	147201490		371	kept	representative	XP_085974887.1 prelp [organism=Hippocampus guttulatus] [GeneID=147201490]	Hippocampus_guttulatus|PRELP|XP_085974887.1
PRELP	XP_009325654.1	Pygoscelis adeliae	103919809		365	kept	representative	XP_009325654.1 PRELP [organism=Pygoscelis adeliae] [GeneID=103919809]	Pygoscelis_adeliae|PRELP|XP_009325654.1
PRELP	XP_010182146.1	Mesitornis unicolor	104540117		343	kept	representative	XP_010182146.1 PRELP [organism=Mesitornis unicolor] [GeneID=104540117]	Mesitornis_unicolor|PRELP|XP_010182146.1
PRELP	XP_029789018.1	Suricata suricatta	115286772		379	kept	representative	XP_029789018.1 PRELP [organism=Suricata suricatta] [GeneID=115286772]	Suricata_suricatta|PRELP|XP_029789018.1
PRELP	XP_059136951.1	Peromyscus eremicus	131925587		378	kept	representative	XP_059136951.1 Prelp [organism=Peromyscus eremicus] [GeneID=131925587]	Peromyscus_eremicus|PRELP|XP_059136951.1
PRELP	XP_059136952.1	Peromyscus eremicus	131925587		378	excluded	extra_isoform_same_locus	XP_059136952.1 Prelp [organism=Peromyscus eremicus] [GeneID=131925587]	Peromyscus_eremicus|PRELP|XP_059136952.1
PRELP	XP_059136953.1	Peromyscus eremicus	131925587		378	excluded	extra_isoform_same_locus	XP_059136953.1 Prelp [organism=Peromyscus eremicus] [GeneID=131925587]	Peromyscus_eremicus|PRELP|XP_059136953.1
PRELP	XP_064824046.1	Oncorhynchus masou masou	135541654		380	kept	representative	XP_064824046.1 prelp [organism=Oncorhynchus masou masou] [GeneID=135541654]	Oncorhynchus_masou_masou|PRELP|XP_064824046.1
PRELP	XP_064824047.1	Oncorhynchus masou masou	135541654		380	excluded	extra_isoform_same_locus	XP_064824047.1 prelp [organism=Oncorhynchus masou masou] [GeneID=135541654]	Oncorhynchus_masou_masou|PRELP|XP_064824047.1
PRELP	XP_074420564.1	Larus michahellis	141733707	X1	396	excluded	extra_isoform_same_locus	XP_074420564.1 PRELP [organism=Larus michahellis] [GeneID=141733707] [isoform=X1]	Larus_michahellis|PRELP|XP_074420564.1
PRELP	XP_074420565.1	Larus michahellis	141733707	X2	371	kept	representative	XP_074420565.1 PRELP [organism=Larus michahellis] [GeneID=141733707] [isoform=X2]	Larus_michahellis|PRELP|XP_074420565.1
PRELP	XP_034022800.1	Thalassophryne amazonica	117507127		379	kept	representative	XP_034022800.1 prelp [organism=Thalassophryne amazonica] [GeneID=117507127]	Thalassophryne_amazonica|PRELP|XP_034022800.1
PRELP	XP_024268361.1	Oncorhynchus tshawytscha	112244793		380	kept	representative	XP_024268361.1 prelp [organism=Oncorhynchus tshawytscha] [GeneID=112244793]	Oncorhynchus_tshawytscha|PRELP|XP_024268361.1
PRELP	XP_054883464.1	Poeciliopsis prolifica	129358435		379	kept	representative	XP_054883464.1 prelp [organism=Poeciliopsis prolifica] [GeneID=129358435]	Poeciliopsis_prolifica|PRELP|XP_054883464.1
PRELP	XP_067913408.1	Heterodontus francisci	137383920		405	kept	representative	XP_067913408.1 prelp [organism=Heterodontus francisci] [GeneID=137383920]	Heterodontus_francisci|PRELP|XP_067913408.1
PRELP	XP_067913409.1	Heterodontus francisci	137383920		405	excluded	extra_isoform_same_locus	XP_067913409.1 prelp [organism=Heterodontus francisci] [GeneID=137383920]	Heterodontus_francisci|PRELP|XP_067913409.1
PRELP	XP_047439659.1	Mugil cephalus	125007104		380	kept	representative	XP_047439659.1 LOC125007104 [organism=Mugil cephalus] [GeneID=125007104]	Mugil_cephalus|PRELP|XP_047439659.1
PRELP	NP_001253748.1	Macaca mulatta	702702		382	kept	representative	NP_001253748.1 PRELP [organism=Macaca mulatta] [GeneID=702702]	Macaca_mulatta|PRELP|NP_001253748.1
PRELP	XP_014974049.1	Macaca mulatta	702702	X1	382	excluded	extra_isoform_same_locus	XP_014974049.1 PRELP [organism=Macaca mulatta] [GeneID=702702] [isoform=X1]	Macaca_mulatta|PRELP|XP_014974049.1
PRELP	XP_077459221.1	Stigmatopora argus	144075745		376	kept	representative	XP_077459221.1 prelp [organism=Stigmatopora argus] [GeneID=144075745]	Stigmatopora_argus|PRELP|XP_077459221.1
PRELP	XP_010144165.1	Buceros rhinoceros silvestris	104501962		351	kept	representative	XP_010144165.1 PRELP [organism=Buceros rhinoceros silvestris] [GeneID=104501962]	Buceros_rhinoceros_silvestris|PRELP|XP_010144165.1
PRELP	XP_084587509.1	Lutjanus erythropterus	146331465		379	kept	representative	XP_084587509.1 prelp [organism=Lutjanus erythropterus] [GeneID=146331465]	Lutjanus_erythropterus|PRELP|XP_084587509.1
PRELP	XP_079882985.1	Ammodytes marinus	307249952	1	379	kept	representative	XP_079882985.1 prelp [organism=Ammodytes marinus] [GeneID=307249952] [isoform=1]	Ammodytes_marinus|PRELP|XP_079882985.1
PRELP	XP_079882986.1	Ammodytes marinus	307249952	1	379	excluded	extra_isoform_same_locus	XP_079882986.1 prelp [organism=Ammodytes marinus] [GeneID=307249952] [isoform=1]	Ammodytes_marinus|PRELP|XP_079882986.1
PRELP	XP_080281273.1	Gymnoscopelus braueri	308083039	1	393	kept	representative	XP_080281273.1 prelp [organism=Gymnoscopelus braueri] [GeneID=308083039] [isoform=1]	Gymnoscopelus_braueri|PRELP|XP_080281273.1
PRELP	XP_080281274.1	Gymnoscopelus braueri	308083039	1	393	excluded	extra_isoform_same_locus	XP_080281274.1 prelp [organism=Gymnoscopelus braueri] [GeneID=308083039] [isoform=1]	Gymnoscopelus_braueri|PRELP|XP_080281274.1
PRELP	XP_081681145.1	Leptonychotes weddellii	115940329		379	kept	representative	XP_081681145.1 LOC115940329 [organism=Leptonychotes weddellii] [GeneID=115940329]	Leptonychotes_weddellii|PRELP|XP_081681145.1
PRELP	XP_081681146.1	Leptonychotes weddellii	115940329		379	excluded	extra_isoform_same_locus	XP_081681146.1 LOC115940329 [organism=Leptonychotes weddellii] [GeneID=115940329]	Leptonychotes_weddellii|PRELP|XP_081681146.1
PRELP	XP_005924772.1	Haplochromis burtoni	102301324	X1	401	excluded	extra_isoform_same_locus	XP_005924772.1 prelp [organism=Haplochromis burtoni] [GeneID=102301324] [isoform=X1]	Haplochromis_burtoni|PRELP|XP_005924772.1
PRELP	XP_005924773.1	Haplochromis burtoni	102301324	X2	379	kept	representative	XP_005924773.1 prelp [organism=Haplochromis burtoni] [GeneID=102301324] [isoform=X2]	Haplochromis_burtoni|PRELP|XP_005924773.1
PRELP	XP_030077251.1	Microcaecilia unicolor	115481923		374	kept	representative	XP_030077251.1 PRELP [organism=Microcaecilia unicolor] [GeneID=115481923]	Microcaecilia_unicolor|PRELP|XP_030077251.1
PRELP	XP_030329378.1	Strigops habroptila	115602405		371	kept	representative	XP_030329378.1 PRELP [organism=Strigops habroptila] [GeneID=115602405]	Strigops_habroptila|PRELP|XP_030329378.1
PRELP	XP_074971859.1	Phalacrocorax aristotelis	142067266		371	kept	representative	XP_074971859.1 PRELP [organism=Phalacrocorax aristotelis] [GeneID=142067266]	Phalacrocorax_aristotelis|PRELP|XP_074971859.1
PRELP	XP_070326750.1	Odocoileus virginianus	110139700		381	kept	representative	XP_070326750.1 PRELP [organism=Odocoileus virginianus] [GeneID=110139700]	Odocoileus_virginianus|PRELP|XP_070326750.1
PRELP	XP_078276347.1	Rhinoraja longicauda	144605152	X1	451	excluded	extra_isoform_same_locus	XP_078276347.1 prelp [organism=Rhinoraja longicauda] [GeneID=144605152] [isoform=X1]	Rhinoraja_longicauda|PRELP|XP_078276347.1
PRELP	XP_078276348.1	Rhinoraja longicauda	144605152	X2	386	kept	representative	XP_078276348.1 prelp [organism=Rhinoraja longicauda] [GeneID=144605152] [isoform=X2]	Rhinoraja_longicauda|PRELP|XP_078276348.1
PRELP	XP_078276349.1	Rhinoraja longicauda	144605152	X2	386	excluded	extra_isoform_same_locus	XP_078276349.1 prelp [organism=Rhinoraja longicauda] [GeneID=144605152] [isoform=X2]	Rhinoraja_longicauda|PRELP|XP_078276349.1
PRELP	XP_078276350.1	Rhinoraja longicauda	144605152	X2	386	excluded	extra_isoform_same_locus	XP_078276350.1 prelp [organism=Rhinoraja longicauda] [GeneID=144605152] [isoform=X2]	Rhinoraja_longicauda|PRELP|XP_078276350.1
PRELP	XP_078276351.1	Rhinoraja longicauda	144605152	X2	386	excluded	extra_isoform_same_locus	XP_078276351.1 prelp [organism=Rhinoraja longicauda] [GeneID=144605152] [isoform=X2]	Rhinoraja_longicauda|PRELP|XP_078276351.1
PRELP	XP_057700940.1	Corythoichthys intestinalis	130921271	X1	425	excluded	extra_isoform_same_locus	XP_057700940.1 prelp [organism=Corythoichthys intestinalis] [GeneID=130921271] [isoform=X1]	Corythoichthys_intestinalis|PRELP|XP_057700940.1
PRELP	XP_057700941.1	Corythoichthys intestinalis	130921271	X2	377	kept	representative	XP_057700941.1 prelp [organism=Corythoichthys intestinalis] [GeneID=130921271] [isoform=X2]	Corythoichthys_intestinalis|PRELP|XP_057700941.1
PRELP	XP_079438344.1	Gobius niger	306982305		372	kept	representative	XP_079438344.1 prelp [organism=Gobius niger] [GeneID=306982305]	Gobius_niger|PRELP|XP_079438344.1
PRELP	XP_085262381.1	Rhamphochromis longiceps	146669730	X1	401	excluded	extra_isoform_same_locus	XP_085262381.1 prelp [organism=Rhamphochromis longiceps] [GeneID=146669730] [isoform=X1]	Rhamphochromis_longiceps|PRELP|XP_085262381.1
PRELP	XP_085262382.1	Rhamphochromis longiceps	146669730	X2	379	kept	representative	XP_085262382.1 prelp [organism=Rhamphochromis longiceps] [GeneID=146669730] [isoform=X2]	Rhamphochromis_longiceps|PRELP|XP_085262382.1
PRELP	XP_005891946.1	Bos mutus	102270270		381	kept	representative	XP_005891946.1 PRELP [organism=Bos mutus] [GeneID=102270270]	Bos_mutus|PRELP|XP_005891946.1
PRELP	XP_005529355.1	Pseudopodoces humilis	102099901		371	kept	representative	XP_005529355.1 PRELP [organism=Pseudopodoces humilis] [GeneID=102099901]	Pseudopodoces_humilis|PRELP|XP_005529355.1
PRELP	XP_034368810.1	Arvicanthis niloticus	117716070		378	kept	representative	XP_034368810.1 Prelp [organism=Arvicanthis niloticus] [GeneID=117716070]	Arvicanthis_niloticus|PRELP|XP_034368810.1
PRELP	XP_076797322.1	Arvicanthis niloticus	117716070		378	excluded	extra_isoform_same_locus	XP_076797322.1 Prelp [organism=Arvicanthis niloticus] [GeneID=117716070]	Arvicanthis_niloticus|PRELP|XP_076797322.1
PRELP	XP_051664928.1	Manacus candei	127480635		371	kept	representative	XP_051664928.1 PRELP [organism=Manacus candei] [GeneID=127480635]	Manacus_candei|PRELP|XP_051664928.1
PRELP	XP_080555549.1	Muscardinus avellanarius	308265629		380	kept	representative	XP_080555549.1 PRELP [organism=Muscardinus avellanarius] [GeneID=308265629]	Muscardinus_avellanarius|PRELP|XP_080555549.1
PRELP	XP_004670776.1	Jaculus jaculus	101610588		379	kept	representative	XP_004670776.1 Prelp [organism=Jaculus jaculus] [GeneID=101610588]	Jaculus_jaculus|PRELP|XP_004670776.1
PRELP	XP_068515803.1	Anas acuta	137843908		374	kept	representative	XP_068515803.1 PRELP [organism=Anas acuta] [GeneID=137843908]	Anas_acuta|PRELP|XP_068515803.1
PRELP	XP_064161599.1	Anguilla rostrata	135237945		370	kept	representative	XP_064161599.1 prelp [organism=Anguilla rostrata] [GeneID=135237945]	Anguilla_rostrata|PRELP|XP_064161599.1
PRELP	XP_027726710.1	Vombatus ursinus	114049633		387	kept	representative	XP_027726710.1 PRELP [organism=Vombatus ursinus] [GeneID=114049633]	Vombatus_ursinus|PRELP|XP_027726710.1
PRELP	XP_032949121.1	Rhinolophus ferrumequinum	117014934		379	kept	representative	XP_032949121.1 PRELP [organism=Rhinolophus ferrumequinum] [GeneID=117014934]	Rhinolophus_ferrumequinum|PRELP|XP_032949121.1
PRELP	XP_032949122.1	Rhinolophus ferrumequinum	117014934		379	excluded	extra_isoform_same_locus	XP_032949122.1 PRELP [organism=Rhinolophus ferrumequinum] [GeneID=117014934]	Rhinolophus_ferrumequinum|PRELP|XP_032949122.1
PRELP	XP_033008614.1	Lacerta agilis	117048653		368	kept	representative	XP_033008614.1 PRELP [organism=Lacerta agilis] [GeneID=117048653]	Lacerta_agilis|PRELP|XP_033008614.1
PRELP	XP_056413801.1	Hyla sarda	130356379		374	kept	representative	XP_056413801.1 PRELP [organism=Hyla sarda] [GeneID=130356379]	Hyla_sarda|PRELP|XP_056413801.1
PRELP	XP_056413802.1	Hyla sarda	130356379		374	excluded	extra_isoform_same_locus	XP_056413802.1 PRELP [organism=Hyla sarda] [GeneID=130356379]	Hyla_sarda|PRELP|XP_056413802.1
PRELP	XP_062401254.1	Sardina pilchardus	134092420		383	kept	representative	XP_062401254.1 prelp [organism=Sardina pilchardus] [GeneID=134092420]	Sardina_pilchardus|PRELP|XP_062401254.1
PRELP	XP_011787194.1	Colobus angolensis palliatus	105504368		382	kept	representative	XP_011787194.1 PRELP [organism=Colobus angolensis palliatus] [GeneID=105504368]	Colobus_angolensis_palliatus|PRELP|XP_011787194.1
PRELP	XP_011787195.1	Colobus angolensis palliatus	105504368		382	excluded	extra_isoform_same_locus	XP_011787195.1 PRELP [organism=Colobus angolensis palliatus] [GeneID=105504368]	Colobus_angolensis_palliatus|PRELP|XP_011787195.1
PRELP	XP_037352416.1	Talpa occidentalis	119233865		379	kept	representative	XP_037352416.1 PRELP [organism=Talpa occidentalis] [GeneID=119233865]	Talpa_occidentalis|PRELP|XP_037352416.1
PRELP	XP_038018207.1	Motacilla alba alba	119711748		371	kept	representative	XP_038018207.1 PRELP [organism=Motacilla alba alba] [GeneID=119711748]	Motacilla_alba_alba|PRELP|XP_038018207.1
PRELP	XP_054639383.1	Dunckerocampus dactyliophorus	129185855		373	kept	representative	XP_054639383.1 prelp [organism=Dunckerocampus dactyliophorus] [GeneID=129185855]	Dunckerocampus_dactyliophorus|PRELP|XP_054639383.1
PRELP	XP_030321422.1	Calypte anna	103533549		371	kept	representative	XP_030321422.1 PRELP [organism=Calypte anna] [GeneID=103533549]	Calypte_anna|PRELP|XP_030321422.1
PRELP	XP_041748235.2	Coregonus clupeaformis	121578149		380	kept	representative	XP_041748235.2 LOC121578149 [organism=Coregonus clupeaformis] [GeneID=121578149]	Coregonus_clupeaformis|PRELP|XP_041748235.2
PRELP	XP_041748236.2	Coregonus clupeaformis	121578149		380	excluded	extra_isoform_same_locus	XP_041748236.2 LOC121578149 [organism=Coregonus clupeaformis] [GeneID=121578149]	Coregonus_clupeaformis|PRELP|XP_041748236.2
PRELP	XP_085867350.1	Somniosus microcephalus	147105124		393	kept	representative	XP_085867350.1 prelp [organism=Somniosus microcephalus] [GeneID=147105124]	Somniosus_microcephalus|PRELP|XP_085867350.1
PRELP	XP_010643342.1	Fukomys damarensis	104876820		382	kept	representative	XP_010643342.1 Prelp [organism=Fukomys damarensis] [GeneID=104876820]	Fukomys_damarensis|PRELP|XP_010643342.1
PRELP	XP_080223877.1	Falco punctatus	308054624	1	422	excluded	extra_isoform_same_locus	XP_080223877.1 PRELP [organism=Falco punctatus] [GeneID=308054624] [isoform=1]	Falco_punctatus|PRELP|XP_080223877.1
PRELP	XP_080223878.1	Falco punctatus	308054624	2	371	kept	representative	XP_080223878.1 PRELP [organism=Falco punctatus] [GeneID=308054624] [isoform=2]	Falco_punctatus|PRELP|XP_080223878.1
PRELP	XP_046538875.1	Equus quagga	124250751		379	kept	representative	XP_046538875.1 PRELP [organism=Equus quagga] [GeneID=124250751]	Equus_quagga|PRELP|XP_046538875.1
PRELP	XP_046538876.1	Equus quagga	124250751		379	excluded	extra_isoform_same_locus	XP_046538876.1 PRELP [organism=Equus quagga] [GeneID=124250751]	Equus_quagga|PRELP|XP_046538876.1
PRELP	XP_005073425.1	Mesocricetus auratus	101844387		377	kept	representative	XP_005073425.1 Prelp [organism=Mesocricetus auratus] [GeneID=101844387]	Mesocricetus_auratus|PRELP|XP_005073425.1
PRELP	XP_012971343.1	Mesocricetus auratus	101844387		377	excluded	extra_isoform_same_locus	XP_012971343.1 Prelp [organism=Mesocricetus auratus] [GeneID=101844387]	Mesocricetus_auratus|PRELP|XP_012971343.1
PRELP	XP_040595273.1	Mesocricetus auratus	101844387		377	excluded	extra_isoform_same_locus	XP_040595273.1 Prelp [organism=Mesocricetus auratus] [GeneID=101844387]	Mesocricetus_auratus|PRELP|XP_040595273.1
PRELP	XP_052056027.1	Apodemus sylvaticus	127697156		377	kept	representative	XP_052056027.1 Prelp [organism=Apodemus sylvaticus] [GeneID=127697156]	Apodemus_sylvaticus|PRELP|XP_052056027.1
PRELP	XP_061543948.1	Phycodurus eques	133408757	X1	373	kept	representative	XP_061543948.1 prelp [organism=Phycodurus eques] [GeneID=133408757] [isoform=X1]	Phycodurus_eques|PRELP|XP_061543948.1
PRELP	XP_061543949.1	Phycodurus eques	133408757	X1	373	excluded	extra_isoform_same_locus	XP_061543949.1 prelp [organism=Phycodurus eques] [GeneID=133408757] [isoform=X1]	Phycodurus_eques|PRELP|XP_061543949.1
PRELP	XP_061543950.1	Phycodurus eques	133408757	X2	325	excluded	extra_isoform_same_locus	XP_061543950.1 prelp [organism=Phycodurus eques] [GeneID=133408757] [isoform=X2]	Phycodurus_eques|PRELP|XP_061543950.1
PRELP	XP_004392850.1	Odobenus rosmarus divergens	101376567		377	kept	representative	XP_004392850.1 PRELP [organism=Odobenus rosmarus divergens] [GeneID=101376567]	Odobenus_rosmarus_divergens|PRELP|XP_004392850.1
PRELP	XP_029086238.1	Monodon monoceros	114899539		399	kept	representative	XP_029086238.1 PRELP [organism=Monodon monoceros] [GeneID=114899539]	Monodon_monoceros|PRELP|XP_029086238.1
PRELP	XP_024124806.1	Oryzias melastigma	112144492		379	kept	representative	XP_024124806.1 LOC112144492 [organism=Oryzias melastigma] [GeneID=112144492]	Oryzias_melastigma|PRELP|XP_024124806.1
PRELP	XP_011893608.1	Cercocebus atys	105575864		210	excluded	relative_length	XP_011893608.1 PRELP [organism=Cercocebus atys] [GeneID=105575864]	Cercocebus_atys|PRELP|XP_011893608.1
PRELP	XP_062975285.1	Elgaria multicarinata webbii	134394068		368	kept	representative	XP_062975285.1 PRELP [organism=Elgaria multicarinata webbii] [GeneID=134394068]	Elgaria_multicarinata_webbii|PRELP|XP_062975285.1
PRELP	XP_077013575.1	Tamandua tetradactyla	143680893		379	kept	representative	XP_077013575.1 PRELP [organism=Tamandua tetradactyla] [GeneID=143680893]	Tamandua_tetradactyla|PRELP|XP_077013575.1
PRELP	XP_077013576.1	Tamandua tetradactyla	143680893		379	excluded	extra_isoform_same_locus	XP_077013576.1 PRELP [organism=Tamandua tetradactyla] [GeneID=143680893]	Tamandua_tetradactyla|PRELP|XP_077013576.1
PRELP	XP_077583120.1	Stigmatopora nigra	144203507		376	kept	representative	XP_077583120.1 prelp [organism=Stigmatopora nigra] [GeneID=144203507]	Stigmatopora_nigra|PRELP|XP_077583120.1
PRELP	XP_085156454.1	Rhea americana	146598396		368	kept	representative	XP_085156454.1 PRELP [organism=Rhea americana] [GeneID=146598396]	Rhea_americana|PRELP|XP_085156454.1
PRELP	XP_085156455.1	Rhea americana	146598396		368	excluded	extra_isoform_same_locus	XP_085156455.1 PRELP [organism=Rhea americana] [GeneID=146598396]	Rhea_americana|PRELP|XP_085156455.1
PRELP	XP_006096976.1	Myotis lucifugus	102419008		372	kept	representative	XP_006096976.1 PRELP [organism=Myotis lucifugus] [GeneID=102419008]	Myotis_lucifugus|PRELP|XP_006096976.1
PRELP	XP_006096977.1	Myotis lucifugus	102419008		372	excluded	extra_isoform_same_locus	XP_006096977.1 PRELP [organism=Myotis lucifugus] [GeneID=102419008]	Myotis_lucifugus|PRELP|XP_006096977.1
PRELP	XP_019832059.1	Bos indicus	109570502		381	kept	representative	XP_019832059.1 PRELP [organism=Bos indicus] [GeneID=109570502]	Bos_indicus|PRELP|XP_019832059.1
PRELP	XP_051767692.1	Ctenopharyngodon idella	127522119		380	kept	representative	XP_051767692.1 prelp [organism=Ctenopharyngodon idella] [GeneID=127522119]	Ctenopharyngodon_idella|PRELP|XP_051767692.1
PRELP	XP_026162987.1	Mastacembelus armatus	113130499		379	kept	representative	XP_026162987.1 prelp [organism=Mastacembelus armatus] [GeneID=113130499]	Mastacembelus_armatus|PRELP|XP_026162987.1
PRELP	XP_036958442.1	Acanthopagrus latus	119021942		379	kept	representative	XP_036958442.1 LOC119021942 [organism=Acanthopagrus latus] [GeneID=119021942]	Acanthopagrus_latus|PRELP|XP_036958442.1
PRELP	XP_032504770.1	Phocoena sinus	116762115	X1	390	excluded	extra_isoform_same_locus	XP_032504770.1 PRELP [organism=Phocoena sinus] [GeneID=116762115] [isoform=X1]	Phocoena_sinus|PRELP|XP_032504770.1
PRELP	XP_032504778.1	Phocoena sinus	116762115	X2	381	kept	representative	XP_032504778.1 PRELP [organism=Phocoena sinus] [GeneID=116762115] [isoform=X2]	Phocoena_sinus|PRELP|XP_032504778.1
PRELP	XP_032504785.1	Phocoena sinus	116762115	X2	381	excluded	extra_isoform_same_locus	XP_032504785.1 PRELP [organism=Phocoena sinus] [GeneID=116762115] [isoform=X2]	Phocoena_sinus|PRELP|XP_032504785.1
PRELP	XP_082083305.1	Podarcis vaucheri	309534791		368	kept	representative	XP_082083305.1 PRELP [organism=Podarcis vaucheri] [GeneID=309534791]	Podarcis_vaucheri|PRELP|XP_082083305.1
PRELP	XP_083301716.1	Podarcis tiliguerta	310679822		368	kept	representative	XP_083301716.1 PRELP [organism=Podarcis tiliguerta] [GeneID=310679822]	Podarcis_tiliguerta|PRELP|XP_083301716.1
PRELP	XP_023688165.1	Paramormyrops kingsleyae	111854446		396	kept	representative	XP_023688165.1 prelp [organism=Paramormyrops kingsleyae] [GeneID=111854446]	Paramormyrops_kingsleyae|PRELP|XP_023688165.1
PRELP	XP_032278221.1	Phoca vitulina	116643492	X1	458	excluded	extra_isoform_same_locus	XP_032278221.1 PRELP [organism=Phoca vitulina] [GeneID=116643492] [isoform=X1]	Phoca_vitulina|PRELP|XP_032278221.1
PRELP	XP_032278223.1	Phoca vitulina	116643492	X2	383	excluded	extra_isoform_same_locus	XP_032278223.1 PRELP [organism=Phoca vitulina] [GeneID=116643492] [isoform=X2]	Phoca_vitulina|PRELP|XP_032278223.1
PRELP	XP_032278224.1	Phoca vitulina	116643492	X3	377	kept	representative	XP_032278224.1 PRELP [organism=Phoca vitulina] [GeneID=116643492] [isoform=X3]	Phoca_vitulina|PRELP|XP_032278224.1
PRELP	XP_032278225.1	Phoca vitulina	116643492	X3	377	excluded	extra_isoform_same_locus	XP_032278225.1 PRELP [organism=Phoca vitulina] [GeneID=116643492] [isoform=X3]	Phoca_vitulina|PRELP|XP_032278225.1
PRELP	XP_079097972.1	Telmatherina bonti	306756913		379	kept	representative	XP_079097972.1 prelp [organism=Telmatherina bonti] [GeneID=306756913]	Telmatherina_bonti|PRELP|XP_079097972.1
PRELP	XP_003264632.1	Nomascus leucogenys	100602848		382	kept	representative	XP_003264632.1 PRELP [organism=Nomascus leucogenys] [GeneID=100602848]	Nomascus_leucogenys|PRELP|XP_003264632.1
PRELP	XP_012357522.1	Nomascus leucogenys	100602848		382	excluded	extra_isoform_same_locus	XP_012357522.1 PRELP [organism=Nomascus leucogenys] [GeneID=100602848]	Nomascus_leucogenys|PRELP|XP_012357522.1
PRELP	XP_061015819.1	Dama dama	133068920		380	kept	representative	XP_061015819.1 PRELP [organism=Dama dama] [GeneID=133068920]	Dama_dama|PRELP|XP_061015819.1
PRELP	XP_064029818.1	Pogoniulus pusillus	135191446		371	kept	representative	XP_064029818.1 PRELP [organism=Pogoniulus pusillus] [GeneID=135191446]	Pogoniulus_pusillus|PRELP|XP_064029818.1
PRELP	XP_050620070.1	Macaca thibetana thibetana	126939140		382	kept	representative	XP_050620070.1 PRELP [organism=Macaca thibetana thibetana] [GeneID=126939140]	Macaca_thibetana_thibetana|PRELP|XP_050620070.1
PRELP	XP_042689629.1	Centrocercus urophasianus	122168396	X1	386	excluded	extra_isoform_same_locus	XP_042689629.1 PRELP [organism=Centrocercus urophasianus] [GeneID=122168396] [isoform=X1]	Centrocercus_urophasianus|PRELP|XP_042689629.1
PRELP	XP_042689630.1	Centrocercus urophasianus	122168396	X2	374	kept	representative	XP_042689630.1 PRELP [organism=Centrocercus urophasianus] [GeneID=122168396] [isoform=X2]	Centrocercus_urophasianus|PRELP|XP_042689630.1
PRELP	XP_079603401.1	Pollachius pollachius	307083404	1	389	kept	representative	XP_079603401.1 prelp [organism=Pollachius pollachius] [GeneID=307083404] [isoform=1]	Pollachius_pollachius|PRELP|XP_079603401.1
PRELP	XP_079603402.1	Pollachius pollachius	307083404	1	389	excluded	extra_isoform_same_locus	XP_079603402.1 prelp [organism=Pollachius pollachius] [GeneID=307083404] [isoform=1]	Pollachius_pollachius|PRELP|XP_079603402.1
PRELP	XP_080680891.1	Martes martes	308356083		379	kept	representative	XP_080680891.1 PRELP [organism=Martes martes] [GeneID=308356083]	Martes_martes|PRELP|XP_080680891.1
PRELP	XP_055040582.2	Misgurnus anguillicaudatus	129427839		381	kept	representative	XP_055040582.2 prelp [organism=Misgurnus anguillicaudatus] [GeneID=129427839]	Misgurnus_anguillicaudatus|PRELP|XP_055040582.2
PRELP	XP_080504237.1	Plecotus auritus	308237431	1	380	kept	representative	XP_080504237.1 PRELP [organism=Plecotus auritus] [GeneID=308237431] [isoform=1]	Plecotus_auritus|PRELP|XP_080504237.1
PRELP	XP_080504238.1	Plecotus auritus	308237431	1	380	excluded	extra_isoform_same_locus	XP_080504238.1 PRELP [organism=Plecotus auritus] [GeneID=308237431] [isoform=1]	Plecotus_auritus|PRELP|XP_080504238.1
PRELP	XP_029908531.1	Myripristis murdjan	115359962		381	kept	representative	XP_029908531.1 prelp [organism=Myripristis murdjan] [GeneID=115359962]	Myripristis_murdjan|PRELP|XP_029908531.1
PRELP	XP_029908532.1	Myripristis murdjan	115359962		381	excluded	extra_isoform_same_locus	XP_029908532.1 prelp [organism=Myripristis murdjan] [GeneID=115359962]	Myripristis_murdjan|PRELP|XP_029908532.1
PRELP	XP_007522177.1	Erinaceus europaeus	103112647		386	kept	representative	XP_007522177.1 PRELP [organism=Erinaceus europaeus] [GeneID=103112647]	Erinaceus_europaeus|PRELP|XP_007522177.1
PRELP	XP_060034604.1	Erinaceus europaeus	103112647		386	excluded	extra_isoform_same_locus	XP_060034604.1 PRELP [organism=Erinaceus europaeus] [GeneID=103112647]	Erinaceus_europaeus|PRELP|XP_060034604.1
PRELP	XP_083917373.1	Gymnoscopelus microlampas	311048165	1	393	kept	representative	XP_083917373.1 prelp [organism=Gymnoscopelus microlampas] [GeneID=311048165] [isoform=1]	Gymnoscopelus_microlampas|PRELP|XP_083917373.1
PRELP	XP_083917374.1	Gymnoscopelus microlampas	311048165	1	393	excluded	extra_isoform_same_locus	XP_083917374.1 prelp [organism=Gymnoscopelus microlampas] [GeneID=311048165] [isoform=1]	Gymnoscopelus_microlampas|PRELP|XP_083917374.1
PRELP	XP_068397637.1	Eschrichtius robustus	137762955		381	kept	representative	XP_068397637.1 PRELP [organism=Eschrichtius robustus] [GeneID=137762955]	Eschrichtius_robustus|PRELP|XP_068397637.1
PRELP	XP_029286528.1	Cottoperca gobio	115007717		381	kept	representative	XP_029286528.1 prelp [organism=Cottoperca gobio] [GeneID=115007717]	Cottoperca_gobio|PRELP|XP_029286528.1
PRELP	XP_082688706.1	Leucopleurus acutus	309957374		381	kept	representative	XP_082688706.1 PRELP [organism=Leucopleurus acutus] [GeneID=309957374]	Leucopleurus_acutus|PRELP|XP_082688706.1
PRELP	XP_010082057.1	Pterocles gutturalis	104469300		371	kept	representative	XP_010082057.1 PRELP [organism=Pterocles gutturalis] [GeneID=104469300]	Pterocles_gutturalis|PRELP|XP_010082057.1
PRELP	XP_031294682.1	Camelus dromedarius	105102008		381	kept	representative	XP_031294682.1 PRELP [organism=Camelus dromedarius] [GeneID=105102008]	Camelus_dromedarius|PRELP|XP_031294682.1
PRELP	XP_061074661.1	Conger conger	133109367		370	kept	representative	XP_061074661.1 prelp [organism=Conger conger] [GeneID=133109367]	Conger_conger|PRELP|XP_061074661.1
PRELP	XP_063811351.1	Pseudophryne corroboree	135045295		374	kept	representative	XP_063811351.1 PRELP [organism=Pseudophryne corroboree] [GeneID=135045295]	Pseudophryne_corroboree|PRELP|XP_063811351.1
PRELP	XP_083818728.1	Clangula hyemalis	310979514		374	kept	representative	XP_083818728.1 PRELP [organism=Clangula hyemalis] [GeneID=310979514]	Clangula_hyemalis|PRELP|XP_083818728.1
PRELP	XP_073681912.1	Garra rufa	141293754		380	kept	representative	XP_073681912.1 prelp [organism=Garra rufa] [GeneID=141293754]	Garra_rufa|PRELP|XP_073681912.1
PRELP	XP_085780145.1	Syngnathus leptorhynchus	147049095		373	kept	representative	XP_085780145.1 prelp [organism=Syngnathus leptorhynchus] [GeneID=147049095]	Syngnathus_leptorhynchus|PRELP|XP_085780145.1
PRELP	XP_085780146.1	Syngnathus leptorhynchus	147049095		373	excluded	extra_isoform_same_locus	XP_085780146.1 prelp [organism=Syngnathus leptorhynchus] [GeneID=147049095]	Syngnathus_leptorhynchus|PRELP|XP_085780146.1
PRELP	XP_013152349.2	Falco peregrinus	101914218		371	kept	representative	XP_013152349.2 PRELP [organism=Falco peregrinus] [GeneID=101914218]	Falco_peregrinus|PRELP|XP_013152349.2
PRELP	XP_075299296.1	Opisthocomus hoazin	104328208		371	kept	representative	XP_075299296.1 PRELP [organism=Opisthocomus hoazin] [GeneID=104328208]	Opisthocomus_hoazin|PRELP|XP_075299296.1
PRELP	XP_075299297.1	Opisthocomus hoazin	104328208		371	excluded	extra_isoform_same_locus	XP_075299297.1 PRELP [organism=Opisthocomus hoazin] [GeneID=104328208]	Opisthocomus_hoazin|PRELP|XP_075299297.1
PRELP	XP_075299298.1	Opisthocomus hoazin	104328208		371	excluded	extra_isoform_same_locus	XP_075299298.1 PRELP [organism=Opisthocomus hoazin] [GeneID=104328208]	Opisthocomus_hoazin|PRELP|XP_075299298.1
PRELP	XP_027515688.1	Corapipo altera	113954935		371	kept	representative	XP_027515688.1 PRELP [organism=Corapipo altera] [GeneID=113954935]	Corapipo_altera|PRELP|XP_027515688.1
PRELP	XP_061041496.1	Eubalaena glacialis	133087844		381	kept	representative	XP_061041496.1 PRELP [organism=Eubalaena glacialis] [GeneID=133087844]	Eubalaena_glacialis|PRELP|XP_061041496.1
PRELP	XP_081721467.1	Podarcis erhardii	309343630		368	kept	representative	XP_081721467.1 PRELP [organism=Podarcis erhardii] [GeneID=309343630]	Podarcis_erhardii|PRELP|XP_081721467.1
PRELP	XP_038154065.1	Cyprinodon tularosa	119791817		379	kept	representative	XP_038154065.1 LOC119791817 [organism=Cyprinodon tularosa] [GeneID=119791817]	Cyprinodon_tularosa|PRELP|XP_038154065.1
PRELP	XP_039529676.1	Pimephales promelas	120480516		378	kept	representative	XP_039529676.1 LOC120480516 [organism=Pimephales promelas] [GeneID=120480516]	Pimephales_promelas|PRELP|XP_039529676.1
PRELP	XP_027419975.1	Bos indicus x Bos taurus	113906277		381	kept	representative	XP_027419975.1 PRELP [organism=Bos indicus x Bos taurus] [GeneID=113906277]	Bos_indicus_x_Bos_taurus|PRELP|XP_027419975.1
PRELP	XP_073324784.1	Pagrus major	140998400		379	kept	representative	XP_073324784.1 prelp [organism=Pagrus major] [GeneID=140998400]	Pagrus_major|PRELP|XP_073324784.1
PRELP	XP_032322605.1	Camelus ferus	102514616		381	kept	representative	XP_032322605.1 PRELP [organism=Camelus ferus] [GeneID=102514616]	Camelus_ferus|PRELP|XP_032322605.1
PRELP	XP_028590013.1	Podarcis muralis	114599277		368	kept	representative	XP_028590013.1 PRELP [organism=Podarcis muralis] [GeneID=114599277]	Podarcis_muralis|PRELP|XP_028590013.1
PRELP	XP_077785084.1	Podarcis muralis	114599277		368	excluded	extra_isoform_same_locus	XP_077785084.1 PRELP [organism=Podarcis muralis] [GeneID=114599277]	Podarcis_muralis|PRELP|XP_077785084.1
PRELP	XP_056294549.1	Pseudoliparis swirei	130209048	X1	379	kept	representative	XP_056294549.1 prelp [organism=Pseudoliparis swirei] [GeneID=130209048] [isoform=X1]	Pseudoliparis_swirei|PRELP|XP_056294549.1
PRELP	XP_056294550.1	Pseudoliparis swirei	130209048	X2	365	excluded	extra_isoform_same_locus	XP_056294550.1 prelp [organism=Pseudoliparis swirei] [GeneID=130209048] [isoform=X2]	Pseudoliparis_swirei|PRELP|XP_056294550.1
PRELP	XP_043779389.1	Cervus elaphus	122707687		380	kept	representative	XP_043779389.1 PRELP [organism=Cervus elaphus] [GeneID=122707687]	Cervus_elaphus|PRELP|XP_043779389.1
PRELP	XP_019941968.2	Paralichthys olivaceus	109628948		479	kept	representative	XP_019941968.2 prelp [organism=Paralichthys olivaceus] [GeneID=109628948]	Paralichthys_olivaceus|PRELP|XP_019941968.2
PRELP	XP_059343888.1	Ammospiza nelsoni	132083279		369	kept	representative	XP_059343888.1 PRELP [organism=Ammospiza nelsoni] [GeneID=132083279]	Ammospiza_nelsoni|PRELP|XP_059343888.1
PRELP	XP_062254667.1	Platichthys flesus	133964528		371	kept	representative	XP_062254667.1 prelp [organism=Platichthys flesus] [GeneID=133964528]	Platichthys_flesus|PRELP|XP_062254667.1
PRELP	XP_062971015.1	Cynocephalus volans	134391061		381	kept	representative	XP_062971015.1 PRELP [organism=Cynocephalus volans] [GeneID=134391061]	Cynocephalus_volans|PRELP|XP_062971015.1
PRELP	XP_062971016.1	Cynocephalus volans	134391061		381	excluded	extra_isoform_same_locus	XP_062971016.1 PRELP [organism=Cynocephalus volans] [GeneID=134391061]	Cynocephalus_volans|PRELP|XP_062971016.1
PRELP	XP_077386871.1	Festucalex cinctus	144024447		370	kept	representative	XP_077386871.1 prelp [organism=Festucalex cinctus] [GeneID=144024447]	Festucalex_cinctus|PRELP|XP_077386871.1
PRELP	XP_077695569.1	Eretmochelys imbricata	144278222		371	kept	representative	XP_077695569.1 PRELP [organism=Eretmochelys imbricata] [GeneID=144278222]	Eretmochelys_imbricata|PRELP|XP_077695569.1
PRELP	XP_009488628.2	Pelecanus crispus	104036671		371	kept	representative	XP_009488628.2 PRELP [organism=Pelecanus crispus] [GeneID=104036671]	Pelecanus_crispus|PRELP|XP_009488628.2
PRELP	XP_012511403.1	Propithecus coquereli	105819653		380	kept	representative	XP_012511403.1 PRELP [organism=Propithecus coquereli] [GeneID=105819653]	Propithecus_coquereli|PRELP|XP_012511403.1
PRELP	XP_032641720.1	Chelonoidis abingdonii	116827922		367	kept	representative	XP_032641720.1 PRELP [organism=Chelonoidis abingdonii] [GeneID=116827922]	Chelonoidis_abingdonii|PRELP|XP_032641720.1
PRELP	XP_015740847.1	Coturnix japonica	107324914		374	kept	representative	XP_015740847.1 PRELP [organism=Coturnix japonica] [GeneID=107324914]	Coturnix_japonica|PRELP|XP_015740847.1
PRELP	XP_085383099.1	Coturnix japonica	107324914		374	excluded	extra_isoform_same_locus	XP_085383099.1 PRELP [organism=Coturnix japonica] [GeneID=107324914]	Coturnix_japonica|PRELP|XP_085383099.1
PRELP	XP_041837652.1	Melanotaenia boesemani	121637517		379	kept	representative	XP_041837652.1 LOC121637517 [organism=Melanotaenia boesemani] [GeneID=121637517]	Melanotaenia_boesemani|PRELP|XP_041837652.1
PRELP	XP_041837653.1	Melanotaenia boesemani	121637517		379	excluded	extra_isoform_same_locus	XP_041837653.1 LOC121637517 [organism=Melanotaenia boesemani] [GeneID=121637517]	Melanotaenia_boesemani|PRELP|XP_041837653.1
PRELP	XP_041837655.1	Melanotaenia boesemani	121637517		379	excluded	extra_isoform_same_locus	XP_041837655.1 LOC121637517 [organism=Melanotaenia boesemani] [GeneID=121637517]	Melanotaenia_boesemani|PRELP|XP_041837655.1
PRELP	XP_041837656.1	Melanotaenia boesemani	121637517		379	excluded	extra_isoform_same_locus	XP_041837656.1 LOC121637517 [organism=Melanotaenia boesemani] [GeneID=121637517]	Melanotaenia_boesemani|PRELP|XP_041837656.1
PRELP	XP_044034827.1	Siniperca chuatsi	122867726		379	kept	representative	XP_044034827.1 LOC122867726 [organism=Siniperca chuatsi] [GeneID=122867726]	Siniperca_chuatsi|PRELP|XP_044034827.1
PRELP	XP_044034832.1	Siniperca chuatsi	122867726		379	excluded	extra_isoform_same_locus	XP_044034832.1 LOC122867726 [organism=Siniperca chuatsi] [GeneID=122867726]	Siniperca_chuatsi|PRELP|XP_044034832.1
PRELP	XP_054660102.1	Grus americana	129196514		371	kept	representative	XP_054660102.1 PRELP [organism=Grus americana] [GeneID=129196514]	Grus_americana|PRELP|XP_054660102.1
PRELP	XP_058556384.1	Neofelis nebulosa	131495454		379	kept	representative	XP_058556384.1 PRELP [organism=Neofelis nebulosa] [GeneID=131495454]	Neofelis_nebulosa|PRELP|XP_058556384.1
PRELP	XP_058556385.1	Neofelis nebulosa	131495454		379	excluded	extra_isoform_same_locus	XP_058556385.1 PRELP [organism=Neofelis nebulosa] [GeneID=131495454]	Neofelis_nebulosa|PRELP|XP_058556385.1
PRELP	XP_080066075.1	Carcharhinus amblyrhynchos	145356938		395	kept	representative	XP_080066075.1 prelp [organism=Carcharhinus amblyrhynchos] [GeneID=145356938]	Carcharhinus_amblyrhynchos|PRELP|XP_080066075.1
PRELP	XP_002809625.2	Pongo abelii	100438676	X2	382	kept	representative	XP_002809625.2 PRELP [organism=Pongo abelii] [GeneID=100438676] [isoform=X2]	Pongo_abelii|PRELP|XP_002809625.2
PRELP	XP_054378665.1	Pongo abelii	100438676	X1	400	excluded	extra_isoform_same_locus	XP_054378665.1 PRELP [organism=Pongo abelii] [GeneID=100438676] [isoform=X1]	Pongo_abelii|PRELP|XP_054378665.1
PRELP	XP_058488811.1	Solea solea	131461518		379	kept	representative	XP_058488811.1 prelp [organism=Solea solea] [GeneID=131461518]	Solea_solea|PRELP|XP_058488811.1
PRELP	XP_003767651.2	Sarcophilus harrisii	100928893		387	kept	representative	XP_003767651.2 PRELP [organism=Sarcophilus harrisii] [GeneID=100928893]	Sarcophilus_harrisii|PRELP|XP_003767651.2
PRELP	XP_030821770.1	Camarhynchus parvulus	115913719		369	kept	representative	XP_030821770.1 PRELP [organism=Camarhynchus parvulus] [GeneID=115913719]	Camarhynchus_parvulus|PRELP|XP_030821770.1
PRELP	XP_066527811.1	Hoplias malabaricus	136696930		379	kept	representative	XP_066527811.1 prelp [organism=Hoplias malabaricus] [GeneID=136696930]	Hoplias_malabaricus|PRELP|XP_066527811.1
PRELP	XP_074078517.1	Macrotis lagotis	141513003		387	kept	representative	XP_074078517.1 PRELP [organism=Macrotis lagotis] [GeneID=141513003]	Macrotis_lagotis|PRELP|XP_074078517.1
PRELP	XP_004425210.1	Ceratotherium simum simum	101406968		381	kept	representative	XP_004425210.1 LOC101406968 [organism=Ceratotherium simum simum] [GeneID=101406968]	Ceratotherium_simum_simum|PRELP|XP_004425210.1
PRELP	XP_079339819.1	Barbatula barbatula	306909700	1	380	kept	representative	XP_079339819.1 prelp [organism=Barbatula barbatula] [GeneID=306909700] [isoform=1]	Barbatula_barbatula|PRELP|XP_079339819.1
PRELP	XP_079339820.1	Barbatula barbatula	306909700	1	380	excluded	extra_isoform_same_locus	XP_079339820.1 prelp [organism=Barbatula barbatula] [GeneID=306909700] [isoform=1]	Barbatula_barbatula|PRELP|XP_079339820.1
PRELP	XP_027000158.1	Tachysurus fulvidraco	113641570		371	kept	representative	XP_027000158.1 LOC113641570 [organism=Tachysurus fulvidraco] [GeneID=113641570]	Tachysurus_fulvidraco|PRELP|XP_027000158.1
PRELP	XP_014810880.1	Calidris pugnax	106895780		371	kept	representative	XP_014810880.1 PRELP [organism=Calidris pugnax] [GeneID=106895780]	Calidris_pugnax|PRELP|XP_014810880.1
PRELP	XP_031461791.1	Phasianus colchicus	116237015		374	kept	representative	XP_031461791.1 PRELP [organism=Phasianus colchicus] [GeneID=116237015]	Phasianus_colchicus|PRELP|XP_031461791.1
PRELP	XP_056217808.1	Falco biarmicus	130159801		371	kept	representative	XP_056217808.1 PRELP [organism=Falco biarmicus] [GeneID=130159801]	Falco_biarmicus|PRELP|XP_056217808.1
PRELP	XP_085631936.1	Trachurus japonicus	146986936		383	kept	representative	XP_085631936.1 prelp [organism=Trachurus japonicus] [GeneID=146986936]	Trachurus_japonicus|PRELP|XP_085631936.1
PRELP	XP_072671010.1	Canis lupus baileyi	140626977		379	kept	representative	XP_072671010.1 PRELP [organism=Canis lupus baileyi] [GeneID=140626977]	Canis_lupus_baileyi|PRELP|XP_072671010.1
PRELP	XP_072671011.1	Canis lupus baileyi	140626977		379	excluded	extra_isoform_same_locus	XP_072671011.1 PRELP [organism=Canis lupus baileyi] [GeneID=140626977]	Canis_lupus_baileyi|PRELP|XP_072671011.1
PRELP	XP_009886602.1	Charadrius vociferus	104289364		305	kept	representative	XP_009886602.1 PRELP [organism=Charadrius vociferus] [GeneID=104289364]	Charadrius_vociferus|PRELP|XP_009886602.1
PRELP	XP_030728560.2	Globicephala melas	115861712		381	kept	representative	XP_030728560.2 PRELP [organism=Globicephala melas] [GeneID=115861712]	Globicephala_melas|PRELP|XP_030728560.2
PRELP	XP_080584636.1	Nannobrachium achirus	308287361		395	kept	representative	XP_080584636.1 prelp [organism=Nannobrachium achirus] [GeneID=308287361]	Nannobrachium_achirus|PRELP|XP_080584636.1
PRELP	XP_083365995.1	Podarcis liolepis	310709826		368	kept	representative	XP_083365995.1 PRELP [organism=Podarcis liolepis] [GeneID=310709826]	Podarcis_liolepis|PRELP|XP_083365995.1
PRELP	XP_034074257.1	Gymnodraco acuticeps	117547535		379	kept	representative	XP_034074257.1 prelp [organism=Gymnodraco acuticeps] [GeneID=117547535]	Gymnodraco_acuticeps|PRELP|XP_034074257.1
PRELP	XP_068171240.1	Antennarius striatus	137595213		379	kept	representative	XP_068171240.1 prelp [organism=Antennarius striatus] [GeneID=137595213]	Antennarius_striatus|PRELP|XP_068171240.1
PRELP	XP_029989148.1	Sphaeramia orbicularis	115418803		379	kept	representative	XP_029989148.1 prelp [organism=Sphaeramia orbicularis] [GeneID=115418803]	Sphaeramia_orbicularis|PRELP|XP_029989148.1
PRELP	XP_029989149.1	Sphaeramia orbicularis	115418803		379	excluded	extra_isoform_same_locus	XP_029989149.1 prelp [organism=Sphaeramia orbicularis] [GeneID=115418803]	Sphaeramia_orbicularis|PRELP|XP_029989149.1
PRELP	XP_083734649.1	Zosterops lateralis	310919248		372	kept	representative	XP_083734649.1 PRELP [organism=Zosterops lateralis] [GeneID=310919248]	Zosterops_lateralis|PRELP|XP_083734649.1
PRELP	XP_014685672.1	Equus asinus	106824089		379	kept	representative	XP_014685672.1 PRELP [organism=Equus asinus] [GeneID=106824089]	Equus_asinus|PRELP|XP_014685672.1
PRELP	XP_014685682.1	Equus asinus	106824089		379	excluded	extra_isoform_same_locus	XP_014685682.1 PRELP [organism=Equus asinus] [GeneID=106824089]	Equus_asinus|PRELP|XP_014685682.1
PRELP	XP_027602822.1	Pipra filicauda	114001677		371	kept	representative	XP_027602822.1 PRELP [organism=Pipra filicauda] [GeneID=114001677]	Pipra_filicauda|PRELP|XP_027602822.1
PRELP	XP_059723431.1	Haemorhous mexicanus	132338176		372	kept	representative	XP_059723431.1 PRELP [organism=Haemorhous mexicanus] [GeneID=132338176]	Haemorhous_mexicanus|PRELP|XP_059723431.1
PRELP	XP_051932846.1	Hippocampus zosterae	127608038		371	kept	representative	XP_051932846.1 prelp [organism=Hippocampus zosterae] [GeneID=127608038]	Hippocampus_zosterae|PRELP|XP_051932846.1
PRELP	XP_010879394.1	Esox lucius	105016922	X1	379	kept	representative	XP_010879394.1 prelp [organism=Esox lucius] [GeneID=105016922] [isoform=X1]	Esox_lucius|PRELP|XP_010879394.1
PRELP	XP_010879395.1	Esox lucius	105016922	X2	377	excluded	extra_isoform_same_locus	XP_010879395.1 prelp [organism=Esox lucius] [GeneID=105016922] [isoform=X2]	Esox_lucius|PRELP|XP_010879395.1
PRELP	XP_023279423.1	Seriola lalandi dorsalis	111667820		379	kept	representative	XP_023279423.1 prelp [organism=Seriola lalandi dorsalis] [GeneID=111667820]	Seriola_lalandi_dorsalis|PRELP|XP_023279423.1
PRELP	XP_023279424.1	Seriola lalandi dorsalis	111667820		379	excluded	extra_isoform_same_locus	XP_023279424.1 prelp [organism=Seriola lalandi dorsalis] [GeneID=111667820]	Seriola_lalandi_dorsalis|PRELP|XP_023279424.1
PRELP	XP_023279425.1	Seriola lalandi dorsalis	111667820		379	excluded	extra_isoform_same_locus	XP_023279425.1 prelp [organism=Seriola lalandi dorsalis] [GeneID=111667820]	Seriola_lalandi_dorsalis|PRELP|XP_023279425.1
PRELP	NP_002716.1	Homo sapiens	5549		382	kept	representative	NP_002716.1 PRELP [organism=Homo sapiens] [GeneID=5549]	Homo_sapiens|PRELP|NP_002716.1
PRELP	NP_958505.1	Homo sapiens	5549		382	excluded	extra_isoform_same_locus	NP_958505.1 PRELP [organism=Homo sapiens] [GeneID=5549]	Homo_sapiens|PRELP|NP_958505.1
PRELP	XP_080636404.1	Protomyctophum bolini	308327111	1	386	kept	representative	XP_080636404.1 prelp [organism=Protomyctophum bolini] [GeneID=308327111] [isoform=1]	Protomyctophum_bolini|PRELP|XP_080636404.1
PRELP	XP_080636405.1	Protomyctophum bolini	308327111	1	386	excluded	extra_isoform_same_locus	XP_080636405.1 prelp [organism=Protomyctophum bolini] [GeneID=308327111] [isoform=1]	Protomyctophum_bolini|PRELP|XP_080636405.1
PRELP	XP_006072464.1	Bubalus bubalis	102397154		381	kept	representative	XP_006072464.1 PRELP [organism=Bubalus bubalis] [GeneID=102397154]	Bubalus_bubalis|PRELP|XP_006072464.1
PRELP	XP_009463881.1	Nipponia nippon	104013142		371	kept	representative	XP_009463881.1 PRELP [organism=Nipponia nippon] [GeneID=104013142]	Nipponia_nippon|PRELP|XP_009463881.1
PRELP	XP_008294252.1	Stegastes partitus	103367870		382	kept	representative	XP_008294252.1 prelp [organism=Stegastes partitus] [GeneID=103367870]	Stegastes_partitus|PRELP|XP_008294252.1
PRELP	XP_084173586.1	Notolepis coatsorum	311230994		388	kept	representative	XP_084173586.1 prelp [organism=Notolepis coatsorum] [GeneID=311230994]	Notolepis_coatsorum|PRELP|XP_084173586.1
PRELP	XP_005690429.1	Capra hircus	102183894		380	kept	representative	XP_005690429.1 PRELP [organism=Capra hircus] [GeneID=102183894]	Capra_hircus|PRELP|XP_005690429.1
PRELP	XP_040060729.2	Gasterosteus aculeatus	120835668		379	kept	representative	XP_040060729.2 prelp [organism=Gasterosteus aculeatus] [GeneID=120835668]	Gasterosteus_aculeatus|PRELP|XP_040060729.2
PRELP	XP_066456399.1	Eleutherodactylus coqui	136625802		374	kept	representative	XP_066456399.1 PRELP [organism=Eleutherodactylus coqui] [GeneID=136625802]	Eleutherodactylus_coqui|PRELP|XP_066456399.1
PRELP	XP_071373921.1	Centroberyx affinis	139642794		379	kept	representative	XP_071373921.1 prelp [organism=Centroberyx affinis] [GeneID=139642794]	Centroberyx_affinis|PRELP|XP_071373921.1
PRELP	XP_004459106.2	Dasypus novemcinctus	101424314		384	kept	representative	XP_004459106.2 PRELP [organism=Dasypus novemcinctus] [GeneID=101424314]	Dasypus_novemcinctus|PRELP|XP_004459106.2
PRELP	XP_023444710.2	Dasypus novemcinctus	101424314		384	excluded	extra_isoform_same_locus	XP_023444710.2 PRELP [organism=Dasypus novemcinctus] [GeneID=101424314]	Dasypus_novemcinctus|PRELP|XP_023444710.2
PRELP	XP_007987072.1	Chlorocebus sabaeus	103230278		382	kept	representative	XP_007987072.1 PRELP [organism=Chlorocebus sabaeus] [GeneID=103230278]	Chlorocebus_sabaeus|PRELP|XP_007987072.1
PRELP	XP_007987073.1	Chlorocebus sabaeus	103230278		382	excluded	extra_isoform_same_locus	XP_007987073.1 PRELP [organism=Chlorocebus sabaeus] [GeneID=103230278]	Chlorocebus_sabaeus|PRELP|XP_007987073.1
PRELP	XP_043978372.1	Gambusia affinis	122834224	X1	392	excluded	extra_isoform_same_locus	XP_043978372.1 LOC122834224 [organism=Gambusia affinis] [GeneID=122834224] [isoform=X1]	Gambusia_affinis|PRELP|XP_043978372.1
PRELP	XP_043978373.1	Gambusia affinis	122834224	X2	379	kept	representative	XP_043978373.1 LOC122834224 [organism=Gambusia affinis] [GeneID=122834224] [isoform=X2]	Gambusia_affinis|PRELP|XP_043978373.1
PRELP	XP_043978374.1	Gambusia affinis	122834224	X2	379	excluded	extra_isoform_same_locus	XP_043978374.1 LOC122834224 [organism=Gambusia affinis] [GeneID=122834224] [isoform=X2]	Gambusia_affinis|PRELP|XP_043978374.1
PRELP	XP_005640817.1	Canis lupus familiaris	488561		379	kept	representative	XP_005640817.1 PRELP [organism=Canis lupus familiaris] [GeneID=488561]	Canis_lupus_familiaris|PRELP|XP_005640817.1
PRELP	XP_038304112.1	Canis lupus familiaris	488561		379	excluded	extra_isoform_same_locus	XP_038304112.1 PRELP [organism=Canis lupus familiaris] [GeneID=488561]	Canis_lupus_familiaris|PRELP|XP_038304112.1
PRELP	XP_038304113.1	Canis lupus familiaris	488561		379	excluded	extra_isoform_same_locus	XP_038304113.1 PRELP [organism=Canis lupus familiaris] [GeneID=488561]	Canis_lupus_familiaris|PRELP|XP_038304113.1
PRELP	XP_038378053.1	Canis lupus familiaris	488561		379	excluded	extra_isoform_same_locus	XP_038378053.1 PRELP [organism=Canis lupus familiaris] [GeneID=488561]	Canis_lupus_familiaris|PRELP|XP_038378053.1
PRELP	XP_038378054.1	Canis lupus familiaris	488561		379	excluded	extra_isoform_same_locus	XP_038378054.1 PRELP [organism=Canis lupus familiaris] [GeneID=488561]	Canis_lupus_familiaris|PRELP|XP_038378054.1
PRELP	XP_038441872.1	Canis lupus familiaris	488561		379	excluded	extra_isoform_same_locus	XP_038441872.1 PRELP [organism=Canis lupus familiaris] [GeneID=488561]	Canis_lupus_familiaris|PRELP|XP_038441872.1
PRELP	XP_038441873.1	Canis lupus familiaris	488561		379	excluded	extra_isoform_same_locus	XP_038441873.1 PRELP [organism=Canis lupus familiaris] [GeneID=488561]	Canis_lupus_familiaris|PRELP|XP_038441873.1
PRELP	XP_038506253.1	Canis lupus familiaris	488561		379	excluded	extra_isoform_same_locus	XP_038506253.1 PRELP [organism=Canis lupus familiaris] [GeneID=488561]	Canis_lupus_familiaris|PRELP|XP_038506253.1
PRELP	XP_038506254.1	Canis lupus familiaris	488561		379	excluded	extra_isoform_same_locus	XP_038506254.1 PRELP [organism=Canis lupus familiaris] [GeneID=488561]	Canis_lupus_familiaris|PRELP|XP_038506254.1
PRELP	XP_545678.2	Canis lupus familiaris	488561		379	excluded	extra_isoform_same_locus	XP_545678.2 PRELP [organism=Canis lupus familiaris] [GeneID=488561]	Canis_lupus_familiaris|PRELP|XP_545678.2
PRELP	XP_041504946.1	Microtus oregoni	121446400		381	kept	representative	XP_041504946.1 Prelp [organism=Microtus oregoni] [GeneID=121446400]	Microtus_oregoni|PRELP|XP_041504946.1
PRELP	XP_041504947.1	Microtus oregoni	121446400		381	excluded	extra_isoform_same_locus	XP_041504947.1 Prelp [organism=Microtus oregoni] [GeneID=121446400]	Microtus_oregoni|PRELP|XP_041504947.1
PRELP	XP_058675293.1	Ammospiza caudacuta	131567620		369	kept	representative	XP_058675293.1 PRELP [organism=Ammospiza caudacuta] [GeneID=131567620]	Ammospiza_caudacuta|PRELP|XP_058675293.1
PRELP	XP_029429690.1	Rhinatrema bivittatum	115074414		373	kept	representative	XP_029429690.1 PRELP [organism=Rhinatrema bivittatum] [GeneID=115074414]	Rhinatrema_bivittatum|PRELP|XP_029429690.1
PRELP	XP_029429691.1	Rhinatrema bivittatum	115074414		373	excluded	extra_isoform_same_locus	XP_029429691.1 PRELP [organism=Rhinatrema bivittatum] [GeneID=115074414]	Rhinatrema_bivittatum|PRELP|XP_029429691.1
PRELP	XP_055975094.1	Sorex fumeus	130028351		378	kept	representative	XP_055975094.1 PRELP [organism=Sorex fumeus] [GeneID=130028351]	Sorex_fumeus|PRELP|XP_055975094.1
PRELP	XP_015995198.1	Rousettus aegyptiacus	107508136		379	kept	representative	XP_015995198.1 PRELP [organism=Rousettus aegyptiacus] [GeneID=107508136]	Rousettus_aegyptiacus|PRELP|XP_015995198.1
PRELP	XP_015995208.1	Rousettus aegyptiacus	107508136		379	excluded	extra_isoform_same_locus	XP_015995208.1 PRELP [organism=Rousettus aegyptiacus] [GeneID=107508136]	Rousettus_aegyptiacus|PRELP|XP_015995208.1
PRELP	XP_015995218.1	Rousettus aegyptiacus	107508136		379	excluded	extra_isoform_same_locus	XP_015995218.1 PRELP [organism=Rousettus aegyptiacus] [GeneID=107508136]	Rousettus_aegyptiacus|PRELP|XP_015995218.1
PRELP	XP_015995228.1	Rousettus aegyptiacus	107508136		379	excluded	extra_isoform_same_locus	XP_015995228.1 PRELP [organism=Rousettus aegyptiacus] [GeneID=107508136]	Rousettus_aegyptiacus|PRELP|XP_015995228.1
PRELP	XP_041578644.1	Vulpes lagopus	121471850		379	kept	representative	XP_041578644.1 PRELP [organism=Vulpes lagopus] [GeneID=121471850]	Vulpes_lagopus|PRELP|XP_041578644.1
PRELP	XP_041578645.1	Vulpes lagopus	121471850		379	excluded	extra_isoform_same_locus	XP_041578645.1 PRELP [organism=Vulpes lagopus] [GeneID=121471850]	Vulpes_lagopus|PRELP|XP_041578645.1
PRELP	XP_046932376.1	Lynx rufus	124509798		379	kept	representative	XP_046932376.1 PRELP [organism=Lynx rufus] [GeneID=124509798]	Lynx_rufus|PRELP|XP_046932376.1
PRELP	XP_060926345.1	Limanda limanda	133000426		379	kept	representative	XP_060926345.1 prelp [organism=Limanda limanda] [GeneID=133000426]	Limanda_limanda|PRELP|XP_060926345.1
PRELP	XP_035136531.1	Callithrix jacchus	100410540	X2	382	kept	representative	XP_035136531.1 PRELP [organism=Callithrix jacchus] [GeneID=100410540] [isoform=X2]	Callithrix_jacchus|PRELP|XP_035136531.1
PRELP	XP_054103967.1	Callithrix jacchus	100410540	X1	423	excluded	extra_isoform_same_locus	XP_054103967.1 PRELP [organism=Callithrix jacchus] [GeneID=100410540] [isoform=X1]	Callithrix_jacchus|PRELP|XP_054103967.1
PRELP	XP_078212554.1	Callithrix jacchus	100410540	X2	382	excluded	extra_isoform_same_locus	XP_078212554.1 PRELP [organism=Callithrix jacchus] [GeneID=100410540] [isoform=X2]	Callithrix_jacchus|PRELP|XP_078212554.1
PRELP	XP_061642009.1	Phyllopteryx taeniolatus	133484011		373	kept	representative	XP_061642009.1 prelp [organism=Phyllopteryx taeniolatus] [GeneID=133484011]	Phyllopteryx_taeniolatus|PRELP|XP_061642009.1
PRELP	XP_061642010.1	Phyllopteryx taeniolatus	133484011		373	excluded	extra_isoform_same_locus	XP_061642010.1 prelp [organism=Phyllopteryx taeniolatus] [GeneID=133484011]	Phyllopteryx_taeniolatus|PRELP|XP_061642010.1
PRELP	XP_066117746.1	Saccopteryx bilineata	136326147		379	kept	representative	XP_066117746.1 PRELP [organism=Saccopteryx bilineata] [GeneID=136326147]	Saccopteryx_bilineata|PRELP|XP_066117746.1
PRELP	XP_066117747.1	Saccopteryx bilineata	136326147		379	excluded	extra_isoform_same_locus	XP_066117747.1 PRELP [organism=Saccopteryx bilineata] [GeneID=136326147]	Saccopteryx_bilineata|PRELP|XP_066117747.1
PRELP	XP_079538707.1	Notothenia rossii	307040057	1	378	kept	representative	XP_079538707.1 prelp [organism=Notothenia rossii] [GeneID=307040057] [isoform=1]	Notothenia_rossii|PRELP|XP_079538707.1
PRELP	XP_079538708.1	Notothenia rossii	307040057	1	378	excluded	extra_isoform_same_locus	XP_079538708.1 prelp [organism=Notothenia rossii] [GeneID=307040057] [isoform=1]	Notothenia_rossii|PRELP|XP_079538708.1
PRELP	XP_082288806.1	Balaenoptera physalus	309646391		381	kept	representative	XP_082288806.1 PRELP [organism=Balaenoptera physalus] [GeneID=309646391]	Balaenoptera_physalus|PRELP|XP_082288806.1
PRELP	XP_004013593.2	Ovis aries	101111470	X2	381	kept	representative	XP_004013593.2 PRELP [organism=Ovis aries] [GeneID=101111470] [isoform=X2]	Ovis_aries|PRELP|XP_004013593.2
PRELP	XP_060251968.1	Ovis aries	101111470	X1	398	excluded	extra_isoform_same_locus	XP_060251968.1 PRELP [organism=Ovis aries] [GeneID=101111470] [isoform=X1]	Ovis_aries|PRELP|XP_060251968.1
PRELP	XP_048111114.1	Alosa alosa	125302135		381	kept	representative	XP_048111114.1 LOC125302135 [organism=Alosa alosa] [GeneID=125302135]	Alosa_alosa|PRELP|XP_048111114.1
PRELP	XP_017707074.1	Rhinopithecus bieti	108515013		382	kept	representative	XP_017707074.1 PRELP [organism=Rhinopithecus bieti] [GeneID=108515013]	Rhinopithecus_bieti|PRELP|XP_017707074.1
PRELP	XP_059925570.1	Gadus macrocephalus	132470748		378	kept	representative	XP_059925570.1 prelp [organism=Gadus macrocephalus] [GeneID=132470748]	Gadus_macrocephalus|PRELP|XP_059925570.1
PRELP	XP_075469808.1	Ascaphus truei	142502552		373	kept	representative	XP_075469808.1 PRELP [organism=Ascaphus truei] [GeneID=142502552]	Ascaphus_truei|PRELP|XP_075469808.1
PRELP	XP_029007961.1	Betta splendens	114856281		382	kept	representative	XP_029007961.1 prelp [organism=Betta splendens] [GeneID=114856281]	Betta_splendens|PRELP|XP_029007961.1
PRELP	XP_029007962.1	Betta splendens	114856281		382	excluded	extra_isoform_same_locus	XP_029007962.1 prelp [organism=Betta splendens] [GeneID=114856281]	Betta_splendens|PRELP|XP_029007962.1
PRELP	XP_031603762.1	Oreochromis aureus	116326558	X3	379	kept	representative	XP_031603762.1 LOC116326558 [organism=Oreochromis aureus] [GeneID=116326558] [isoform=X3]	Oreochromis_aureus|PRELP|XP_031603762.1
PRELP	XP_039468434.1	Oreochromis aureus	116326558	X1	401	excluded	extra_isoform_same_locus	XP_039468434.1 LOC116326558 [organism=Oreochromis aureus] [GeneID=116326558] [isoform=X1]	Oreochromis_aureus|PRELP|XP_039468434.1
PRELP	XP_039468435.1	Oreochromis aureus	116326558	X2	383	excluded	extra_isoform_same_locus	XP_039468435.1 LOC116326558 [organism=Oreochromis aureus] [GeneID=116326558] [isoform=X2]	Oreochromis_aureus|PRELP|XP_039468435.1
PRELP	XP_039468436.1	Oreochromis aureus	116326558	X3	379	excluded	extra_isoform_same_locus	XP_039468436.1 LOC116326558 [organism=Oreochromis aureus] [GeneID=116326558] [isoform=X3]	Oreochromis_aureus|PRELP|XP_039468436.1
PRELP	XP_039468437.1	Oreochromis aureus	116326558	X3	379	excluded	extra_isoform_same_locus	XP_039468437.1 LOC116326558 [organism=Oreochromis aureus] [GeneID=116326558] [isoform=X3]	Oreochromis_aureus|PRELP|XP_039468437.1
PRELP	XP_048860275.1	Brienomyrus brachyistius	125727521		397	kept	representative	XP_048860275.1 LOC125727521 [organism=Brienomyrus brachyistius] [GeneID=125727521]	Brienomyrus_brachyistius|PRELP|XP_048860275.1
PRELP	XP_048860276.1	Brienomyrus brachyistius	125727521		397	excluded	extra_isoform_same_locus	XP_048860276.1 LOC125727521 [organism=Brienomyrus brachyistius] [GeneID=125727521]	Brienomyrus_brachyistius|PRELP|XP_048860276.1
PRELP	XP_086148133.1	Aulonocara sp. 'chitande type north' Nkhata Bay	147330461	X1	401	excluded	extra_isoform_same_locus	XP_086148133.1 prelp [organism=Aulonocara sp. 'chitande type north' Nkhata Bay] [GeneID=147330461] [isoform=X1]	Aulonocara_sp._chitande_type_north_Nkhata_Bay|PRELP|XP_086148133.1
PRELP	XP_086148134.1	Aulonocara sp. 'chitande type north' Nkhata Bay	147330461	X2	379	kept	representative	XP_086148134.1 prelp [organism=Aulonocara sp. 'chitande type north' Nkhata Bay] [GeneID=147330461] [isoform=X2]	Aulonocara_sp._chitande_type_north_Nkhata_Bay|PRELP|XP_086148134.1
PRELP	XP_069612616.1	Ranitomeya imitator	138669785		374	kept	representative	XP_069612616.1 PRELP [organism=Ranitomeya imitator] [GeneID=138669785]	Ranitomeya_imitator|PRELP|XP_069612616.1
PRELP	XP_007247803.3	Astyanax mexicanus	103032024		381	kept	representative	XP_007247803.3 LOC103032024 [organism=Astyanax mexicanus] [GeneID=103032024]	Astyanax_mexicanus|PRELP|XP_007247803.3
PRELP	XP_010006609.1	Chaetura pelagica	104398247		371	kept	representative	XP_010006609.1 PRELP [organism=Chaetura pelagica] [GeneID=104398247]	Chaetura_pelagica|PRELP|XP_010006609.1
PRELP	XP_020858630.1	Phascolarctos cinereus	110219559		383	kept	representative	XP_020858630.1 PRELP [organism=Phascolarctos cinereus] [GeneID=110219559]	Phascolarctos_cinereus|PRELP|XP_020858630.1
PRELP	XP_024427151.1	Desmodus rotundus	112314829		379	kept	representative	XP_024427151.1 PRELP [organism=Desmodus rotundus] [GeneID=112314829]	Desmodus_rotundus|PRELP|XP_024427151.1
PRELP	XP_028652503.2	Erpetoichthys calabaricus	114647952		369	kept	representative	XP_028652503.2 prelp [organism=Erpetoichthys calabaricus] [GeneID=114647952]	Erpetoichthys_calabaricus|PRELP|XP_028652503.2
PRELP	XP_028652504.2	Erpetoichthys calabaricus	114647952		369	excluded	extra_isoform_same_locus	XP_028652504.2 prelp [organism=Erpetoichthys calabaricus] [GeneID=114647952]	Erpetoichthys_calabaricus|PRELP|XP_028652504.2
PRELP	XP_018614042.1	Scleropages formosus	108938170		370	kept	representative	XP_018614042.1 prelp [organism=Scleropages formosus] [GeneID=108938170]	Scleropages_formosus|PRELP|XP_018614042.1
PRELP	XP_075880525.1	Nelusetta ayraudi	142887087		379	kept	representative	XP_075880525.1 prelp [organism=Nelusetta ayraudi] [GeneID=142887087]	Nelusetta_ayraudi|PRELP|XP_075880525.1
PRELP	XP_030147969.4	Taeniopygia guttata	115498591		371	kept	representative	XP_030147969.4 PRELP [organism=Taeniopygia guttata] [GeneID=115498591]	Taeniopygia_guttata|PRELP|XP_030147969.4
PRELP	XP_005540548.1	Macaca fascicularis	102143566		382	kept	representative	XP_005540548.1 PRELP [organism=Macaca fascicularis] [GeneID=102143566]	Macaca_fascicularis|PRELP|XP_005540548.1
PRELP	XP_005540549.1	Macaca fascicularis	102143566		382	excluded	extra_isoform_same_locus	XP_005540549.1 PRELP [organism=Macaca fascicularis] [GeneID=102143566]	Macaca_fascicularis|PRELP|XP_005540549.1
PRELP	XP_065395992.1	Macaca fascicularis	102143566		382	excluded	extra_isoform_same_locus	XP_065395992.1 PRELP [organism=Macaca fascicularis] [GeneID=102143566]	Macaca_fascicularis|PRELP|XP_065395992.1
PRELP	XP_008642953.1	Corvus brachyrhynchos	103625317		369	kept	representative	XP_008642953.1 PRELP [organism=Corvus brachyrhynchos] [GeneID=103625317]	Corvus_brachyrhynchos|PRELP|XP_008642953.1
PRELP	XP_035749692.1	Egretta garzetta	104125740		371	kept	representative	XP_035749692.1 PRELP [organism=Egretta garzetta] [GeneID=104125740]	Egretta_garzetta|PRELP|XP_035749692.1
PRELP	XP_082152466.1	Coloeus monedula	309581636		371	kept	representative	XP_082152466.1 PRELP [organism=Coloeus monedula] [GeneID=309581636]	Coloeus_monedula|PRELP|XP_082152466.1
PRELP	XP_042353091.1	Plectropomus leopardus	121950993		379	kept	representative	XP_042353091.1 LOC121950993 [organism=Plectropomus leopardus] [GeneID=121950993]	Plectropomus_leopardus|PRELP|XP_042353091.1
PRELP	XP_040280053.1	Bufo bufo	120995112	X1	374	kept	representative	XP_040280053.1 PRELP [organism=Bufo bufo] [GeneID=120995112] [isoform=X1]	Bufo_bufo|PRELP|XP_040280053.1
PRELP	XP_040280054.1	Bufo bufo	120995112	X2	319	excluded	extra_isoform_same_locus	XP_040280054.1 PRELP [organism=Bufo bufo] [GeneID=120995112] [isoform=X2]	Bufo_bufo|PRELP|XP_040280054.1
PRELP	XP_077190718.1	Paroedura picta	143835993		368	kept	representative	XP_077190718.1 PRELP [organism=Paroedura picta] [GeneID=143835993]	Paroedura_picta|PRELP|XP_077190718.1
PRELP	XP_077429851.1	Vanacampus margaritifer	144056713		379	kept	representative	XP_077429851.1 prelp [organism=Vanacampus margaritifer] [GeneID=144056713]	Vanacampus_margaritifer|PRELP|XP_077429851.1
PRELP	XP_022449441.1	Delphinapterus leucas	111184799		381	kept	representative	XP_022449441.1 PRELP [organism=Delphinapterus leucas] [GeneID=111184799]	Delphinapterus_leucas|PRELP|XP_022449441.1
PRELP	XP_057625547.1	Chionomys nivalis	130874340		381	kept	representative	XP_057625547.1 Prelp [organism=Chionomys nivalis] [GeneID=130874340]	Chionomys_nivalis|PRELP|XP_057625547.1
PRELP	XP_057625548.1	Chionomys nivalis	130874340		381	excluded	extra_isoform_same_locus	XP_057625548.1 Prelp [organism=Chionomys nivalis] [GeneID=130874340]	Chionomys_nivalis|PRELP|XP_057625548.1
PRELP	XP_057625549.1	Chionomys nivalis	130874340		381	excluded	extra_isoform_same_locus	XP_057625549.1 Prelp [organism=Chionomys nivalis] [GeneID=130874340]	Chionomys_nivalis|PRELP|XP_057625549.1
PRELP	XP_057625550.1	Chionomys nivalis	130874340		381	excluded	extra_isoform_same_locus	XP_057625550.1 Prelp [organism=Chionomys nivalis] [GeneID=130874340]	Chionomys_nivalis|PRELP|XP_057625550.1
PRELP	XP_057625551.1	Chionomys nivalis	130874340		381	excluded	extra_isoform_same_locus	XP_057625551.1 Prelp [organism=Chionomys nivalis] [GeneID=130874340]	Chionomys_nivalis|PRELP|XP_057625551.1
PRELP	XP_057625552.1	Chionomys nivalis	130874340		381	excluded	extra_isoform_same_locus	XP_057625552.1 Prelp [organism=Chionomys nivalis] [GeneID=130874340]	Chionomys_nivalis|PRELP|XP_057625552.1
PRELP	XP_071624767.1	Heliangelus exortis	139807558		371	kept	representative	XP_071624767.1 PRELP [organism=Heliangelus exortis] [GeneID=139807558]	Heliangelus_exortis|PRELP|XP_071624767.1
PRELP	XP_071624768.1	Heliangelus exortis	139807558		371	excluded	extra_isoform_same_locus	XP_071624768.1 PRELP [organism=Heliangelus exortis] [GeneID=139807558]	Heliangelus_exortis|PRELP|XP_071624768.1
PRELP	XP_027859171.1	Xiphophorus couchianus	114135794		379	kept	representative	XP_027859171.1 prelp [organism=Xiphophorus couchianus] [GeneID=114135794]	Xiphophorus_couchianus|PRELP|XP_027859171.1
PRELP	NP_445837.1	Rattus norvegicus	84400		377	kept	representative	NP_445837.1 Prelp [organism=Rattus norvegicus] [GeneID=84400]	Rattus_norvegicus|PRELP|NP_445837.1
PRELP	XP_006249953.1	Rattus norvegicus	84400	X1	377	excluded	extra_isoform_same_locus	XP_006249953.1 Prelp [organism=Rattus norvegicus] [GeneID=84400] [isoform=X1]	Rattus_norvegicus|PRELP|XP_006249953.1
PRELP	XP_008767794.1	Rattus norvegicus	84400	X1	377	excluded	extra_isoform_same_locus	XP_008767794.1 Prelp [organism=Rattus norvegicus] [GeneID=84400] [isoform=X1]	Rattus_norvegicus|PRELP|XP_008767794.1
PRELP	XP_066191773.1	Sylvia atricapilla	136371543		371	kept	representative	XP_066191773.1 PRELP [organism=Sylvia atricapilla] [GeneID=136371543]	Sylvia_atricapilla|PRELP|XP_066191773.1
PRELP	XP_027469044.1	Zalophus californianus	113933290		377	kept	representative	XP_027469044.1 PRELP [organism=Zalophus californianus] [GeneID=113933290]	Zalophus_californianus|PRELP|XP_027469044.1
PRELP	XP_027469045.1	Zalophus californianus	113933290		377	excluded	extra_isoform_same_locus	XP_027469045.1 PRELP [organism=Zalophus californianus] [GeneID=113933290]	Zalophus_californianus|PRELP|XP_027469045.1
PRELP	XP_015687651.1	Protobothrops mucrosquamatus	107302989		369	kept	representative	XP_015687651.1 PRELP [organism=Protobothrops mucrosquamatus] [GeneID=107302989]	Protobothrops_mucrosquamatus|PRELP|XP_015687651.1
PRELP	XP_005469435.1	Oreochromis niloticus	100694485		379	kept	representative	XP_005469435.1 prelp [organism=Oreochromis niloticus] [GeneID=100694485]	Oreochromis_niloticus|PRELP|XP_005469435.1
PRELP	XP_019214345.1	Oreochromis niloticus	100694485		379	excluded	extra_isoform_same_locus	XP_019214345.1 prelp [organism=Oreochromis niloticus] [GeneID=100694485]	Oreochromis_niloticus|PRELP|XP_019214345.1
PRELP	XP_019214346.1	Oreochromis niloticus	100694485		379	excluded	extra_isoform_same_locus	XP_019214346.1 prelp [organism=Oreochromis niloticus] [GeneID=100694485]	Oreochromis_niloticus|PRELP|XP_019214346.1
PRELP	XP_055090448.1	Symphalangus syndactylus	129458552		382	kept	representative	XP_055090448.1 PRELP [organism=Symphalangus syndactylus] [GeneID=129458552]	Symphalangus_syndactylus|PRELP|XP_055090448.1
PRELP	XP_055090449.1	Symphalangus syndactylus	129458552		382	excluded	extra_isoform_same_locus	XP_055090449.1 PRELP [organism=Symphalangus syndactylus] [GeneID=129458552]	Symphalangus_syndactylus|PRELP|XP_055090449.1
PRELP	XP_075120438.1	Leptodactylus fuscus	142194902		374	kept	representative	XP_075120438.1 PRELP [organism=Leptodactylus fuscus] [GeneID=142194902]	Leptodactylus_fuscus|PRELP|XP_075120438.1
PRELP	XP_075377619.1	Mycteria americana	142418966		371	kept	representative	XP_075377619.1 PRELP [organism=Mycteria americana] [GeneID=142418966]	Mycteria_americana|PRELP|XP_075377619.1
PRELP	XP_004756410.1	Mustela putorius furo	101686945		379	kept	representative	XP_004756410.1 PRELP [organism=Mustela putorius furo] [GeneID=101686945]	Mustela_putorius_furo|PRELP|XP_004756410.1
PRELP	XP_004756411.1	Mustela putorius furo	101686945		379	excluded	extra_isoform_same_locus	XP_004756411.1 PRELP [organism=Mustela putorius furo] [GeneID=101686945]	Mustela_putorius_furo|PRELP|XP_004756411.1
PRELP	XP_028431496.1	Perca flavescens	114554097		379	kept	representative	XP_028431496.1 prelp [organism=Perca flavescens] [GeneID=114554097]	Perca_flavescens|PRELP|XP_028431496.1
PRELP	XP_083894447.1	Eutrigla gurnardus	311031813		379	kept	representative	XP_083894447.1 prelp [organism=Eutrigla gurnardus] [GeneID=311031813]	Eutrigla_gurnardus|PRELP|XP_083894447.1
PRELP	XP_033990788.1	Trematomus bernacchii	117486458		377	kept	representative	XP_033990788.1 prelp [organism=Trematomus bernacchii] [GeneID=117486458]	Trematomus_bernacchii|PRELP|XP_033990788.1
PRELP	XP_001923590.2	Danio rerio	100144408		378	kept	representative	XP_001923590.2 prelp [organism=Danio rerio] [GeneID=100144408]	Danio_rerio|PRELP|XP_001923590.2
PRELP	XP_059531454.1	Myotis daubentonii	132221282		372	kept	representative	XP_059531454.1 PRELP [organism=Myotis daubentonii] [GeneID=132221282]	Myotis_daubentonii|PRELP|XP_059531454.1
PRELP	XP_059531455.1	Myotis daubentonii	132221282		372	excluded	extra_isoform_same_locus	XP_059531455.1 PRELP [organism=Myotis daubentonii] [GeneID=132221282]	Myotis_daubentonii|PRELP|XP_059531455.1
PRELP	XP_048286742.1	Myodes glareolus	125398169		380	kept	representative	XP_048286742.1 Prelp [organism=Myodes glareolus] [GeneID=125398169]	Myodes_glareolus|PRELP|XP_048286742.1
PRELP	XP_048286743.1	Myodes glareolus	125398169		380	excluded	extra_isoform_same_locus	XP_048286743.1 Prelp [organism=Myodes glareolus] [GeneID=125398169]	Myodes_glareolus|PRELP|XP_048286743.1
PRELP	XP_048286744.1	Myodes glareolus	125398169		380	excluded	extra_isoform_same_locus	XP_048286744.1 Prelp [organism=Myodes glareolus] [GeneID=125398169]	Myodes_glareolus|PRELP|XP_048286744.1
PRELP	XP_002918233.1	Ailuropoda melanoleuca	100484260		379	kept	representative	XP_002918233.1 PRELP [organism=Ailuropoda melanoleuca] [GeneID=100484260]	Ailuropoda_melanoleuca|PRELP|XP_002918233.1
PRELP	XP_049713966.1	Elephas maximus indicus	126061456		383	kept	representative	XP_049713966.1 PRELP [organism=Elephas maximus indicus] [GeneID=126061456]	Elephas_maximus_indicus|PRELP|XP_049713966.1
PRELP	XP_049713967.1	Elephas maximus indicus	126061456		383	excluded	extra_isoform_same_locus	XP_049713967.1 PRELP [organism=Elephas maximus indicus] [GeneID=126061456]	Elephas_maximus_indicus|PRELP|XP_049713967.1
PRELP	XP_069566158.1	Brachyistius frenatus	138627609		379	kept	representative	XP_069566158.1 prelp [organism=Brachyistius frenatus] [GeneID=138627609]	Brachyistius_frenatus|PRELP|XP_069566158.1
PRELP	XP_067287577.1	Pseudorasbora parva	137058238		380	kept	representative	XP_067287577.1 prelp [organism=Pseudorasbora parva] [GeneID=137058238]	Pseudorasbora_parva|PRELP|XP_067287577.1
PRELP	XP_075967115.1	Anarhichas minor	142970642		379	kept	representative	XP_075967115.1 prelp [organism=Anarhichas minor] [GeneID=142970642]	Anarhichas_minor|PRELP|XP_075967115.1
PRELP	XP_021542268.1	Neomonachus schauinslandi	110577310		377	kept	representative	XP_021542268.1 PRELP [organism=Neomonachus schauinslandi] [GeneID=110577310]	Neomonachus_schauinslandi|PRELP|XP_021542268.1
PRELP	XP_021542269.1	Neomonachus schauinslandi	110577310		377	excluded	extra_isoform_same_locus	XP_021542269.1 PRELP [organism=Neomonachus schauinslandi] [GeneID=110577310]	Neomonachus_schauinslandi|PRELP|XP_021542269.1
PRELP	XP_044301217.1	Varanus komodoensis	123030928		369	kept	representative	XP_044301217.1 PRELP [organism=Varanus komodoensis] [GeneID=123030928]	Varanus_komodoensis|PRELP|XP_044301217.1
PRELP	XP_055190227.1	Nyctereutes procyonoides	129515370		379	kept	representative	XP_055190227.1 PRELP [organism=Nyctereutes procyonoides] [GeneID=129515370]	Nyctereutes_procyonoides|PRELP|XP_055190227.1
PRELP	XP_055190228.1	Nyctereutes procyonoides	129515370		379	excluded	extra_isoform_same_locus	XP_055190228.1 PRELP [organism=Nyctereutes procyonoides] [GeneID=129515370]	Nyctereutes_procyonoides|PRELP|XP_055190228.1
PRELP	XP_077059378.1	Siphateles boraxobius	143711586		380	kept	representative	XP_077059378.1 prelp [organism=Siphateles boraxobius] [GeneID=143711586]	Siphateles_boraxobius|PRELP|XP_077059378.1
PRELP	XP_080425036.1	Anser brachyrhynchus	308183178	1	374	kept	representative	XP_080425036.1 PRELP [organism=Anser brachyrhynchus] [GeneID=308183178] [isoform=1]	Anser_brachyrhynchus|PRELP|XP_080425036.1
PRELP	XP_080425037.1	Anser brachyrhynchus	308183178	1	374	excluded	extra_isoform_same_locus	XP_080425037.1 PRELP [organism=Anser brachyrhynchus] [GeneID=308183178] [isoform=1]	Anser_brachyrhynchus|PRELP|XP_080425037.1
PRELP	XP_085210124.1	Diplotaxodon limnothrissa	146632041	X1	379	kept	representative	XP_085210124.1 prelp [organism=Diplotaxodon limnothrissa] [GeneID=146632041] [isoform=X1]	Diplotaxodon_limnothrissa|PRELP|XP_085210124.1
PRELP	XP_085210125.1	Diplotaxodon limnothrissa	146632041	X2	401	excluded	extra_isoform_same_locus	XP_085210125.1 prelp [organism=Diplotaxodon limnothrissa] [GeneID=146632041] [isoform=X2]	Diplotaxodon_limnothrissa|PRELP|XP_085210125.1
PRELP	XP_053509290.1	Ictalurus furcatus	128625185		373	kept	representative	XP_053509290.1 prelp [organism=Ictalurus furcatus] [GeneID=128625185]	Ictalurus_furcatus|PRELP|XP_053509290.1
PRELP	XP_054504889.1	Agelaius phoeniceus	129130459	X2	369	kept	representative	XP_054504889.1 PRELP [organism=Agelaius phoeniceus] [GeneID=129130459] [isoform=X2]	Agelaius_phoeniceus|PRELP|XP_054504889.1
PRELP	XP_077046662.1	Agelaius phoeniceus	129130459	X1	389	excluded	extra_isoform_same_locus	XP_077046662.1 PRELP [organism=Agelaius phoeniceus] [GeneID=129130459] [isoform=X1]	Agelaius_phoeniceus|PRELP|XP_077046662.1
PRELP	XP_077046663.1	Agelaius phoeniceus	129130459	X2	369	excluded	extra_isoform_same_locus	XP_077046663.1 PRELP [organism=Agelaius phoeniceus] [GeneID=129130459] [isoform=X2]	Agelaius_phoeniceus|PRELP|XP_077046663.1
PRELP	XP_063765957.1	Eleginops maclovinus	134882267		378	kept	representative	XP_063765957.1 prelp [organism=Eleginops maclovinus] [GeneID=134882267]	Eleginops_maclovinus|PRELP|XP_063765957.1
PRELP	XP_063765958.1	Eleginops maclovinus	134882267		378	excluded	extra_isoform_same_locus	XP_063765958.1 prelp [organism=Eleginops maclovinus] [GeneID=134882267]	Eleginops_maclovinus|PRELP|XP_063765958.1
PRELP	XP_052465844.1	Carassius gibelio	128022385		380	kept	representative	XP_052465844.1 prelp [organism=Carassius gibelio] [GeneID=128022385]	Carassius_gibelio|PRELP|XP_052465844.1
PRELP	XP_056367371.1	Oenanthe melanoleuca	130263688		371	kept	representative	XP_056367371.1 PRELP [organism=Oenanthe melanoleuca] [GeneID=130263688]	Oenanthe_melanoleuca|PRELP|XP_056367371.1
PRELP	XP_070715215.1	Pristiophorus japonicus	139227953		387	kept	representative	XP_070715215.1 prelp [organism=Pristiophorus japonicus] [GeneID=139227953]	Pristiophorus_japonicus|PRELP|XP_070715215.1
PRELP	XP_072133916.1	Mobula birostris	140209552	X1	407	excluded	extra_isoform_same_locus	XP_072133916.1 prelp [organism=Mobula birostris] [GeneID=140209552] [isoform=X1]	Mobula_birostris|PRELP|XP_072133916.1
PRELP	XP_072133917.1	Mobula birostris	140209552	X2	399	kept	representative	XP_072133917.1 prelp [organism=Mobula birostris] [GeneID=140209552] [isoform=X2]	Mobula_birostris|PRELP|XP_072133917.1
PRELP	XP_008589961.1	Galeopterus variegatus	103607206		381	kept	representative	XP_008589961.1 PRELP [organism=Galeopterus variegatus] [GeneID=103607206]	Galeopterus_variegatus|PRELP|XP_008589961.1
PRELP	XP_008589962.1	Galeopterus variegatus	103607206		381	excluded	extra_isoform_same_locus	XP_008589962.1 PRELP [organism=Galeopterus variegatus] [GeneID=103607206]	Galeopterus_variegatus|PRELP|XP_008589962.1
PRELP	XP_034726226.1	Etheostoma cragini	117943904		379	kept	representative	XP_034726226.1 prelp [organism=Etheostoma cragini] [GeneID=117943904]	Etheostoma_cragini|PRELP|XP_034726226.1
PRELP	XP_034726228.1	Etheostoma cragini	117943904		379	excluded	extra_isoform_same_locus	XP_034726228.1 prelp [organism=Etheostoma cragini] [GeneID=117943904]	Etheostoma_cragini|PRELP|XP_034726228.1
PRELP	XP_081154264.1	Spermophilus citellus	308651195	1	383	kept	representative	XP_081154264.1 PRELP [organism=Spermophilus citellus] [GeneID=308651195] [isoform=1]	Spermophilus_citellus|PRELP|XP_081154264.1
PRELP	XP_081154265.1	Spermophilus citellus	308651195	1	383	excluded	extra_isoform_same_locus	XP_081154265.1 PRELP [organism=Spermophilus citellus] [GeneID=308651195] [isoform=1]	Spermophilus_citellus|PRELP|XP_081154265.1
PRELP	XP_024606636.1	Neophocaena asiaeorientalis asiaeorientalis	112403424		381	kept	representative	XP_024606636.1 PRELP [organism=Neophocaena asiaeorientalis asiaeorientalis] [GeneID=112403424]	Neophocaena_asiaeorientalis_asiaeorientalis|PRELP|XP_024606636.1
PRELP	XP_081803092.1	Natrix helvetica	309389052	1	369	kept	representative	XP_081803092.1 PRELP [organism=Natrix helvetica] [GeneID=309389052] [isoform=1]	Natrix_helvetica|PRELP|XP_081803092.1
PRELP	XP_081803093.1	Natrix helvetica	309389052	1	369	excluded	extra_isoform_same_locus	XP_081803093.1 PRELP [organism=Natrix helvetica] [GeneID=309389052] [isoform=1]	Natrix_helvetica|PRELP|XP_081803093.1
PRELP	XP_081803094.1	Natrix helvetica	309389052	1	369	excluded	extra_isoform_same_locus	XP_081803094.1 PRELP [organism=Natrix helvetica] [GeneID=309389052] [isoform=1]	Natrix_helvetica|PRELP|XP_081803094.1
PRELP	XP_044206161.1	Thunnus albacares	122981486		379	kept	representative	XP_044206161.1 LOC122981486 [organism=Thunnus albacares] [GeneID=122981486]	Thunnus_albacares|PRELP|XP_044206161.1
PRELP	XP_048468208.1	Rhincodon typus	109913717		393	kept	representative	XP_048468208.1 LOC109913717 [organism=Rhincodon typus] [GeneID=109913717]	Rhincodon_typus|PRELP|XP_048468208.1
PRELP	XP_048468210.1	Rhincodon typus	109913717		393	excluded	extra_isoform_same_locus	XP_048468210.1 LOC109913717 [organism=Rhincodon typus] [GeneID=109913717]	Rhincodon_typus|PRELP|XP_048468210.1
PRELP	XP_026868723.2	Electrophorus electricus	113579170		381	kept	representative	XP_026868723.2 prelp [organism=Electrophorus electricus] [GeneID=113579170]	Electrophorus_electricus|PRELP|XP_026868723.2
PRELP	XP_026868724.2	Electrophorus electricus	113579170		381	excluded	extra_isoform_same_locus	XP_026868724.2 prelp [organism=Electrophorus electricus] [GeneID=113579170]	Electrophorus_electricus|PRELP|XP_026868724.2
PRELP	XP_015262801.1	Gekko japonicus	107107085		368	kept	representative	XP_015262801.1 PRELP [organism=Gekko japonicus] [GeneID=107107085]	Gekko_japonicus|PRELP|XP_015262801.1
PRELP	XP_073175765.1	Lepidochelys kempii	140901223		371	kept	representative	XP_073175765.1 PRELP [organism=Lepidochelys kempii] [GeneID=140901223]	Lepidochelys_kempii|PRELP|XP_073175765.1
PRELP	XP_079553456.1	Hyperoodon ampullatus	307048287		381	kept	representative	XP_079553456.1 PRELP [organism=Hyperoodon ampullatus] [GeneID=307048287]	Hyperoodon_ampullatus|PRELP|XP_079553456.1
PRELP	XP_026252974.1	Urocitellus parryii	113188734		383	kept	representative	XP_026252974.1 Prelp [organism=Urocitellus parryii] [GeneID=113188734]	Urocitellus_parryii|PRELP|XP_026252974.1
PRELP	XP_026252975.1	Urocitellus parryii	113188734		383	excluded	extra_isoform_same_locus	XP_026252975.1 Prelp [organism=Urocitellus parryii] [GeneID=113188734]	Urocitellus_parryii|PRELP|XP_026252975.1
PRELP	XP_008948294.1	Merops nubicus	103782285		367	kept	representative	XP_008948294.1 PRELP [organism=Merops nubicus] [GeneID=103782285]	Merops_nubicus|PRELP|XP_008948294.1
PRELP	XP_037304444.2	Pungitius pungitius	119194310		374	kept	representative	XP_037304444.2 prelp [organism=Pungitius pungitius] [GeneID=119194310]	Pungitius_pungitius|PRELP|XP_037304444.2
PRELP	XP_064255051.1	Passer domesticus	135286048		371	kept	representative	XP_064255051.1 PRELP [organism=Passer domesticus] [GeneID=135286048]	Passer_domesticus|PRELP|XP_064255051.1
PRELP	XP_080317476.1	Lipophrys pholis	308108439	1	373	kept	representative	XP_080317476.1 prelp [organism=Lipophrys pholis] [GeneID=308108439] [isoform=1]	Lipophrys_pholis|PRELP|XP_080317476.1
PRELP	XP_080317477.1	Lipophrys pholis	308108439	1	373	excluded	extra_isoform_same_locus	XP_080317477.1 prelp [organism=Lipophrys pholis] [GeneID=308108439] [isoform=1]	Lipophrys_pholis|PRELP|XP_080317477.1
PRELP	XP_080404733.1	Nansenia antarctica	308173579		385	kept	representative	XP_080404733.1 prelp [organism=Nansenia antarctica] [GeneID=308173579]	Nansenia_antarctica|PRELP|XP_080404733.1
PRELP	XP_009271084.1	Aptenodytes forsteri	103893615		371	kept	representative	XP_009271084.1 PRELP [organism=Aptenodytes forsteri] [GeneID=103893615]	Aptenodytes_forsteri|PRELP|XP_009271084.1
PRELP	XP_082011532.1	Leuciscus leuciscus	309487658		380	kept	representative	XP_082011532.1 prelp [organism=Leuciscus leuciscus] [GeneID=309487658]	Leuciscus_leuciscus|PRELP|XP_082011532.1
PRELP	XP_065596309.1	Cyrtonyx montezumae	136051031		374	kept	representative	XP_065596309.1 PRELP [organism=Cyrtonyx montezumae] [GeneID=136051031]	Cyrtonyx_montezumae|PRELP|XP_065596309.1
PRELP	XP_075030322.1	Calonectris borealis	142093239		371	kept	representative	XP_075030322.1 PRELP [organism=Calonectris borealis] [GeneID=142093239]	Calonectris_borealis|PRELP|XP_075030322.1
PRELP	XP_082687038.1	Cygnus columbianus	309910442	1	374	kept	representative	XP_082687038.1 PRELP [organism=Cygnus columbianus] [GeneID=309910442] [isoform=1]	Cygnus_columbianus|PRELP|XP_082687038.1
PRELP	XP_082687039.1	Cygnus columbianus	309910442	1	374	excluded	extra_isoform_same_locus	XP_082687039.1 PRELP [organism=Cygnus columbianus] [GeneID=309910442] [isoform=1]	Cygnus_columbianus|PRELP|XP_082687039.1
PRELP	XP_062842947.1	Trichomycterus rosablanca	134301937		363	kept	representative	XP_062842947.1 prelp [organism=Trichomycterus rosablanca] [GeneID=134301937]	Trichomycterus_rosablanca|PRELP|XP_062842947.1
PRELP	XP_084398459.1	Chelon labrosus	311486469	1	390	kept	representative	XP_084398459.1 prelp [organism=Chelon labrosus] [GeneID=311486469] [isoform=1]	Chelon_labrosus|PRELP|XP_084398459.1
PRELP	XP_084398460.1	Chelon labrosus	311486469	1	390	excluded	extra_isoform_same_locus	XP_084398460.1 prelp [organism=Chelon labrosus] [GeneID=311486469] [isoform=1]	Chelon_labrosus|PRELP|XP_084398460.1
PRELP	XP_030231495.1	Gadus morhua	115557656		376	kept	representative	XP_030231495.1 prelp [organism=Gadus morhua] [GeneID=115557656]	Gadus_morhua|PRELP|XP_030231495.1
PRELP	XP_067359854.1	Channa argus	137127176		379	kept	representative	XP_067359854.1 prelp [organism=Channa argus] [GeneID=137127176]	Channa_argus|PRELP|XP_067359854.1
PRELP	XP_067359856.1	Channa argus	137127176		379	excluded	extra_isoform_same_locus	XP_067359856.1 prelp [organism=Channa argus] [GeneID=137127176]	Channa_argus|PRELP|XP_067359856.1
PRELP	XP_067359857.1	Channa argus	137127176		379	excluded	extra_isoform_same_locus	XP_067359857.1 prelp [organism=Channa argus] [GeneID=137127176]	Channa_argus|PRELP|XP_067359857.1
PRELP	XP_034979355.2	Zootoca vivipara	118089072		368	kept	representative	XP_034979355.2 PRELP [organism=Zootoca vivipara] [GeneID=118089072]	Zootoca_vivipara|PRELP|XP_034979355.2
PRELP	XP_046319522.1	Marmota monax	124106038		383	kept	representative	XP_046319522.1 Prelp [organism=Marmota monax] [GeneID=124106038]	Marmota_monax|PRELP|XP_046319522.1
PRELP	XP_046319530.1	Marmota monax	124106038		383	excluded	extra_isoform_same_locus	XP_046319530.1 Prelp [organism=Marmota monax] [GeneID=124106038]	Marmota_monax|PRELP|XP_046319530.1
PRELP	XP_084320218.1	Micromesistius poutassou	311338769		389	kept	representative	XP_084320218.1 prelp [organism=Micromesistius poutassou] [GeneID=311338769]	Micromesistius_poutassou|PRELP|XP_084320218.1
PRELP	XP_036685313.1	Balaenoptera musculus	118882976		381	kept	representative	XP_036685313.1 PRELP [organism=Balaenoptera musculus] [GeneID=118882976]	Balaenoptera_musculus|PRELP|XP_036685313.1
PRELP	XP_043425058.1	Prionailurus bengalensis	122476459		379	kept	representative	XP_043425058.1 PRELP [organism=Prionailurus bengalensis] [GeneID=122476459]	Prionailurus_bengalensis|PRELP|XP_043425058.1
PRELP	XP_043425059.1	Prionailurus bengalensis	122476459		379	excluded	extra_isoform_same_locus	XP_043425059.1 PRELP [organism=Prionailurus bengalensis] [GeneID=122476459]	Prionailurus_bengalensis|PRELP|XP_043425059.1
PRELP	XP_081178389.1	Vipera berus	308664771	1	369	kept	representative	XP_081178389.1 PRELP [organism=Vipera berus] [GeneID=308664771] [isoform=1]	Vipera_berus|PRELP|XP_081178389.1
PRELP	XP_081178390.1	Vipera berus	308664771	1	369	excluded	extra_isoform_same_locus	XP_081178390.1 PRELP [organism=Vipera berus] [GeneID=308664771] [isoform=1]	Vipera_berus|PRELP|XP_081178390.1
PRELP	XP_025932997.1	Apteryx rowi	112971620		371	kept	representative	XP_025932997.1 PRELP [organism=Apteryx rowi] [GeneID=112971620]	Apteryx_rowi|PRELP|XP_025932997.1
PRELP	XP_043572501.1	Chiloscyllium plagiosum	122563119		399	kept	representative	XP_043572501.1 LOC122563119 [organism=Chiloscyllium plagiosum] [GeneID=122563119]	Chiloscyllium_plagiosum|PRELP|XP_043572501.1
PRELP	XP_043572502.1	Chiloscyllium plagiosum	122563119		399	excluded	extra_isoform_same_locus	XP_043572502.1 LOC122563119 [organism=Chiloscyllium plagiosum] [GeneID=122563119]	Chiloscyllium_plagiosum|PRELP|XP_043572502.1
PRELP	XP_080489258.1	Psittacula echo	308229235		371	kept	representative	XP_080489258.1 PRELP [organism=Psittacula echo] [GeneID=308229235]	Psittacula_echo|PRELP|XP_080489258.1
PRELP	XP_007939354.1	Orycteropus afer afer	103197266		382	kept	representative	XP_007939354.1 PRELP [organism=Orycteropus afer afer] [GeneID=103197266]	Orycteropus_afer_afer|PRELP|XP_007939354.1
PRELP	XP_049894085.1	Epinephelus moara	126386036		379	kept	representative	XP_049894085.1 prelp [organism=Epinephelus moara] [GeneID=126386036]	Epinephelus_moara|PRELP|XP_049894085.1
PRELP	XP_065260335.1	Emys orbicularis	135878560		371	kept	representative	XP_065260335.1 PRELP [organism=Emys orbicularis] [GeneID=135878560]	Emys_orbicularis|PRELP|XP_065260335.1
PRELP	XP_081945064.1	Larus argentatus	309457232	1	396	excluded	extra_isoform_same_locus	XP_081945064.1 PRELP [organism=Larus argentatus] [GeneID=309457232] [isoform=1]	Larus_argentatus|PRELP|XP_081945064.1
PRELP	XP_081945065.1	Larus argentatus	309457232	2	371	kept	representative	XP_081945065.1 PRELP [organism=Larus argentatus] [GeneID=309457232] [isoform=2]	Larus_argentatus|PRELP|XP_081945065.1
PRELP	XP_084102121.1	Talpa europaea	311179096		379	kept	representative	XP_084102121.1 PRELP [organism=Talpa europaea] [GeneID=311179096]	Talpa_europaea|PRELP|XP_084102121.1
PRELP	XP_043932868.1	Protopterus annectens	122806467		384	kept	representative	XP_043932868.1 PRELP [organism=Protopterus annectens] [GeneID=122806467]	Protopterus_annectens|PRELP|XP_043932868.1
PRELP	XP_009560354.2	Cuculus canorus	104060288		447	kept	representative	XP_009560354.2 PRELP [organism=Cuculus canorus] [GeneID=104060288]	Cuculus_canorus|PRELP|XP_009560354.2
PRELP	XP_006002320.1	Latimeria chalumnae	102345425		374	kept	representative	XP_006002320.1 PRELP [organism=Latimeria chalumnae] [GeneID=102345425]	Latimeria_chalumnae|PRELP|XP_006002320.1
PRELP	XP_029818361.1	Manacus vitellinus	103767197		298	kept	representative	XP_029818361.1 PRELP [organism=Manacus vitellinus] [GeneID=103767197]	Manacus_vitellinus|PRELP|XP_029818361.1
PRELP	XP_010020814.1	Nestor notabilis	104411953		332	kept	representative	XP_010020814.1 PRELP [organism=Nestor notabilis] [GeneID=104411953]	Nestor_notabilis|PRELP|XP_010020814.1
PRELP	XP_056220044.1	Seriola aureovittata	130161086	X1	387	excluded	extra_isoform_same_locus	XP_056220044.1 prelp [organism=Seriola aureovittata] [GeneID=130161086] [isoform=X1]	Seriola_aureovittata|PRELP|XP_056220044.1
PRELP	XP_056220053.1	Seriola aureovittata	130161086	X2	379	kept	representative	XP_056220053.1 prelp [organism=Seriola aureovittata] [GeneID=130161086] [isoform=X2]	Seriola_aureovittata|PRELP|XP_056220053.1
PRELP	XP_056220062.1	Seriola aureovittata	130161086	X2	379	excluded	extra_isoform_same_locus	XP_056220062.1 prelp [organism=Seriola aureovittata] [GeneID=130161086] [isoform=X2]	Seriola_aureovittata|PRELP|XP_056220062.1
PRELP	XP_056220070.1	Seriola aureovittata	130161086	X2	379	excluded	extra_isoform_same_locus	XP_056220070.1 prelp [organism=Seriola aureovittata] [GeneID=130161086] [isoform=X2]	Seriola_aureovittata|PRELP|XP_056220070.1
PRELP	XP_058647615.1	Onychostoma macrolepis	131549439		389	kept	representative	XP_058647615.1 prelp [organism=Onychostoma macrolepis] [GeneID=131549439]	Onychostoma_macrolepis|PRELP|XP_058647615.1
PRELP	XP_032566738.1	Chiroxiphia lanceolata	116798416		371	kept	representative	XP_032566738.1 PRELP [organism=Chiroxiphia lanceolata] [GeneID=116798416]	Chiroxiphia_lanceolata|PRELP|XP_032566738.1
PRELP	XP_051003384.1	Acomys russatus	127190420		378	kept	representative	XP_051003384.1 Prelp [organism=Acomys russatus] [GeneID=127190420]	Acomys_russatus|PRELP|XP_051003384.1
PRELP	XP_051003385.1	Acomys russatus	127190420		378	excluded	extra_isoform_same_locus	XP_051003385.1 Prelp [organism=Acomys russatus] [GeneID=127190420]	Acomys_russatus|PRELP|XP_051003385.1
PRELP	XP_040547510.1	Gallus gallus	419933	X2	374	kept	representative	XP_040547510.1 PRELP [organism=Gallus gallus] [GeneID=419933] [isoform=X2]	Gallus_gallus|PRELP|XP_040547510.1
PRELP	XP_046760117.1	Gallus gallus	419933	X1	396	excluded	extra_isoform_same_locus	XP_046760117.1 PRELP [organism=Gallus gallus] [GeneID=419933] [isoform=X1]	Gallus_gallus|PRELP|XP_046760117.1
PRELP	XP_046789097.1	Gallus gallus	419933	X1	396	excluded	extra_isoform_same_locus	XP_046789097.1 PRELP [organism=Gallus gallus] [GeneID=419933] [isoform=X1]	Gallus_gallus|PRELP|XP_046789097.1
PRELP	XP_418054.2	Gallus gallus	419933	X2	374	excluded	extra_isoform_same_locus	XP_418054.2 PRELP [organism=Gallus gallus] [GeneID=419933] [isoform=X2]	Gallus_gallus|PRELP|XP_418054.2
PRELP	XP_013913647.1	Thamnophis sirtalis	106542441		369	kept	representative	XP_013913647.1 PRELP [organism=Thamnophis sirtalis] [GeneID=106542441]	Thamnophis_sirtalis|PRELP|XP_013913647.1
PRELP	XP_013857515.1	Austrofundulus limnaeus	106513300		379	kept	representative	XP_013857515.1 prelp [organism=Austrofundulus limnaeus] [GeneID=106513300]	Austrofundulus_limnaeus|PRELP|XP_013857515.1
PRELP	XP_015506442.1	Parus major	107215030		371	kept	representative	XP_015506442.1 PRELP [organism=Parus major] [GeneID=107215030]	Parus_major|PRELP|XP_015506442.1
PRELP	XP_079700216.1	Gobio gobio	307142916	1	380	kept	representative	XP_079700216.1 prelp [organism=Gobio gobio] [GeneID=307142916] [isoform=1]	Gobio_gobio|PRELP|XP_079700216.1
PRELP	XP_079700217.1	Gobio gobio	307142916	1	380	excluded	extra_isoform_same_locus	XP_079700217.1 prelp [organism=Gobio gobio] [GeneID=307142916] [isoform=1]	Gobio_gobio|PRELP|XP_079700217.1
PRELP	XP_009696994.1	Cariama cristata	104160548		371	kept	representative	XP_009696994.1 PRELP [organism=Cariama cristata] [GeneID=104160548]	Cariama_cristata|PRELP|XP_009696994.1
PRELP	XP_042740039.1	Lagopus leucura	122186999		374	kept	representative	XP_042740039.1 PRELP [organism=Lagopus leucura] [GeneID=122186999]	Lagopus_leucura|PRELP|XP_042740039.1
PRELP	XP_058712021.1	Poecile atricapillus	131587790		371	kept	representative	XP_058712021.1 PRELP [organism=Poecile atricapillus] [GeneID=131587790]	Poecile_atricapillus|PRELP|XP_058712021.1
PRELP	XP_067092522.1	Osmerus mordax	136943175		381	kept	representative	XP_067092522.1 prelp [organism=Osmerus mordax] [GeneID=136943175]	Osmerus_mordax|PRELP|XP_067092522.1
PRELP	XP_038871145.1	Salvelinus namaycush	120064614		380	kept	representative	XP_038871145.1 LOC120064614 [organism=Salvelinus namaycush] [GeneID=120064614]	Salvelinus_namaycush|PRELP|XP_038871145.1
PRELP	XP_007086552.2	Panthera tigris	102957408		379	kept	representative	XP_007086552.2 PRELP [organism=Panthera tigris] [GeneID=102957408]	Panthera_tigris|PRELP|XP_007086552.2
PRELP	XP_025276998.1	Canis lupus dingo	112643264		379	kept	representative	XP_025276998.1 PRELP [organism=Canis lupus dingo] [GeneID=112643264]	Canis_lupus_dingo|PRELP|XP_025276998.1
PRELP	XP_025276999.1	Canis lupus dingo	112643264		379	excluded	extra_isoform_same_locus	XP_025276999.1 PRELP [organism=Canis lupus dingo] [GeneID=112643264]	Canis_lupus_dingo|PRELP|XP_025276999.1
PRELP	XP_066059980.1	Chamaea fasciata	136301064		371	kept	representative	XP_066059980.1 PRELP [organism=Chamaea fasciata] [GeneID=136301064]	Chamaea_fasciata|PRELP|XP_066059980.1
PRELP	XP_007481247.1	Monodelphis domestica	100016224		384	kept	representative	XP_007481247.1 PRELP [organism=Monodelphis domestica] [GeneID=100016224]	Monodelphis_domestica|PRELP|XP_007481247.1
PRELP	XP_053339750.1	Clarias gariepinus	128511110		373	kept	representative	XP_053339750.1 prelp [organism=Clarias gariepinus] [GeneID=128511110]	Clarias_gariepinus|PRELP|XP_053339750.1
PRELP	XP_028732433.1	Peromyscus leucopus	114698098		378	kept	representative	XP_028732433.1 Prelp [organism=Peromyscus leucopus] [GeneID=114698098]	Peromyscus_leucopus|PRELP|XP_028732433.1
PRELP	XP_028732435.1	Peromyscus leucopus	114698098		378	excluded	extra_isoform_same_locus	XP_028732435.1 Prelp [organism=Peromyscus leucopus] [GeneID=114698098]	Peromyscus_leucopus|PRELP|XP_028732435.1
PRELP	XP_037067295.1	Peromyscus leucopus	114698098		378	excluded	extra_isoform_same_locus	XP_037067295.1 Prelp [organism=Peromyscus leucopus] [GeneID=114698098]	Peromyscus_leucopus|PRELP|XP_037067295.1
PRELP	XP_056130070.1	Lampris incognitus	130107474		379	kept	representative	XP_056130070.1 prelp [organism=Lampris incognitus] [GeneID=130107474]	Lampris_incognitus|PRELP|XP_056130070.1
PRELP	XP_056130071.1	Lampris incognitus	130107474		379	excluded	extra_isoform_same_locus	XP_056130071.1 prelp [organism=Lampris incognitus] [GeneID=130107474]	Lampris_incognitus|PRELP|XP_056130071.1
PRELP	XP_012730367.1	Fundulus heteroclitus	105934773		377	kept	representative	XP_012730367.1 LOC105934773 [organism=Fundulus heteroclitus] [GeneID=105934773]	Fundulus_heteroclitus|PRELP|XP_012730367.1
PRELP	XP_011845871.1	Mandrillus leucophaeus	105547075		382	kept	representative	XP_011845871.1 PRELP [organism=Mandrillus leucophaeus] [GeneID=105547075]	Mandrillus_leucophaeus|PRELP|XP_011845871.1
PRELP	XP_011845872.1	Mandrillus leucophaeus	105547075		382	excluded	extra_isoform_same_locus	XP_011845872.1 PRELP [organism=Mandrillus leucophaeus] [GeneID=105547075]	Mandrillus_leucophaeus|PRELP|XP_011845872.1
PRELP	XP_019402165.1	Crocodylus porosus	109317760		368	kept	representative	XP_019402165.1 PRELP [organism=Crocodylus porosus] [GeneID=109317760]	Crocodylus_porosus|PRELP|XP_019402165.1
PRELP	XP_047608791.1	Phacochoerus africanus	125111060		381	kept	representative	XP_047608791.1 PRELP [organism=Phacochoerus africanus] [GeneID=125111060]	Phacochoerus_africanus|PRELP|XP_047608791.1
PRELP	XP_005375324.1	Chinchilla lanigera	102012727		384	kept	representative	XP_005375324.1 Prelp [organism=Chinchilla lanigera] [GeneID=102012727]	Chinchilla_lanigera|PRELP|XP_005375324.1
PRELP	XP_013378070.1	Chinchilla lanigera	102012727		384	excluded	extra_isoform_same_locus	XP_013378070.1 Prelp [organism=Chinchilla lanigera] [GeneID=102012727]	Chinchilla_lanigera|PRELP|XP_013378070.1
PRELP	XP_033481653.1	Epinephelus lanceolatus	117256379		379	kept	representative	XP_033481653.1 prelp [organism=Epinephelus lanceolatus] [GeneID=117256379]	Epinephelus_lanceolatus|PRELP|XP_033481653.1
PRELP	XP_084784233.1	Perissodus microlepis	146386898	X1	379	kept	representative	XP_084784233.1 prelp [organism=Perissodus microlepis] [GeneID=146386898] [isoform=X1]	Perissodus_microlepis|PRELP|XP_084784233.1
PRELP	XP_084784234.1	Perissodus microlepis	146386898	X1	379	excluded	extra_isoform_same_locus	XP_084784234.1 prelp [organism=Perissodus microlepis] [GeneID=146386898] [isoform=X1]	Perissodus_microlepis|PRELP|XP_084784234.1
PRELP	XP_084784235.1	Perissodus microlepis	146386898	X2	401	excluded	extra_isoform_same_locus	XP_084784235.1 prelp [organism=Perissodus microlepis] [GeneID=146386898] [isoform=X2]	Perissodus_microlepis|PRELP|XP_084784235.1
PRELP	XP_079838508.1	Podarcis cretensis	307219282		368	kept	representative	XP_079838508.1 PRELP [organism=Podarcis cretensis] [GeneID=307219282]	Podarcis_cretensis|PRELP|XP_079838508.1
PRELP	XP_081770855.1	Podarcis melisellensis	309371775		368	kept	representative	XP_081770855.1 PRELP [organism=Podarcis melisellensis] [GeneID=309371775]	Podarcis_melisellensis|PRELP|XP_081770855.1
PRELP	XP_059687155.1	Gavia stellata	104264093		371	kept	representative	XP_059687155.1 PRELP [organism=Gavia stellata] [GeneID=104264093]	Gavia_stellata|PRELP|XP_059687155.1
PRELP	XP_034389019.1	Cyclopterus lumpus	117731015		379	kept	representative	XP_034389019.1 prelp [organism=Cyclopterus lumpus] [GeneID=117731015]	Cyclopterus_lumpus|PRELP|XP_034389019.1
PRELP	XP_046731673.1	Silurus meridionalis	124402586		372	kept	representative	XP_046731673.1 LOC124402586 [organism=Silurus meridionalis] [GeneID=124402586]	Silurus_meridionalis|PRELP|XP_046731673.1
PRELP	XP_010294710.1	Phaethon lepturus	104627986		361	kept	representative	XP_010294710.1 PRELP [organism=Phaethon lepturus] [GeneID=104627986]	Phaethon_lepturus|PRELP|XP_010294710.1
PRELP	XP_020652585.1	Pogona vitticeps	110080761		369	kept	representative	XP_020652585.1 PRELP [organism=Pogona vitticeps] [GeneID=110080761]	Pogona_vitticeps|PRELP|XP_020652585.1
PRELP	XP_037266726.1	Falco rusticolus	119158641		371	kept	representative	XP_037266726.1 PRELP [organism=Falco rusticolus] [GeneID=119158641]	Falco_rusticolus|PRELP|XP_037266726.1
PRELP	XP_066559351.1	Amia ocellicauda	136749209		376	kept	representative	XP_066559351.1 prelp [organism=Amia ocellicauda] [GeneID=136749209]	Amia_ocellicauda|PRELP|XP_066559351.1
PRELP	XP_032898827.1	Amblyraja radiata	116987043	X1	418	excluded	extra_isoform_same_locus	XP_032898827.1 prelp [organism=Amblyraja radiata] [GeneID=116987043] [isoform=X1]	Amblyraja_radiata|PRELP|XP_032898827.1
PRELP	XP_032898828.1	Amblyraja radiata	116987043	X2	389	kept	representative	XP_032898828.1 prelp [organism=Amblyraja radiata] [GeneID=116987043] [isoform=X2]	Amblyraja_radiata|PRELP|XP_032898828.1
PRELP	XP_035517865.1	Morone saxatilis	118328307		379	kept	representative	XP_035517865.1 prelp [organism=Morone saxatilis] [GeneID=118328307]	Morone_saxatilis|PRELP|XP_035517865.1
PRELP	XP_032059163.1	Aythya fuligula	116498839		374	kept	representative	XP_032059163.1 PRELP [organism=Aythya fuligula] [GeneID=116498839]	Aythya_fuligula|PRELP|XP_032059163.1
PRELP	XP_048353336.1	Sphaerodactylus townsendi	125433060		368	kept	representative	XP_048353336.1 PRELP [organism=Sphaerodactylus townsendi] [GeneID=125433060]	Sphaerodactylus_townsendi|PRELP|XP_048353336.1
PRELP	XP_068026898.1	Melanerpes formicivorus	137460454		371	kept	representative	XP_068026898.1 PRELP [organism=Melanerpes formicivorus] [GeneID=137460454]	Melanerpes_formicivorus|PRELP|XP_068026898.1
PRELP	XP_071766759.1	Centroberyx gerrardi	139920612		379	kept	representative	XP_071766759.1 prelp [organism=Centroberyx gerrardi] [GeneID=139920612]	Centroberyx_gerrardi|PRELP|XP_071766759.1
PRELP	XP_060629012.2	Anolis sagrei	132773656		370	kept	representative	XP_060629012.2 PRELP [organism=Anolis sagrei] [GeneID=132773656]	Anolis_sagrei|PRELP|XP_060629012.2
PRELP	XP_060629014.2	Anolis sagrei	132773656		370	excluded	extra_isoform_same_locus	XP_060629014.2 PRELP [organism=Anolis sagrei] [GeneID=132773656]	Anolis_sagrei|PRELP|XP_060629014.2
PRELP	XP_069400568.1	Ovis canadensis	138415945		381	kept	representative	XP_069400568.1 PRELP [organism=Ovis canadensis] [GeneID=138415945]	Ovis_canadensis|PRELP|XP_069400568.1
PRELP	XP_070758806.1	Enoplosus armatus	139282818		379	kept	representative	XP_070758806.1 prelp [organism=Enoplosus armatus] [GeneID=139282818]	Enoplosus_armatus|PRELP|XP_070758806.1
PRELP	XP_079617496.1	Cnephaeus nilssonii	307093350	1	378	kept	representative	XP_079617496.1 PRELP [organism=Cnephaeus nilssonii] [GeneID=307093350] [isoform=1]	Cnephaeus_nilssonii|PRELP|XP_079617496.1
PRELP	XP_079617497.1	Cnephaeus nilssonii	307093350	1	378	excluded	extra_isoform_same_locus	XP_079617497.1 PRELP [organism=Cnephaeus nilssonii] [GeneID=307093350] [isoform=1]	Cnephaeus_nilssonii|PRELP|XP_079617497.1
PRELP	XP_008051156.1	Carlito syrichta	103254989		382	kept	representative	XP_008051156.1 PRELP [organism=Carlito syrichta] [GeneID=103254989]	Carlito_syrichta|PRELP|XP_008051156.1
PRELP	XP_008051157.1	Carlito syrichta	103254989		382	excluded	extra_isoform_same_locus	XP_008051157.1 PRELP [organism=Carlito syrichta] [GeneID=103254989]	Carlito_syrichta|PRELP|XP_008051157.1
PRELP	XP_023123007.1	Amphiprion ocellaris	111566569		389	kept	representative	XP_023123007.1 prelp [organism=Amphiprion ocellaris] [GeneID=111566569]	Amphiprion_ocellaris|PRELP|XP_023123007.1
PRELP	XP_030158762.1	Lynx canadensis	115505341		379	kept	representative	XP_030158762.1 PRELP [organism=Lynx canadensis] [GeneID=115505341]	Lynx_canadensis|PRELP|XP_030158762.1
PRELP	XP_030158763.1	Lynx canadensis	115505341		379	excluded	extra_isoform_same_locus	XP_030158763.1 PRELP [organism=Lynx canadensis] [GeneID=115505341]	Lynx_canadensis|PRELP|XP_030158763.1
PRELP	XP_007561298.1	Poecilia formosa	103144316		379	kept	representative	XP_007561298.1 prelp [organism=Poecilia formosa] [GeneID=103144316]	Poecilia_formosa|PRELP|XP_007561298.1
PRELP	XP_016531522.1	Poecilia formosa	103144316		379	excluded	extra_isoform_same_locus	XP_016531522.1 prelp [organism=Poecilia formosa] [GeneID=103144316]	Poecilia_formosa|PRELP|XP_016531522.1
PRELP	XP_083474189.1	Podarcis filfolensis	310764354		368	kept	representative	XP_083474189.1 PRELP [organism=Podarcis filfolensis] [GeneID=310764354]	Podarcis_filfolensis|PRELP|XP_083474189.1
PRELP	XP_041051105.1	Carcharodon carcharias	121281941		396	kept	representative	XP_041051105.1 LOC121281941 [organism=Carcharodon carcharias] [GeneID=121281941]	Carcharodon_carcharias|PRELP|XP_041051105.1
PRELP	XP_014166774.1	Geospiza fortis	102041666		329	kept	representative	XP_014166774.1 PRELP [organism=Geospiza fortis] [GeneID=102041666]	Geospiza_fortis|PRELP|XP_014166774.1
PRELP	XP_078104335.1	Sander vitreus	144516695		379	kept	representative	XP_078104335.1 prelp [organism=Sander vitreus] [GeneID=144516695]	Sander_vitreus|PRELP|XP_078104335.1
PRELP	XP_039421297.1	Corvus cornix cornix	104692521		371	kept	representative	XP_039421297.1 PRELP [organism=Corvus cornix cornix] [GeneID=104692521]	Corvus_cornix_cornix|PRELP|XP_039421297.1
PRELP	NP_001096208.1	Xenopus tropicalis	100124759		374	kept	representative	NP_001096208.1 prelp [organism=Xenopus tropicalis] [GeneID=100124759]	Xenopus_tropicalis|PRELP|NP_001096208.1
PRELP	XP_020489998.1	Labrus bergylta	109984259		379	kept	representative	XP_020489998.1 prelp [organism=Labrus bergylta] [GeneID=109984259]	Labrus_bergylta|PRELP|XP_020489998.1
PRELP	XP_065810625.1	Labrus bergylta	109984259		379	excluded	extra_isoform_same_locus	XP_065810625.1 prelp [organism=Labrus bergylta] [GeneID=109984259]	Labrus_bergylta|PRELP|XP_065810625.1
PRELP	XP_082514675.1	Grampus griseus	309825109	1	381	kept	representative	XP_082514675.1 PRELP [organism=Grampus griseus] [GeneID=309825109] [isoform=1]	Grampus_griseus|PRELP|XP_082514675.1
PRELP	XP_082514676.1	Grampus griseus	309825109	2	333	excluded	extra_isoform_same_locus	XP_082514676.1 PRELP [organism=Grampus griseus] [GeneID=309825109] [isoform=2]	Grampus_griseus|PRELP|XP_082514676.1
PRELP	XP_007166190.1	Balaenoptera acutorostrata	103005197		405	kept	representative	XP_007166190.1 PRELP [organism=Balaenoptera acutorostrata] [GeneID=103005197]	Balaenoptera_acutorostrata|PRELP|XP_007166190.1
PRELP	XP_014868906.1	Poecilia mexicana	106933889		379	kept	representative	XP_014868906.1 prelp [organism=Poecilia mexicana] [GeneID=106933889]	Poecilia_mexicana|PRELP|XP_014868906.1
PRELP	XP_014868915.1	Poecilia mexicana	106933889		379	excluded	extra_isoform_same_locus	XP_014868915.1 prelp [organism=Poecilia mexicana] [GeneID=106933889]	Poecilia_mexicana|PRELP|XP_014868915.1
PRELP	XP_034442456.1	Hippoglossus hippoglossus	117762105		379	kept	representative	XP_034442456.1 prelp [organism=Hippoglossus hippoglossus] [GeneID=117762105]	Hippoglossus_hippoglossus|PRELP|XP_034442456.1
PRELP	XP_034442457.1	Hippoglossus hippoglossus	117762105		379	excluded	extra_isoform_same_locus	XP_034442457.1 prelp [organism=Hippoglossus hippoglossus] [GeneID=117762105]	Hippoglossus_hippoglossus|PRELP|XP_034442457.1
PRELP	XP_045312364.1	Leopardus geoffroyi	123586851		379	kept	representative	XP_045312364.1 PRELP [organism=Leopardus geoffroyi] [GeneID=123586851]	Leopardus_geoffroyi|PRELP|XP_045312364.1
PRELP	XP_045312365.1	Leopardus geoffroyi	123586851		379	excluded	extra_isoform_same_locus	XP_045312365.1 PRELP [organism=Leopardus geoffroyi] [GeneID=123586851]	Leopardus_geoffroyi|PRELP|XP_045312365.1
PRELP	XP_043878840.1	Solea senegalensis	122767569		379	kept	representative	XP_043878840.1 LOC122767569 [organism=Solea senegalensis] [GeneID=122767569]	Solea_senegalensis|PRELP|XP_043878840.1
PRELP	XP_052592952.1	Peromyscus californicus insignis	128109703		378	kept	representative	XP_052592952.1 Prelp [organism=Peromyscus californicus insignis] [GeneID=128109703]	Peromyscus_californicus_insignis|PRELP|XP_052592952.1
PRELP	XP_058229719.1	Hemibagrus wyckioides	131342634		377	kept	representative	XP_058229719.1 prelp [organism=Hemibagrus wyckioides] [GeneID=131342634]	Hemibagrus_wyckioides|PRELP|XP_058229719.1
PRELP	XP_063330420.1	Pelmatolapia mariae	134627891		379	kept	representative	XP_063330420.1 prelp [organism=Pelmatolapia mariae] [GeneID=134627891]	Pelmatolapia_mariae|PRELP|XP_063330420.1
PRELP	XP_068842083.1	Capricornis sumatraensis	138090416		381	kept	representative	XP_068842083.1 PRELP [organism=Capricornis sumatraensis] [GeneID=138090416]	Capricornis_sumatraensis|PRELP|XP_068842083.1
PRELP	XP_070814436.1	Chaetodon trifascialis	139328556		379	kept	representative	XP_070814436.1 prelp [organism=Chaetodon trifascialis] [GeneID=139328556]	Chaetodon_trifascialis|PRELP|XP_070814436.1
PRELP	XP_084158239.1	Netta rufina	311219115		374	kept	representative	XP_084158239.1 PRELP [organism=Netta rufina] [GeneID=311219115]	Netta_rufina|PRELP|XP_084158239.1
PRELP	XP_007449053.1	Lipotes vexillifer	103086313		379	kept	representative	XP_007449053.1 PRELP [organism=Lipotes vexillifer] [GeneID=103086313]	Lipotes_vexillifer|PRELP|XP_007449053.1
PRELP	XP_073416856.1	Dendrobates tinctorius	141073508		374	kept	representative	XP_073416856.1 PRELP [organism=Dendrobates tinctorius] [GeneID=141073508]	Dendrobates_tinctorius|PRELP|XP_073416856.1
PRELP	XP_034623200.1	Trachemys scripta elegans	117875821		371	kept	representative	XP_034623200.1 PRELP [organism=Trachemys scripta elegans] [GeneID=117875821]	Trachemys_scripta_elegans|PRELP|XP_034623200.1
PRELP	XP_009439275.1	Pan troglodytes	469649		382	kept	representative	XP_009439275.1 PRELP [organism=Pan troglodytes] [GeneID=469649]	Pan_troglodytes|PRELP|XP_009439275.1
PRELP	XP_525032.2	Pan troglodytes	469649		382	excluded	extra_isoform_same_locus	XP_525032.2 PRELP [organism=Pan troglodytes] [GeneID=469649]	Pan_troglodytes|PRELP|XP_525032.2
PRELP	XP_030417338.1	Gopherus evgoodei	115650899		367	kept	representative	XP_030417338.1 PRELP [organism=Gopherus evgoodei] [GeneID=115650899]	Gopherus_evgoodei|PRELP|XP_030417338.1
PRELP	XP_045643562.1	Ursus americanus	123785714		379	kept	representative	XP_045643562.1 PRELP [organism=Ursus americanus] [GeneID=123785714]	Ursus_americanus|PRELP|XP_045643562.1
PRELP	XP_045643564.1	Ursus americanus	123785714		379	excluded	extra_isoform_same_locus	XP_045643564.1 PRELP [organism=Ursus americanus] [GeneID=123785714]	Ursus_americanus|PRELP|XP_045643564.1
PRELP	XP_042258393.1	Thunnus maccoyii	121890299	X1	389	excluded	extra_isoform_same_locus	XP_042258393.1 LOC121890299 [organism=Thunnus maccoyii] [GeneID=121890299] [isoform=X1]	Thunnus_maccoyii|PRELP|XP_042258393.1
PRELP	XP_042258394.1	Thunnus maccoyii	121890299	X2	379	kept	representative	XP_042258394.1 LOC121890299 [organism=Thunnus maccoyii] [GeneID=121890299] [isoform=X2]	Thunnus_maccoyii|PRELP|XP_042258394.1
PRELP	XP_069627552.1	Haliaeetus albicilla	104320903		371	kept	representative	XP_069627552.1 PRELP [organism=Haliaeetus albicilla] [GeneID=104320903]	Haliaeetus_albicilla|PRELP|XP_069627552.1
PRELP	XP_052509631.1	Budorcas taxicolor	128061368		381	kept	representative	XP_052509631.1 PRELP [organism=Budorcas taxicolor] [GeneID=128061368]	Budorcas_taxicolor|PRELP|XP_052509631.1
PRELP	XP_060701387.1	Hemiscyllium ocellatum	132828365		399	kept	representative	XP_060701387.1 prelp [organism=Hemiscyllium ocellatum] [GeneID=132828365]	Hemiscyllium_ocellatum|PRELP|XP_060701387.1
PRELP	XP_075709710.1	Rhinoderma darwinii	142743148		374	kept	representative	XP_075709710.1 PRELP [organism=Rhinoderma darwinii] [GeneID=142743148]	Rhinoderma_darwinii|PRELP|XP_075709710.1
PRELP	XP_076123960.1	Alosa pseudoharengus	143103957		381	kept	representative	XP_076123960.1 prelp [organism=Alosa pseudoharengus] [GeneID=143103957]	Alosa_pseudoharengus|PRELP|XP_076123960.1
PRELP	XP_035243869.1	Anguilla anguilla	118211115		370	kept	representative	XP_035243869.1 prelp [organism=Anguilla anguilla] [GeneID=118211115]	Anguilla_anguilla|PRELP|XP_035243869.1
PRELP	XP_041639190.1	Cheilinus undulatus	121507100		379	kept	representative	XP_041639190.1 LOC121507100 [organism=Cheilinus undulatus] [GeneID=121507100]	Cheilinus_undulatus|PRELP|XP_041639190.1
PRELP	XP_016071209.1	Miniopterus natalensis	107539285		379	kept	representative	XP_016071209.1 PRELP [organism=Miniopterus natalensis] [GeneID=107539285]	Miniopterus_natalensis|PRELP|XP_016071209.1
PRELP	XP_034554184.1	Notolabrus celidotus	117823196	X1	401	excluded	extra_isoform_same_locus	XP_034554184.1 prelp [organism=Notolabrus celidotus] [GeneID=117823196] [isoform=X1]	Notolabrus_celidotus|PRELP|XP_034554184.1
PRELP	XP_034554191.1	Notolabrus celidotus	117823196	X2	379	kept	representative	XP_034554191.1 prelp [organism=Notolabrus celidotus] [GeneID=117823196] [isoform=X2]	Notolabrus_celidotus|PRELP|XP_034554191.1
PRELP	XP_052554113.1	Tympanuchus pallidicinctus	128088047		374	kept	representative	XP_052554113.1 PRELP [organism=Tympanuchus pallidicinctus] [GeneID=128088047]	Tympanuchus_pallidicinctus|PRELP|XP_052554113.1
PRELP	XP_062922491.1	Mobula hypostoma	134355896		395	kept	representative	XP_062922491.1 prelp [organism=Mobula hypostoma] [GeneID=134355896]	Mobula_hypostoma|PRELP|XP_062922491.1
PRELP	XP_067243430.1	Chanodichthys erythropterus	137021112		380	kept	representative	XP_067243430.1 prelp [organism=Chanodichthys erythropterus] [GeneID=137021112]	Chanodichthys_erythropterus|PRELP|XP_067243430.1
PRELP	XP_067243431.1	Chanodichthys erythropterus	137021112		380	excluded	extra_isoform_same_locus	XP_067243431.1 prelp [organism=Chanodichthys erythropterus] [GeneID=137021112]	Chanodichthys_erythropterus|PRELP|XP_067243431.1
PRELP	XP_017568491.1	Pygocentrus nattereri	108436478		376	kept	representative	XP_017568491.1 LOC108436478 [organism=Pygocentrus nattereri] [GeneID=108436478]	Pygocentrus_nattereri|PRELP|XP_017568491.1
PRELP	XP_040890886.1	Toxotes jaculatrix	121179867	X1	391	excluded	extra_isoform_same_locus	XP_040890886.1 LOC121179867 [organism=Toxotes jaculatrix] [GeneID=121179867] [isoform=X1]	Toxotes_jaculatrix|PRELP|XP_040890886.1
PRELP	XP_040890887.1	Toxotes jaculatrix	121179867	X2	379	kept	representative	XP_040890887.1 LOC121179867 [organism=Toxotes jaculatrix] [GeneID=121179867] [isoform=X2]	Toxotes_jaculatrix|PRELP|XP_040890887.1
PRELP	XP_005878630.1	Myotis brandtii	102258856		372	kept	representative	XP_005878630.1 PRELP [organism=Myotis brandtii] [GeneID=102258856]	Myotis_brandtii|PRELP|XP_005878630.1
PRELP	XP_005878631.1	Myotis brandtii	102258856		372	excluded	extra_isoform_same_locus	XP_005878631.1 PRELP [organism=Myotis brandtii] [GeneID=102258856]	Myotis_brandtii|PRELP|XP_005878631.1
PRELP	XP_040014461.1	Xiphias gladius	120806958		379	kept	representative	XP_040014461.1 LOC120806958 [organism=Xiphias gladius] [GeneID=120806958]	Xiphias_gladius|PRELP|XP_040014461.1
PRELP	XP_040014462.1	Xiphias gladius	120806958		379	excluded	extra_isoform_same_locus	XP_040014462.1 LOC120806958 [organism=Xiphias gladius] [GeneID=120806958]	Xiphias_gladius|PRELP|XP_040014462.1
PRELP	XP_032936339.1	Catharus ustulatus	117007361		371	kept	representative	XP_032936339.1 PRELP [organism=Catharus ustulatus] [GeneID=117007361]	Catharus_ustulatus|PRELP|XP_032936339.1
PRELP	XP_036298353.1	Pipistrellus kuhlii	118721462		378	kept	representative	XP_036298353.1 PRELP [organism=Pipistrellus kuhlii] [GeneID=118721462]	Pipistrellus_kuhlii|PRELP|XP_036298353.1
PRELP	XP_045438948.1	Pipistrellus kuhlii	118721462		378	excluded	extra_isoform_same_locus	XP_045438948.1 PRELP [organism=Pipistrellus kuhlii] [GeneID=118721462]	Pipistrellus_kuhlii|PRELP|XP_045438948.1
PRELP	XP_079779172.1	Stenella coeruleoalba	307187238		381	kept	representative	XP_079779172.1 PRELP [organism=Stenella coeruleoalba] [GeneID=307187238]	Stenella_coeruleoalba|PRELP|XP_079779172.1
PRELP	XP_037534859.1	Nematolebias whitei	119411959		379	kept	representative	XP_037534859.1 LOC119411959 [organism=Nematolebias whitei] [GeneID=119411959]	Nematolebias_whitei|PRELP|XP_037534859.1
PRELP	XP_075766566.1	Pelodiscus sinensis	102449878		377	kept	representative	XP_075766566.1 PRELP [organism=Pelodiscus sinensis] [GeneID=102449878]	Pelodiscus_sinensis|PRELP|XP_075766566.1
PRELP	XP_075766567.1	Pelodiscus sinensis	102449878		377	excluded	extra_isoform_same_locus	XP_075766567.1 PRELP [organism=Pelodiscus sinensis] [GeneID=102449878]	Pelodiscus_sinensis|PRELP|XP_075766567.1
PRELP	XP_047561045.1	Lutra lutra	125086046		379	kept	representative	XP_047561045.1 PRELP [organism=Lutra lutra] [GeneID=125086046]	Lutra_lutra|PRELP|XP_047561045.1
PRELP	XP_047561046.1	Lutra lutra	125086046		379	excluded	extra_isoform_same_locus	XP_047561046.1 PRELP [organism=Lutra lutra] [GeneID=125086046]	Lutra_lutra|PRELP|XP_047561046.1
PRELP	XP_047561047.1	Lutra lutra	125086046		379	excluded	extra_isoform_same_locus	XP_047561047.1 PRELP [organism=Lutra lutra] [GeneID=125086046]	Lutra_lutra|PRELP|XP_047561047.1
PRELP	XP_047561048.1	Lutra lutra	125086046		379	excluded	extra_isoform_same_locus	XP_047561048.1 PRELP [organism=Lutra lutra] [GeneID=125086046]	Lutra_lutra|PRELP|XP_047561048.1
PRELP	XP_045932396.1	Micropterus dolomieu	123987488		379	kept	representative	XP_045932396.1 LOC123987488 [organism=Micropterus dolomieu] [GeneID=123987488]	Micropterus_dolomieu|PRELP|XP_045932396.1
PRELP	XP_046882102.1	Hypomesus transpacificus	124471587		381	kept	representative	XP_046882102.1 LOC124471587 [organism=Hypomesus transpacificus] [GeneID=124471587]	Hypomesus_transpacificus|PRELP|XP_046882102.1
PRELP	XP_086056817.1	Aulostomus chinensis	147267865		379	kept	representative	XP_086056817.1 prelp [organism=Aulostomus chinensis] [GeneID=147267865]	Aulostomus_chinensis|PRELP|XP_086056817.1
PRELP	XP_009574058.1	Fulmarus glacialis	104075315		371	kept	representative	XP_009574058.1 PRELP [organism=Fulmarus glacialis] [GeneID=104075315]	Fulmarus_glacialis|PRELP|XP_009574058.1
PRELP	XP_069535129.1	Semicossyphus pulcher	138606562		378	kept	representative	XP_069535129.1 prelp [organism=Semicossyphus pulcher] [GeneID=138606562]	Semicossyphus_pulcher|PRELP|XP_069535129.1
PRELP	XP_074208152.1	Camelus bactrianus	105062321		381	kept	representative	XP_074208152.1 PRELP [organism=Camelus bactrianus] [GeneID=105062321]	Camelus_bactrianus|PRELP|XP_074208152.1
PRELP	XP_065097506.1	Paramisgurnus dabryanus	135718983		381	kept	representative	XP_065097506.1 prelp [organism=Paramisgurnus dabryanus] [GeneID=135718983]	Paramisgurnus_dabryanus|PRELP|XP_065097506.1
PRELP	XP_065097507.1	Paramisgurnus dabryanus	135718983		381	excluded	extra_isoform_same_locus	XP_065097507.1 prelp [organism=Paramisgurnus dabryanus] [GeneID=135718983]	Paramisgurnus_dabryanus|PRELP|XP_065097507.1
PRELP	XP_004375321.1	Trichechus manatus latirostris	101357209		383	kept	representative	XP_004375321.1 PRELP [organism=Trichechus manatus latirostris] [GeneID=101357209]	Trichechus_manatus_latirostris|PRELP|XP_004375321.1
PRELP	XP_004685584.1	Condylura cristata	101633938		380	kept	representative	XP_004685584.1 PRELP [organism=Condylura cristata] [GeneID=101633938]	Condylura_cristata|PRELP|XP_004685584.1
PRELP	XP_025711098.1	Callorhinus ursinus	112811296		377	kept	representative	XP_025711098.1 PRELP [organism=Callorhinus ursinus] [GeneID=112811296]	Callorhinus_ursinus|PRELP|XP_025711098.1
PRELP	XP_073740603.1	Callorhinus ursinus	112811296		377	excluded	extra_isoform_same_locus	XP_073740603.1 PRELP [organism=Callorhinus ursinus] [GeneID=112811296]	Callorhinus_ursinus|PRELP|XP_073740603.1
PRELP	XP_057218066.1	Triplophysa rosa	130571237		378	kept	representative	XP_057218066.1 prelp [organism=Triplophysa rosa] [GeneID=130571237]	Triplophysa_rosa|PRELP|XP_057218066.1
PRELP	XP_021489475.1	Meriones unguiculatus	110546754		378	kept	representative	XP_021489475.1 Prelp [organism=Meriones unguiculatus] [GeneID=110546754]	Meriones_unguiculatus|PRELP|XP_021489475.1
PRELP	XP_060220310.1	Meriones unguiculatus	110546754		378	excluded	extra_isoform_same_locus	XP_060220310.1 Prelp [organism=Meriones unguiculatus] [GeneID=110546754]	Meriones_unguiculatus|PRELP|XP_060220310.1
PRELP	XP_069315847.1	Eulemur rufifrons	138375847		380	kept	representative	XP_069315847.1 PRELP [organism=Eulemur rufifrons] [GeneID=138375847]	Eulemur_rufifrons|PRELP|XP_069315847.1
PRELP	XP_069315848.1	Eulemur rufifrons	138375847		380	excluded	extra_isoform_same_locus	XP_069315848.1 PRELP [organism=Eulemur rufifrons] [GeneID=138375847]	Eulemur_rufifrons|PRELP|XP_069315848.1
PRELP	XP_069315849.1	Eulemur rufifrons	138375847		380	excluded	extra_isoform_same_locus	XP_069315849.1 PRELP [organism=Eulemur rufifrons] [GeneID=138375847]	Eulemur_rufifrons|PRELP|XP_069315849.1
PRELP	XP_069315850.1	Eulemur rufifrons	138375847		380	excluded	extra_isoform_same_locus	XP_069315850.1 PRELP [organism=Eulemur rufifrons] [GeneID=138375847]	Eulemur_rufifrons|PRELP|XP_069315850.1
PRELP	XP_071350442.1	Trachinotus anak	139630688	X1	382	excluded	extra_isoform_same_locus	XP_071350442.1 prelp [organism=Trachinotus anak] [GeneID=139630688] [isoform=X1]	Trachinotus_anak|PRELP|XP_071350442.1
PRELP	XP_071350443.1	Trachinotus anak	139630688	X2	379	kept	representative	XP_071350443.1 prelp [organism=Trachinotus anak] [GeneID=139630688] [isoform=X2]	Trachinotus_anak|PRELP|XP_071350443.1
PRELP	XP_071350444.1	Trachinotus anak	139630688	X2	379	excluded	extra_isoform_same_locus	XP_071350444.1 prelp [organism=Trachinotus anak] [GeneID=139630688] [isoform=X2]	Trachinotus_anak|PRELP|XP_071350444.1
PRELP	XP_074019522.1	Numenius arquata	141475189		371	kept	representative	XP_074019522.1 PRELP [organism=Numenius arquata] [GeneID=141475189]	Numenius_arquata|PRELP|XP_074019522.1
PRELP	XP_072804526.1	Vicugna pacos	102537706		381	kept	representative	XP_072804526.1 PRELP [organism=Vicugna pacos] [GeneID=102537706]	Vicugna_pacos|PRELP|XP_072804526.1
PRELP	XP_051059993.1	Phodopus roborovskii	127236417		377	kept	representative	XP_051059993.1 Prelp [organism=Phodopus roborovskii] [GeneID=127236417]	Phodopus_roborovskii|PRELP|XP_051059993.1
PRELP	XP_028386866.1	Phyllostomus discolor	114512166		379	kept	representative	XP_028386866.1 PRELP [organism=Phyllostomus discolor] [GeneID=114512166]	Phyllostomus_discolor|PRELP|XP_028386866.1
PRELP	XP_070700601.1	Pempheris klunzingeri	139213836		372	kept	representative	XP_070700601.1 prelp [organism=Pempheris klunzingeri] [GeneID=139213836]	Pempheris_klunzingeri|PRELP|XP_070700601.1
PRELP	XP_060765981.1	Neoarius graeffei	132874099		377	kept	representative	XP_060765981.1 prelp [organism=Neoarius graeffei] [GeneID=132874099]	Neoarius_graeffei|PRELP|XP_060765981.1
PRELP	XP_080214408.1	Nesoenas mayeri	308048952		371	kept	representative	XP_080214408.1 PRELP [organism=Nesoenas mayeri] [GeneID=308048952]	Nesoenas_mayeri|PRELP|XP_080214408.1
PRELP	XP_005308328.1	Chrysemys picta bellii	101938347		371	kept	representative	XP_005308328.1 PRELP [organism=Chrysemys picta bellii] [GeneID=101938347]	Chrysemys_picta_bellii|PRELP|XP_005308328.1
PRELP	XP_042704987.1	Chrysemys picta bellii	101938347		371	excluded	extra_isoform_same_locus	XP_042704987.1 PRELP [organism=Chrysemys picta bellii] [GeneID=101938347]	Chrysemys_picta_bellii|PRELP|XP_042704987.1
PRELP	XP_005510382.2	Columba livia	102090859		371	kept	representative	XP_005510382.2 PRELP [organism=Columba livia] [GeneID=102090859]	Columba_livia|PRELP|XP_005510382.2
PRELP	XP_049626614.1	Suncus etruscus	126004196		379	kept	representative	XP_049626614.1 PRELP [organism=Suncus etruscus] [GeneID=126004196]	Suncus_etruscus|PRELP|XP_049626614.1
PRELP	XP_059984966.1	Lagenorhynchus albirostris	132508647		381	kept	representative	XP_059984966.1 PRELP [organism=Lagenorhynchus albirostris] [GeneID=132508647]	Lagenorhynchus_albirostris|PRELP|XP_059984966.1
PRELP	XP_075318185.1	Odontesthes bonariensis	142377762		376	kept	representative	XP_075318185.1 prelp [organism=Odontesthes bonariensis] [GeneID=142377762]	Odontesthes_bonariensis|PRELP|XP_075318185.1
PRELP	XP_079713148.1	Squalius cephalus	307150159		380	kept	representative	XP_079713148.1 prelp [organism=Squalius cephalus] [GeneID=307150159]	Squalius_cephalus|PRELP|XP_079713148.1
PRELP	XP_010722718.1	Meleagris gallopavo	104914547		374	kept	representative	XP_010722718.1 PRELP [organism=Meleagris gallopavo] [GeneID=104914547]	Meleagris_gallopavo|PRELP|XP_010722718.1
PRELP	XP_039737804.1	Pteropus medius	120617987		381	kept	representative	XP_039737804.1 PRELP [organism=Pteropus medius] [GeneID=120617987]	Pteropus_medius|PRELP|XP_039737804.1
PRELP	XP_039737805.1	Pteropus medius	120617987		381	excluded	extra_isoform_same_locus	XP_039737805.1 PRELP [organism=Pteropus medius] [GeneID=120617987]	Pteropus_medius|PRELP|XP_039737805.1
PRELP	XP_039737806.1	Pteropus medius	120617987		381	excluded	extra_isoform_same_locus	XP_039737806.1 PRELP [organism=Pteropus medius] [GeneID=120617987]	Pteropus_medius|PRELP|XP_039737806.1
PRELP	XP_039737808.1	Pteropus medius	120617987		381	excluded	extra_isoform_same_locus	XP_039737808.1 PRELP [organism=Pteropus medius] [GeneID=120617987]	Pteropus_medius|PRELP|XP_039737808.1
PRELP	XP_054147629.1	Melozone crissalis	128947392		369	kept	representative	XP_054147629.1 PRELP [organism=Melozone crissalis] [GeneID=128947392]	Melozone_crissalis|PRELP|XP_054147629.1
PRELP	XP_057585999.1	Hippopotamus amphibius kiboko	130850452		381	kept	representative	XP_057585999.1 PRELP [organism=Hippopotamus amphibius kiboko] [GeneID=130850452]	Hippopotamus_amphibius_kiboko|PRELP|XP_057585999.1
PRELP	XP_072212209.1	Excalfactoria chinensis	140262024		374	kept	representative	XP_072212209.1 PRELP [organism=Excalfactoria chinensis] [GeneID=140262024]	Excalfactoria_chinensis|PRELP|XP_072212209.1
PRELP	XP_051494958.1	Apus apus	127393680		371	kept	representative	XP_051494958.1 PRELP [organism=Apus apus] [GeneID=127393680]	Apus_apus|PRELP|XP_051494958.1
PRELP	XP_057256777.1	Pezoporus wallicus	130594710		371	kept	representative	XP_057256777.1 PRELP [organism=Pezoporus wallicus] [GeneID=130594710]	Pezoporus_wallicus|PRELP|XP_057256777.1
PRELP	XP_057256779.1	Pezoporus wallicus	130594710		371	excluded	extra_isoform_same_locus	XP_057256779.1 PRELP [organism=Pezoporus wallicus] [GeneID=130594710]	Pezoporus_wallicus|PRELP|XP_057256779.1
PRELP	XP_062461545.1	Pezoporus occidentalis	134157025		371	kept	representative	XP_062461545.1 PRELP [organism=Pezoporus occidentalis] [GeneID=134157025]	Pezoporus_occidentalis|PRELP|XP_062461545.1
PRELP	XP_047202260.1	Girardinichthys multiradiatus	124856102	X1	402	excluded	extra_isoform_same_locus	XP_047202260.1 LOC124856102 [organism=Girardinichthys multiradiatus] [GeneID=124856102] [isoform=X1]	Girardinichthys_multiradiatus|PRELP|XP_047202260.1
PRELP	XP_047202261.1	Girardinichthys multiradiatus	124856102	X2	379	kept	representative	XP_047202261.1 LOC124856102 [organism=Girardinichthys multiradiatus] [GeneID=124856102] [isoform=X2]	Girardinichthys_multiradiatus|PRELP|XP_047202261.1
PRELP	XP_085129800.1	Mchenga conophoros	146574214	X1	401	excluded	extra_isoform_same_locus	XP_085129800.1 prelp [organism=Mchenga conophoros] [GeneID=146574214] [isoform=X1]	Mchenga_conophoros|PRELP|XP_085129800.1
PRELP	XP_085129801.1	Mchenga conophoros	146574214	X2	379	kept	representative	XP_085129801.1 prelp [organism=Mchenga conophoros] [GeneID=146574214] [isoform=X2]	Mchenga_conophoros|PRELP|XP_085129801.1
PRELP	XP_019369813.1	Gavialis gangeticus	109295406		368	kept	representative	XP_019369813.1 PRELP [organism=Gavialis gangeticus] [GeneID=109295406]	Gavialis_gangeticus|PRELP|XP_019369813.1
PRELP	XP_025967775.2	Dromaius novaehollandiae	112990330		368	kept	representative	XP_025967775.2 PRELP [organism=Dromaius novaehollandiae] [GeneID=112990330]	Dromaius_novaehollandiae|PRELP|XP_025967775.2
PRELP	XP_082350783.1	Vanellus vanellus	309680899		371	kept	representative	XP_082350783.1 PRELP [organism=Vanellus vanellus] [GeneID=309680899]	Vanellus_vanellus|PRELP|XP_082350783.1
PRELP	XP_010311080.1	Balearica regulorum gibbericeps	104643458	X2	371	excluded	extra_isoform_same_locus	XP_010311080.1 PRELP [organism=Balearica regulorum gibbericeps] [GeneID=104643458] [isoform=X2]	Balearica_regulorum_gibbericeps|PRELP|XP_010311080.1
PRELP	XP_075632359.1	Balearica regulorum gibbericeps	104643458	X1	382	kept	representative	XP_075632359.1 PRELP [organism=Balearica regulorum gibbericeps] [GeneID=104643458] [isoform=X1]	Balearica_regulorum_gibbericeps|PRELP|XP_075632359.1
PRELP	XP_036923016.1	Sturnira hondurensis	119001668		381	kept	representative	XP_036923016.1 PRELP [organism=Sturnira hondurensis] [GeneID=119001668]	Sturnira_hondurensis|PRELP|XP_036923016.1
PRELP	XP_037009069.2	Artibeus jamaicensis	119055071		379	kept	representative	XP_037009069.2 PRELP [organism=Artibeus jamaicensis] [GeneID=119055071]	Artibeus_jamaicensis|PRELP|XP_037009069.2
PRELP	XP_050812519.1	Gopherus flavomarginatus	127052690		367	kept	representative	XP_050812519.1 PRELP [organism=Gopherus flavomarginatus] [GeneID=127052690]	Gopherus_flavomarginatus|PRELP|XP_050812519.1
PRELP	XP_062365712.1	Cinclus cinclus	134054187		371	kept	representative	XP_062365712.1 PRELP [organism=Cinclus cinclus] [GeneID=134054187]	Cinclus_cinclus|PRELP|XP_062365712.1
PRELP	XP_068930717.1	Petaurus breviceps papuanus	138151121		387	kept	representative	XP_068930717.1 PRELP [organism=Petaurus breviceps papuanus] [GeneID=138151121]	Petaurus_breviceps_papuanus|PRELP|XP_068930717.1
PRELP	XP_068930718.1	Petaurus breviceps papuanus	138151121		387	excluded	extra_isoform_same_locus	XP_068930718.1 PRELP [organism=Petaurus breviceps papuanus] [GeneID=138151121]	Petaurus_breviceps_papuanus|PRELP|XP_068930718.1
PRELP	XP_006159237.1	Tupaia belangeri chinensis	102478677		381	kept	representative	XP_006159237.1 PRELP [organism=Tupaia belangeri chinensis] [GeneID=102478677]	Tupaia_belangeri_chinensis|PRELP|XP_006159237.1
PRELP	XP_008828579.1	Nannospalax galili	103731863		378	kept	representative	XP_008828579.1 Prelp [organism=Nannospalax galili] [GeneID=103731863]	Nannospalax_galili|PRELP|XP_008828579.1
PRELP	XP_029418046.1	Nannospalax galili	103731863		378	excluded	extra_isoform_same_locus	XP_029418046.1 Prelp [organism=Nannospalax galili] [GeneID=103731863]	Nannospalax_galili|PRELP|XP_029418046.1
PRELP	XP_008107880.1	Anolis carolinensis	100558937		369	kept	representative	XP_008107880.1 prelp [organism=Anolis carolinensis] [GeneID=100558937]	Anolis_carolinensis|PRELP|XP_008107880.1
PRELP	XP_074178107.1	Rhinolophus sinicus	109438849		379	kept	representative	XP_074178107.1 PRELP [organism=Rhinolophus sinicus] [GeneID=109438849]	Rhinolophus_sinicus|PRELP|XP_074178107.1
PRELP	XP_074178108.1	Rhinolophus sinicus	109438849		379	excluded	extra_isoform_same_locus	XP_074178108.1 PRELP [organism=Rhinolophus sinicus] [GeneID=109438849]	Rhinolophus_sinicus|PRELP|XP_074178108.1
PRELP	XP_049688903.1	Astur gentilis	126052386		371	kept	representative	XP_049688903.1 PRELP [organism=Astur gentilis] [GeneID=126052386]	Astur_gentilis|PRELP|XP_049688903.1
PRELP	XP_086201905.1	Bos grunniens	147357154		381	kept	representative	XP_086201905.1 PRELP [organism=Bos grunniens] [GeneID=147357154]	Bos_grunniens|PRELP|XP_086201905.1
PRELP	XP_070601506.1	Erythrolamprus reginae	139163973		369	kept	representative	XP_070601506.1 PRELP [organism=Erythrolamprus reginae] [GeneID=139163973]	Erythrolamprus_reginae|PRELP|XP_070601506.1
PRELP	XP_078402413.1	Cetorhinus maximus	144683352		396	kept	representative	XP_078402413.1 prelp [organism=Cetorhinus maximus] [GeneID=144683352]	Cetorhinus_maximus|PRELP|XP_078402413.1
PRELP	XP_059385389.1	Carassius carassius	132119443		380	kept	representative	XP_059385389.1 prelp [organism=Carassius carassius] [GeneID=132119443]	Carassius_carassius|PRELP|XP_059385389.1
PRELP	XP_059185605.1	Centropristis striata	131968646		379	kept	representative	XP_059185605.1 prelp [organism=Centropristis striata] [GeneID=131968646]	Centropristis_striata|PRELP|XP_059185605.1
PRELP	XP_045392245.1	Lemur catta	123626983		380	kept	representative	XP_045392245.1 PRELP [organism=Lemur catta] [GeneID=123626983]	Lemur_catta|PRELP|XP_045392245.1
PRELP	XP_045392246.1	Lemur catta	123626983		380	excluded	extra_isoform_same_locus	XP_045392246.1 PRELP [organism=Lemur catta] [GeneID=123626983]	Lemur_catta|PRELP|XP_045392246.1
PRELP	XP_045697460.1	Phyllostomus hastatus	123820641		379	kept	representative	XP_045697460.1 PRELP [organism=Phyllostomus hastatus] [GeneID=123820641]	Phyllostomus_hastatus|PRELP|XP_045697460.1
PRELP	XP_069731962.1	Phaenicophaeus curvirostris	138730573		371	kept	representative	XP_069731962.1 PRELP [organism=Phaenicophaeus curvirostris] [GeneID=138730573]	Phaenicophaeus_curvirostris|PRELP|XP_069731962.1
PRELP	XP_080747799.1	Rhamphochromis sp. 'chilingali'	308402675	1	401	excluded	extra_isoform_same_locus	XP_080747799.1 prelp [organism=Rhamphochromis sp. 'chilingali'] [GeneID=308402675] [isoform=1]	Rhamphochromis_sp._chilingali|PRELP|XP_080747799.1
PRELP	XP_080747800.1	Rhamphochromis sp. 'chilingali'	308402675	2	379	kept	representative	XP_080747800.1 prelp [organism=Rhamphochromis sp. 'chilingali'] [GeneID=308402675] [isoform=2]	Rhamphochromis_sp._chilingali|PRELP|XP_080747800.1
PRELP	XP_049439518.1	Epinephelus fuscoguttatus	125893080		379	kept	representative	XP_049439518.1 LOC125893080 [organism=Epinephelus fuscoguttatus] [GeneID=125893080]	Epinephelus_fuscoguttatus|PRELP|XP_049439518.1
PRELP	XP_002717628.2	Oryctolagus cuniculus	100354305		380	kept	representative	XP_002717628.2 PRELP [organism=Oryctolagus cuniculus] [GeneID=100354305]	Oryctolagus_cuniculus|PRELP|XP_002717628.2
PRELP	XP_079857563.1	Zeus faber	307230939		381	kept	representative	XP_079857563.1 prelp [organism=Zeus faber] [GeneID=307230939]	Zeus_faber|PRELP|XP_079857563.1
PRELP	XP_033052859.1	Trachypithecus francoisi	117074992		382	kept	representative	XP_033052859.1 PRELP [organism=Trachypithecus francoisi] [GeneID=117074992]	Trachypithecus_francoisi|PRELP|XP_033052859.1
PRELP	XP_010175818.1	Antrostomus carolinensis	104532330		371	kept	representative	XP_010175818.1 PRELP [organism=Antrostomus carolinensis] [GeneID=104532330]	Antrostomus_carolinensis|PRELP|XP_010175818.1
PRELP	XP_033939195.1	Pseudochaenichthys georgianus	117446843		379	kept	representative	XP_033939195.1 prelp [organism=Pseudochaenichthys georgianus] [GeneID=117446843]	Pseudochaenichthys_georgianus|PRELP|XP_033939195.1
PRELP	XP_003474866.1	Cavia porcellus	100726579		384	kept	representative	XP_003474866.1 Prelp [organism=Cavia porcellus] [GeneID=100726579]	Cavia_porcellus|PRELP|XP_003474866.1
PRELP	XP_040841176.1	Ochotona curzoniae	121159835		380	kept	representative	XP_040841176.1 PRELP [organism=Ochotona curzoniae] [GeneID=121159835]	Ochotona_curzoniae|PRELP|XP_040841176.1
PRELP	XP_063308679.1	Pelobates fuscus	134609136		374	kept	representative	XP_063308679.1 PRELP [organism=Pelobates fuscus] [GeneID=134609136]	Pelobates_fuscus|PRELP|XP_063308679.1
PRELP	XP_063308690.1	Pelobates fuscus	134609136		374	excluded	extra_isoform_same_locus	XP_063308690.1 PRELP [organism=Pelobates fuscus] [GeneID=134609136]	Pelobates_fuscus|PRELP|XP_063308690.1
PRELP	XP_004545125.1	Maylandia zebra	101470880	X2	379	kept	representative	XP_004545125.1 prelp [organism=Maylandia zebra] [GeneID=101470880] [isoform=X2]	Maylandia_zebra|PRELP|XP_004545125.1
PRELP	XP_076740045.1	Maylandia zebra	101470880	X1	401	excluded	extra_isoform_same_locus	XP_076740045.1 prelp [organism=Maylandia zebra] [GeneID=101470880] [isoform=X1]	Maylandia_zebra|PRELP|XP_076740045.1
PRELP	XP_084250798.1	Rutilus rutilus	311281620		380	kept	representative	XP_084250798.1 prelp [organism=Rutilus rutilus] [GeneID=311281620]	Rutilus_rutilus|PRELP|XP_084250798.1
PRELP	XP_061327842.1	Pezoporus flaviventris	133278755		371	kept	representative	XP_061327842.1 PRELP [organism=Pezoporus flaviventris] [GeneID=133278755]	Pezoporus_flaviventris|PRELP|XP_061327842.1
PRELP	XP_061327843.1	Pezoporus flaviventris	133278755		371	excluded	extra_isoform_same_locus	XP_061327843.1 PRELP [organism=Pezoporus flaviventris] [GeneID=133278755]	Pezoporus_flaviventris|PRELP|XP_061327843.1
PRELP	XP_010852426.1	Bison bison bison	104998783		381	kept	representative	XP_010852426.1 PRELP [organism=Bison bison bison] [GeneID=104998783]	Bison_bison_bison|PRELP|XP_010852426.1
PRELP	XP_030632241.1	Chanos chanos	115813768		372	kept	representative	XP_030632241.1 prelp [organism=Chanos chanos] [GeneID=115813768]	Chanos_chanos|PRELP|XP_030632241.1
PRELP	XP_012872969.1	Dipodomys ordii	105986541		378	kept	representative	XP_012872969.1 Prelp [organism=Dipodomys ordii] [GeneID=105986541]	Dipodomys_ordii|PRELP|XP_012872969.1
PRELP	XP_069012836.1	Embiotoca jacksoni	138202580		379	kept	representative	XP_069012836.1 prelp [organism=Embiotoca jacksoni] [GeneID=138202580]	Embiotoca_jacksoni|PRELP|XP_069012836.1
PRELP	XP_074487624.1	Sebastes fasciatus	141765504		381	kept	representative	XP_074487624.1 prelp [organism=Sebastes fasciatus] [GeneID=141765504]	Sebastes_fasciatus|PRELP|XP_074487624.1
PRELP	XP_074487634.1	Sebastes fasciatus	141765504		381	excluded	extra_isoform_same_locus	XP_074487634.1 prelp [organism=Sebastes fasciatus] [GeneID=141765504]	Sebastes_fasciatus|PRELP|XP_074487634.1
PRELP	XP_074749557.1	Strix uralensis	141954182		371	kept	representative	XP_074749557.1 PRELP [organism=Strix uralensis] [GeneID=141954182]	Strix_uralensis|PRELP|XP_074749557.1
PRELP	XP_074749558.1	Strix uralensis	141954182		371	excluded	extra_isoform_same_locus	XP_074749558.1 PRELP [organism=Strix uralensis] [GeneID=141954182]	Strix_uralensis|PRELP|XP_074749558.1
PRELP	XP_080702322.1	Sprattus sprattus	308371335		385	kept	representative	XP_080702322.1 prelp [organism=Sprattus sprattus] [GeneID=308371335]	Sprattus_sprattus|PRELP|XP_080702322.1
PRELP	XP_039605110.1	Polypterus senegalus	120526160		369	kept	representative	XP_039605110.1 LOC120526160 [organism=Polypterus senegalus] [GeneID=120526160]	Polypterus_senegalus|PRELP|XP_039605110.1
PRELP	XP_039605111.1	Polypterus senegalus	120526160		369	excluded	extra_isoform_same_locus	XP_039605111.1 LOC120526160 [organism=Polypterus senegalus] [GeneID=120526160]	Polypterus_senegalus|PRELP|XP_039605111.1
PRELP	XP_060500145.1	Panthera onca	132686409		379	kept	representative	XP_060500145.1 PRELP [organism=Panthera onca] [GeneID=132686409]	Panthera_onca|PRELP|XP_060500145.1
PRELP	XP_060500146.1	Panthera onca	132686409		379	excluded	extra_isoform_same_locus	XP_060500146.1 PRELP [organism=Panthera onca] [GeneID=132686409]	Panthera_onca|PRELP|XP_060500146.1
PRELP	XP_061237864.1	Bos javanicus	133227448		381	kept	representative	XP_061237864.1 PRELP [organism=Bos javanicus] [GeneID=133227448]	Bos_javanicus|PRELP|XP_061237864.1
PRELP	XP_036387301.1	Megalops cyprinoides	118779347		377	kept	representative	XP_036387301.1 LOC118779347 [organism=Megalops cyprinoides] [GeneID=118779347]	Megalops_cyprinoides|PRELP|XP_036387301.1
PRELP	XP_003792301.1	Otolemur garnettii	100955656		380	kept	representative	XP_003792301.1 PRELP [organism=Otolemur garnettii] [GeneID=100955656]	Otolemur_garnettii|PRELP|XP_003792301.1
PRELP	XP_004320545.1	Tursiops truncatus	101328286		381	kept	representative	XP_004320545.1 PRELP [organism=Tursiops truncatus] [GeneID=101328286]	Tursiops_truncatus|PRELP|XP_004320545.1
PRELP	XP_083028978.1	Crinia signifera	146060052		374	kept	representative	XP_083028978.1 PRELP [organism=Crinia signifera] [GeneID=146060052]	Crinia_signifera|PRELP|XP_083028978.1
PRELP	XP_035488492.1	Scophthalmus maximus	118309934		379	kept	representative	XP_035488492.1 LOC118309934 [organism=Scophthalmus maximus] [GeneID=118309934]	Scophthalmus_maximus|PRELP|XP_035488492.1
PRELP	XP_008537556.1	Equus przewalskii	103563866		379	kept	representative	XP_008537556.1 PRELP [organism=Equus przewalskii] [GeneID=103563866]	Equus_przewalskii|PRELP|XP_008537556.1
PRELP	XP_008537557.1	Equus przewalskii	103563866		379	excluded	extra_isoform_same_locus	XP_008537557.1 PRELP [organism=Equus przewalskii] [GeneID=103563866]	Equus_przewalskii|PRELP|XP_008537557.1
PRELP	XP_047697090.1	Prionailurus viverrinus	125155660		379	kept	representative	XP_047697090.1 PRELP [organism=Prionailurus viverrinus] [GeneID=125155660]	Prionailurus_viverrinus|PRELP|XP_047697090.1
PRELP	XP_047697091.1	Prionailurus viverrinus	125155660		379	excluded	extra_isoform_same_locus	XP_047697091.1 PRELP [organism=Prionailurus viverrinus] [GeneID=125155660]	Prionailurus_viverrinus|PRELP|XP_047697091.1
PRELP	XP_066421346.1	Molothrus aeneus	136566205		369	kept	representative	XP_066421346.1 PRELP [organism=Molothrus aeneus] [GeneID=136566205]	Molothrus_aeneus|PRELP|XP_066421346.1
PRELP	XP_076214174.1	Aptenodytes patagonicus	143170098		371	kept	representative	XP_076214174.1 PRELP [organism=Aptenodytes patagonicus] [GeneID=143170098]	Aptenodytes_patagonicus|PRELP|XP_076214174.1
PRELP	XP_076214175.1	Aptenodytes patagonicus	143170098		371	excluded	extra_isoform_same_locus	XP_076214175.1 PRELP [organism=Aptenodytes patagonicus] [GeneID=143170098]	Aptenodytes_patagonicus|PRELP|XP_076214175.1
PRELP	XP_038205089.1	Arvicola amphibius	119827446		381	kept	representative	XP_038205089.1 Prelp [organism=Arvicola amphibius] [GeneID=119827446]	Arvicola_amphibius|PRELP|XP_038205089.1
PRELP	XP_038205090.1	Arvicola amphibius	119827446		381	excluded	extra_isoform_same_locus	XP_038205090.1 Prelp [organism=Arvicola amphibius] [GeneID=119827446]	Arvicola_amphibius|PRELP|XP_038205090.1
PRELP	XP_038205091.1	Arvicola amphibius	119827446		381	excluded	extra_isoform_same_locus	XP_038205091.1 Prelp [organism=Arvicola amphibius] [GeneID=119827446]	Arvicola_amphibius|PRELP|XP_038205091.1
PRELP	XP_038205092.1	Arvicola amphibius	119827446		381	excluded	extra_isoform_same_locus	XP_038205092.1 Prelp [organism=Arvicola amphibius] [GeneID=119827446]	Arvicola_amphibius|PRELP|XP_038205092.1
PRELP	XP_062451021.1	Rhea pennata	134150883	X1	441	excluded	extra_isoform_same_locus	XP_062451021.1 PRELP [organism=Rhea pennata] [GeneID=134150883] [isoform=X1]	Rhea_pennata|PRELP|XP_062451021.1
PRELP	XP_062451022.1	Rhea pennata	134150883	X2	368	kept	representative	XP_062451022.1 PRELP [organism=Rhea pennata] [GeneID=134150883] [isoform=X2]	Rhea_pennata|PRELP|XP_062451022.1
PRELP	XP_072419807.1	Chiloscyllium punctatum	140467387		399	kept	representative	XP_072419807.1 prelp [organism=Chiloscyllium punctatum] [GeneID=140467387]	Chiloscyllium_punctatum|PRELP|XP_072419807.1
PRELP	XP_084353855.1	Aythya ferina	311423571		374	kept	representative	XP_084353855.1 PRELP [organism=Aythya ferina] [GeneID=311423571]	Aythya_ferina|PRELP|XP_084353855.1
PRELP	XP_029856599.1	Aquila chrysaetos chrysaetos	115335282	X1	511	excluded	relative_length	XP_029856599.1 PRELP [organism=Aquila chrysaetos chrysaetos] [GeneID=115335282] [isoform=X1]	Aquila_chrysaetos_chrysaetos|PRELP|XP_029856599.1
PRELP	XP_029856601.1	Aquila chrysaetos chrysaetos	115335282	X2	371	kept	representative	XP_029856601.1 PRELP [organism=Aquila chrysaetos chrysaetos] [GeneID=115335282] [isoform=X2]	Aquila_chrysaetos_chrysaetos|PRELP|XP_029856601.1
PRELP	XP_084651132.1	Acomys minous	311604834	1	378	kept	representative	XP_084651132.1 PRELP [organism=Acomys minous] [GeneID=311604834] [isoform=1]	Acomys_minous|PRELP|XP_084651132.1
PRELP	XP_084651133.1	Acomys minous	311604834	1	378	excluded	extra_isoform_same_locus	XP_084651133.1 PRELP [organism=Acomys minous] [GeneID=311604834] [isoform=1]	Acomys_minous|PRELP|XP_084651133.1
PRELP	XP_084651134.1	Acomys minous	311604834	1	378	excluded	extra_isoform_same_locus	XP_084651134.1 PRELP [organism=Acomys minous] [GeneID=311604834] [isoform=1]	Acomys_minous|PRELP|XP_084651134.1
PRELP	XP_032734212.1	Lontra canadensis	116879825		379	kept	representative	XP_032734212.1 PRELP [organism=Lontra canadensis] [GeneID=116879825]	Lontra_canadensis|PRELP|XP_032734212.1
PRELP	XP_032734213.1	Lontra canadensis	116879825		379	excluded	extra_isoform_same_locus	XP_032734213.1 PRELP [organism=Lontra canadensis] [GeneID=116879825]	Lontra_canadensis|PRELP|XP_032734213.1
PRELP	XP_050767483.1	Gymnogyps californianus	127026339	X1	397	excluded	extra_isoform_same_locus	XP_050767483.1 PRELP [organism=Gymnogyps californianus] [GeneID=127026339] [isoform=X1]	Gymnogyps_californianus|PRELP|XP_050767483.1
PRELP	XP_050767484.1	Gymnogyps californianus	127026339	X2	371	kept	representative	XP_050767484.1 PRELP [organism=Gymnogyps californianus] [GeneID=127026339] [isoform=X2]	Gymnogyps_californianus|PRELP|XP_050767484.1
PRELP	XP_081866437.1	Phaethon aethereus	309413217		371	kept	representative	XP_081866437.1 PRELP [organism=Phaethon aethereus] [GeneID=309413217]	Phaethon_aethereus|PRELP|XP_081866437.1
PRELP	XP_079064879.1	Caprimulgus europaeus	306729451		371	kept	representative	XP_079064879.1 PRELP [organism=Caprimulgus europaeus] [GeneID=306729451]	Caprimulgus_europaeus|PRELP|XP_079064879.1
PRELP	XP_033822391.1	Periophthalmus magnuspinnatus	117370946		392	kept	representative	XP_033822391.1 prelp [organism=Periophthalmus magnuspinnatus] [GeneID=117370946]	Periophthalmus_magnuspinnatus|PRELP|XP_033822391.1
PRELP	XP_039558518.1	Passer montanus	120499110		371	kept	representative	XP_039558518.1 PRELP [organism=Passer montanus] [GeneID=120499110]	Passer_montanus|PRELP|XP_039558518.1
PRELP	XP_054037559.1	Rissa tridactyla	128900445		371	kept	representative	XP_054037559.1 PRELP [organism=Rissa tridactyla] [GeneID=128900445]	Rissa_tridactyla|PRELP|XP_054037559.1
PRELP	XP_027758827.1	Empidonax traillii	114067511		371	kept	representative	XP_027758827.1 PRELP [organism=Empidonax traillii] [GeneID=114067511]	Empidonax_traillii|PRELP|XP_027758827.1
PRELP	XP_039083568.1	Hyaena hyaena	120228955		379	kept	representative	XP_039083568.1 PRELP [organism=Hyaena hyaena] [GeneID=120228955]	Hyaena_hyaena|PRELP|XP_039083568.1
PRELP	XP_039083569.1	Hyaena hyaena	120228955		379	excluded	extra_isoform_same_locus	XP_039083569.1 PRELP [organism=Hyaena hyaena] [GeneID=120228955]	Hyaena_hyaena|PRELP|XP_039083569.1
PRELP	XP_050182923.1	Myiozetetes cayanensis	126645994		371	kept	representative	XP_050182923.1 PRELP [organism=Myiozetetes cayanensis] [GeneID=126645994]	Myiozetetes_cayanensis|PRELP|XP_050182923.1
PRELP	XP_054305528.1	Pongo pygmaeus	129013101		382	kept	representative	XP_054305528.1 PRELP [organism=Pongo pygmaeus] [GeneID=129013101]	Pongo_pygmaeus|PRELP|XP_054305528.1
PRELP	XP_054305532.1	Pongo pygmaeus	129013101		382	excluded	extra_isoform_same_locus	XP_054305532.1 PRELP [organism=Pongo pygmaeus] [GeneID=129013101]	Pongo_pygmaeus|PRELP|XP_054305532.1
PRELP	XP_079183210.1	Erithacus rubecula	306812465		371	kept	representative	XP_079183210.1 PRELP [organism=Erithacus rubecula] [GeneID=306812465]	Erithacus_rubecula|PRELP|XP_079183210.1
PRELP	XP_053105283.1	Hemicordylus capensis	128324576		370	kept	representative	XP_053105283.1 PRELP [organism=Hemicordylus capensis] [GeneID=128324576]	Hemicordylus_capensis|PRELP|XP_053105283.1
PRELP	XP_083390375.1	Silurus aristotelis	310721972	1	372	kept	representative	XP_083390375.1 prelp [organism=Silurus aristotelis] [GeneID=310721972] [isoform=1]	Silurus_aristotelis|PRELP|XP_083390375.1
PRELP	XP_083390376.1	Silurus aristotelis	310721972	1	372	excluded	extra_isoform_same_locus	XP_083390376.1 prelp [organism=Silurus aristotelis] [GeneID=310721972] [isoform=1]	Silurus_aristotelis|PRELP|XP_083390376.1
PRELP	XP_005059305.1	Ficedula albicollis	101819011		371	kept	representative	XP_005059305.1 PRELP [organism=Ficedula albicollis] [GeneID=101819011]	Ficedula_albicollis|PRELP|XP_005059305.1
PRELP	XP_016094325.1	Sinocyclocheilus grahami	107555878	X1	389	excluded	extra_isoform_same_locus	XP_016094325.1 prelp [organism=Sinocyclocheilus grahami] [GeneID=107555878] [isoform=X1]	Sinocyclocheilus_grahami|PRELP|XP_016094325.1
PRELP	XP_016094395.1	Sinocyclocheilus grahami	107555878	X2	380	kept	representative	XP_016094395.1 prelp [organism=Sinocyclocheilus grahami] [GeneID=107555878] [isoform=X2]	Sinocyclocheilus_grahami|PRELP|XP_016094395.1
PRELP	XP_043341197.1	Cervus canadensis	122452000		380	kept	representative	XP_043341197.1 PRELP [organism=Cervus canadensis] [GeneID=122452000]	Cervus_canadensis|PRELP|XP_043341197.1
PRELP	XP_048213370.1	Perognathus longimembris pacificus	125359607		377	kept	representative	XP_048213370.1 Prelp [organism=Perognathus longimembris pacificus] [GeneID=125359607]	Perognathus_longimembris_pacificus|PRELP|XP_048213370.1
PRELP	XP_071306159.1	Agelaius tricolor	139601228	X1	389	excluded	extra_isoform_same_locus	XP_071306159.1 PRELP [organism=Agelaius tricolor] [GeneID=139601228] [isoform=X1]	Agelaius_tricolor|PRELP|XP_071306159.1
PRELP	XP_071306160.1	Agelaius tricolor	139601228	X2	369	kept	representative	XP_071306160.1 PRELP [organism=Agelaius tricolor] [GeneID=139601228] [isoform=X2]	Agelaius_tricolor|PRELP|XP_071306160.1
PRELP	XP_071306162.1	Agelaius tricolor	139601228	X2	369	excluded	extra_isoform_same_locus	XP_071306162.1 PRELP [organism=Agelaius tricolor] [GeneID=139601228] [isoform=X2]	Agelaius_tricolor|PRELP|XP_071306162.1
PRELP	XP_076611708.1	Chaetodon auriga	143335903		379	kept	representative	XP_076611708.1 prelp [organism=Chaetodon auriga] [GeneID=143335903]	Chaetodon_auriga|PRELP|XP_076611708.1
PRELP	XP_076611716.1	Chaetodon auriga	143335903		379	excluded	extra_isoform_same_locus	XP_076611716.1 prelp [organism=Chaetodon auriga] [GeneID=143335903]	Chaetodon_auriga|PRELP|XP_076611716.1
PRELP	XP_010786176.1	Notothenia coriiceps	104959964		382	kept	representative	XP_010786176.1 prelp [organism=Notothenia coriiceps] [GeneID=104959964]	Notothenia_coriiceps|PRELP|XP_010786176.1
PRELP	XP_010786177.1	Notothenia coriiceps	104959964		382	excluded	extra_isoform_same_locus	XP_010786177.1 prelp [organism=Notothenia coriiceps] [GeneID=104959964]	Notothenia_coriiceps|PRELP|XP_010786177.1
PRELP	XP_006628522.2	Lepisosteus oculatus	102688294		367	kept	representative	XP_006628522.2 prelp [organism=Lepisosteus oculatus] [GeneID=102688294]	Lepisosteus_oculatus|PRELP|XP_006628522.2
PRELP	XP_015198331.2	Lepisosteus oculatus	102688294		367	excluded	extra_isoform_same_locus	XP_015198331.2 prelp [organism=Lepisosteus oculatus] [GeneID=102688294]	Lepisosteus_oculatus|PRELP|XP_015198331.2
PRELP	XP_057911145.2	Doryrhamphus excisus	131106260	X2	373	excluded	extra_isoform_same_locus	XP_057911145.2 prelp [organism=Doryrhamphus excisus] [GeneID=131106260] [isoform=X2]	Doryrhamphus_excisus|PRELP|XP_057911145.2
PRELP	XP_078654548.1	Doryrhamphus excisus	131106260	X1	380	kept	representative	XP_078654548.1 prelp [organism=Doryrhamphus excisus] [GeneID=131106260] [isoform=X1]	Doryrhamphus_excisus|PRELP|XP_078654548.1
PRELP	XP_066889634.1	Kogia breviceps	131741439		381	kept	representative	XP_066889634.1 PRELP [organism=Kogia breviceps] [GeneID=131741439]	Kogia_breviceps|PRELP|XP_066889634.1
PRELP	XP_066889640.1	Kogia breviceps	131741439		381	excluded	extra_isoform_same_locus	XP_066889640.1 PRELP [organism=Kogia breviceps] [GeneID=131741439]	Kogia_breviceps|PRELP|XP_066889640.1
PRELP	XP_066889647.1	Kogia breviceps	131741439		381	excluded	extra_isoform_same_locus	XP_066889647.1 PRELP [organism=Kogia breviceps] [GeneID=131741439]	Kogia_breviceps|PRELP|XP_066889647.1
PRELP	XP_015815075.1	Nothobranchius furzeri	107385602	X1	381	excluded	extra_isoform_same_locus	XP_015815075.1 prelp [organism=Nothobranchius furzeri] [GeneID=107385602] [isoform=X1]	Nothobranchius_furzeri|PRELP|XP_015815075.1
PRELP	XP_015815076.1	Nothobranchius furzeri	107385602	X2	379	kept	representative	XP_015815076.1 prelp [organism=Nothobranchius furzeri] [GeneID=107385602] [isoform=X2]	Nothobranchius_furzeri|PRELP|XP_015815076.1
PRELP	XP_070405401.1	Nothobranchius furzeri	107385602	X2	379	excluded	extra_isoform_same_locus	XP_070405401.1 prelp [organism=Nothobranchius furzeri] [GeneID=107385602] [isoform=X2]	Nothobranchius_furzeri|PRELP|XP_070405401.1
PRELP	XP_004028240.1	Gorilla gorilla gorilla	101145627		382	kept	representative	XP_004028240.1 PRELP [organism=Gorilla gorilla gorilla] [GeneID=101145627]	Gorilla_gorilla_gorilla|PRELP|XP_004028240.1
PRELP	XP_018884557.1	Gorilla gorilla gorilla	101145627		382	excluded	extra_isoform_same_locus	XP_018884557.1 PRELP [organism=Gorilla gorilla gorilla] [GeneID=101145627]	Gorilla_gorilla_gorilla|PRELP|XP_018884557.1
PRELP	XP_055510966.1	Leucoraja erinaceus	129708922		389	kept	representative	XP_055510966.1 prelp [organism=Leucoraja erinaceus] [GeneID=129708922]	Leucoraja_erinaceus|PRELP|XP_055510966.1
PRELP	XP_076845320.1	Brachyhypopomus gauderio	143490756		381	kept	representative	XP_076845320.1 prelp [organism=Brachyhypopomus gauderio] [GeneID=143490756]	Brachyhypopomus_gauderio|PRELP|XP_076845320.1
PRELP	XP_076845321.1	Brachyhypopomus gauderio	143490756		381	excluded	extra_isoform_same_locus	XP_076845321.1 prelp [organism=Brachyhypopomus gauderio] [GeneID=143490756]	Brachyhypopomus_gauderio|PRELP|XP_076845321.1
PRELP	XP_076845322.1	Brachyhypopomus gauderio	143490756		381	excluded	extra_isoform_same_locus	XP_076845322.1 prelp [organism=Brachyhypopomus gauderio] [GeneID=143490756]	Brachyhypopomus_gauderio|PRELP|XP_076845322.1
PRELP	XP_079074003.1	Taurulus bubalis	306736260		379	kept	representative	XP_079074003.1 prelp [organism=Taurulus bubalis] [GeneID=306736260]	Taurulus_bubalis|PRELP|XP_079074003.1
PRELP	XP_081049685.1	Podarcis bocagei	308586683		368	kept	representative	XP_081049685.1 PRELP [organism=Podarcis bocagei] [GeneID=308586683]	Podarcis_bocagei|PRELP|XP_081049685.1
PRELP	XP_041946561.1	Alosa sapidissima	121707804		381	kept	representative	XP_041946561.1 LOC121707804 [organism=Alosa sapidissima] [GeneID=121707804]	Alosa_sapidissima|PRELP|XP_041946561.1
PRELP	XP_053819785.1	Vidua chalybeata	128799417		371	kept	representative	XP_053819785.1 PRELP [organism=Vidua chalybeata] [GeneID=128799417]	Vidua_chalybeata|PRELP|XP_053819785.1
PRELP	XP_003973705.1	Takifugu rubripes	101066673		379	kept	representative	XP_003973705.1 prelp [organism=Takifugu rubripes] [GeneID=101066673]	Takifugu_rubripes|PRELP|XP_003973705.1
PRELP	XP_011612598.1	Takifugu rubripes	101066673		379	excluded	extra_isoform_same_locus	XP_011612598.1 prelp [organism=Takifugu rubripes] [GeneID=101066673]	Takifugu_rubripes|PRELP|XP_011612598.1
PRELP	XP_083601389.1	Podarcis gaigeae	310847449		368	kept	representative	XP_083601389.1 PRELP [organism=Podarcis gaigeae] [GeneID=310847449]	Podarcis_gaigeae|PRELP|XP_083601389.1
PRELP	XP_009870601.1	Apaloderma vittatum	104276118		371	kept	representative	XP_009870601.1 PRELP [organism=Apaloderma vittatum] [GeneID=104276118]	Apaloderma_vittatum|PRELP|XP_009870601.1
PRELP	XP_006887950.1	Elephantulus edwardii	102858479		375	kept	representative	XP_006887950.1 PRELP [organism=Elephantulus edwardii] [GeneID=102858479]	Elephantulus_edwardii|PRELP|XP_006887950.1
PRELP	XP_015227905.1	Cyprinodon variegatus	107083300		379	kept	representative	XP_015227905.1 prelp [organism=Cyprinodon variegatus] [GeneID=107083300]	Cyprinodon_variegatus|PRELP|XP_015227905.1
PRELP	XP_026532652.1	Notechis scutatus	113418137	X1	371	excluded	extra_isoform_same_locus	XP_026532652.1 PRELP [organism=Notechis scutatus] [GeneID=113418137] [isoform=X1]	Notechis_scutatus|PRELP|XP_026532652.1
PRELP	XP_026532653.1	Notechis scutatus	113418137	X1	371	excluded	extra_isoform_same_locus	XP_026532653.1 PRELP [organism=Notechis scutatus] [GeneID=113418137] [isoform=X1]	Notechis_scutatus|PRELP|XP_026532653.1
PRELP	XP_026532654.1	Notechis scutatus	113418137	X1	371	excluded	extra_isoform_same_locus	XP_026532654.1 PRELP [organism=Notechis scutatus] [GeneID=113418137] [isoform=X1]	Notechis_scutatus|PRELP|XP_026532654.1
PRELP	XP_026532655.1	Notechis scutatus	113418137	X2	383	kept	representative	XP_026532655.1 PRELP [organism=Notechis scutatus] [GeneID=113418137] [isoform=X2]	Notechis_scutatus|PRELP|XP_026532655.1
PRELP	XP_021029065.1	Mus caroli	110302605		378	kept	representative	XP_021029065.1 Prelp [organism=Mus caroli] [GeneID=110302605]	Mus_caroli|PRELP|XP_021029065.1
PRELP	XP_021029070.1	Mus caroli	110302605		378	excluded	extra_isoform_same_locus	XP_021029070.1 Prelp [organism=Mus caroli] [GeneID=110302605]	Mus_caroli|PRELP|XP_021029070.1
PRELP	XP_055016593.1	Boleophthalmus pectinirostris	110171310		385	kept	representative	XP_055016593.1 prelp [organism=Boleophthalmus pectinirostris] [GeneID=110171310]	Boleophthalmus_pectinirostris|PRELP|XP_055016593.1
PRELP	XP_074164969.1	Sminthopsis crassicaudata	141565600		387	kept	representative	XP_074164969.1 PRELP [organism=Sminthopsis crassicaudata] [GeneID=141565600]	Sminthopsis_crassicaudata|PRELP|XP_074164969.1
PRELP	XP_074164970.1	Sminthopsis crassicaudata	141565600		387	excluded	extra_isoform_same_locus	XP_074164970.1 PRELP [organism=Sminthopsis crassicaudata] [GeneID=141565600]	Sminthopsis_crassicaudata|PRELP|XP_074164970.1
PRELP	XP_075385199.1	Tenrec ecaudatus	142423950		378	kept	representative	XP_075385199.1 PRELP [organism=Tenrec ecaudatus] [GeneID=142423950]	Tenrec_ecaudatus|PRELP|XP_075385199.1
PRELP	XP_075385206.1	Tenrec ecaudatus	142423950		378	excluded	extra_isoform_same_locus	XP_075385206.1 PRELP [organism=Tenrec ecaudatus] [GeneID=142423950]	Tenrec_ecaudatus|PRELP|XP_075385206.1
PRELP	XP_075385214.1	Tenrec ecaudatus	142423950		378	excluded	extra_isoform_same_locus	XP_075385214.1 PRELP [organism=Tenrec ecaudatus] [GeneID=142423950]	Tenrec_ecaudatus|PRELP|XP_075385214.1
PRELP	XP_075385222.1	Tenrec ecaudatus	142423950		378	excluded	extra_isoform_same_locus	XP_075385222.1 PRELP [organism=Tenrec ecaudatus] [GeneID=142423950]	Tenrec_ecaudatus|PRELP|XP_075385222.1
PRELP	XP_003893316.1	Papio anubis	101026140		382	kept	representative	XP_003893316.1 PRELP [organism=Papio anubis] [GeneID=101026140]	Papio_anubis|PRELP|XP_003893316.1
PRELP	XP_010146401.1	Eurypyga helias	104506959		346	kept	representative	XP_010146401.1 PRELP [organism=Eurypyga helias] [GeneID=104506959]	Eurypyga_helias|PRELP|XP_010146401.1
PRELP	XP_037680933.1	Choloepus didactylus	119526116	X1	381	kept	representative	XP_037680933.1 PRELP [organism=Choloepus didactylus] [GeneID=119526116] [isoform=X1]	Choloepus_didactylus|PRELP|XP_037680933.1
PRELP	XP_037680934.1	Choloepus didactylus	119526116	X1	381	excluded	extra_isoform_same_locus	XP_037680934.1 PRELP [organism=Choloepus didactylus] [GeneID=119526116] [isoform=X1]	Choloepus_didactylus|PRELP|XP_037680934.1
PRELP	XP_037680935.1	Choloepus didactylus	119526116	X2	323	excluded	extra_isoform_same_locus	XP_037680935.1 PRELP [organism=Choloepus didactylus] [GeneID=119526116] [isoform=X2]	Choloepus_didactylus|PRELP|XP_037680935.1
PRELP	XP_056886232.1	Takifugu flavidus	130524270	X1	484	excluded	extra_isoform_same_locus	XP_056886232.1 prelp [organism=Takifugu flavidus] [GeneID=130524270] [isoform=X1]	Takifugu_flavidus|PRELP|XP_056886232.1
PRELP	XP_056886233.1	Takifugu flavidus	130524270	X2	379	kept	representative	XP_056886233.1 prelp [organism=Takifugu flavidus] [GeneID=130524270] [isoform=X2]	Takifugu_flavidus|PRELP|XP_056886233.1
PRELP	XP_072886946.1	Hemitrygon akajei	140717344		401	kept	representative	XP_072886946.1 prelp [organism=Hemitrygon akajei] [GeneID=140717344]	Hemitrygon_akajei|PRELP|XP_072886946.1
PRELP	XP_032865380.1	Tyto alba	104363729		371	kept	representative	XP_032865380.1 PRELP [organism=Tyto alba] [GeneID=104363729]	Tyto_alba|PRELP|XP_032865380.1
PRELP	XP_039196334.1	Crotalus tigris	120306707		369	kept	representative	XP_039196334.1 PRELP [organism=Crotalus tigris] [GeneID=120306707]	Crotalus_tigris|PRELP|XP_039196334.1
PRELP	XP_047377732.1	Sciurus carolinensis	124962438		383	kept	representative	XP_047377732.1 Prelp [organism=Sciurus carolinensis] [GeneID=124962438]	Sciurus_carolinensis|PRELP|XP_047377732.1
PRELP	XP_047377733.1	Sciurus carolinensis	124962438		383	excluded	extra_isoform_same_locus	XP_047377733.1 Prelp [organism=Sciurus carolinensis] [GeneID=124962438]	Sciurus_carolinensis|PRELP|XP_047377733.1
PRELP	XP_062067610.1	Lepus europaeus	133774003		380	kept	representative	XP_062067610.1 PRELP [organism=Lepus europaeus] [GeneID=133774003]	Lepus_europaeus|PRELP|XP_062067610.1
PRELP	XP_003505802.1	Cricetulus griseus	100765642		377	kept	representative	XP_003505802.1 Prelp [organism=Cricetulus griseus] [GeneID=100765642]	Cricetulus_griseus|PRELP|XP_003505802.1
PRELP	XP_027273374.1	Cricetulus griseus	100765642		377	excluded	extra_isoform_same_locus	XP_027273374.1 Prelp [organism=Cricetulus griseus] [GeneID=100765642]	Cricetulus_griseus|PRELP|XP_027273374.1
PRELP	XP_011371348.1	Pteropus vampyrus	105300692		381	kept	representative	XP_011371348.1 PRELP [organism=Pteropus vampyrus] [GeneID=105300692]	Pteropus_vampyrus|PRELP|XP_011371348.1
PRELP	XP_052671482.1	Harpia harpyja	128154630		371	kept	representative	XP_052671482.1 PRELP [organism=Harpia harpyja] [GeneID=128154630]	Harpia_harpyja|PRELP|XP_052671482.1
PRELP	XP_026202543.1	Anabas testudineus	113153235		392	kept	representative	XP_026202543.1 prelp [organism=Anabas testudineus] [GeneID=113153235]	Anabas_testudineus|PRELP|XP_026202543.1
PRELP	XP_014728184.1	Sturnus vulgaris	106851010	X1	378	kept	representative	XP_014728184.1 PRELP [organism=Sturnus vulgaris] [GeneID=106851010] [isoform=X1]	Sturnus_vulgaris|PRELP|XP_014728184.1
PRELP	XP_014728185.1	Sturnus vulgaris	106851010	X2	377	excluded	extra_isoform_same_locus	XP_014728185.1 PRELP [organism=Sturnus vulgaris] [GeneID=106851010] [isoform=X2]	Sturnus_vulgaris|PRELP|XP_014728185.1
PRELP	XP_014728186.1	Sturnus vulgaris	106851010	X3	371	excluded	extra_isoform_same_locus	XP_014728186.1 PRELP [organism=Sturnus vulgaris] [GeneID=106851010] [isoform=X3]	Sturnus_vulgaris|PRELP|XP_014728186.1
PRELP	XP_045839379.1	Meles meles	123928315		379	kept	representative	XP_045839379.1 PRELP [organism=Meles meles] [GeneID=123928315]	Meles_meles|PRELP|XP_045839379.1
PRELP	XP_045839380.1	Meles meles	123928315		379	excluded	extra_isoform_same_locus	XP_045839380.1 PRELP [organism=Meles meles] [GeneID=123928315]	Meles_meles|PRELP|XP_045839380.1
PRELP	XP_080350783.1	Blennius ocellaris	308128936		373	kept	representative	XP_080350783.1 prelp [organism=Blennius ocellaris] [GeneID=308128936]	Blennius_ocellaris|PRELP|XP_080350783.1
PRELP	XP_082469365.1	Mesoplodon mirus	309799743		381	kept	representative	XP_082469365.1 PRELP [organism=Mesoplodon mirus] [GeneID=309799743]	Mesoplodon_mirus|PRELP|XP_082469365.1
PRELP	XP_022600991.1	Seriola dumerili	111221737		379	kept	representative	XP_022600991.1 prelp [organism=Seriola dumerili] [GeneID=111221737]	Seriola_dumerili|PRELP|XP_022600991.1
PRELP	XP_022600992.1	Seriola dumerili	111221737		379	excluded	extra_isoform_same_locus	XP_022600992.1 prelp [organism=Seriola dumerili] [GeneID=111221737]	Seriola_dumerili|PRELP|XP_022600992.1
PRELP	XP_022600993.1	Seriola dumerili	111221737		379	excluded	extra_isoform_same_locus	XP_022600993.1 prelp [organism=Seriola dumerili] [GeneID=111221737]	Seriola_dumerili|PRELP|XP_022600993.1
PRELP	XP_014873313.1	Poecilia latipinna	106936687		379	kept	representative	XP_014873313.1 prelp [organism=Poecilia latipinna] [GeneID=106936687]	Poecilia_latipinna|PRELP|XP_014873313.1
PRELP	XP_014873314.1	Poecilia latipinna	106936687		379	excluded	extra_isoform_same_locus	XP_014873314.1 prelp [organism=Poecilia latipinna] [GeneID=106936687]	Poecilia_latipinna|PRELP|XP_014873314.1
PRELP	XP_019736759.1	Hippocampus comes	109522540		371	kept	representative	XP_019736759.1 prelp [organism=Hippocampus comes] [GeneID=109522540]	Hippocampus_comes|PRELP|XP_019736759.1
PRELP	XP_019736760.1	Hippocampus comes	109522540		371	excluded	extra_isoform_same_locus	XP_019736760.1 prelp [organism=Hippocampus comes] [GeneID=109522540]	Hippocampus_comes|PRELP|XP_019736760.1
PRELP	XP_065748505.1	Phocoena phocoena	136134742		381	kept	representative	XP_065748505.1 PRELP [organism=Phocoena phocoena] [GeneID=136134742]	Phocoena_phocoena|PRELP|XP_065748505.1
PRELP	XP_084132200.1	Gallinula chloropus	311201654		371	kept	representative	XP_084132200.1 PRELP [organism=Gallinula chloropus] [GeneID=311201654]	Gallinula_chloropus|PRELP|XP_084132200.1
PRELP	XP_026336390.1	Ursus arctos	113242517	X2	379	kept	representative	XP_026336390.1 PRELP [organism=Ursus arctos] [GeneID=113242517] [isoform=X2]	Ursus_arctos|PRELP|XP_026336390.1
PRELP	XP_026336391.1	Ursus arctos	113242517	X2	379	excluded	extra_isoform_same_locus	XP_026336391.1 PRELP [organism=Ursus arctos] [GeneID=113242517] [isoform=X2]	Ursus_arctos|PRELP|XP_026336391.1
PRELP	XP_057171180.1	Ursus arctos	113242517	X1	405	excluded	extra_isoform_same_locus	XP_057171180.1 PRELP [organism=Ursus arctos] [GeneID=113242517] [isoform=X1]	Ursus_arctos|PRELP|XP_057171180.1
PRELP	XP_027300968.2	Anas platyrhynchos	101793613		374	kept	representative	XP_027300968.2 PRELP [organism=Anas platyrhynchos] [GeneID=101793613]	Anas_platyrhynchos|PRELP|XP_027300968.2
PRELP	XP_071884387.1	Anas platyrhynchos	101793613		374	excluded	extra_isoform_same_locus	XP_071884387.1 PRELP [organism=Anas platyrhynchos] [GeneID=101793613]	Anas_platyrhynchos|PRELP|XP_071884387.1
PRELP	XP_019505329.1	Hipposideros armiger	109386521		375	kept	representative	XP_019505329.1 PRELP [organism=Hipposideros armiger] [GeneID=109386521]	Hipposideros_armiger|PRELP|XP_019505329.1
PRELP	XP_019505330.1	Hipposideros armiger	109386521		375	excluded	extra_isoform_same_locus	XP_019505330.1 PRELP [organism=Hipposideros armiger] [GeneID=109386521]	Hipposideros_armiger|PRELP|XP_019505330.1
PRELP	XP_019505331.1	Hipposideros armiger	109386521		375	excluded	extra_isoform_same_locus	XP_019505331.1 PRELP [organism=Hipposideros armiger] [GeneID=109386521]	Hipposideros_armiger|PRELP|XP_019505331.1
PRELP	XP_019505332.1	Hipposideros armiger	109386521		375	excluded	extra_isoform_same_locus	XP_019505332.1 PRELP [organism=Hipposideros armiger] [GeneID=109386521]	Hipposideros_armiger|PRELP|XP_019505332.1
PRELP	XP_035202923.1	Oxyura jamaicensis	118178457		374	kept	representative	XP_035202923.1 PRELP [organism=Oxyura jamaicensis] [GeneID=118178457]	Oxyura_jamaicensis|PRELP|XP_035202923.1
PRELP	XP_003999434.1	Felis catus	101101284		379	kept	representative	XP_003999434.1 PRELP [organism=Felis catus] [GeneID=101101284]	Felis_catus|PRELP|XP_003999434.1
PRELP	XP_006942941.1	Felis catus	101101284		379	excluded	extra_isoform_same_locus	XP_006942941.1 PRELP [organism=Felis catus] [GeneID=101101284]	Felis_catus|PRELP|XP_006942941.1
PRELP	XP_084076861.1	Fringilla coelebs	311162405		372	kept	representative	XP_084076861.1 PRELP [organism=Fringilla coelebs] [GeneID=311162405]	Fringilla_coelebs|PRELP|XP_084076861.1
PRELP	XP_006025087.1	Alligator sinensis	102382734		368	kept	representative	XP_006025087.1 PRELP [organism=Alligator sinensis] [GeneID=102382734]	Alligator_sinensis|PRELP|XP_006025087.1
PRELP	XP_053463026.1	Nycticebus coucang	128597059		380	kept	representative	XP_053463026.1 PRELP [organism=Nycticebus coucang] [GeneID=128597059]	Nycticebus_coucang|PRELP|XP_053463026.1
PRELP	XP_054418913.1	Pteronotus mesoamericanus	129062162		379	kept	representative	XP_054418913.1 PRELP [organism=Pteronotus mesoamericanus] [GeneID=129062162]	Pteronotus_mesoamericanus|PRELP|XP_054418913.1
PRELP	XP_054836611.1	Eublepharis macularius	129330561		368	kept	representative	XP_054836611.1 PRELP [organism=Eublepharis macularius] [GeneID=129330561]	Eublepharis_macularius|PRELP|XP_054836611.1
PRELP	XP_074833475.1	Carettochelys insculpta	142001800		373	kept	representative	XP_074833475.1 PRELP [organism=Carettochelys insculpta] [GeneID=142001800]	Carettochelys_insculpta|PRELP|XP_074833475.1
PRELP	XP_031704122.1	Anarrhichthys ocellatus	116384008		379	kept	representative	XP_031704122.1 prelp [organism=Anarrhichthys ocellatus] [GeneID=116384008]	Anarrhichthys_ocellatus|PRELP|XP_031704122.1
PRELP	XP_081925423.1	Streptopelia decaocto	309448085		371	kept	representative	XP_081925423.1 PRELP [organism=Streptopelia decaocto] [GeneID=309448085]	Streptopelia_decaocto|PRELP|XP_081925423.1
PRELP	XP_064327982.1	Phalacrocorax carbo	104047167		371	kept	representative	XP_064327982.1 PRELP [organism=Phalacrocorax carbo] [GeneID=104047167]	Phalacrocorax_carbo|PRELP|XP_064327982.1
PRELP	XP_048682813.1	Caretta caretta	125625153	X2	371	kept	representative	XP_048682813.1 PRELP [organism=Caretta caretta] [GeneID=125625153] [isoform=X2]	Caretta_caretta|PRELP|XP_048682813.1
PRELP	XP_074977990.1	Caretta caretta	125625153	X1	388	excluded	extra_isoform_same_locus	XP_074977990.1 PRELP [organism=Caretta caretta] [GeneID=125625153] [isoform=X1]	Caretta_caretta|PRELP|XP_074977990.1
PRELP	XP_073522671.1	Phyllobates terribilis	141221742		374	kept	representative	XP_073522671.1 PRELP [organism=Phyllobates terribilis] [GeneID=141221742]	Phyllobates_terribilis|PRELP|XP_073522671.1
PRELP	XP_025257464.1	Theropithecus gelada	112634361		382	kept	representative	XP_025257464.1 PRELP [organism=Theropithecus gelada] [GeneID=112634361]	Theropithecus_gelada|PRELP|XP_025257464.1
PRELP	XP_032771141.1	Rattus rattus	116911333		377	kept	representative	XP_032771141.1 Prelp [organism=Rattus rattus] [GeneID=116911333]	Rattus_rattus|PRELP|XP_032771141.1
PRELP	XP_041326454.1	Pyrgilauda ruficollis	121355244		371	kept	representative	XP_041326454.1 PRELP [organism=Pyrgilauda ruficollis] [GeneID=121355244]	Pyrgilauda_ruficollis|PRELP|XP_041326454.1
PRELP	XP_056324154.1	Danio aesculapii	130237284		378	kept	representative	XP_056324154.1 prelp [organism=Danio aesculapii] [GeneID=130237284]	Danio_aesculapii|PRELP|XP_056324154.1
PRELP	XP_056324156.1	Danio aesculapii	130237284		378	excluded	extra_isoform_same_locus	XP_056324156.1 prelp [organism=Danio aesculapii] [GeneID=130237284]	Danio_aesculapii|PRELP|XP_056324156.1
PRELP	XP_067863658.1	Heptranchias perlo	137344523	X1	408	excluded	extra_isoform_same_locus	XP_067863658.1 prelp [organism=Heptranchias perlo] [GeneID=137344523] [isoform=X1]	Heptranchias_perlo|PRELP|XP_067863658.1
PRELP	XP_067863659.1	Heptranchias perlo	137344523	X2	390	kept	representative	XP_067863659.1 prelp [organism=Heptranchias perlo] [GeneID=137344523] [isoform=X2]	Heptranchias_perlo|PRELP|XP_067863659.1
PRELP	XP_067863660.1	Heptranchias perlo	137344523	X2	390	excluded	extra_isoform_same_locus	XP_067863660.1 prelp [organism=Heptranchias perlo] [GeneID=137344523] [isoform=X2]	Heptranchias_perlo|PRELP|XP_067863660.1
PRELP	XP_026938474.1	Aethalodelphis obliquidens	113607407		381	kept	representative	XP_026938474.1 PRELP [organism=Aethalodelphis obliquidens] [GeneID=113607407]	Aethalodelphis_obliquidens|PRELP|XP_026938474.1
PRELP	XP_034866161.1	Mirounga leonina	118014172	X1	388	excluded	extra_isoform_same_locus	XP_034866161.1 PRELP [organism=Mirounga leonina] [GeneID=118014172] [isoform=X1]	Mirounga_leonina|PRELP|XP_034866161.1
PRELP	XP_034866162.1	Mirounga leonina	118014172	X2	377	kept	representative	XP_034866162.1 PRELP [organism=Mirounga leonina] [GeneID=118014172] [isoform=X2]	Mirounga_leonina|PRELP|XP_034866162.1
PRELP	XP_034866163.1	Mirounga leonina	118014172	X2	377	excluded	extra_isoform_same_locus	XP_034866163.1 PRELP [organism=Mirounga leonina] [GeneID=118014172] [isoform=X2]	Mirounga_leonina|PRELP|XP_034866163.1
PRELP	XP_074791958.1	Natator depressus	141975477		371	kept	representative	XP_074791958.1 PRELP [organism=Natator depressus] [GeneID=141975477]	Natator_depressus|PRELP|XP_074791958.1
PRELP	NP_776859.1	Bos taurus	282000		381	kept	representative	NP_776859.1 PRELP [organism=Bos taurus] [GeneID=282000]	Bos_taurus|PRELP|NP_776859.1
PRELP	XP_005216708.2	Bos taurus	282000	X1	381	excluded	extra_isoform_same_locus	XP_005216708.2 PRELP [organism=Bos taurus] [GeneID=282000] [isoform=X1]	Bos_taurus|PRELP|XP_005216708.2
PRELP	XP_067585471.1	Pseudorca crassidens	137219971		381	kept	representative	XP_067585471.1 PRELP [organism=Pseudorca crassidens] [GeneID=137219971]	Pseudorca_crassidens|PRELP|XP_067585471.1
PRELP	XP_068450473.1	Clinocottus analis	137796439		386	kept	representative	XP_068450473.1 prelp [organism=Clinocottus analis] [GeneID=137796439]	Clinocottus_analis|PRELP|XP_068450473.1
PRELP	XP_066482529.1	Tiliqua scincoides	136649652		368	kept	representative	XP_066482529.1 PRELP [organism=Tiliqua scincoides] [GeneID=136649652]	Tiliqua_scincoides|PRELP|XP_066482529.1
PRELP	XP_066482530.1	Tiliqua scincoides	136649652		368	excluded	extra_isoform_same_locus	XP_066482530.1 PRELP [organism=Tiliqua scincoides] [GeneID=136649652]	Tiliqua_scincoides|PRELP|XP_066482530.1
PRELP	XP_051957069.1	Xyrauchen texanus	127625742		378	kept	representative	XP_051957069.1 prelp [organism=Xyrauchen texanus] [GeneID=127625742]	Xyrauchen_texanus|PRELP|XP_051957069.1
PRELP	XP_038553550.1	Micropterus salmoides	119886711		379	kept	representative	XP_038553550.1 LOC119886711 [organism=Micropterus salmoides] [GeneID=119886711]	Micropterus_salmoides|PRELP|XP_038553550.1
PRELP	XP_061869760.1	Colius striatus	104555286		371	kept	representative	XP_061869760.1 PRELP [organism=Colius striatus] [GeneID=104555286]	Colius_striatus|PRELP|XP_061869760.1
PRELP	XP_081351164.1	Giraffa tippelskirchi	145507717		380	kept	representative	XP_081351164.1 PRELP [organism=Giraffa tippelskirchi] [GeneID=145507717]	Giraffa_tippelskirchi|PRELP|XP_081351164.1
PRELP	XP_007065190.2	Chelonia mydas	102938557		371	kept	representative	XP_007065190.2 PRELP [organism=Chelonia mydas] [GeneID=102938557]	Chelonia_mydas|PRELP|XP_007065190.2
PRELP	XP_053249136.1	Podarcis raffonei	128416079		368	kept	representative	XP_053249136.1 PRELP [organism=Podarcis raffonei] [GeneID=128416079]	Podarcis_raffonei|PRELP|XP_053249136.1
PRELP	XP_053249138.1	Podarcis raffonei	128416079		368	excluded	extra_isoform_same_locus	XP_053249138.1 PRELP [organism=Podarcis raffonei] [GeneID=128416079]	Podarcis_raffonei|PRELP|XP_053249138.1
PRELP	XP_072522476.1	Salminus brasiliensis	140543308		380	kept	representative	XP_072522476.1 prelp [organism=Salminus brasiliensis] [GeneID=140543308]	Salminus_brasiliensis|PRELP|XP_072522476.1
PRELP	XP_074781774.1	Athene noctua	141969659		371	kept	representative	XP_074781774.1 PRELP [organism=Athene noctua] [GeneID=141969659]	Athene_noctua|PRELP|XP_074781774.1
PRELP	XP_004069191.1	Oryzias latipes	101157126		379	kept	representative	XP_004069191.1 prelp [organism=Oryzias latipes] [GeneID=101157126]	Oryzias_latipes|PRELP|XP_004069191.1
PRELP	XP_011473817.1	Oryzias latipes	101157126		379	excluded	extra_isoform_same_locus	XP_011473817.1 prelp [organism=Oryzias latipes] [GeneID=101157126]	Oryzias_latipes|PRELP|XP_011473817.1
PRELP	XP_075844126.1	Microtus pennsylvanicus	142858570		380	kept	representative	XP_075844126.1 Prelp [organism=Microtus pennsylvanicus] [GeneID=142858570]	Microtus_pennsylvanicus|PRELP|XP_075844126.1
PRELP	XP_075844127.1	Microtus pennsylvanicus	142858570		380	excluded	extra_isoform_same_locus	XP_075844127.1 Prelp [organism=Microtus pennsylvanicus] [GeneID=142858570]	Microtus_pennsylvanicus|PRELP|XP_075844127.1
PRELP	XP_075844128.1	Microtus pennsylvanicus	142858570		380	excluded	extra_isoform_same_locus	XP_075844128.1 Prelp [organism=Microtus pennsylvanicus] [GeneID=142858570]	Microtus_pennsylvanicus|PRELP|XP_075844128.1
PRELP	XP_022364379.1	Enhydra lutris kenyoni	111150991		379	kept	representative	XP_022364379.1 PRELP [organism=Enhydra lutris kenyoni] [GeneID=111150991]	Enhydra_lutris_kenyoni|PRELP|XP_022364379.1
PRELP	XP_022364380.1	Enhydra lutris kenyoni	111150991		379	excluded	extra_isoform_same_locus	XP_022364380.1 PRELP [organism=Enhydra lutris kenyoni] [GeneID=111150991]	Enhydra_lutris_kenyoni|PRELP|XP_022364380.1
PRELP	XP_085312474.1	Copadichromis virginalis	146709436	X1	379	kept	representative	XP_085312474.1 prelp [organism=Copadichromis virginalis] [GeneID=146709436] [isoform=X1]	Copadichromis_virginalis|PRELP|XP_085312474.1
PRELP	XP_085312475.1	Copadichromis virginalis	146709436	X2	401	excluded	extra_isoform_same_locus	XP_085312475.1 prelp [organism=Copadichromis virginalis] [GeneID=146709436] [isoform=X2]	Copadichromis_virginalis|PRELP|XP_085312475.1
PRELP	XP_041812513.1	Chelmon rostratus	121620513		379	kept	representative	XP_041812513.1 LOC121620513 [organism=Chelmon rostratus] [GeneID=121620513]	Chelmon_rostratus|PRELP|XP_041812513.1
PRELP	XP_004578800.1	Ochotona princeps	101520398		380	kept	representative	XP_004578800.1 PRELP [organism=Ochotona princeps] [GeneID=101520398]	Ochotona_princeps|PRELP|XP_004578800.1
PRELP	XP_005739715.1	Pundamilia nyererei	102215469		363	kept	representative	XP_005739715.1 prelp [organism=Pundamilia nyererei] [GeneID=102215469]	Pundamilia_nyererei|PRELP|XP_005739715.1
PRELP	XP_072336060.1	Scyliorhinus torazame	140393672		393	kept	representative	XP_072336060.1 prelp [organism=Scyliorhinus torazame] [GeneID=140393672]	Scyliorhinus_torazame|PRELP|XP_072336060.1
PRELP	XP_060714375.1	Tachysurus vachellii	132838190		371	kept	representative	XP_060714375.1 prelp [organism=Tachysurus vachellii] [GeneID=132838190]	Tachysurus_vachellii|PRELP|XP_060714375.1
PRELP	XP_032144702.1	Sapajus apella	116558738		382	kept	representative	XP_032144702.1 PRELP [organism=Sapajus apella] [GeneID=116558738]	Sapajus_apella|PRELP|XP_032144702.1
PRELP	XP_032144703.1	Sapajus apella	116558738		382	excluded	extra_isoform_same_locus	XP_032144703.1 PRELP [organism=Sapajus apella] [GeneID=116558738]	Sapajus_apella|PRELP|XP_032144703.1
PRELP	XP_050003723.1	Alexandromys fortis	126505061	X1	457	excluded	extra_isoform_same_locus	XP_050003723.1 Prelp [organism=Alexandromys fortis] [GeneID=126505061] [isoform=X1]	Alexandromys_fortis|PRELP|XP_050003723.1
PRELP	XP_050003724.1	Alexandromys fortis	126505061	X2	381	kept	representative	XP_050003724.1 Prelp [organism=Alexandromys fortis] [GeneID=126505061] [isoform=X2]	Alexandromys_fortis|PRELP|XP_050003724.1
PRELP	XP_050003726.1	Alexandromys fortis	126505061	X2	381	excluded	extra_isoform_same_locus	XP_050003726.1 Prelp [organism=Alexandromys fortis] [GeneID=126505061] [isoform=X2]	Alexandromys_fortis|PRELP|XP_050003726.1
PRELP	XP_039655005.1	Perca fluviatilis	120558150		379	kept	representative	XP_039655005.1 LOC120558150 [organism=Perca fluviatilis] [GeneID=120558150]	Perca_fluviatilis|PRELP|XP_039655005.1
PRELP	XP_079197985.1	Symphodus melops	306822690		379	kept	representative	XP_079197985.1 prelp [organism=Symphodus melops] [GeneID=306822690]	Symphodus_melops|PRELP|XP_079197985.1
PRELP	XP_081255229.1	Grus grus	308709566	1	371	kept	representative	XP_081255229.1 PRELP [organism=Grus grus] [GeneID=308709566] [isoform=1]	Grus_grus|PRELP|XP_081255229.1
PRELP	XP_081255230.1	Grus grus	308709566	1	371	excluded	extra_isoform_same_locus	XP_081255230.1 PRELP [organism=Grus grus] [GeneID=308709566] [isoform=1]	Grus_grus|PRELP|XP_081255230.1
PRELP	XP_015339358.1	Marmota marmota marmota	107140698		383	kept	representative	XP_015339358.1 Prelp [organism=Marmota marmota marmota] [GeneID=107140698]	Marmota_marmota_marmota|PRELP|XP_015339358.1
PRELP	XP_015339361.1	Marmota marmota marmota	107140698		383	excluded	extra_isoform_same_locus	XP_015339361.1 Prelp [organism=Marmota marmota marmota] [GeneID=107140698]	Marmota_marmota_marmota|PRELP|XP_015339361.1
PRELP	XP_048028410.1	Megalobrama amblycephala	125256442		380	kept	representative	XP_048028410.1 LOC125256442 [organism=Megalobrama amblycephala] [GeneID=125256442]	Megalobrama_amblycephala|PRELP|XP_048028410.1
PRELP	XP_054473295.1	Anoplopoma fimbria	129106020		389	kept	representative	XP_054473295.1 prelp [organism=Anoplopoma fimbria] [GeneID=129106020]	Anoplopoma_fimbria|PRELP|XP_054473295.1
PRELP	XP_031989025.1	Corvus moneduloides	116455357		371	kept	representative	XP_031989025.1 PRELP [organism=Corvus moneduloides] [GeneID=116455357]	Corvus_moneduloides|PRELP|XP_031989025.1
PRELP	XP_081214650.1	Scardinius erythrophthalmus	308686135		380	kept	representative	XP_081214650.1 prelp [organism=Scardinius erythrophthalmus] [GeneID=308686135]	Scardinius_erythrophthalmus|PRELP|XP_081214650.1
PRELP	XP_013987775.1	Salmo salar	106565326	X1	380	kept	representative	XP_013987775.1 prelp [organism=Salmo salar] [GeneID=106565326] [isoform=X1]	Salmo_salar|PRELP|XP_013987775.1
PRELP	XP_045547472.1	Salmo salar	106565326	X2	399	excluded	extra_isoform_same_locus	XP_045547472.1 prelp [organism=Salmo salar] [GeneID=106565326] [isoform=X2]	Salmo_salar|PRELP|XP_045547472.1
PRELP	XP_018542248.1	Lates calcarifer	108890000		380	kept	representative	XP_018542248.1 prelp [organism=Lates calcarifer] [GeneID=108890000]	Lates_calcarifer|PRELP|XP_018542248.1
PRELP	XP_084562497.1	Hypomesus nipponensis	146272692		381	kept	representative	XP_084562497.1 prelp [organism=Hypomesus nipponensis] [GeneID=146272692]	Hypomesus_nipponensis|PRELP|XP_084562497.1
PRELP	XP_020448631.1	Monopterus albus	109956107		381	kept	representative	XP_020448631.1 prelp [organism=Monopterus albus] [GeneID=109956107]	Monopterus_albus|PRELP|XP_020448631.1
PRELP	XP_025908945.1	Nothoprocta perdicaria	112959191		371	kept	representative	XP_025908945.1 PRELP [organism=Nothoprocta perdicaria] [GeneID=112959191]	Nothoprocta_perdicaria|PRELP|XP_025908945.1
PRELP	XP_072504249.1	Notamacropus eugenii	140529458		387	kept	representative	XP_072504249.1 PRELP [organism=Notamacropus eugenii] [GeneID=140529458]	Notamacropus_eugenii|PRELP|XP_072504249.1
PRELP	XP_080099396.1	Raja brachyura	145379229	X1	418	excluded	extra_isoform_same_locus	XP_080099396.1 prelp [organism=Raja brachyura] [GeneID=145379229] [isoform=X1]	Raja_brachyura|PRELP|XP_080099396.1
PRELP	XP_080099397.1	Raja brachyura	145379229	X2	389	kept	representative	XP_080099397.1 prelp [organism=Raja brachyura] [GeneID=145379229] [isoform=X2]	Raja_brachyura|PRELP|XP_080099397.1
PRELP	XP_080099398.1	Raja brachyura	145379229	X2	389	excluded	extra_isoform_same_locus	XP_080099398.1 prelp [organism=Raja brachyura] [GeneID=145379229] [isoform=X2]	Raja_brachyura|PRELP|XP_080099398.1
PRELP	XP_061488229.1	Rhineura floridana	133387452		368	kept	representative	XP_061488229.1 PRELP [organism=Rhineura floridana] [GeneID=133387452]	Rhineura_floridana|PRELP|XP_061488229.1
PRELP	XP_061778575.1	Nerophis ophidion	133569994		374	kept	representative	XP_061778575.1 prelp [organism=Nerophis ophidion] [GeneID=133569994]	Nerophis_ophidion|PRELP|XP_061778575.1
PRELP	XP_008318393.2	Cynoglossus semilaevis	103386070	X1	443	excluded	extra_isoform_same_locus	XP_008318393.2 prelp [organism=Cynoglossus semilaevis] [GeneID=103386070] [isoform=X1]	Cynoglossus_semilaevis|PRELP|XP_008318393.2
PRELP	XP_024916017.1	Cynoglossus semilaevis	103386070	X2	391	kept	representative	XP_024916017.1 prelp [organism=Cynoglossus semilaevis] [GeneID=103386070] [isoform=X2]	Cynoglossus_semilaevis|PRELP|XP_024916017.1
PRELP	XP_005447119.2	Falco cherrug	102045892		371	kept	representative	XP_005447119.2 PRELP [organism=Falco cherrug] [GeneID=102045892]	Falco_cherrug|PRELP|XP_005447119.2
PRELP	XP_065505768.1	Caloenas nicobarica	135997207		371	kept	representative	XP_065505768.1 PRELP [organism=Caloenas nicobarica] [GeneID=135997207]	Caloenas_nicobarica|PRELP|XP_065505768.1
PRELP	XP_083957478.1	Abramis brama	311074628		380	kept	representative	XP_083957478.1 prelp [organism=Abramis brama] [GeneID=311074628]	Abramis_brama|PRELP|XP_083957478.1
PRELP	XP_061584606.1	Cololabis saira	133449469		378	kept	representative	XP_061584606.1 prelp [organism=Cololabis saira] [GeneID=133449469]	Cololabis_saira|PRELP|XP_061584606.1
PRELP	XP_051890938.1	Pristis pectinata	127580970		389	kept	representative	XP_051890938.1 prelp [organism=Pristis pectinata] [GeneID=127580970]	Pristis_pectinata|PRELP|XP_051890938.1
PRELP	XP_051890939.1	Pristis pectinata	127580970		389	excluded	extra_isoform_same_locus	XP_051890939.1 prelp [organism=Pristis pectinata] [GeneID=127580970]	Pristis_pectinata|PRELP|XP_051890939.1
PRELP	XP_051890940.1	Pristis pectinata	127580970		389	excluded	extra_isoform_same_locus	XP_051890940.1 prelp [organism=Pristis pectinata] [GeneID=127580970]	Pristis_pectinata|PRELP|XP_051890940.1
PRELP	XP_012314842.1	Aotus nancymaae	105722154		382	kept	representative	XP_012314842.1 PRELP [organism=Aotus nancymaae] [GeneID=105722154]	Aotus_nancymaae|PRELP|XP_012314842.1
PRELP	XP_012314843.1	Aotus nancymaae	105722154		382	excluded	extra_isoform_same_locus	XP_012314843.1 PRELP [organism=Aotus nancymaae] [GeneID=105722154]	Aotus_nancymaae|PRELP|XP_012314843.1
PRELP	XP_012314844.1	Aotus nancymaae	105722154		382	excluded	extra_isoform_same_locus	XP_012314844.1 PRELP [organism=Aotus nancymaae] [GeneID=105722154]	Aotus_nancymaae|PRELP|XP_012314844.1
PRELP	XP_012314845.1	Aotus nancymaae	105722154		382	excluded	extra_isoform_same_locus	XP_012314845.1 PRELP [organism=Aotus nancymaae] [GeneID=105722154]	Aotus_nancymaae|PRELP|XP_012314845.1
PRELP	XP_053310374.1	Spea bombifrons	128472514		373	kept	representative	XP_053310374.1 PRELP [organism=Spea bombifrons] [GeneID=128472514]	Spea_bombifrons|PRELP|XP_053310374.1
PRELP	XP_053310375.1	Spea bombifrons	128472514		373	excluded	extra_isoform_same_locus	XP_053310375.1 PRELP [organism=Spea bombifrons] [GeneID=128472514]	Spea_bombifrons|PRELP|XP_053310375.1
PRELP	XP_085016438.1	Neolamprologus multifasciatus	146518732		379	kept	representative	XP_085016438.1 prelp [organism=Neolamprologus multifasciatus] [GeneID=146518732]	Neolamprologus_multifasciatus|PRELP|XP_085016438.1
PRELP	XP_040318263.1	Herpailurus yagouaroundi	121021709		379	kept	representative	XP_040318263.1 PRELP [organism=Herpailurus yagouaroundi] [GeneID=121021709]	Herpailurus_yagouaroundi|PRELP|XP_040318263.1
PRELP	XP_040318264.1	Herpailurus yagouaroundi	121021709		379	excluded	extra_isoform_same_locus	XP_040318264.1 PRELP [organism=Herpailurus yagouaroundi] [GeneID=121021709]	Herpailurus_yagouaroundi|PRELP|XP_040318264.1
PRELP	XP_056462693.1	Gadus chalcogrammus	130402517		378	kept	representative	XP_056462693.1 prelp [organism=Gadus chalcogrammus] [GeneID=130402517]	Gadus_chalcogrammus|PRELP|XP_056462693.1
PRELP	XP_061147712.1	Syngnathus typhle	133162511		373	kept	representative	XP_061147712.1 prelp [organism=Syngnathus typhle] [GeneID=133162511]	Syngnathus_typhle|PRELP|XP_061147712.1
PRELP	XP_026024078.1	Astatotilapia calliptera	113022663	X1	401	excluded	extra_isoform_same_locus	XP_026024078.1 prelp [organism=Astatotilapia calliptera] [GeneID=113022663] [isoform=X1]	Astatotilapia_calliptera|PRELP|XP_026024078.1
PRELP	XP_026024079.1	Astatotilapia calliptera	113022663	X2	379	kept	representative	XP_026024079.1 prelp [organism=Astatotilapia calliptera] [GeneID=113022663] [isoform=X2]	Astatotilapia_calliptera|PRELP|XP_026024079.1
PRELP	XP_014923311.1	Acinonyx jubatus	106971035		379	kept	representative	XP_014923311.1 PRELP [organism=Acinonyx jubatus] [GeneID=106971035]	Acinonyx_jubatus|PRELP|XP_014923311.1
PRELP	XP_014923382.1	Acinonyx jubatus	106971035		379	excluded	extra_isoform_same_locus	XP_014923382.1 PRELP [organism=Acinonyx jubatus] [GeneID=106971035]	Acinonyx_jubatus|PRELP|XP_014923382.1
PRELP	XP_053065084.1	Acinonyx jubatus	106971035		379	excluded	extra_isoform_same_locus	XP_053065084.1 PRELP [organism=Acinonyx jubatus] [GeneID=106971035]	Acinonyx_jubatus|PRELP|XP_053065084.1
PRELP	XP_077151544.1	Ranitomeya variabilis	143815813	X1	374	kept	representative	XP_077151544.1 PRELP [organism=Ranitomeya variabilis] [GeneID=143815813] [isoform=X1]	Ranitomeya_variabilis|PRELP|XP_077151544.1
PRELP	XP_077151545.1	Ranitomeya variabilis	143815813	X2	341	excluded	extra_isoform_same_locus	XP_077151545.1 PRELP [organism=Ranitomeya variabilis] [GeneID=143815813] [isoform=X2]	Ranitomeya_variabilis|PRELP|XP_077151545.1
PRELP	XP_077151547.1	Ranitomeya variabilis	143815813	X3	327	excluded	extra_isoform_same_locus	XP_077151547.1 PRELP [organism=Ranitomeya variabilis] [GeneID=143815813] [isoform=X3]	Ranitomeya_variabilis|PRELP|XP_077151547.1
PRELP	XP_035417497.1	Cygnus atratus	118255426		374	kept	representative	XP_035417497.1 PRELP [organism=Cygnus atratus] [GeneID=118255426]	Cygnus_atratus|PRELP|XP_035417497.1
PRELP	XP_035417498.1	Cygnus atratus	118255426		374	excluded	extra_isoform_same_locus	XP_035417498.1 PRELP [organism=Cygnus atratus] [GeneID=118255426]	Cygnus_atratus|PRELP|XP_035417498.1
PRELP	XP_038604975.1	Tachyglossus aculeatus	119930567		379	kept	representative	XP_038604975.1 PRELP [organism=Tachyglossus aculeatus] [GeneID=119930567]	Tachyglossus_aculeatus|PRELP|XP_038604975.1
PRELP	XP_068576507.1	Cebidichthys violaceus	137879585		379	kept	representative	XP_068576507.1 prelp [organism=Cebidichthys violaceus] [GeneID=137879585]	Cebidichthys_violaceus|PRELP|XP_068576507.1
PRELP	XP_006261286.2	Alligator mississippiensis	102566360		368	kept	representative	XP_006261286.2 PRELP [organism=Alligator mississippiensis] [GeneID=102566360]	Alligator_mississippiensis|PRELP|XP_006261286.2
PRELP	XP_069798303.1	Narcine bancroftii	138765223		390	kept	representative	XP_069798303.1 prelp [organism=Narcine bancroftii] [GeneID=138765223]	Narcine_bancroftii|PRELP|XP_069798303.1
PRELP	XP_084296974.1	Borostomias antarcticus	311311187		384	kept	representative	XP_084296974.1 prelp [organism=Borostomias antarcticus] [GeneID=311311187]	Borostomias_antarcticus|PRELP|XP_084296974.1
PRELP	XP_003410289.1	Loxodonta africana	100655729		383	kept	representative	XP_003410289.1 PRELP [organism=Loxodonta africana] [GeneID=100655729]	Loxodonta_africana|PRELP|XP_003410289.1
PRELP	XP_027550981.1	Neopelma chrysocephalum	113973278		371	kept	representative	XP_027550981.1 PRELP [organism=Neopelma chrysocephalum] [GeneID=113973278]	Neopelma_chrysocephalum|PRELP|XP_027550981.1
PRELP	XP_027550982.1	Neopelma chrysocephalum	113973278		371	excluded	extra_isoform_same_locus	XP_027550982.1 PRELP [organism=Neopelma chrysocephalum] [GeneID=113973278]	Neopelma_chrysocephalum|PRELP|XP_027550982.1
PRELP	XP_036610106.1	Trichosurus vulpecula	118846047		387	kept	representative	XP_036610106.1 PRELP [organism=Trichosurus vulpecula] [GeneID=118846047]	Trichosurus_vulpecula|PRELP|XP_036610106.1
PRELP	XP_007897684.1	Callorhinchus milii	103182464		378	kept	representative	XP_007897684.1 LOC103182464 [organism=Callorhinchus milii] [GeneID=103182464]	Callorhinchus_milii|PRELP|XP_007897684.1
PRELP	XP_007897685.1	Callorhinchus milii	103182464		378	excluded	extra_isoform_same_locus	XP_007897685.1 LOC103182464 [organism=Callorhinchus milii] [GeneID=103182464]	Callorhinchus_milii|PRELP|XP_007897685.1
PRELP	XP_042198145.1	Callorhinchus milii	103182464		378	excluded	extra_isoform_same_locus	XP_042198145.1 LOC103182464 [organism=Callorhinchus milii] [GeneID=103182464]	Callorhinchus_milii|PRELP|XP_042198145.1
PRELP	XP_055437659.1	Bubalus kerabau	129652750		381	kept	representative	XP_055437659.1 PRELP [organism=Bubalus kerabau] [GeneID=129652750]	Bubalus_kerabau|PRELP|XP_055437659.1
PRELP	XP_086804973.1	Lissotriton vulgaris	147667209		375	kept	representative	XP_086804973.1 PRELP [organism=Lissotriton vulgaris] [GeneID=147667209]	Lissotriton_vulgaris|PRELP|XP_086804973.1
PRELP	NP_473418.3	Mus musculus	116847		378	kept	representative	NP_473418.3 Prelp [organism=Mus musculus] [GeneID=116847]	Mus_musculus|PRELP|NP_473418.3
PRELP	XP_006529147.1	Mus musculus	116847	X1	378	excluded	extra_isoform_same_locus	XP_006529147.1 Prelp [organism=Mus musculus] [GeneID=116847] [isoform=X1]	Mus_musculus|PRELP|XP_006529147.1
PRELP	XP_010377112.1	Rhinopithecus roxellana	104674483		382	kept	representative	XP_010377112.1 PRELP [organism=Rhinopithecus roxellana] [GeneID=104674483]	Rhinopithecus_roxellana|PRELP|XP_010377112.1
PRELP	XP_023042759.1	Piliocolobus tephrosceles	111522783		382	kept	representative	XP_023042759.1 PRELP [organism=Piliocolobus tephrosceles] [GeneID=111522783]	Piliocolobus_tephrosceles|PRELP|XP_023042759.1
PRELP	XP_023042760.1	Piliocolobus tephrosceles	111522783		382	excluded	extra_isoform_same_locus	XP_023042760.1 PRELP [organism=Piliocolobus tephrosceles] [GeneID=111522783]	Piliocolobus_tephrosceles|PRELP|XP_023042760.1
PRELP	XP_040391617.1	Cygnus olor	121059197		374	kept	representative	XP_040391617.1 PRELP [organism=Cygnus olor] [GeneID=121059197]	Cygnus_olor|PRELP|XP_040391617.1
PRELP	XP_040391618.1	Cygnus olor	121059197		374	excluded	extra_isoform_same_locus	XP_040391618.1 PRELP [organism=Cygnus olor] [GeneID=121059197]	Cygnus_olor|PRELP|XP_040391618.1
PRELP	XP_045732948.1	Mirounga angustirostris	123845998	X2	377	kept	representative	XP_045732948.1 PRELP [organism=Mirounga angustirostris] [GeneID=123845998] [isoform=X2]	Mirounga_angustirostris|PRELP|XP_045732948.1
PRELP	XP_054363918.1	Mirounga angustirostris	123845998	X2	377	excluded	extra_isoform_same_locus	XP_054363918.1 PRELP [organism=Mirounga angustirostris] [GeneID=123845998] [isoform=X2]	Mirounga_angustirostris|PRELP|XP_054363918.1
PRELP	XP_064450043.1	Mirounga angustirostris	123845998	X1	388	excluded	extra_isoform_same_locus	XP_064450043.1 PRELP [organism=Mirounga angustirostris] [GeneID=123845998] [isoform=X1]	Mirounga_angustirostris|PRELP|XP_064450043.1
PRELP	XP_062324201.1	Osmerus eperlanus	134025284		381	kept	representative	XP_062324201.1 prelp [organism=Osmerus eperlanus] [GeneID=134025284]	Osmerus_eperlanus|PRELP|XP_062324201.1
PRELP	XP_069489181.1	Ambystoma mexicanum	138520781		372	kept	representative	XP_069489181.1 PRELP [organism=Ambystoma mexicanum] [GeneID=138520781]	Ambystoma_mexicanum|PRELP|XP_069489181.1
PRELP	XP_069489182.1	Ambystoma mexicanum	138520781		372	excluded	extra_isoform_same_locus	XP_069489182.1 PRELP [organism=Ambystoma mexicanum] [GeneID=138520781]	Ambystoma_mexicanum|PRELP|XP_069489182.1
PRELP	XP_069489183.1	Ambystoma mexicanum	138520781		372	excluded	extra_isoform_same_locus	XP_069489183.1 PRELP [organism=Ambystoma mexicanum] [GeneID=138520781]	Ambystoma_mexicanum|PRELP|XP_069489183.1
PRELP	XP_004282534.1	Orcinus orca	101287182		381	kept	representative	XP_004282534.1 PRELP [organism=Orcinus orca] [GeneID=101287182]	Orcinus_orca|PRELP|XP_004282534.1
PRELP	XP_086024963.1	Fistularia commersonii	147222505		378	kept	representative	XP_086024963.1 prelp [organism=Fistularia commersonii] [GeneID=147222505]	Fistularia_commersonii|PRELP|XP_086024963.1
PRELP	XP_006922943.1	Pteropus alecto	102879197		379	kept	representative	XP_006922943.1 PRELP [organism=Pteropus alecto] [GeneID=102879197]	Pteropus_alecto|PRELP|XP_006922943.1
PRELP	XP_039941808.1	Hirundo rustica	120762941		369	kept	representative	XP_039941808.1 PRELP [organism=Hirundo rustica] [GeneID=120762941]	Hirundo_rustica|PRELP|XP_039941808.1
PRELP	XP_061688350.1	Syngnathoides biaculeatus	133507405		373	kept	representative	XP_061688350.1 prelp [organism=Syngnathoides biaculeatus] [GeneID=133507405]	Syngnathoides_biaculeatus|PRELP|XP_061688350.1
PRELP	XP_059795438.1	Balaenoptera ricei	132374943		381	kept	representative	XP_059795438.1 PRELP [organism=Balaenoptera ricei] [GeneID=132374943]	Balaenoptera_ricei|PRELP|XP_059795438.1
PRELP	XP_072700698.1	Ciconia boyciana	140643137		371	kept	representative	XP_072700698.1 PRELP [organism=Ciconia boyciana] [GeneID=140643137]	Ciconia_boyciana|PRELP|XP_072700698.1
PRELP	XP_009976475.1	Tauraco erythrolophus	104372484		371	kept	representative	XP_009976475.1 PRELP [organism=Tauraco erythrolophus] [GeneID=104372484]	Tauraco_erythrolophus|PRELP|XP_009976475.1
PRELP	XP_042538124.1	Dipodomys spectabilis	122109660		378	kept	representative	XP_042538124.1 Prelp [organism=Dipodomys spectabilis] [GeneID=122109660]	Dipodomys_spectabilis|PRELP|XP_042538124.1
PRELP	XP_085944199.1	Leptonotus elevatus	147167061		375	kept	representative	XP_085944199.1 prelp [organism=Leptonotus elevatus] [GeneID=147167061]	Leptonotus_elevatus|PRELP|XP_085944199.1
PRELP	XP_023797855.1	Cyanistes caeruleus	111939743		371	kept	representative	XP_023797855.1 PRELP [organism=Cyanistes caeruleus] [GeneID=111939743]	Cyanistes_caeruleus|PRELP|XP_023797855.1
PRELP	XP_076729272.1	Callospermophilus lateralis	143412270		383	kept	representative	XP_076729272.1 Prelp [organism=Callospermophilus lateralis] [GeneID=143412270]	Callospermophilus_lateralis|PRELP|XP_076729272.1
PRELP	XP_079012600.1	Pholis gunnellus	306693830		379	kept	representative	XP_079012600.1 prelp [organism=Pholis gunnellus] [GeneID=306693830]	Pholis_gunnellus|PRELP|XP_079012600.1
PRELP	XP_083796059.1	Echiichthys vipera	310966115	1	379	kept	representative	XP_083796059.1 prelp [organism=Echiichthys vipera] [GeneID=310966115] [isoform=1]	Echiichthys_vipera|PRELP|XP_083796059.1
PRELP	XP_083796060.1	Echiichthys vipera	310966115	1	379	excluded	extra_isoform_same_locus	XP_083796060.1 prelp [organism=Echiichthys vipera] [GeneID=310966115] [isoform=1]	Echiichthys_vipera|PRELP|XP_083796060.1
PRELP	XP_036765500.1	Manis pentadactyla	118924650		381	kept	representative	XP_036765500.1 PRELP [organism=Manis pentadactyla] [GeneID=118924650]	Manis_pentadactyla|PRELP|XP_036765500.1
PRELP	XP_075052141.1	Mixophyes fleayi	142138926		374	kept	representative	XP_075052141.1 PRELP [organism=Mixophyes fleayi] [GeneID=142138926]	Mixophyes_fleayi|PRELP|XP_075052141.1
PRELP	XP_075052142.1	Mixophyes fleayi	142138926		374	excluded	extra_isoform_same_locus	XP_075052142.1 PRELP [organism=Mixophyes fleayi] [GeneID=142138926]	Mixophyes_fleayi|PRELP|XP_075052142.1
PRELP	XP_075052143.1	Mixophyes fleayi	142138926		374	excluded	extra_isoform_same_locus	XP_075052143.1 PRELP [organism=Mixophyes fleayi] [GeneID=142138926]	Mixophyes_fleayi|PRELP|XP_075052143.1
PRELP	XP_080976652.1	Miniopterus schreibersii	308548666	1	379	kept	representative	XP_080976652.1 PRELP [organism=Miniopterus schreibersii] [GeneID=308548666] [isoform=1]	Miniopterus_schreibersii|PRELP|XP_080976652.1
PRELP	XP_080976653.1	Miniopterus schreibersii	308548666	1	379	excluded	extra_isoform_same_locus	XP_080976653.1 PRELP [organism=Miniopterus schreibersii] [GeneID=308548666] [isoform=1]	Miniopterus_schreibersii|PRELP|XP_080976653.1
PRELP	XP_080976654.1	Miniopterus schreibersii	308548666	1	379	excluded	extra_isoform_same_locus	XP_080976654.1 PRELP [organism=Miniopterus schreibersii] [GeneID=308548666] [isoform=1]	Miniopterus_schreibersii|PRELP|XP_080976654.1
PRELP	XP_080976655.1	Miniopterus schreibersii	308548666	1	379	excluded	extra_isoform_same_locus	XP_080976655.1 PRELP [organism=Miniopterus schreibersii] [GeneID=308548666] [isoform=1]	Miniopterus_schreibersii|PRELP|XP_080976655.1
PRELP	XP_080976656.1	Miniopterus schreibersii	308548666	1	379	excluded	extra_isoform_same_locus	XP_080976656.1 PRELP [organism=Miniopterus schreibersii] [GeneID=308548666] [isoform=1]	Miniopterus_schreibersii|PRELP|XP_080976656.1
PRELP	XP_080976657.1	Miniopterus schreibersii	308548666	1	379	excluded	extra_isoform_same_locus	XP_080976657.1 PRELP [organism=Miniopterus schreibersii] [GeneID=308548666] [isoform=1]	Miniopterus_schreibersii|PRELP|XP_080976657.1
PRELP	XP_084938956.1	Lichenostomus cassidix	146427025		371	kept	representative	XP_084938956.1 PRELP [organism=Lichenostomus cassidix] [GeneID=146427025]	Lichenostomus_cassidix|PRELP|XP_084938956.1
PRELP	XP_067443816.1	Thunnus thynnus	137181759		379	kept	representative	XP_067443816.1 prelp [organism=Thunnus thynnus] [GeneID=137181759]	Thunnus_thynnus|PRELP|XP_067443816.1
PRELP	XP_068851962.1	Aphelocoma coerulescens	138098934		371	kept	representative	XP_068851962.1 PRELP [organism=Aphelocoma coerulescens] [GeneID=138098934]	Aphelocoma_coerulescens|PRELP|XP_068851962.1
PRELP	XP_072238540.1	Leuresthes tenuis	140303615	X1	382	excluded	extra_isoform_same_locus	XP_072238540.1 prelp [organism=Leuresthes tenuis] [GeneID=140303615] [isoform=X1]	Leuresthes_tenuis|PRELP|XP_072238540.1
PRELP	XP_072238541.1	Leuresthes tenuis	140303615	X2	376	kept	representative	XP_072238541.1 prelp [organism=Leuresthes tenuis] [GeneID=140303615] [isoform=X2]	Leuresthes_tenuis|PRELP|XP_072238541.1
PRELP	XP_001518615.1	Ornithorhynchus anatinus	100089117		379	kept	representative	XP_001518615.1 PRELP [organism=Ornithorhynchus anatinus] [GeneID=100089117]	Ornithorhynchus_anatinus|PRELP|XP_001518615.1
PRELP	XP_061910938.1	Entelurus aequoreus	133655048		373	kept	representative	XP_061910938.1 prelp [organism=Entelurus aequoreus] [GeneID=133655048]	Entelurus_aequoreus|PRELP|XP_061910938.1
PRELP	XP_006772062.1	Myotis davidii	102765243		372	kept	representative	XP_006772062.1 PRELP [organism=Myotis davidii] [GeneID=102765243]	Myotis_davidii|PRELP|XP_006772062.1
PRELP	XP_006772063.1	Myotis davidii	102765243		372	excluded	extra_isoform_same_locus	XP_006772063.1 PRELP [organism=Myotis davidii] [GeneID=102765243]	Myotis_davidii|PRELP|XP_006772063.1
PRELP	XP_062271919.1	Scomber scombrus	133977686		378	kept	representative	XP_062271919.1 prelp [organism=Scomber scombrus] [GeneID=133977686]	Scomber_scombrus|PRELP|XP_062271919.1
PRELP	XP_062271920.1	Scomber scombrus	133977686		378	excluded	extra_isoform_same_locus	XP_062271920.1 prelp [organism=Scomber scombrus] [GeneID=133977686]	Scomber_scombrus|PRELP|XP_062271920.1
PRELP	XP_069897877.1	Dipodomys merriami	138841159		378	kept	representative	XP_069897877.1 Prelp [organism=Dipodomys merriami] [GeneID=138841159]	Dipodomys_merriami|PRELP|XP_069897877.1
PRELP	XP_080881347.1	Rhinolophus hipposideros	308487202	1	379	kept	representative	XP_080881347.1 PRELP [organism=Rhinolophus hipposideros] [GeneID=308487202] [isoform=1]	Rhinolophus_hipposideros|PRELP|XP_080881347.1
PRELP	XP_021394461.1	Lonchura striata	110474974		371	kept	representative	XP_021394461.1 PRELP [organism=Lonchura striata] [GeneID=110474974]	Lonchura_striata|PRELP|XP_021394461.1
PRELP	XP_068598557.1	Brachionichthys hirsutus	137898422		379	kept	representative	XP_068598557.1 prelp [organism=Brachionichthys hirsutus] [GeneID=137898422]	Brachionichthys_hirsutus|PRELP|XP_068598557.1
PRELP	XP_030585681.1	Archocentrus centrarchus	115780563		383	kept	representative	XP_030585681.1 prelp [organism=Archocentrus centrarchus] [GeneID=115780563]	Archocentrus_centrarchus|PRELP|XP_030585681.1
PRELP	XP_043108289.1	Puntigrus tetrazona	122354220		380	kept	representative	XP_043108289.1 LOC122354220 [organism=Puntigrus tetrazona] [GeneID=122354220]	Puntigrus_tetrazona|PRELP|XP_043108289.1
PRELP	XP_005348425.1	Microtus ochrogaster	102001529		381	kept	representative	XP_005348425.1 Prelp [organism=Microtus ochrogaster] [GeneID=102001529]	Microtus_ochrogaster|PRELP|XP_005348425.1
PRELP	XP_013202240.1	Microtus ochrogaster	102001529		381	excluded	extra_isoform_same_locus	XP_013202240.1 Prelp [organism=Microtus ochrogaster] [GeneID=102001529]	Microtus_ochrogaster|PRELP|XP_013202240.1
PRELP	XP_013202242.1	Microtus ochrogaster	102001529		381	excluded	extra_isoform_same_locus	XP_013202242.1 Prelp [organism=Microtus ochrogaster] [GeneID=102001529]	Microtus_ochrogaster|PRELP|XP_013202242.1
PRELP	XP_026571328.1	Pseudonaja textilis	113446086		371	kept	representative	XP_026571328.1 PRELP [organism=Pseudonaja textilis] [GeneID=113446086]	Pseudonaja_textilis|PRELP|XP_026571328.1
PRELP	XP_026571329.1	Pseudonaja textilis	113446086		371	excluded	extra_isoform_same_locus	XP_026571329.1 PRELP [organism=Pseudonaja textilis] [GeneID=113446086]	Pseudonaja_textilis|PRELP|XP_026571329.1
PRELP	XP_026571330.1	Pseudonaja textilis	113446086		371	excluded	extra_isoform_same_locus	XP_026571330.1 PRELP [organism=Pseudonaja textilis] [GeneID=113446086]	Pseudonaja_textilis|PRELP|XP_026571330.1
PRELP	XP_035935453.1	Halichoerus grypus	118527653	X2	383	excluded	extra_isoform_same_locus	XP_035935453.1 PRELP [organism=Halichoerus grypus] [GeneID=118527653] [isoform=X2]	Halichoerus_grypus|PRELP|XP_035935453.1
PRELP	XP_035935454.1	Halichoerus grypus	118527653	X3	377	kept	representative	XP_035935454.1 PRELP [organism=Halichoerus grypus] [GeneID=118527653] [isoform=X3]	Halichoerus_grypus|PRELP|XP_035935454.1
PRELP	XP_035935456.1	Halichoerus grypus	118527653	X3	377	excluded	extra_isoform_same_locus	XP_035935456.1 PRELP [organism=Halichoerus grypus] [GeneID=118527653] [isoform=X3]	Halichoerus_grypus|PRELP|XP_035935456.1
PRELP	XP_077934404.1	Halichoerus grypus	118527653	X1	388	excluded	extra_isoform_same_locus	XP_077934404.1 PRELP [organism=Halichoerus grypus] [GeneID=118527653] [isoform=X1]	Halichoerus_grypus|PRELP|XP_077934404.1
PRELP	XP_077934405.1	Halichoerus grypus	118527653	X3	377	excluded	extra_isoform_same_locus	XP_077934405.1 PRELP [organism=Halichoerus grypus] [GeneID=118527653] [isoform=X3]	Halichoerus_grypus|PRELP|XP_077934405.1
PRELP	XP_077934406.1	Halichoerus grypus	118527653	X3	377	excluded	extra_isoform_same_locus	XP_077934406.1 PRELP [organism=Halichoerus grypus] [GeneID=118527653] [isoform=X3]	Halichoerus_grypus|PRELP|XP_077934406.1
PRELP	XP_055454171.1	Psammomys obesus	129669813		378	kept	representative	XP_055454171.1 Prelp [organism=Psammomys obesus] [GeneID=129669813]	Psammomys_obesus|PRELP|XP_055454171.1
PRELP	XP_083744897.1	Microchirus variegatus	310926603		379	kept	representative	XP_083744897.1 prelp [organism=Microchirus variegatus] [GeneID=310926603]	Microchirus_variegatus|PRELP|XP_083744897.1
PRELP	XP_013052120.1	Anser cygnoides	106045893		374	kept	representative	XP_013052120.1 PRELP [organism=Anser cygnoides] [GeneID=106045893]	Anser_cygnoides|PRELP|XP_013052120.1
PRELP	XP_047927124.1	Anser cygnoides	106045893		374	excluded	extra_isoform_same_locus	XP_047927124.1 PRELP [organism=Anser cygnoides] [GeneID=106045893]	Anser_cygnoides|PRELP|XP_047927124.1
PRELP	XP_021054470.1	Mus pahari	110322224		377	kept	representative	XP_021054470.1 Prelp [organism=Mus pahari] [GeneID=110322224]	Mus_pahari|PRELP|XP_021054470.1
PRELP	XP_027801521.1	Marmota flaviventris	114100869		383	kept	representative	XP_027801521.1 Prelp [organism=Marmota flaviventris] [GeneID=114100869]	Marmota_flaviventris|PRELP|XP_027801521.1
PRELP	XP_071475838.1	Marmota flaviventris	114100869		383	excluded	extra_isoform_same_locus	XP_071475838.1 Prelp [organism=Marmota flaviventris] [GeneID=114100869]	Marmota_flaviventris|PRELP|XP_071475838.1
PRELP	XP_032074850.1	Thamnophis elegans	116509698		369	kept	representative	XP_032074850.1 PRELP [organism=Thamnophis elegans] [GeneID=116509698]	Thamnophis_elegans|PRELP|XP_032074850.1
PRELP	XP_044123580.1	Neogale vison	122918814	X1	424	excluded	extra_isoform_same_locus	XP_044123580.1 PRELP [organism=Neogale vison] [GeneID=122918814] [isoform=X1]	Neogale_vison|PRELP|XP_044123580.1
PRELP	XP_044123582.1	Neogale vison	122918814	X2	379	kept	representative	XP_044123582.1 PRELP [organism=Neogale vison] [GeneID=122918814] [isoform=X2]	Neogale_vison|PRELP|XP_044123582.1
PRELP	XP_044123583.1	Neogale vison	122918814	X2	379	excluded	extra_isoform_same_locus	XP_044123583.1 PRELP [organism=Neogale vison] [GeneID=122918814] [isoform=X2]	Neogale_vison|PRELP|XP_044123583.1
PRELP	XP_044123584.1	Neogale vison	122918814	X3	392	excluded	extra_isoform_same_locus	XP_044123584.1 PRELP [organism=Neogale vison] [GeneID=122918814] [isoform=X3]	Neogale_vison|PRELP|XP_044123584.1
PRELP	XP_050978870.1	Labeo rohita	127173202		389	kept	representative	XP_050978870.1 prelp [organism=Labeo rohita] [GeneID=127173202]	Labeo_rohita|PRELP|XP_050978870.1
PRELP	XP_051854557.1	Antechinus flavipes	127562692		387	kept	representative	XP_051854557.1 PRELP [organism=Antechinus flavipes] [GeneID=127562692]	Antechinus_flavipes|PRELP|XP_051854557.1
PRELP	XP_084204119.1	Pagrus pagrus	311254293		379	kept	representative	XP_084204119.1 prelp [organism=Pagrus pagrus] [GeneID=311254293]	Pagrus_pagrus|PRELP|XP_084204119.1
PRELP	XP_065794259.1	Muntiacus reevesi	136169925		381	kept	representative	XP_065794259.1 PRELP [organism=Muntiacus reevesi] [GeneID=136169925]	Muntiacus_reevesi|PRELP|XP_065794259.1
PRELP	XP_071993414.1	Engystomops pustulosus	140118887		374	kept	representative	XP_071993414.1 PRELP [organism=Engystomops pustulosus] [GeneID=140118887]	Engystomops_pustulosus|PRELP|XP_071993414.1
PRELP	XP_006784448.1	Neolamprologus brichardi	102788397		379	kept	representative	XP_006784448.1 LOC102788397 [organism=Neolamprologus brichardi] [GeneID=102788397]	Neolamprologus_brichardi|PRELP|XP_006784448.1
PRELP	XP_024649527.1	Macaca nemestrina	105484772		382	kept	representative	XP_024649527.1 PRELP [organism=Macaca nemestrina] [GeneID=105484772]	Macaca_nemestrina|PRELP|XP_024649527.1
PRELP	XP_070934539.1	Macaca nemestrina	105484772		382	excluded	extra_isoform_same_locus	XP_070934539.1 PRELP [organism=Macaca nemestrina] [GeneID=105484772]	Macaca_nemestrina|PRELP|XP_070934539.1
PRELP	XP_083627940.1	Protomyctophum parallelum	310863463	1	394	kept	representative	XP_083627940.1 prelp [organism=Protomyctophum parallelum] [GeneID=310863463] [isoform=1]	Protomyctophum_parallelum|PRELP|XP_083627940.1
PRELP	XP_083627941.1	Protomyctophum parallelum	310863463	1	394	excluded	extra_isoform_same_locus	XP_083627941.1 prelp [organism=Protomyctophum parallelum] [GeneID=310863463] [isoform=1]	Protomyctophum_parallelum|PRELP|XP_083627941.1
PRELP	XP_026077149.1	Carassius auratus	113055240		380	kept	representative	XP_026077149.1 prelp [organism=Carassius auratus] [GeneID=113055240]	Carassius_auratus|PRELP|XP_026077149.1
PRELP	XP_008683364.1	Ursus maritimus	103657736		379	kept	representative	XP_008683364.1 PRELP [organism=Ursus maritimus] [GeneID=103657736]	Ursus_maritimus|PRELP|XP_008683364.1
PRELP	XP_008683365.1	Ursus maritimus	103657736		379	excluded	extra_isoform_same_locus	XP_008683365.1 PRELP [organism=Ursus maritimus] [GeneID=103657736]	Ursus_maritimus|PRELP|XP_008683365.1
PRELP	XP_071435010.1	Pithys albifrons albifrons	139683604		371	kept	representative	XP_071435010.1 PRELP [organism=Pithys albifrons albifrons] [GeneID=139683604]	Pithys_albifrons_albifrons|PRELP|XP_071435010.1
PRELP	XP_046196938.1	Oncorhynchus gorbuscha	124029171		380	kept	representative	XP_046196938.1 LOC124029171 [organism=Oncorhynchus gorbuscha] [GeneID=124029171]	Oncorhynchus_gorbuscha|PRELP|XP_046196938.1
PRELP	XP_028620601.1	Grammomys surdaster	114618921		378	kept	representative	XP_028620601.1 Prelp [organism=Grammomys surdaster] [GeneID=114618921]	Grammomys_surdaster|PRELP|XP_028620601.1
PRELP	XP_049490365.1	Panthera uncia	125925431		379	kept	representative	XP_049490365.1 PRELP [organism=Panthera uncia] [GeneID=125925431]	Panthera_uncia|PRELP|XP_049490365.1
PRELP	XP_059852368.1	Delphinus delphis	132414083		381	kept	representative	XP_059852368.1 PRELP [organism=Delphinus delphis] [GeneID=132414083]	Delphinus_delphis|PRELP|XP_059852368.1
PRELP	XP_046240117.1	Scatophagus argus	124056581		379	kept	representative	XP_046240117.1 LOC124056581 [organism=Scatophagus argus] [GeneID=124056581]	Scatophagus_argus|PRELP|XP_046240117.1
PRELP	XP_027976088.1	Eumetopias jubatus	114221971		377	kept	representative	XP_027976088.1 PRELP [organism=Eumetopias jubatus] [GeneID=114221971]	Eumetopias_jubatus|PRELP|XP_027976088.1
PRELP	XP_048782031.1	Lagopus muta	125684163		374	kept	representative	XP_048782031.1 PRELP [organism=Lagopus muta] [GeneID=125684163]	Lagopus_muta|PRELP|XP_048782031.1
PRELP	XP_069800505.1	Dendropsophus ebraccatus	138767128		374	kept	representative	XP_069800505.1 PRELP [organism=Dendropsophus ebraccatus] [GeneID=138767128]	Dendropsophus_ebraccatus|PRELP|XP_069800505.1
PRELP	XP_001915309.1	Equus caballus	100053463		379	kept	representative	XP_001915309.1 PRELP [organism=Equus caballus] [GeneID=100053463]	Equus_caballus|PRELP|XP_001915309.1
PRELP	XP_005609631.1	Equus caballus	100053463		379	excluded	extra_isoform_same_locus	XP_005609631.1 PRELP [organism=Equus caballus] [GeneID=100053463]	Equus_caballus|PRELP|XP_005609631.1
PRELP	XP_036254473.1	Molothrus ater	118696420		369	kept	representative	XP_036254473.1 PRELP [organism=Molothrus ater] [GeneID=118696420]	Molothrus_ater|PRELP|XP_036254473.1
PRELP	XP_079402459.1	Tetrao urogallus	306955099		374	kept	representative	XP_079402459.1 PRELP [organism=Tetrao urogallus] [GeneID=306955099]	Tetrao_urogallus|PRELP|XP_079402459.1
PRELP	XP_083827251.1	Trachurus trachurus	310985513	1	383	kept	representative	XP_083827251.1 prelp [organism=Trachurus trachurus] [GeneID=310985513] [isoform=1]	Trachurus_trachurus|PRELP|XP_083827251.1
PRELP	XP_083827252.1	Trachurus trachurus	310985513	1	383	excluded	extra_isoform_same_locus	XP_083827252.1 prelp [organism=Trachurus trachurus] [GeneID=310985513] [isoform=1]	Trachurus_trachurus|PRELP|XP_083827252.1
PRELP	XP_084721861.1	Pipistrellus hanaki	311612645	1	378	kept	representative	XP_084721861.1 PRELP [organism=Pipistrellus hanaki] [GeneID=311612645] [isoform=1]	Pipistrellus_hanaki|PRELP|XP_084721861.1
PRELP	XP_084721862.1	Pipistrellus hanaki	311612645	1	378	excluded	extra_isoform_same_locus	XP_084721862.1 PRELP [organism=Pipistrellus hanaki] [GeneID=311612645] [isoform=1]	Pipistrellus_hanaki|PRELP|XP_084721862.1
PRELP	XP_084721863.1	Pipistrellus hanaki	311612645	1	378	excluded	extra_isoform_same_locus	XP_084721863.1 PRELP [organism=Pipistrellus hanaki] [GeneID=311612645] [isoform=1]	Pipistrellus_hanaki|PRELP|XP_084721863.1
PRELP	XP_012687462.2	Clupea harengus	105904164		384	kept	representative	XP_012687462.2 LOC105904164 [organism=Clupea harengus] [GeneID=105904164]	Clupea_harengus|PRELP|XP_012687462.2
PRELP	XP_006834175.1	Chrysochloris asiatica	102819676		379	kept	representative	XP_006834175.1 PRELP [organism=Chrysochloris asiatica] [GeneID=102819676]	Chrysochloris_asiatica|PRELP|XP_006834175.1
PRELP	XP_009676766.1	Struthio camelus	104146450		371	kept	representative	XP_009676766.1 PRELP [organism=Struthio camelus] [GeneID=104146450]	Struthio_camelus|PRELP|XP_009676766.1
PRELP	XP_068774025.1	Struthio camelus	104146450		371	excluded	extra_isoform_same_locus	XP_068774025.1 PRELP [organism=Struthio camelus] [GeneID=104146450]	Struthio_camelus|PRELP|XP_068774025.1
PRELP	XP_053724445.1	Synchiropus splendidus	128760798		372	kept	representative	XP_053724445.1 prelp [organism=Synchiropus splendidus] [GeneID=128760798]	Synchiropus_splendidus|PRELP|XP_053724445.1
PRELP	XP_056700437.1	Euleptes europaea	130472953		368	kept	representative	XP_056700437.1 PRELP [organism=Euleptes europaea] [GeneID=130472953]	Euleptes_europaea|PRELP|XP_056700437.1
PRELP	XP_064589267.1	Zonotrichia leucophrys gambelii	135458200		369	kept	representative	XP_064589267.1 PRELP [organism=Zonotrichia leucophrys gambelii] [GeneID=135458200]	Zonotrichia_leucophrys_gambelii|PRELP|XP_064589267.1
PRELP	XP_064589268.1	Zonotrichia leucophrys gambelii	135458200		369	excluded	extra_isoform_same_locus	XP_064589268.1 PRELP [organism=Zonotrichia leucophrys gambelii] [GeneID=135458200]	Zonotrichia_leucophrys_gambelii|PRELP|XP_064589268.1
PRELP	XP_006993276.1	Peromyscus maniculatus bairdii	102917387		378	kept	representative	XP_006993276.1 Prelp [organism=Peromyscus maniculatus bairdii] [GeneID=102917387]	Peromyscus_maniculatus_bairdii|PRELP|XP_006993276.1
PRELP	XP_015842247.1	Peromyscus maniculatus bairdii	102917387		378	excluded	extra_isoform_same_locus	XP_015842247.1 Prelp [organism=Peromyscus maniculatus bairdii] [GeneID=102917387]	Peromyscus_maniculatus_bairdii|PRELP|XP_015842247.1
PRELP	XP_076403545.1	Peromyscus maniculatus bairdii	102917387		378	excluded	extra_isoform_same_locus	XP_076403545.1 Prelp [organism=Peromyscus maniculatus bairdii] [GeneID=102917387]	Peromyscus_maniculatus_bairdii|PRELP|XP_076403545.1
PRELP	XP_086621967.1	Chlamydotis macqueenii	104476871		371	kept	representative	XP_086621967.1 PRELP [organism=Chlamydotis macqueenii] [GeneID=104476871]	Chlamydotis_macqueenii|PRELP|XP_086621967.1
PRELP	XP_021233067.1	Numida meleagris	110388279		374	kept	representative	XP_021233067.1 PRELP [organism=Numida meleagris] [GeneID=110388279]	Numida_meleagris|PRELP|XP_021233067.1
PRELP	XP_053172127.1	Scomber japonicus	128355797		378	kept	representative	XP_053172127.1 prelp [organism=Scomber japonicus] [GeneID=128355797]	Scomber_japonicus|PRELP|XP_053172127.1
PRELP	XP_053172128.1	Scomber japonicus	128355797		378	excluded	extra_isoform_same_locus	XP_053172128.1 prelp [organism=Scomber japonicus] [GeneID=128355797]	Scomber_japonicus|PRELP|XP_053172128.1
PRELP	XP_064492148.1	Pseudopipra pipra	135402697		371	kept	representative	XP_064492148.1 PRELP [organism=Pseudopipra pipra] [GeneID=135402697]	Pseudopipra_pipra|PRELP|XP_064492148.1
PRELP	XP_074384229.1	Zonotrichia albicollis	141725268		369	kept	representative	XP_074384229.1 PRELP [organism=Zonotrichia albicollis] [GeneID=141725268]	Zonotrichia_albicollis|PRELP|XP_074384229.1
PRELP	XP_074384230.1	Zonotrichia albicollis	141725268		369	excluded	extra_isoform_same_locus	XP_074384230.1 PRELP [organism=Zonotrichia albicollis] [GeneID=141725268]	Zonotrichia_albicollis|PRELP|XP_074384230.1
PRELP	XP_084709295.1	Heloderma suspectum	146348467		368	kept	representative	XP_084709295.1 PRELP [organism=Heloderma suspectum] [GeneID=146348467]	Heloderma_suspectum|PRELP|XP_084709295.1
PRELP	XP_084709296.1	Heloderma suspectum	146348467		368	excluded	extra_isoform_same_locus	XP_084709296.1 PRELP [organism=Heloderma suspectum] [GeneID=146348467]	Heloderma_suspectum|PRELP|XP_084709296.1
PRELP	XP_054032380.1	Dryobates pubescens	104305401		371	kept	representative	XP_054032380.1 PRELP [organism=Dryobates pubescens] [GeneID=104305401]	Dryobates_pubescens|PRELP|XP_054032380.1
PRELP	XP_042781724.1	Panthera leo	122212110		379	kept	representative	XP_042781724.1 PRELP [organism=Panthera leo] [GeneID=122212110]	Panthera_leo|PRELP|XP_042781724.1
PRELP	XP_070252417.1	Myotis yumanensis	138995689		372	kept	representative	XP_070252417.1 PRELP [organism=Myotis yumanensis] [GeneID=138995689]	Myotis_yumanensis|PRELP|XP_070252417.1
PRELP	XP_070252418.1	Myotis yumanensis	138995689		372	excluded	extra_isoform_same_locus	XP_070252418.1 PRELP [organism=Myotis yumanensis] [GeneID=138995689]	Myotis_yumanensis|PRELP|XP_070252418.1
PRELP	XP_081082004.1	Mesoplodon bidens	308613011		381	kept	representative	XP_081082004.1 PRELP [organism=Mesoplodon bidens] [GeneID=308613011]	Mesoplodon_bidens|PRELP|XP_081082004.1
PRELP	XP_081891637.1	Branta canadensis	309429850	1	374	kept	representative	XP_081891637.1 PRELP [organism=Branta canadensis] [GeneID=309429850] [isoform=1]	Branta_canadensis|PRELP|XP_081891637.1
PRELP	XP_081891638.1	Branta canadensis	309429850	1	374	excluded	extra_isoform_same_locus	XP_081891638.1 PRELP [organism=Branta canadensis] [GeneID=309429850] [isoform=1]	Branta_canadensis|PRELP|XP_081891638.1
PRELP	XP_009952915.1	Leptosomus discolor	104349156		371	kept	representative	XP_009952915.1 PRELP [organism=Leptosomus discolor] [GeneID=104349156]	Leptosomus_discolor|PRELP|XP_009952915.1
PRELP	XP_009076760.1	Acanthisitta chloris	103805850		353	kept	representative	XP_009076760.1 PRELP [organism=Acanthisitta chloris] [GeneID=103805850]	Acanthisitta_chloris|PRELP|XP_009076760.1
PRELP	XP_075996945.1	Genypterus blacodes	142990942		381	kept	representative	XP_075996945.1 prelp [organism=Genypterus blacodes] [GeneID=142990942]	Genypterus_blacodes|PRELP|XP_075996945.1
PRELP	XP_017271229.1	Kryptolebias marmoratus	108235624		379	kept	representative	XP_017271229.1 LOC108235624 [organism=Kryptolebias marmoratus] [GeneID=108235624]	Kryptolebias_marmoratus|PRELP|XP_017271229.1
PRELP	XP_037108772.1	Syngnathus acus	119123625		373	kept	representative	XP_037108772.1 LOC119123625 [organism=Syngnathus acus] [GeneID=119123625]	Syngnathus_acus|PRELP|XP_037108772.1
PRELP	XP_004699879.1	Echinops telfairi	101640645		378	kept	representative	XP_004699879.1 PRELP [organism=Echinops telfairi] [GeneID=101640645]	Echinops_telfairi|PRELP|XP_004699879.1
PRELP	XP_045154070.1	Echinops telfairi	101640645		378	excluded	extra_isoform_same_locus	XP_045154070.1 PRELP [organism=Echinops telfairi] [GeneID=101640645]	Echinops_telfairi|PRELP|XP_045154070.1
PRELP	XP_032174188.1	Mustela erminea	116576257		379	kept	representative	XP_032174188.1 PRELP [organism=Mustela erminea] [GeneID=116576257]	Mustela_erminea|PRELP|XP_032174188.1
PRELP	XP_032174189.1	Mustela erminea	116576257		379	excluded	extra_isoform_same_locus	XP_032174189.1 PRELP [organism=Mustela erminea] [GeneID=116576257]	Mustela_erminea|PRELP|XP_032174189.1
PRELP	XP_028302024.1	Gouania willdenowi	114463014		373	kept	representative	XP_028302024.1 prelp [organism=Gouania willdenowi] [GeneID=114463014]	Gouania_willdenowi|PRELP|XP_028302024.1
PRELP	XP_028302025.1	Gouania willdenowi	114463014		373	excluded	extra_isoform_same_locus	XP_028302025.1 prelp [organism=Gouania willdenowi] [GeneID=114463014]	Gouania_willdenowi|PRELP|XP_028302025.1
PRELP	XP_083523975.1	Argentina silus	310803164		377	kept	representative	XP_083523975.1 prelp [organism=Argentina silus] [GeneID=310803164]	Argentina_silus|PRELP|XP_083523975.1
PRELP	XP_044144218.1	Bufo gargarizans	122933338	X1	380	kept	representative	XP_044144218.1 PRELP [organism=Bufo gargarizans] [GeneID=122933338] [isoform=X1]	Bufo_gargarizans|PRELP|XP_044144218.1
PRELP	XP_044144219.1	Bufo gargarizans	122933338	X2	374	excluded	extra_isoform_same_locus	XP_044144219.1 PRELP [organism=Bufo gargarizans] [GeneID=122933338] [isoform=X2]	Bufo_gargarizans|PRELP|XP_044144219.1
PRELP	XP_061218933.1	Neopsephotus bourkii	133217449		371	kept	representative	XP_061218933.1 PRELP [organism=Neopsephotus bourkii] [GeneID=133217449]	Neopsephotus_bourkii|PRELP|XP_061218933.1
PRELP	XP_080866347.1	Podarcis pityusensis	308479511		368	kept	representative	XP_080866347.1 PRELP [organism=Podarcis pityusensis] [GeneID=308479511]	Podarcis_pityusensis|PRELP|XP_080866347.1
PRELP	XP_040472954.1	Falco naumanni	121098726		371	kept	representative	XP_040472954.1 PRELP [organism=Falco naumanni] [GeneID=121098726]	Falco_naumanni|PRELP|XP_040472954.1
PRELP	XP_012614227.1	Microcebus murinus	105868177		380	kept	representative	XP_012614227.1 PRELP [organism=Microcebus murinus] [GeneID=105868177]	Microcebus_murinus|PRELP|XP_012614227.1
PRELP	XP_012614231.1	Microcebus murinus	105868177		380	excluded	extra_isoform_same_locus	XP_012614231.1 PRELP [organism=Microcebus murinus] [GeneID=105868177]	Microcebus_murinus|PRELP|XP_012614231.1
PRELP	XP_077628201.1	Crocuta crocuta	144238284		379	kept	representative	XP_077628201.1 PRELP [organism=Crocuta crocuta] [GeneID=144238284]	Crocuta_crocuta|PRELP|XP_077628201.1
PRELP	XP_077628202.1	Crocuta crocuta	144238284		379	excluded	extra_isoform_same_locus	XP_077628202.1 PRELP [organism=Crocuta crocuta] [GeneID=144238284]	Crocuta_crocuta|PRELP|XP_077628202.1
PRELP	XP_010583034.1	Haliaeetus leucocephalus	104842408		371	kept	representative	XP_010583034.1 PRELP [organism=Haliaeetus leucocephalus] [GeneID=104842408]	Haliaeetus_leucocephalus|PRELP|XP_010583034.1
PRELP	XP_060087386.1	Heteronotia binoei	132566396		368	kept	representative	XP_060087386.1 PRELP [organism=Heteronotia binoei] [GeneID=132566396]	Heteronotia_binoei|PRELP|XP_060087386.1
PRELP	XP_029358081.1	Echeneis naucrates	115043610		392	kept	representative	XP_029358081.1 prelp [organism=Echeneis naucrates] [GeneID=115043610]	Echeneis_naucrates|PRELP|XP_029358081.1
PRELP	XP_083517861.1	Poromitra crassiceps	310799167		395	kept	representative	XP_083517861.1 prelp [organism=Poromitra crassiceps] [GeneID=310799167]	Poromitra_crassiceps|PRELP|XP_083517861.1
PRELP	XP_026719971.1	Athene cunicularia	113488825		371	kept	representative	XP_026719971.1 PRELP [organism=Athene cunicularia] [GeneID=113488825]	Athene_cunicularia|PRELP|XP_026719971.1
PRELP	XP_026719972.1	Athene cunicularia	113488825		371	excluded	extra_isoform_same_locus	XP_026719972.1 PRELP [organism=Athene cunicularia] [GeneID=113488825]	Athene_cunicularia|PRELP|XP_026719972.1
PRELP	XP_017687748.1	Lepidothrix coronata	108505845		371	kept	representative	XP_017687748.1 PRELP [organism=Lepidothrix coronata] [GeneID=108505845]	Lepidothrix_coronata|PRELP|XP_017687748.1
PRELP	XP_020040095.2	Castor canadensis	109699670		385	kept	representative	XP_020040095.2 Prelp [organism=Castor canadensis] [GeneID=109699670]	Castor_canadensis|PRELP|XP_020040095.2
PRELP	XP_073904689.1	Castor canadensis	109699670		385	excluded	extra_isoform_same_locus	XP_073904689.1 Prelp [organism=Castor canadensis] [GeneID=109699670]	Castor_canadensis|PRELP|XP_073904689.1
PRELP	XP_070795856.1	Pituophis catenifer annectens	139314198		369	kept	representative	XP_070795856.1 PRELP [organism=Pituophis catenifer annectens] [GeneID=139314198]	Pituophis_catenifer_annectens|PRELP|XP_070795856.1
PRELP	XP_082253032.1	Balaenoptera borealis	309631003		381	kept	representative	XP_082253032.1 PRELP [organism=Balaenoptera borealis] [GeneID=309631003]	Balaenoptera_borealis|PRELP|XP_082253032.1
PRELP	XP_082389525.1	Aulonocara stuartgranti	309706668	1	401	excluded	extra_isoform_same_locus	XP_082389525.1 prelp [organism=Aulonocara stuartgranti] [GeneID=309706668] [isoform=1]	Aulonocara_stuartgranti|PRELP|XP_082389525.1
PRELP	XP_082389526.1	Aulonocara stuartgranti	309706668	2	379	kept	representative	XP_082389526.1 prelp [organism=Aulonocara stuartgranti] [GeneID=309706668] [isoform=2]	Aulonocara_stuartgranti|PRELP|XP_082389526.1
PRELP	XP_036415495.1	Colossoma macropomum	118799635		378	kept	representative	XP_036415495.1 LOC118799635 [organism=Colossoma macropomum] [GeneID=118799635]	Colossoma_macropomum|PRELP|XP_036415495.1
PRELP	XP_005804370.1	Xiphophorus maculatus	102227437		379	kept	representative	XP_005804370.1 prelp [organism=Xiphophorus maculatus] [GeneID=102227437]	Xiphophorus_maculatus|PRELP|XP_005804370.1
PRELP	XP_040118974.1	Oryx dammah	120879984		381	kept	representative	XP_040118974.1 PRELP [organism=Oryx dammah] [GeneID=120879984]	Oryx_dammah|PRELP|XP_040118974.1
PRELP	XP_051269883.1	Dicentrarchus labrax	127371223		379	kept	representative	XP_051269883.1 prelp [organism=Dicentrarchus labrax] [GeneID=127371223]	Dicentrarchus_labrax|PRELP|XP_051269883.1
PRELP	XP_083215996.1	Vipera ursinii	310638641	1	369	kept	representative	XP_083215996.1 PRELP [organism=Vipera ursinii] [GeneID=310638641] [isoform=1]	Vipera_ursinii|PRELP|XP_083215996.1
PRELP	XP_083215997.1	Vipera ursinii	310638641	1	369	excluded	extra_isoform_same_locus	XP_083215997.1 PRELP [organism=Vipera ursinii] [GeneID=310638641] [isoform=1]	Vipera_ursinii|PRELP|XP_083215997.1
PRELP	XP_017306557.1	Ictalurus punctatus	108255246		373	kept	representative	XP_017306557.1 prelp [organism=Ictalurus punctatus] [GeneID=108255246]	Ictalurus_punctatus|PRELP|XP_017306557.1
PRELP	XP_036058688.1	Onychomys torridus	118593378		378	kept	representative	XP_036058688.1 Prelp [organism=Onychomys torridus] [GeneID=118593378]	Onychomys_torridus|PRELP|XP_036058688.1
PRELP	XP_036058689.1	Onychomys torridus	118593378		378	excluded	extra_isoform_same_locus	XP_036058689.1 Prelp [organism=Onychomys torridus] [GeneID=118593378]	Onychomys_torridus|PRELP|XP_036058689.1
PRELP	XP_048184124.1	Corvus hawaiiensis	125337915		371	kept	representative	XP_048184124.1 PRELP [organism=Corvus hawaiiensis] [GeneID=125337915]	Corvus_hawaiiensis|PRELP|XP_048184124.1
PRELP	XP_058394147.1	Diceros bicornis minor	131404010		381	kept	representative	XP_058394147.1 PRELP [organism=Diceros bicornis minor] [GeneID=131404010]	Diceros_bicornis_minor|PRELP|XP_058394147.1
PRELP	XP_084029605.1	Coregonus lavaretus	311138691		380	kept	representative	XP_084029605.1 prelp [organism=Coregonus lavaretus] [GeneID=311138691]	Coregonus_lavaretus|PRELP|XP_084029605.1
PRELP	XP_026791447.1	Pangasianodon hypophthalmus	113539677	X2	374	kept	representative	XP_026791447.1 prelp [organism=Pangasianodon hypophthalmus] [GeneID=113539677] [isoform=X2]	Pangasianodon_hypophthalmus|PRELP|XP_026791447.1
PRELP	XP_034169975.1	Pangasianodon hypophthalmus	113539677	X1	386	excluded	extra_isoform_same_locus	XP_034169975.1 prelp [organism=Pangasianodon hypophthalmus] [GeneID=113539677] [isoform=X1]	Pangasianodon_hypophthalmus|PRELP|XP_034169975.1
PRELP	XP_044871470.1	Mauremys mutica	123369672		385	kept	representative	XP_044871470.1 PRELP [organism=Mauremys mutica] [GeneID=123369672]	Mauremys_mutica|PRELP|XP_044871470.1
PRELP	XP_044871471.1	Mauremys mutica	123369672		385	excluded	extra_isoform_same_locus	XP_044871471.1 PRELP [organism=Mauremys mutica] [GeneID=123369672]	Mauremys_mutica|PRELP|XP_044871471.1
PRELP	XP_065554508.1	Lathamus discolor	136023704		371	kept	representative	XP_065554508.1 PRELP [organism=Lathamus discolor] [GeneID=136023704]	Lathamus_discolor|PRELP|XP_065554508.1
PRELP	XP_077743074.1	Canis aureus	144307312		379	kept	representative	XP_077743074.1 PRELP [organism=Canis aureus] [GeneID=144307312]	Canis_aureus|PRELP|XP_077743074.1
PRELP	XP_077743075.1	Canis aureus	144307312		379	excluded	extra_isoform_same_locus	XP_077743075.1 PRELP [organism=Canis aureus] [GeneID=144307312]	Canis_aureus|PRELP|XP_077743075.1
PRELP	XP_079153327.1	Melanostigma gelatinosum	306797781	1	373	kept	representative	XP_079153327.1 prelp [organism=Melanostigma gelatinosum] [GeneID=306797781] [isoform=1]	Melanostigma_gelatinosum|PRELP|XP_079153327.1
PRELP	XP_079153328.1	Melanostigma gelatinosum	306797781	2	353	excluded	extra_isoform_same_locus	XP_079153328.1 prelp [organism=Melanostigma gelatinosum] [GeneID=306797781] [isoform=2]	Melanostigma_gelatinosum|PRELP|XP_079153328.1
PRELP	XP_010737129.3	Larimichthys crocea	104925243		380	kept	representative	XP_010737129.3 prelp [organism=Larimichthys crocea] [GeneID=104925243]	Larimichthys_crocea|PRELP|XP_010737129.3
PRELP	XP_019111850.2	Larimichthys crocea	104925243		380	excluded	extra_isoform_same_locus	XP_019111850.2 prelp [organism=Larimichthys crocea] [GeneID=104925243]	Larimichthys_crocea|PRELP|XP_019111850.2
PRELP	XP_022052985.1	Acanthochromis polyacanthus	110953338		380	kept	representative	XP_022052985.1 prelp [organism=Acanthochromis polyacanthus] [GeneID=110953338]	Acanthochromis_polyacanthus|PRELP|XP_022052985.1
PRELP	XP_035008344.1	Hippoglossus stenolepis	118105065		379	kept	representative	XP_035008344.1 LOC118105065 [organism=Hippoglossus stenolepis] [GeneID=118105065]	Hippoglossus_stenolepis|PRELP|XP_035008344.1
PRELP	XP_035008345.1	Hippoglossus stenolepis	118105065		379	excluded	extra_isoform_same_locus	XP_035008345.1 LOC118105065 [organism=Hippoglossus stenolepis] [GeneID=118105065]	Hippoglossus_stenolepis|PRELP|XP_035008345.1
