gene	accession	species	length	status	reason	old_header	new_header
PRELP	XP_039394346.1	GeneID=120405122	385	kept	representative	XP_039394346.1 PRELP [organism=Mauremys reevesii] [GeneID=120405122]	GeneID_120405122|PRELP|XP_039394346.1
PRELP	XP_053562702.1	GeneID=128653438	374	kept	representative	XP_053562702.1 PRELP [organism=Bombina bombina] [GeneID=128653438]	GeneID_128653438|PRELP|XP_053562702.1
PRELP	XP_032369205.1	GeneID=116687728	379	kept	representative	XP_032369205.1 prelp [organism=Etheostoma spectabile] [GeneID=116687728]	GeneID_116687728|PRELP|XP_032369205.1
PRELP	XP_032369206.1	GeneID=116687728	379	excluded	extra_isoform_same_species	XP_032369206.1 prelp [organism=Etheostoma spectabile] [GeneID=116687728]	GeneID_116687728|PRELP|XP_032369206.1
PRELP	XP_063212786.1	GeneID=134525659	371	kept	representative	XP_063212786.1 PRELP [organism=Chroicocephalus ridibundus] [GeneID=134525659]	GeneID_134525659|PRELP|XP_063212786.1
PRELP	XP_007111091.1	GeneID=102976439	381	kept	representative	XP_007111091.1 PRELP [organism=Physeter macrocephalus] [GeneID=102976439]	GeneID_102976439|PRELP|XP_007111091.1
PRELP	XP_019287760.1	GeneID=109256683	379	kept	representative	XP_019287760.1 PRELP [organism=Panthera pardus] [GeneID=109256683]	GeneID_109256683|PRELP|XP_019287760.1
PRELP	XP_019287769.1	GeneID=109256683	379	excluded	extra_isoform_same_species	XP_019287769.1 PRELP [organism=Panthera pardus] [GeneID=109256683]	GeneID_109256683|PRELP|XP_019287769.1
PRELP	XP_029948502.1	GeneID=115389184	373	kept	representative	XP_029948502.1 prelp [organism=Salarias fasciatus] [GeneID=115389184]	GeneID_115389184|PRELP|XP_029948502.1
PRELP	XP_030088896.2	GeneID=103824505	372	kept	representative	XP_030088896.2 PRELP [organism=Serinus canaria] [GeneID=103824505]	GeneID_103824505|PRELP|XP_030088896.2
PRELP	XP_042322003.1	GeneID=121929978	369	kept	representative	XP_042322003.1 PRELP [organism=Sceloporus undulatus] [GeneID=121929978]	GeneID_121929978|PRELP|XP_042322003.1
PRELP	XP_042322004.1	GeneID=121929978	369	excluded	extra_isoform_same_species	XP_042322004.1 PRELP [organism=Sceloporus undulatus] [GeneID=121929978]	GeneID_121929978|PRELP|XP_042322004.1
PRELP	XP_059002014.1	GeneID=131814762	379	kept	representative	XP_059002014.1 PRELP [organism=Mustela lutreola] [GeneID=131814762]	GeneID_131814762|PRELP|XP_059002014.1
PRELP	XP_059002015.1	GeneID=131814762	379	excluded	extra_isoform_same_species	XP_059002015.1 PRELP [organism=Mustela lutreola] [GeneID=131814762]	GeneID_131814762|PRELP|XP_059002015.1
PRELP	XP_080969446.1	GeneID=308534763	372	kept	representative	XP_080969446.1 PRELP [organism=Myotis nattereri] [GeneID=308534763]	GeneID_308534763|PRELP|XP_080969446.1
PRELP	XP_032405757.1	GeneID=116710692	379	kept	representative	XP_032405757.1 prelp [organism=Xiphophorus hellerii] [GeneID=116710692]	GeneID_116710692|PRELP|XP_032405757.1
PRELP	XP_008152454.1	GeneID=103297515	380	kept	representative	XP_008152454.1 PRELP [organism=Eptesicus fuscus] [GeneID=103297515]	GeneID_103297515|PRELP|XP_008152454.1
PRELP	XP_027985149.1	GeneID=103297515	380	excluded	extra_isoform_same_species	XP_027985149.1 PRELP [organism=Eptesicus fuscus] [GeneID=103297515]	GeneID_103297515|PRELP|XP_027985149.1
PRELP	XP_004625435.1	GeneID=101582240	382	kept	representative	XP_004625435.1 Prelp [organism=Octodon degus] [GeneID=101582240]	GeneID_101582240|PRELP|XP_004625435.1
PRELP	XP_007434947.1	isoform=X2	369	excluded	extra_isoform_same_species	XP_007434947.1 PRELP [organism=Python bivittatus] [GeneID=103061990] [isoform=X2]	isoform_X2|PRELP|XP_007434947.1
PRELP	XP_007434949.1	isoform=X2	369	excluded	extra_isoform_same_species	XP_007434949.1 PRELP [organism=Python bivittatus] [GeneID=103061990] [isoform=X2]	isoform_X2|PRELP|XP_007434949.1
PRELP	XP_025026732.1	isoform=X1	407	excluded	extra_isoform_same_species	XP_025026732.1 PRELP [organism=Python bivittatus] [GeneID=103061990] [isoform=X1]	isoform_X1|PRELP|XP_025026732.1
PRELP	XP_025026733.1	isoform=X2	369	excluded	extra_isoform_same_species	XP_025026733.1 PRELP [organism=Python bivittatus] [GeneID=103061990] [isoform=X2]	isoform_X2|PRELP|XP_025026733.1
PRELP	XP_025026734.1	isoform=X2	369	excluded	extra_isoform_same_species	XP_025026734.1 PRELP [organism=Python bivittatus] [GeneID=103061990] [isoform=X2]	isoform_X2|PRELP|XP_025026734.1
PRELP	XP_025026735.1	isoform=X2	369	excluded	extra_isoform_same_species	XP_025026735.1 PRELP [organism=Python bivittatus] [GeneID=103061990] [isoform=X2]	isoform_X2|PRELP|XP_025026735.1
PRELP	XP_025026736.1	isoform=X2	369	excluded	extra_isoform_same_species	XP_025026736.1 PRELP [organism=Python bivittatus] [GeneID=103061990] [isoform=X2]	isoform_X2|PRELP|XP_025026736.1
PRELP	XP_025026738.1	isoform=X2	369	excluded	extra_isoform_same_species	XP_025026738.1 PRELP [organism=Python bivittatus] [GeneID=103061990] [isoform=X2]	isoform_X2|PRELP|XP_025026738.1
PRELP	XP_025026739.1	isoform=X2	369	excluded	extra_isoform_same_species	XP_025026739.1 PRELP [organism=Python bivittatus] [GeneID=103061990] [isoform=X2]	isoform_X2|PRELP|XP_025026739.1
PRELP	XP_025026740.1	isoform=X2	369	excluded	extra_isoform_same_species	XP_025026740.1 PRELP [organism=Python bivittatus] [GeneID=103061990] [isoform=X2]	isoform_X2|PRELP|XP_025026740.1
PRELP	XP_044529423.1	GeneID=123244851	384	kept	representative	XP_044529423.1 PRELP [organism=Gracilinanus agilis] [GeneID=123244851]	GeneID_123244851|PRELP|XP_044529423.1
PRELP	XP_074910786.1	GeneID=142043473	371	kept	representative	XP_074910786.1 PRELP [organism=Buteo buteo] [GeneID=142043473]	GeneID_142043473|PRELP|XP_074910786.1
PRELP	XP_059269130.1	GeneID=132025631	379	kept	representative	XP_059269130.1 PRELP [organism=Mustela nigripes] [GeneID=132025631]	GeneID_132025631|PRELP|XP_059269130.1
PRELP	XP_059269131.1	GeneID=132025631	379	excluded	extra_isoform_same_species	XP_059269131.1 PRELP [organism=Mustela nigripes] [GeneID=132025631]	GeneID_132025631|PRELP|XP_059269131.1
PRELP	XP_068029217.1	GeneID=137462589	371	kept	representative	XP_068029217.1 PRELP [organism=Anomalospiza imberbis] [GeneID=137462589]	GeneID_137462589|PRELP|XP_068029217.1
PRELP	XP_048409349.1	GeneID=125462902	393	kept	representative	XP_048409349.1 prelp [organism=Stegostoma tigrinum] [GeneID=125462902]	GeneID_125462902|PRELP|XP_048409349.1
PRELP	XP_048409350.1	GeneID=125462902	393	excluded	extra_isoform_same_species	XP_048409350.1 prelp [organism=Stegostoma tigrinum] [GeneID=125462902]	GeneID_125462902|PRELP|XP_048409350.1
PRELP	XP_061840821.1	GeneID=133622284	373	kept	representative	XP_061840821.1 prelp [organism=Nerophis lumbriciformis] [GeneID=133622284]	GeneID_133622284|PRELP|XP_061840821.1
PRELP	XP_074530875.1	GeneID=141793901	379	kept	representative	XP_074530875.1 prelp [organism=Halichoeres trimaculatus] [GeneID=141793901]	GeneID_141793901|PRELP|XP_074530875.1
PRELP	XP_075191917.1	GeneID=142291336	375	kept	representative	XP_075191917.1 PRELP [organism=Anomaloglossus baeobatrachus] [GeneID=142291336]	GeneID_142291336|PRELP|XP_075191917.1
PRELP	XP_030274359.1	GeneID=115582525	379	kept	representative	XP_030274359.1 prelp [organism=Sparus aurata] [GeneID=115582525]	GeneID_115582525|PRELP|XP_030274359.1
PRELP	XP_003130154.1	GeneID=100511032	381	kept	representative	XP_003130154.1 PRELP [organism=Sus scrofa] [GeneID=100511032]	GeneID_100511032|PRELP|XP_003130154.1
PRELP	XP_084467688.1	isoform=1	388	excluded	extra_isoform_same_species	XP_084467688.1 PRELP [organism=Lepidochelys olivacea] [GeneID=311511166] [isoform=1]	isoform_1|PRELP|XP_084467688.1
PRELP	XP_084467689.1	isoform=2	371	excluded	extra_isoform_same_species	XP_084467689.1 PRELP [organism=Lepidochelys olivacea] [GeneID=311511166] [isoform=2]	isoform_2|PRELP|XP_084467689.1
PRELP	XP_037640214.1	GeneID=119496751	380	kept	representative	XP_037640214.1 LOC119496751 [organism=Sebastes umbrosus] [GeneID=119496751]	GeneID_119496751|PRELP|XP_037640214.1
PRELP	XP_037640224.1	GeneID=119496751	380	excluded	extra_isoform_same_species	XP_037640224.1 LOC119496751 [organism=Sebastes umbrosus] [GeneID=119496751]	GeneID_119496751|PRELP|XP_037640224.1
PRELP	XP_068275347.1	GeneID=137674093	371	kept	representative	XP_068275347.1 PRELP [organism=Nyctibius grandis] [GeneID=137674093]	GeneID_137674093|PRELP|XP_068275347.1
PRELP	XP_017380845.1	GeneID=108302010	382	kept	representative	XP_017380845.1 PRELP [organism=Cebus imitator] [GeneID=108302010]	GeneID_108302010|PRELP|XP_017380845.1
PRELP	XP_017380848.1	GeneID=108302010	382	excluded	extra_isoform_same_species	XP_017380848.1 PRELP [organism=Cebus imitator] [GeneID=108302010]	GeneID_108302010|PRELP|XP_017380848.1
PRELP	XP_031238765.1	isoform=X1	429	excluded	extra_isoform_same_species	XP_031238765.1 Prelp [organism=Mastomys coucha] [GeneID=116099394] [isoform=X1]	isoform_X1|PRELP|XP_031238765.1
PRELP	XP_031238775.1	isoform=X2	387	excluded	extra_isoform_same_species	XP_031238775.1 Prelp [organism=Mastomys coucha] [GeneID=116099394] [isoform=X2]	isoform_X2|PRELP|XP_031238775.1
PRELP	XP_031238784.1	isoform=X3	376	excluded	extra_isoform_same_species	XP_031238784.1 Prelp [organism=Mastomys coucha] [GeneID=116099394] [isoform=X3]	isoform_X3|PRELP|XP_031238784.1
PRELP	XP_031238793.1	isoform=X3	376	excluded	extra_isoform_same_species	XP_031238793.1 Prelp [organism=Mastomys coucha] [GeneID=116099394] [isoform=X3]	isoform_X3|PRELP|XP_031238793.1
PRELP	XP_031238803.1	isoform=X3	376	excluded	extra_isoform_same_species	XP_031238803.1 Prelp [organism=Mastomys coucha] [GeneID=116099394] [isoform=X3]	isoform_X3|PRELP|XP_031238803.1
PRELP	XP_038675391.1	GeneID=119978080	393	kept	representative	XP_038675391.1 prelp [organism=Scyliorhinus canicula] [GeneID=119978080]	GeneID_119978080|PRELP|XP_038675391.1
PRELP	XP_041278648.1	GeneID=121345623	371	kept	representative	XP_041278648.1 PRELP [organism=Onychostruthus taczanowskii] [GeneID=121345623]	GeneID_121345623|PRELP|XP_041278648.1
PRELP	XP_060897965.1	GeneID=132977430	379	kept	representative	XP_060897965.1 prelp [organism=Labrus mixtus] [GeneID=132977430]	GeneID_132977430|PRELP|XP_060897965.1
PRELP	XP_008407465.2	isoform=X2	379	kept	representative	XP_008407465.2 prelp [organism=Poecilia reticulata] [GeneID=103464870] [isoform=X2]	isoform_X2|PRELP|XP_008407465.2
PRELP	XP_081463383.1	isoform=X1	386	excluded	extra_isoform_same_species	XP_081463383.1 prelp [organism=Poecilia reticulata] [GeneID=103464870] [isoform=X1]	isoform_X1|PRELP|XP_081463383.1
PRELP	XP_004862241.2	isoform=X1	668	excluded	absolute_length	XP_004862241.2 Prelp [organism=Heterocephalus glaber] [GeneID=101701329] [isoform=X1]	isoform_X1|PRELP|XP_004862241.2
PRELP	XP_087050046.1	isoform=X2	382	excluded	extra_isoform_same_species	XP_087050046.1 Prelp [organism=Heterocephalus glaber] [GeneID=101701329] [isoform=X2]	isoform_X2|PRELP|XP_087050046.1
PRELP	XP_010219512.1	GeneID=104573972	312	kept	representative	XP_010219512.1 PRELP [organism=Tinamus guttatus] [GeneID=104573972]	GeneID_104573972|PRELP|XP_010219512.1
PRELP	XP_017536217.1	GeneID=108409908	381	kept	representative	XP_017536217.1 PRELP [organism=Manis javanica] [GeneID=108409908]	GeneID_108409908|PRELP|XP_017536217.1
PRELP	XP_017536224.1	GeneID=108409908	381	excluded	extra_isoform_same_species	XP_017536224.1 PRELP [organism=Manis javanica] [GeneID=108409908]	GeneID_108409908|PRELP|XP_017536224.1
PRELP	XP_043818804.1	GeneID=122725657	383	kept	representative	XP_043818804.1 PRELP [organism=Dromiciops gliroides] [GeneID=122725657]	GeneID_122725657|PRELP|XP_043818804.1
PRELP	XP_053883346.1	GeneID=128836784	371	kept	representative	XP_053883346.1 PRELP [organism=Malaclemys terrapin pileata] [GeneID=128836784]	GeneID_128836784|PRELP|XP_053883346.1
PRELP	XP_059806018.1	GeneID=132380988	401	kept	representative	XP_059806018.1 prelp [organism=Hypanus sabinus] [GeneID=132380988]	GeneID_132380988|PRELP|XP_059806018.1
PRELP	XP_082186240.1	GeneID=309599027	371	kept	representative	XP_082186240.1 PRELP [organism=Platalea leucorodia] [GeneID=309599027]	GeneID_309599027|PRELP|XP_082186240.1
PRELP	XP_025776959.1	GeneID=112857845	379	kept	representative	XP_025776959.1 PRELP [organism=Puma concolor] [GeneID=112857845]	GeneID_112857845|PRELP|XP_025776959.1
PRELP	XP_031992779.1	GeneID=116457593	382	kept	representative	XP_031992779.1 PRELP [organism=Hylobates moloch] [GeneID=116457593]	GeneID_116457593|PRELP|XP_031992779.1
PRELP	XP_031992780.1	GeneID=116457593	382	excluded	extra_isoform_same_species	XP_031992780.1 PRELP [organism=Hylobates moloch] [GeneID=116457593]	GeneID_116457593|PRELP|XP_031992780.1
PRELP	XP_033775201.1	GeneID=117347857	374	kept	representative	XP_033775201.1 PRELP [organism=Geotrypetes seraphini] [GeneID=117347857]	GeneID_117347857|PRELP|XP_033775201.1
PRELP	XP_036129595.1	GeneID=118637980	379	kept	representative	XP_036129595.1 PRELP [organism=Molossus molossus] [GeneID=118637980]	GeneID_118637980|PRELP|XP_036129595.1
PRELP	XP_036129596.1	GeneID=118637980	379	excluded	extra_isoform_same_species	XP_036129596.1 PRELP [organism=Molossus molossus] [GeneID=118637980]	GeneID_118637980|PRELP|XP_036129596.1
PRELP	XP_057896008.1	GeneID=131093025	429	kept	representative	XP_057896008.1 PRELP [organism=Melospiza georgiana] [GeneID=131093025]	GeneID_131093025|PRELP|XP_057896008.1
PRELP	XP_078500818.1	GeneID=144755585	375	kept	representative	XP_078500818.1 PRELP [organism=Lissotriton helveticus] [GeneID=144755585]	GeneID_144755585|PRELP|XP_078500818.1
PRELP	XP_025847254.1	GeneID=112914412	379	kept	representative	XP_025847254.1 PRELP [organism=Vulpes vulpes] [GeneID=112914412]	GeneID_112914412|PRELP|XP_025847254.1
PRELP	XP_025847255.1	GeneID=112914412	379	excluded	extra_isoform_same_species	XP_025847255.1 PRELP [organism=Vulpes vulpes] [GeneID=112914412]	GeneID_112914412|PRELP|XP_025847255.1
PRELP	XP_069094543.1	GeneID=138299841	375	kept	representative	XP_069094543.1 PRELP [organism=Pleurodeles waltl] [GeneID=138299841]	GeneID_138299841|PRELP|XP_069094543.1
PRELP	XP_069094544.1	GeneID=138299841	375	excluded	extra_isoform_same_species	XP_069094544.1 PRELP [organism=Pleurodeles waltl] [GeneID=138299841]	GeneID_138299841|PRELP|XP_069094544.1
PRELP	XP_004610101.2	GeneID=101538634	427	kept	representative	XP_004610101.2 PRELP [organism=Sorex araneus] [GeneID=101538634]	GeneID_101538634|PRELP|XP_004610101.2
PRELP	XP_038236241.1	GeneID=119846519	367	kept	representative	XP_038236241.1 PRELP [organism=Dermochelys coriacea] [GeneID=119846519]	GeneID_119846519|PRELP|XP_038236241.1
PRELP	XP_049589090.1	GeneID=125977024	373	kept	representative	XP_049589090.1 prelp [organism=Syngnathus scovelli] [GeneID=125977024]	GeneID_125977024|PRELP|XP_049589090.1
PRELP	XP_065710677.1	GeneID=136110896	371	kept	representative	XP_065710677.1 PRELP [organism=Patagioenas fasciata] [GeneID=136110896]	GeneID_136110896|PRELP|XP_065710677.1
PRELP	XP_065710678.1	GeneID=136110896	371	excluded	extra_isoform_same_species	XP_065710678.1 PRELP [organism=Patagioenas fasciata] [GeneID=136110896]	GeneID_136110896|PRELP|XP_065710678.1
PRELP	XP_072307511.1	GeneID=140365159	377	kept	representative	XP_072307511.1 prelp [organism=Eucyclogobius newberryi] [GeneID=140365159]	GeneID_140365159|PRELP|XP_072307511.1
PRELP	XP_028260748.1	GeneID=114435319	379	kept	representative	XP_028260748.1 prelp [organism=Parambassis ranga] [GeneID=114435319]	GeneID_114435319|PRELP|XP_028260748.1
PRELP	XP_013797462.1	GeneID=106483944	371	kept	representative	XP_013797462.1 PRELP [organism=Apteryx mantelli] [GeneID=106483944]	GeneID_106483944|PRELP|XP_013797462.1
PRELP	XP_053294182.1	GeneID=128454716	379	kept	representative	XP_053294182.1 prelp [organism=Pleuronectes platessa] [GeneID=128454716]	GeneID_128454716|PRELP|XP_053294182.1
PRELP	XP_080820402.1	GeneID=308452647	374	kept	representative	XP_080820402.1 PRELP [organism=Bucephala clangula] [GeneID=308452647]	GeneID_308452647|PRELP|XP_080820402.1
PRELP	XP_083668799.1	isoform=1	374	excluded	extra_isoform_same_species	XP_083668799.1 PRELP [organism=Anser anser] [GeneID=310887123] [isoform=1]	isoform_1|PRELP|XP_083668799.1
PRELP	XP_083668800.1	isoform=1	374	excluded	extra_isoform_same_species	XP_083668800.1 PRELP [organism=Anser anser] [GeneID=310887123] [isoform=1]	isoform_1|PRELP|XP_083668800.1
PRELP	XP_059944448.1	GeneID=132483208	381	kept	representative	XP_059944448.1 PRELP [organism=Mesoplodon densirostris] [GeneID=132483208]	GeneID_132483208|PRELP|XP_059944448.1
PRELP	XP_063153630.1	GeneID=134493198	369	kept	representative	XP_063153630.1 PRELP [organism=Candoia aspera] [GeneID=134493198]	GeneID_134493198|PRELP|XP_063153630.1
PRELP	XP_063274659.1	GeneID=134561506	371	kept	representative	XP_063274659.1 PRELP [organism=Prinia subflava] [GeneID=134561506]	GeneID_134561506|PRELP|XP_063274659.1
PRELP	XP_036200105.1	GeneID=118673443	372	kept	representative	XP_036200105.1 PRELP [organism=Myotis myotis] [GeneID=118673443]	GeneID_118673443|PRELP|XP_036200105.1
PRELP	XP_036200106.1	GeneID=118673443	372	excluded	extra_isoform_same_species	XP_036200106.1 PRELP [organism=Myotis myotis] [GeneID=118673443]	GeneID_118673443|PRELP|XP_036200106.1
PRELP	XP_074706136.1	GeneID=141934522	371	kept	representative	XP_074706136.1 PRELP [organism=Strix aluco] [GeneID=141934522]	GeneID_141934522|PRELP|XP_074706136.1
PRELP	XP_074706137.1	GeneID=141934522	371	excluded	extra_isoform_same_species	XP_074706137.1 PRELP [organism=Strix aluco] [GeneID=141934522]	GeneID_141934522|PRELP|XP_074706137.1
PRELP	XP_028853346.1	GeneID=114800320	404	kept	representative	XP_028853346.1 prelp [organism=Denticeps clupeoides] [GeneID=114800320]	GeneID_114800320|PRELP|XP_028853346.1
PRELP	XP_082558188.1	isoform=1	379	kept	representative	XP_082558188.1 PRELP [organism=Mustela nivalis] [GeneID=309849458] [isoform=1]	isoform_1|PRELP|XP_082558188.1
PRELP	XP_082558189.1	isoform=1	379	excluded	extra_isoform_same_species	XP_082558189.1 PRELP [organism=Mustela nivalis] [GeneID=309849458] [isoform=1]	isoform_1|PRELP|XP_082558189.1
PRELP	XP_082634435.1	GeneID=309886964	381	kept	representative	XP_082634435.1 PRELP [organism=Aythya marila] [GeneID=309886964]	GeneID_309886964|PRELP|XP_082634435.1
PRELP	XP_003823035.1	isoform=X2	382	excluded	extra_isoform_same_species	XP_003823035.1 PRELP [organism=Pan paniscus] [GeneID=100990076] [isoform=X2]	isoform_X2|PRELP|XP_003823035.1
PRELP	XP_008974850.1	isoform=X2	382	excluded	extra_isoform_same_species	XP_008974850.1 PRELP [organism=Pan paniscus] [GeneID=100990076] [isoform=X2]	isoform_X2|PRELP|XP_008974850.1
PRELP	XP_063453959.1	isoform=X1	400	excluded	extra_isoform_same_species	XP_063453959.1 PRELP [organism=Pan paniscus] [GeneID=100990076] [isoform=X1]	isoform_X1|PRELP|XP_063453959.1
PRELP	XP_031178915.1	GeneID=116066877	379	kept	representative	XP_031178915.1 LOC116066877 [organism=Sander lucioperca] [GeneID=116066877]	GeneID_116066877|PRELP|XP_031178915.1
PRELP	XP_035858338.1	GeneID=116066877	379	excluded	extra_isoform_same_species	XP_035858338.1 LOC116066877 [organism=Sander lucioperca] [GeneID=116066877]	GeneID_116066877|PRELP|XP_035858338.1
PRELP	XP_067387773.1	GeneID=137142359	384	kept	representative	XP_067387773.1 PRELP [organism=Emydura macquarii macquarii] [GeneID=137142359]	GeneID_137142359|PRELP|XP_067387773.1
PRELP	XP_071192284.1	GeneID=139536057	380	kept	representative	XP_071192284.1 prelp [organism=Salvelinus alpinus] [GeneID=139536057]	GeneID_139536057|PRELP|XP_071192284.1
PRELP	XP_078963063.1	isoform=1	383	excluded	extra_isoform_same_species	XP_078963063.1 PRELP [organism=Sciurus vulgaris] [GeneID=306641711] [isoform=1]	isoform_1|PRELP|XP_078963063.1
PRELP	XP_078963064.1	isoform=1	383	excluded	extra_isoform_same_species	XP_078963064.1 PRELP [organism=Sciurus vulgaris] [GeneID=306641711] [isoform=1]	isoform_1|PRELP|XP_078963064.1
PRELP	XP_079452647.1	GeneID=306990129	387	kept	representative	XP_079452647.1 prelp [organism=Phoxinus phoxinus] [GeneID=306990129]	GeneID_306990129|PRELP|XP_079452647.1
PRELP	XP_003938358.1	GeneID=101033634	382	kept	representative	XP_003938358.1 PRELP [organism=Saimiri boliviensis] [GeneID=101033634]	GeneID_101033634|PRELP|XP_003938358.1
PRELP	XP_074241107.1	GeneID=101033634	382	excluded	extra_isoform_same_species	XP_074241107.1 PRELP [organism=Saimiri boliviensis] [GeneID=101033634]	GeneID_101033634|PRELP|XP_074241107.1
PRELP	XP_055276084.1	GeneID=129551786	381	kept	representative	XP_055276084.1 PRELP [organism=Moschus berezovskii] [GeneID=129551786]	GeneID_129551786|PRELP|XP_055276084.1
PRELP	XP_066218119.1	GeneID=136390899	379	kept	representative	XP_066218119.1 PRELP [organism=Saccopteryx leptura] [GeneID=136390899]	GeneID_136390899|PRELP|XP_066218119.1
PRELP	XP_066218120.1	GeneID=136390899	379	excluded	extra_isoform_same_species	XP_066218120.1 PRELP [organism=Saccopteryx leptura] [GeneID=136390899]	GeneID_136390899|PRELP|XP_066218120.1
PRELP	XP_085896413.1	GeneID=147142314	373	kept	representative	XP_085896413.1 prelp [organism=Filicampus tigris] [GeneID=147142314]	GeneID_147142314|PRELP|XP_085896413.1
PRELP	XP_079366095.1	isoform=1	386	excluded	extra_isoform_same_species	XP_079366095.1 prelp [organism=Electrona antarctica] [GeneID=306929432] [isoform=1]	isoform_1|PRELP|XP_079366095.1
PRELP	XP_079366096.1	isoform=1	386	excluded	extra_isoform_same_species	XP_079366096.1 prelp [organism=Electrona antarctica] [GeneID=306929432] [isoform=1]	isoform_1|PRELP|XP_079366096.1
PRELP	XP_056590881.1	GeneID=130410303	378	kept	representative	XP_056590881.1 prelp [organism=Triplophysa dalaica] [GeneID=130410303]	GeneID_130410303|PRELP|XP_056590881.1
PRELP	XP_085974887.1	GeneID=147201490	371	kept	representative	XP_085974887.1 prelp [organism=Hippocampus guttulatus] [GeneID=147201490]	GeneID_147201490|PRELP|XP_085974887.1
PRELP	XP_009325654.1	GeneID=103919809	365	kept	representative	XP_009325654.1 PRELP [organism=Pygoscelis adeliae] [GeneID=103919809]	GeneID_103919809|PRELP|XP_009325654.1
PRELP	XP_010182146.1	GeneID=104540117	343	kept	representative	XP_010182146.1 PRELP [organism=Mesitornis unicolor] [GeneID=104540117]	GeneID_104540117|PRELP|XP_010182146.1
PRELP	XP_029789018.1	GeneID=115286772	379	kept	representative	XP_029789018.1 PRELP [organism=Suricata suricatta] [GeneID=115286772]	GeneID_115286772|PRELP|XP_029789018.1
PRELP	XP_059136951.1	GeneID=131925587	378	kept	representative	XP_059136951.1 Prelp [organism=Peromyscus eremicus] [GeneID=131925587]	GeneID_131925587|PRELP|XP_059136951.1
PRELP	XP_059136952.1	GeneID=131925587	378	excluded	extra_isoform_same_species	XP_059136952.1 Prelp [organism=Peromyscus eremicus] [GeneID=131925587]	GeneID_131925587|PRELP|XP_059136952.1
PRELP	XP_059136953.1	GeneID=131925587	378	excluded	extra_isoform_same_species	XP_059136953.1 Prelp [organism=Peromyscus eremicus] [GeneID=131925587]	GeneID_131925587|PRELP|XP_059136953.1
PRELP	XP_064824046.1	GeneID=135541654	380	kept	representative	XP_064824046.1 prelp [organism=Oncorhynchus masou masou] [GeneID=135541654]	GeneID_135541654|PRELP|XP_064824046.1
PRELP	XP_064824047.1	GeneID=135541654	380	excluded	extra_isoform_same_species	XP_064824047.1 prelp [organism=Oncorhynchus masou masou] [GeneID=135541654]	GeneID_135541654|PRELP|XP_064824047.1
PRELP	XP_074420564.1	isoform=X1	396	excluded	extra_isoform_same_species	XP_074420564.1 PRELP [organism=Larus michahellis] [GeneID=141733707] [isoform=X1]	isoform_X1|PRELP|XP_074420564.1
PRELP	XP_074420565.1	isoform=X2	371	excluded	extra_isoform_same_species	XP_074420565.1 PRELP [organism=Larus michahellis] [GeneID=141733707] [isoform=X2]	isoform_X2|PRELP|XP_074420565.1
PRELP	XP_034022800.1	GeneID=117507127	379	kept	representative	XP_034022800.1 prelp [organism=Thalassophryne amazonica] [GeneID=117507127]	GeneID_117507127|PRELP|XP_034022800.1
PRELP	XP_024268361.1	GeneID=112244793	380	kept	representative	XP_024268361.1 prelp [organism=Oncorhynchus tshawytscha] [GeneID=112244793]	GeneID_112244793|PRELP|XP_024268361.1
PRELP	XP_054883464.1	GeneID=129358435	379	kept	representative	XP_054883464.1 prelp [organism=Poeciliopsis prolifica] [GeneID=129358435]	GeneID_129358435|PRELP|XP_054883464.1
PRELP	XP_067913408.1	GeneID=137383920	405	kept	representative	XP_067913408.1 prelp [organism=Heterodontus francisci] [GeneID=137383920]	GeneID_137383920|PRELP|XP_067913408.1
PRELP	XP_067913409.1	GeneID=137383920	405	excluded	extra_isoform_same_species	XP_067913409.1 prelp [organism=Heterodontus francisci] [GeneID=137383920]	GeneID_137383920|PRELP|XP_067913409.1
PRELP	XP_047439659.1	GeneID=125007104	380	kept	representative	XP_047439659.1 LOC125007104 [organism=Mugil cephalus] [GeneID=125007104]	GeneID_125007104|PRELP|XP_047439659.1
PRELP	NP_001253748.1	GeneID=702702	382	kept	representative	NP_001253748.1 PRELP [organism=Macaca mulatta] [GeneID=702702]	GeneID_702702|PRELP|NP_001253748.1
PRELP	XP_014974049.1	isoform=X1	382	excluded	extra_isoform_same_species	XP_014974049.1 PRELP [organism=Macaca mulatta] [GeneID=702702] [isoform=X1]	isoform_X1|PRELP|XP_014974049.1
PRELP	XP_077459221.1	GeneID=144075745	376	kept	representative	XP_077459221.1 prelp [organism=Stigmatopora argus] [GeneID=144075745]	GeneID_144075745|PRELP|XP_077459221.1
PRELP	XP_010144165.1	GeneID=104501962	351	kept	representative	XP_010144165.1 PRELP [organism=Buceros rhinoceros silvestris] [GeneID=104501962]	GeneID_104501962|PRELP|XP_010144165.1
PRELP	XP_084587509.1	GeneID=146331465	379	kept	representative	XP_084587509.1 prelp [organism=Lutjanus erythropterus] [GeneID=146331465]	GeneID_146331465|PRELP|XP_084587509.1
PRELP	XP_079882985.1	isoform=1	379	excluded	extra_isoform_same_species	XP_079882985.1 prelp [organism=Ammodytes marinus] [GeneID=307249952] [isoform=1]	isoform_1|PRELP|XP_079882985.1
PRELP	XP_079882986.1	isoform=1	379	excluded	extra_isoform_same_species	XP_079882986.1 prelp [organism=Ammodytes marinus] [GeneID=307249952] [isoform=1]	isoform_1|PRELP|XP_079882986.1
PRELP	XP_080281273.1	isoform=1	393	excluded	extra_isoform_same_species	XP_080281273.1 prelp [organism=Gymnoscopelus braueri] [GeneID=308083039] [isoform=1]	isoform_1|PRELP|XP_080281273.1
PRELP	XP_080281274.1	isoform=1	393	excluded	extra_isoform_same_species	XP_080281274.1 prelp [organism=Gymnoscopelus braueri] [GeneID=308083039] [isoform=1]	isoform_1|PRELP|XP_080281274.1
PRELP	XP_081681145.1	GeneID=115940329	379	kept	representative	XP_081681145.1 LOC115940329 [organism=Leptonychotes weddellii] [GeneID=115940329]	GeneID_115940329|PRELP|XP_081681145.1
PRELP	XP_081681146.1	GeneID=115940329	379	excluded	extra_isoform_same_species	XP_081681146.1 LOC115940329 [organism=Leptonychotes weddellii] [GeneID=115940329]	GeneID_115940329|PRELP|XP_081681146.1
PRELP	XP_005924772.1	isoform=X1	401	excluded	extra_isoform_same_species	XP_005924772.1 prelp [organism=Haplochromis burtoni] [GeneID=102301324] [isoform=X1]	isoform_X1|PRELP|XP_005924772.1
PRELP	XP_005924773.1	isoform=X2	379	excluded	extra_isoform_same_species	XP_005924773.1 prelp [organism=Haplochromis burtoni] [GeneID=102301324] [isoform=X2]	isoform_X2|PRELP|XP_005924773.1
PRELP	XP_030077251.1	GeneID=115481923	374	kept	representative	XP_030077251.1 PRELP [organism=Microcaecilia unicolor] [GeneID=115481923]	GeneID_115481923|PRELP|XP_030077251.1
PRELP	XP_030329378.1	GeneID=115602405	371	kept	representative	XP_030329378.1 PRELP [organism=Strigops habroptila] [GeneID=115602405]	GeneID_115602405|PRELP|XP_030329378.1
PRELP	XP_074971859.1	GeneID=142067266	371	kept	representative	XP_074971859.1 PRELP [organism=Phalacrocorax aristotelis] [GeneID=142067266]	GeneID_142067266|PRELP|XP_074971859.1
PRELP	XP_070326750.1	GeneID=110139700	381	kept	representative	XP_070326750.1 PRELP [organism=Odocoileus virginianus] [GeneID=110139700]	GeneID_110139700|PRELP|XP_070326750.1
PRELP	XP_078276347.1	isoform=X1	451	excluded	extra_isoform_same_species	XP_078276347.1 prelp [organism=Rhinoraja longicauda] [GeneID=144605152] [isoform=X1]	isoform_X1|PRELP|XP_078276347.1
PRELP	XP_078276348.1	isoform=X2	386	excluded	extra_isoform_same_species	XP_078276348.1 prelp [organism=Rhinoraja longicauda] [GeneID=144605152] [isoform=X2]	isoform_X2|PRELP|XP_078276348.1
PRELP	XP_078276349.1	isoform=X2	386	excluded	extra_isoform_same_species	XP_078276349.1 prelp [organism=Rhinoraja longicauda] [GeneID=144605152] [isoform=X2]	isoform_X2|PRELP|XP_078276349.1
PRELP	XP_078276350.1	isoform=X2	386	excluded	extra_isoform_same_species	XP_078276350.1 prelp [organism=Rhinoraja longicauda] [GeneID=144605152] [isoform=X2]	isoform_X2|PRELP|XP_078276350.1
PRELP	XP_078276351.1	isoform=X2	386	excluded	extra_isoform_same_species	XP_078276351.1 prelp [organism=Rhinoraja longicauda] [GeneID=144605152] [isoform=X2]	isoform_X2|PRELP|XP_078276351.1
PRELP	XP_057700940.1	isoform=X1	425	excluded	extra_isoform_same_species	XP_057700940.1 prelp [organism=Corythoichthys intestinalis] [GeneID=130921271] [isoform=X1]	isoform_X1|PRELP|XP_057700940.1
PRELP	XP_057700941.1	isoform=X2	377	excluded	extra_isoform_same_species	XP_057700941.1 prelp [organism=Corythoichthys intestinalis] [GeneID=130921271] [isoform=X2]	isoform_X2|PRELP|XP_057700941.1
PRELP	XP_079438344.1	GeneID=306982305	372	kept	representative	XP_079438344.1 prelp [organism=Gobius niger] [GeneID=306982305]	GeneID_306982305|PRELP|XP_079438344.1
PRELP	XP_085262381.1	isoform=X1	401	excluded	extra_isoform_same_species	XP_085262381.1 prelp [organism=Rhamphochromis longiceps] [GeneID=146669730] [isoform=X1]	isoform_X1|PRELP|XP_085262381.1
PRELP	XP_085262382.1	isoform=X2	379	excluded	extra_isoform_same_species	XP_085262382.1 prelp [organism=Rhamphochromis longiceps] [GeneID=146669730] [isoform=X2]	isoform_X2|PRELP|XP_085262382.1
PRELP	XP_005891946.1	GeneID=102270270	381	kept	representative	XP_005891946.1 PRELP [organism=Bos mutus] [GeneID=102270270]	GeneID_102270270|PRELP|XP_005891946.1
PRELP	XP_005529355.1	GeneID=102099901	371	kept	representative	XP_005529355.1 PRELP [organism=Pseudopodoces humilis] [GeneID=102099901]	GeneID_102099901|PRELP|XP_005529355.1
PRELP	XP_034368810.1	GeneID=117716070	378	kept	representative	XP_034368810.1 Prelp [organism=Arvicanthis niloticus] [GeneID=117716070]	GeneID_117716070|PRELP|XP_034368810.1
PRELP	XP_076797322.1	GeneID=117716070	378	excluded	extra_isoform_same_species	XP_076797322.1 Prelp [organism=Arvicanthis niloticus] [GeneID=117716070]	GeneID_117716070|PRELP|XP_076797322.1
PRELP	XP_051664928.1	GeneID=127480635	371	kept	representative	XP_051664928.1 PRELP [organism=Manacus candei] [GeneID=127480635]	GeneID_127480635|PRELP|XP_051664928.1
PRELP	XP_080555549.1	GeneID=308265629	380	kept	representative	XP_080555549.1 PRELP [organism=Muscardinus avellanarius] [GeneID=308265629]	GeneID_308265629|PRELP|XP_080555549.1
PRELP	XP_004670776.1	GeneID=101610588	379	kept	representative	XP_004670776.1 Prelp [organism=Jaculus jaculus] [GeneID=101610588]	GeneID_101610588|PRELP|XP_004670776.1
PRELP	XP_068515803.1	GeneID=137843908	374	kept	representative	XP_068515803.1 PRELP [organism=Anas acuta] [GeneID=137843908]	GeneID_137843908|PRELP|XP_068515803.1
PRELP	XP_064161599.1	GeneID=135237945	370	kept	representative	XP_064161599.1 prelp [organism=Anguilla rostrata] [GeneID=135237945]	GeneID_135237945|PRELP|XP_064161599.1
PRELP	XP_027726710.1	GeneID=114049633	387	kept	representative	XP_027726710.1 PRELP [organism=Vombatus ursinus] [GeneID=114049633]	GeneID_114049633|PRELP|XP_027726710.1
PRELP	XP_032949121.1	GeneID=117014934	379	kept	representative	XP_032949121.1 PRELP [organism=Rhinolophus ferrumequinum] [GeneID=117014934]	GeneID_117014934|PRELP|XP_032949121.1
PRELP	XP_032949122.1	GeneID=117014934	379	excluded	extra_isoform_same_species	XP_032949122.1 PRELP [organism=Rhinolophus ferrumequinum] [GeneID=117014934]	GeneID_117014934|PRELP|XP_032949122.1
PRELP	XP_033008614.1	GeneID=117048653	368	kept	representative	XP_033008614.1 PRELP [organism=Lacerta agilis] [GeneID=117048653]	GeneID_117048653|PRELP|XP_033008614.1
PRELP	XP_056413801.1	GeneID=130356379	374	kept	representative	XP_056413801.1 PRELP [organism=Hyla sarda] [GeneID=130356379]	GeneID_130356379|PRELP|XP_056413801.1
PRELP	XP_056413802.1	GeneID=130356379	374	excluded	extra_isoform_same_species	XP_056413802.1 PRELP [organism=Hyla sarda] [GeneID=130356379]	GeneID_130356379|PRELP|XP_056413802.1
PRELP	XP_062401254.1	GeneID=134092420	383	kept	representative	XP_062401254.1 prelp [organism=Sardina pilchardus] [GeneID=134092420]	GeneID_134092420|PRELP|XP_062401254.1
PRELP	XP_011787194.1	GeneID=105504368	382	kept	representative	XP_011787194.1 PRELP [organism=Colobus angolensis palliatus] [GeneID=105504368]	GeneID_105504368|PRELP|XP_011787194.1
PRELP	XP_011787195.1	GeneID=105504368	382	excluded	extra_isoform_same_species	XP_011787195.1 PRELP [organism=Colobus angolensis palliatus] [GeneID=105504368]	GeneID_105504368|PRELP|XP_011787195.1
PRELP	XP_037352416.1	GeneID=119233865	379	kept	representative	XP_037352416.1 PRELP [organism=Talpa occidentalis] [GeneID=119233865]	GeneID_119233865|PRELP|XP_037352416.1
PRELP	XP_038018207.1	GeneID=119711748	371	kept	representative	XP_038018207.1 PRELP [organism=Motacilla alba alba] [GeneID=119711748]	GeneID_119711748|PRELP|XP_038018207.1
PRELP	XP_054639383.1	GeneID=129185855	373	kept	representative	XP_054639383.1 prelp [organism=Dunckerocampus dactyliophorus] [GeneID=129185855]	GeneID_129185855|PRELP|XP_054639383.1
PRELP	XP_030321422.1	GeneID=103533549	371	kept	representative	XP_030321422.1 PRELP [organism=Calypte anna] [GeneID=103533549]	GeneID_103533549|PRELP|XP_030321422.1
PRELP	XP_041748235.2	GeneID=121578149	380	kept	representative	XP_041748235.2 LOC121578149 [organism=Coregonus clupeaformis] [GeneID=121578149]	GeneID_121578149|PRELP|XP_041748235.2
PRELP	XP_041748236.2	GeneID=121578149	380	excluded	extra_isoform_same_species	XP_041748236.2 LOC121578149 [organism=Coregonus clupeaformis] [GeneID=121578149]	GeneID_121578149|PRELP|XP_041748236.2
PRELP	XP_085867350.1	GeneID=147105124	393	kept	representative	XP_085867350.1 prelp [organism=Somniosus microcephalus] [GeneID=147105124]	GeneID_147105124|PRELP|XP_085867350.1
PRELP	XP_010643342.1	GeneID=104876820	382	kept	representative	XP_010643342.1 Prelp [organism=Fukomys damarensis] [GeneID=104876820]	GeneID_104876820|PRELP|XP_010643342.1
PRELP	XP_080223877.1	isoform=1	422	excluded	extra_isoform_same_species	XP_080223877.1 PRELP [organism=Falco punctatus] [GeneID=308054624] [isoform=1]	isoform_1|PRELP|XP_080223877.1
PRELP	XP_080223878.1	isoform=2	371	excluded	extra_isoform_same_species	XP_080223878.1 PRELP [organism=Falco punctatus] [GeneID=308054624] [isoform=2]	isoform_2|PRELP|XP_080223878.1
PRELP	XP_046538875.1	GeneID=124250751	379	kept	representative	XP_046538875.1 PRELP [organism=Equus quagga] [GeneID=124250751]	GeneID_124250751|PRELP|XP_046538875.1
PRELP	XP_046538876.1	GeneID=124250751	379	excluded	extra_isoform_same_species	XP_046538876.1 PRELP [organism=Equus quagga] [GeneID=124250751]	GeneID_124250751|PRELP|XP_046538876.1
PRELP	XP_005073425.1	GeneID=101844387	377	kept	representative	XP_005073425.1 Prelp [organism=Mesocricetus auratus] [GeneID=101844387]	GeneID_101844387|PRELP|XP_005073425.1
PRELP	XP_012971343.1	GeneID=101844387	377	excluded	extra_isoform_same_species	XP_012971343.1 Prelp [organism=Mesocricetus auratus] [GeneID=101844387]	GeneID_101844387|PRELP|XP_012971343.1
PRELP	XP_040595273.1	GeneID=101844387	377	excluded	extra_isoform_same_species	XP_040595273.1 Prelp [organism=Mesocricetus auratus] [GeneID=101844387]	GeneID_101844387|PRELP|XP_040595273.1
PRELP	XP_052056027.1	GeneID=127697156	377	kept	representative	XP_052056027.1 Prelp [organism=Apodemus sylvaticus] [GeneID=127697156]	GeneID_127697156|PRELP|XP_052056027.1
PRELP	XP_061543948.1	isoform=X1	373	excluded	extra_isoform_same_species	XP_061543948.1 prelp [organism=Phycodurus eques] [GeneID=133408757] [isoform=X1]	isoform_X1|PRELP|XP_061543948.1
PRELP	XP_061543949.1	isoform=X1	373	excluded	extra_isoform_same_species	XP_061543949.1 prelp [organism=Phycodurus eques] [GeneID=133408757] [isoform=X1]	isoform_X1|PRELP|XP_061543949.1
PRELP	XP_061543950.1	isoform=X2	325	excluded	extra_isoform_same_species	XP_061543950.1 prelp [organism=Phycodurus eques] [GeneID=133408757] [isoform=X2]	isoform_X2|PRELP|XP_061543950.1
PRELP	XP_004392850.1	GeneID=101376567	377	kept	representative	XP_004392850.1 PRELP [organism=Odobenus rosmarus divergens] [GeneID=101376567]	GeneID_101376567|PRELP|XP_004392850.1
PRELP	XP_029086238.1	GeneID=114899539	399	kept	representative	XP_029086238.1 PRELP [organism=Monodon monoceros] [GeneID=114899539]	GeneID_114899539|PRELP|XP_029086238.1
PRELP	XP_024124806.1	GeneID=112144492	379	kept	representative	XP_024124806.1 LOC112144492 [organism=Oryzias melastigma] [GeneID=112144492]	GeneID_112144492|PRELP|XP_024124806.1
PRELP	XP_011893608.1	GeneID=105575864	210	excluded	relative_length	XP_011893608.1 PRELP [organism=Cercocebus atys] [GeneID=105575864]	GeneID_105575864|PRELP|XP_011893608.1
PRELP	XP_062975285.1	GeneID=134394068	368	kept	representative	XP_062975285.1 PRELP [organism=Elgaria multicarinata webbii] [GeneID=134394068]	GeneID_134394068|PRELP|XP_062975285.1
PRELP	XP_077013575.1	GeneID=143680893	379	kept	representative	XP_077013575.1 PRELP [organism=Tamandua tetradactyla] [GeneID=143680893]	GeneID_143680893|PRELP|XP_077013575.1
PRELP	XP_077013576.1	GeneID=143680893	379	excluded	extra_isoform_same_species	XP_077013576.1 PRELP [organism=Tamandua tetradactyla] [GeneID=143680893]	GeneID_143680893|PRELP|XP_077013576.1
PRELP	XP_077583120.1	GeneID=144203507	376	kept	representative	XP_077583120.1 prelp [organism=Stigmatopora nigra] [GeneID=144203507]	GeneID_144203507|PRELP|XP_077583120.1
PRELP	XP_085156454.1	GeneID=146598396	368	kept	representative	XP_085156454.1 PRELP [organism=Rhea americana] [GeneID=146598396]	GeneID_146598396|PRELP|XP_085156454.1
PRELP	XP_085156455.1	GeneID=146598396	368	excluded	extra_isoform_same_species	XP_085156455.1 PRELP [organism=Rhea americana] [GeneID=146598396]	GeneID_146598396|PRELP|XP_085156455.1
PRELP	XP_006096976.1	GeneID=102419008	372	kept	representative	XP_006096976.1 PRELP [organism=Myotis lucifugus] [GeneID=102419008]	GeneID_102419008|PRELP|XP_006096976.1
PRELP	XP_006096977.1	GeneID=102419008	372	excluded	extra_isoform_same_species	XP_006096977.1 PRELP [organism=Myotis lucifugus] [GeneID=102419008]	GeneID_102419008|PRELP|XP_006096977.1
PRELP	XP_019832059.1	GeneID=109570502	381	kept	representative	XP_019832059.1 PRELP [organism=Bos indicus] [GeneID=109570502]	GeneID_109570502|PRELP|XP_019832059.1
PRELP	XP_051767692.1	GeneID=127522119	380	kept	representative	XP_051767692.1 prelp [organism=Ctenopharyngodon idella] [GeneID=127522119]	GeneID_127522119|PRELP|XP_051767692.1
PRELP	XP_026162987.1	GeneID=113130499	379	kept	representative	XP_026162987.1 prelp [organism=Mastacembelus armatus] [GeneID=113130499]	GeneID_113130499|PRELP|XP_026162987.1
PRELP	XP_036958442.1	GeneID=119021942	379	kept	representative	XP_036958442.1 LOC119021942 [organism=Acanthopagrus latus] [GeneID=119021942]	GeneID_119021942|PRELP|XP_036958442.1
PRELP	XP_032504770.1	isoform=X1	390	excluded	extra_isoform_same_species	XP_032504770.1 PRELP [organism=Phocoena sinus] [GeneID=116762115] [isoform=X1]	isoform_X1|PRELP|XP_032504770.1
PRELP	XP_032504778.1	isoform=X2	381	excluded	extra_isoform_same_species	XP_032504778.1 PRELP [organism=Phocoena sinus] [GeneID=116762115] [isoform=X2]	isoform_X2|PRELP|XP_032504778.1
PRELP	XP_032504785.1	isoform=X2	381	excluded	extra_isoform_same_species	XP_032504785.1 PRELP [organism=Phocoena sinus] [GeneID=116762115] [isoform=X2]	isoform_X2|PRELP|XP_032504785.1
PRELP	XP_082083305.1	GeneID=309534791	368	kept	representative	XP_082083305.1 PRELP [organism=Podarcis vaucheri] [GeneID=309534791]	GeneID_309534791|PRELP|XP_082083305.1
PRELP	XP_083301716.1	GeneID=310679822	368	kept	representative	XP_083301716.1 PRELP [organism=Podarcis tiliguerta] [GeneID=310679822]	GeneID_310679822|PRELP|XP_083301716.1
PRELP	XP_023688165.1	GeneID=111854446	396	kept	representative	XP_023688165.1 prelp [organism=Paramormyrops kingsleyae] [GeneID=111854446]	GeneID_111854446|PRELP|XP_023688165.1
PRELP	XP_032278221.1	isoform=X1	458	excluded	extra_isoform_same_species	XP_032278221.1 PRELP [organism=Phoca vitulina] [GeneID=116643492] [isoform=X1]	isoform_X1|PRELP|XP_032278221.1
PRELP	XP_032278223.1	isoform=X2	383	excluded	extra_isoform_same_species	XP_032278223.1 PRELP [organism=Phoca vitulina] [GeneID=116643492] [isoform=X2]	isoform_X2|PRELP|XP_032278223.1
PRELP	XP_032278224.1	isoform=X3	377	excluded	extra_isoform_same_species	XP_032278224.1 PRELP [organism=Phoca vitulina] [GeneID=116643492] [isoform=X3]	isoform_X3|PRELP|XP_032278224.1
PRELP	XP_032278225.1	isoform=X3	377	excluded	extra_isoform_same_species	XP_032278225.1 PRELP [organism=Phoca vitulina] [GeneID=116643492] [isoform=X3]	isoform_X3|PRELP|XP_032278225.1
PRELP	XP_079097972.1	GeneID=306756913	379	kept	representative	XP_079097972.1 prelp [organism=Telmatherina bonti] [GeneID=306756913]	GeneID_306756913|PRELP|XP_079097972.1
PRELP	XP_003264632.1	GeneID=100602848	382	kept	representative	XP_003264632.1 PRELP [organism=Nomascus leucogenys] [GeneID=100602848]	GeneID_100602848|PRELP|XP_003264632.1
PRELP	XP_012357522.1	GeneID=100602848	382	excluded	extra_isoform_same_species	XP_012357522.1 PRELP [organism=Nomascus leucogenys] [GeneID=100602848]	GeneID_100602848|PRELP|XP_012357522.1
PRELP	XP_061015819.1	GeneID=133068920	380	kept	representative	XP_061015819.1 PRELP [organism=Dama dama] [GeneID=133068920]	GeneID_133068920|PRELP|XP_061015819.1
PRELP	XP_064029818.1	GeneID=135191446	371	kept	representative	XP_064029818.1 PRELP [organism=Pogoniulus pusillus] [GeneID=135191446]	GeneID_135191446|PRELP|XP_064029818.1
PRELP	XP_050620070.1	GeneID=126939140	382	kept	representative	XP_050620070.1 PRELP [organism=Macaca thibetana thibetana] [GeneID=126939140]	GeneID_126939140|PRELP|XP_050620070.1
PRELP	XP_042689629.1	isoform=X1	386	excluded	extra_isoform_same_species	XP_042689629.1 PRELP [organism=Centrocercus urophasianus] [GeneID=122168396] [isoform=X1]	isoform_X1|PRELP|XP_042689629.1
PRELP	XP_042689630.1	isoform=X2	374	excluded	extra_isoform_same_species	XP_042689630.1 PRELP [organism=Centrocercus urophasianus] [GeneID=122168396] [isoform=X2]	isoform_X2|PRELP|XP_042689630.1
PRELP	XP_079603401.1	isoform=1	389	excluded	extra_isoform_same_species	XP_079603401.1 prelp [organism=Pollachius pollachius] [GeneID=307083404] [isoform=1]	isoform_1|PRELP|XP_079603401.1
PRELP	XP_079603402.1	isoform=1	389	excluded	extra_isoform_same_species	XP_079603402.1 prelp [organism=Pollachius pollachius] [GeneID=307083404] [isoform=1]	isoform_1|PRELP|XP_079603402.1
PRELP	XP_080680891.1	GeneID=308356083	379	kept	representative	XP_080680891.1 PRELP [organism=Martes martes] [GeneID=308356083]	GeneID_308356083|PRELP|XP_080680891.1
PRELP	XP_055040582.2	GeneID=129427839	381	kept	representative	XP_055040582.2 prelp [organism=Misgurnus anguillicaudatus] [GeneID=129427839]	GeneID_129427839|PRELP|XP_055040582.2
PRELP	XP_080504237.1	isoform=1	380	excluded	extra_isoform_same_species	XP_080504237.1 PRELP [organism=Plecotus auritus] [GeneID=308237431] [isoform=1]	isoform_1|PRELP|XP_080504237.1
PRELP	XP_080504238.1	isoform=1	380	excluded	extra_isoform_same_species	XP_080504238.1 PRELP [organism=Plecotus auritus] [GeneID=308237431] [isoform=1]	isoform_1|PRELP|XP_080504238.1
PRELP	XP_029908531.1	GeneID=115359962	381	kept	representative	XP_029908531.1 prelp [organism=Myripristis murdjan] [GeneID=115359962]	GeneID_115359962|PRELP|XP_029908531.1
PRELP	XP_029908532.1	GeneID=115359962	381	excluded	extra_isoform_same_species	XP_029908532.1 prelp [organism=Myripristis murdjan] [GeneID=115359962]	GeneID_115359962|PRELP|XP_029908532.1
PRELP	XP_007522177.1	GeneID=103112647	386	kept	representative	XP_007522177.1 PRELP [organism=Erinaceus europaeus] [GeneID=103112647]	GeneID_103112647|PRELP|XP_007522177.1
PRELP	XP_060034604.1	GeneID=103112647	386	excluded	extra_isoform_same_species	XP_060034604.1 PRELP [organism=Erinaceus europaeus] [GeneID=103112647]	GeneID_103112647|PRELP|XP_060034604.1
PRELP	XP_083917373.1	isoform=1	393	excluded	extra_isoform_same_species	XP_083917373.1 prelp [organism=Gymnoscopelus microlampas] [GeneID=311048165] [isoform=1]	isoform_1|PRELP|XP_083917373.1
PRELP	XP_083917374.1	isoform=1	393	excluded	extra_isoform_same_species	XP_083917374.1 prelp [organism=Gymnoscopelus microlampas] [GeneID=311048165] [isoform=1]	isoform_1|PRELP|XP_083917374.1
PRELP	XP_068397637.1	GeneID=137762955	381	kept	representative	XP_068397637.1 PRELP [organism=Eschrichtius robustus] [GeneID=137762955]	GeneID_137762955|PRELP|XP_068397637.1
PRELP	XP_029286528.1	GeneID=115007717	381	kept	representative	XP_029286528.1 prelp [organism=Cottoperca gobio] [GeneID=115007717]	GeneID_115007717|PRELP|XP_029286528.1
PRELP	XP_082688706.1	GeneID=309957374	381	kept	representative	XP_082688706.1 PRELP [organism=Leucopleurus acutus] [GeneID=309957374]	GeneID_309957374|PRELP|XP_082688706.1
PRELP	XP_010082057.1	GeneID=104469300	371	kept	representative	XP_010082057.1 PRELP [organism=Pterocles gutturalis] [GeneID=104469300]	GeneID_104469300|PRELP|XP_010082057.1
PRELP	XP_031294682.1	GeneID=105102008	381	kept	representative	XP_031294682.1 PRELP [organism=Camelus dromedarius] [GeneID=105102008]	GeneID_105102008|PRELP|XP_031294682.1
PRELP	XP_061074661.1	GeneID=133109367	370	kept	representative	XP_061074661.1 prelp [organism=Conger conger] [GeneID=133109367]	GeneID_133109367|PRELP|XP_061074661.1
PRELP	XP_063811351.1	GeneID=135045295	374	kept	representative	XP_063811351.1 PRELP [organism=Pseudophryne corroboree] [GeneID=135045295]	GeneID_135045295|PRELP|XP_063811351.1
PRELP	XP_083818728.1	GeneID=310979514	374	kept	representative	XP_083818728.1 PRELP [organism=Clangula hyemalis] [GeneID=310979514]	GeneID_310979514|PRELP|XP_083818728.1
PRELP	XP_073681912.1	GeneID=141293754	380	kept	representative	XP_073681912.1 prelp [organism=Garra rufa] [GeneID=141293754]	GeneID_141293754|PRELP|XP_073681912.1
PRELP	XP_085780145.1	GeneID=147049095	373	kept	representative	XP_085780145.1 prelp [organism=Syngnathus leptorhynchus] [GeneID=147049095]	GeneID_147049095|PRELP|XP_085780145.1
PRELP	XP_085780146.1	GeneID=147049095	373	excluded	extra_isoform_same_species	XP_085780146.1 prelp [organism=Syngnathus leptorhynchus] [GeneID=147049095]	GeneID_147049095|PRELP|XP_085780146.1
PRELP	XP_013152349.2	GeneID=101914218	371	kept	representative	XP_013152349.2 PRELP [organism=Falco peregrinus] [GeneID=101914218]	GeneID_101914218|PRELP|XP_013152349.2
PRELP	XP_075299296.1	GeneID=104328208	371	kept	representative	XP_075299296.1 PRELP [organism=Opisthocomus hoazin] [GeneID=104328208]	GeneID_104328208|PRELP|XP_075299296.1
PRELP	XP_075299297.1	GeneID=104328208	371	excluded	extra_isoform_same_species	XP_075299297.1 PRELP [organism=Opisthocomus hoazin] [GeneID=104328208]	GeneID_104328208|PRELP|XP_075299297.1
PRELP	XP_075299298.1	GeneID=104328208	371	excluded	extra_isoform_same_species	XP_075299298.1 PRELP [organism=Opisthocomus hoazin] [GeneID=104328208]	GeneID_104328208|PRELP|XP_075299298.1
PRELP	XP_027515688.1	GeneID=113954935	371	kept	representative	XP_027515688.1 PRELP [organism=Corapipo altera] [GeneID=113954935]	GeneID_113954935|PRELP|XP_027515688.1
PRELP	XP_061041496.1	GeneID=133087844	381	kept	representative	XP_061041496.1 PRELP [organism=Eubalaena glacialis] [GeneID=133087844]	GeneID_133087844|PRELP|XP_061041496.1
PRELP	XP_081721467.1	GeneID=309343630	368	kept	representative	XP_081721467.1 PRELP [organism=Podarcis erhardii] [GeneID=309343630]	GeneID_309343630|PRELP|XP_081721467.1
PRELP	XP_038154065.1	GeneID=119791817	379	kept	representative	XP_038154065.1 LOC119791817 [organism=Cyprinodon tularosa] [GeneID=119791817]	GeneID_119791817|PRELP|XP_038154065.1
PRELP	XP_039529676.1	GeneID=120480516	378	kept	representative	XP_039529676.1 LOC120480516 [organism=Pimephales promelas] [GeneID=120480516]	GeneID_120480516|PRELP|XP_039529676.1
PRELP	XP_027419975.1	GeneID=113906277	381	kept	representative	XP_027419975.1 PRELP [organism=Bos indicus x Bos taurus] [GeneID=113906277]	GeneID_113906277|PRELP|XP_027419975.1
PRELP	XP_073324784.1	GeneID=140998400	379	kept	representative	XP_073324784.1 prelp [organism=Pagrus major] [GeneID=140998400]	GeneID_140998400|PRELP|XP_073324784.1
PRELP	XP_032322605.1	GeneID=102514616	381	kept	representative	XP_032322605.1 PRELP [organism=Camelus ferus] [GeneID=102514616]	GeneID_102514616|PRELP|XP_032322605.1
PRELP	XP_028590013.1	GeneID=114599277	368	kept	representative	XP_028590013.1 PRELP [organism=Podarcis muralis] [GeneID=114599277]	GeneID_114599277|PRELP|XP_028590013.1
PRELP	XP_077785084.1	GeneID=114599277	368	excluded	extra_isoform_same_species	XP_077785084.1 PRELP [organism=Podarcis muralis] [GeneID=114599277]	GeneID_114599277|PRELP|XP_077785084.1
PRELP	XP_056294549.1	isoform=X1	379	kept	representative	XP_056294549.1 prelp [organism=Pseudoliparis swirei] [GeneID=130209048] [isoform=X1]	isoform_X1|PRELP|XP_056294549.1
PRELP	XP_056294550.1	isoform=X2	365	excluded	extra_isoform_same_species	XP_056294550.1 prelp [organism=Pseudoliparis swirei] [GeneID=130209048] [isoform=X2]	isoform_X2|PRELP|XP_056294550.1
PRELP	XP_043779389.1	GeneID=122707687	380	kept	representative	XP_043779389.1 PRELP [organism=Cervus elaphus] [GeneID=122707687]	GeneID_122707687|PRELP|XP_043779389.1
PRELP	XP_019941968.2	GeneID=109628948	479	kept	representative	XP_019941968.2 prelp [organism=Paralichthys olivaceus] [GeneID=109628948]	GeneID_109628948|PRELP|XP_019941968.2
PRELP	XP_059343888.1	GeneID=132083279	369	kept	representative	XP_059343888.1 PRELP [organism=Ammospiza nelsoni] [GeneID=132083279]	GeneID_132083279|PRELP|XP_059343888.1
PRELP	XP_062254667.1	GeneID=133964528	371	kept	representative	XP_062254667.1 prelp [organism=Platichthys flesus] [GeneID=133964528]	GeneID_133964528|PRELP|XP_062254667.1
PRELP	XP_062971015.1	GeneID=134391061	381	kept	representative	XP_062971015.1 PRELP [organism=Cynocephalus volans] [GeneID=134391061]	GeneID_134391061|PRELP|XP_062971015.1
PRELP	XP_062971016.1	GeneID=134391061	381	excluded	extra_isoform_same_species	XP_062971016.1 PRELP [organism=Cynocephalus volans] [GeneID=134391061]	GeneID_134391061|PRELP|XP_062971016.1
PRELP	XP_077386871.1	GeneID=144024447	370	kept	representative	XP_077386871.1 prelp [organism=Festucalex cinctus] [GeneID=144024447]	GeneID_144024447|PRELP|XP_077386871.1
PRELP	XP_077695569.1	GeneID=144278222	371	kept	representative	XP_077695569.1 PRELP [organism=Eretmochelys imbricata] [GeneID=144278222]	GeneID_144278222|PRELP|XP_077695569.1
PRELP	XP_009488628.2	GeneID=104036671	371	kept	representative	XP_009488628.2 PRELP [organism=Pelecanus crispus] [GeneID=104036671]	GeneID_104036671|PRELP|XP_009488628.2
PRELP	XP_012511403.1	GeneID=105819653	380	kept	representative	XP_012511403.1 PRELP [organism=Propithecus coquereli] [GeneID=105819653]	GeneID_105819653|PRELP|XP_012511403.1
PRELP	XP_032641720.1	GeneID=116827922	367	kept	representative	XP_032641720.1 PRELP [organism=Chelonoidis abingdonii] [GeneID=116827922]	GeneID_116827922|PRELP|XP_032641720.1
PRELP	XP_015740847.1	GeneID=107324914	374	kept	representative	XP_015740847.1 PRELP [organism=Coturnix japonica] [GeneID=107324914]	GeneID_107324914|PRELP|XP_015740847.1
PRELP	XP_085383099.1	GeneID=107324914	374	excluded	extra_isoform_same_species	XP_085383099.1 PRELP [organism=Coturnix japonica] [GeneID=107324914]	GeneID_107324914|PRELP|XP_085383099.1
PRELP	XP_041837652.1	GeneID=121637517	379	kept	representative	XP_041837652.1 LOC121637517 [organism=Melanotaenia boesemani] [GeneID=121637517]	GeneID_121637517|PRELP|XP_041837652.1
PRELP	XP_041837653.1	GeneID=121637517	379	excluded	extra_isoform_same_species	XP_041837653.1 LOC121637517 [organism=Melanotaenia boesemani] [GeneID=121637517]	GeneID_121637517|PRELP|XP_041837653.1
PRELP	XP_041837655.1	GeneID=121637517	379	excluded	extra_isoform_same_species	XP_041837655.1 LOC121637517 [organism=Melanotaenia boesemani] [GeneID=121637517]	GeneID_121637517|PRELP|XP_041837655.1
PRELP	XP_041837656.1	GeneID=121637517	379	excluded	extra_isoform_same_species	XP_041837656.1 LOC121637517 [organism=Melanotaenia boesemani] [GeneID=121637517]	GeneID_121637517|PRELP|XP_041837656.1
PRELP	XP_044034827.1	GeneID=122867726	379	kept	representative	XP_044034827.1 LOC122867726 [organism=Siniperca chuatsi] [GeneID=122867726]	GeneID_122867726|PRELP|XP_044034827.1
PRELP	XP_044034832.1	GeneID=122867726	379	excluded	extra_isoform_same_species	XP_044034832.1 LOC122867726 [organism=Siniperca chuatsi] [GeneID=122867726]	GeneID_122867726|PRELP|XP_044034832.1
PRELP	XP_054660102.1	GeneID=129196514	371	kept	representative	XP_054660102.1 PRELP [organism=Grus americana] [GeneID=129196514]	GeneID_129196514|PRELP|XP_054660102.1
PRELP	XP_058556384.1	GeneID=131495454	379	kept	representative	XP_058556384.1 PRELP [organism=Neofelis nebulosa] [GeneID=131495454]	GeneID_131495454|PRELP|XP_058556384.1
PRELP	XP_058556385.1	GeneID=131495454	379	excluded	extra_isoform_same_species	XP_058556385.1 PRELP [organism=Neofelis nebulosa] [GeneID=131495454]	GeneID_131495454|PRELP|XP_058556385.1
PRELP	XP_080066075.1	GeneID=145356938	395	kept	representative	XP_080066075.1 prelp [organism=Carcharhinus amblyrhynchos] [GeneID=145356938]	GeneID_145356938|PRELP|XP_080066075.1
PRELP	XP_002809625.2	isoform=X2	382	excluded	extra_isoform_same_species	XP_002809625.2 PRELP [organism=Pongo abelii] [GeneID=100438676] [isoform=X2]	isoform_X2|PRELP|XP_002809625.2
PRELP	XP_054378665.1	isoform=X1	400	excluded	extra_isoform_same_species	XP_054378665.1 PRELP [organism=Pongo abelii] [GeneID=100438676] [isoform=X1]	isoform_X1|PRELP|XP_054378665.1
PRELP	XP_058488811.1	GeneID=131461518	379	kept	representative	XP_058488811.1 prelp [organism=Solea solea] [GeneID=131461518]	GeneID_131461518|PRELP|XP_058488811.1
PRELP	XP_003767651.2	GeneID=100928893	387	kept	representative	XP_003767651.2 PRELP [organism=Sarcophilus harrisii] [GeneID=100928893]	GeneID_100928893|PRELP|XP_003767651.2
PRELP	XP_030821770.1	GeneID=115913719	369	kept	representative	XP_030821770.1 PRELP [organism=Camarhynchus parvulus] [GeneID=115913719]	GeneID_115913719|PRELP|XP_030821770.1
PRELP	XP_066527811.1	GeneID=136696930	379	kept	representative	XP_066527811.1 prelp [organism=Hoplias malabaricus] [GeneID=136696930]	GeneID_136696930|PRELP|XP_066527811.1
PRELP	XP_074078517.1	GeneID=141513003	387	kept	representative	XP_074078517.1 PRELP [organism=Macrotis lagotis] [GeneID=141513003]	GeneID_141513003|PRELP|XP_074078517.1
PRELP	XP_004425210.1	GeneID=101406968	381	kept	representative	XP_004425210.1 LOC101406968 [organism=Ceratotherium simum simum] [GeneID=101406968]	GeneID_101406968|PRELP|XP_004425210.1
PRELP	XP_079339819.1	isoform=1	380	excluded	extra_isoform_same_species	XP_079339819.1 prelp [organism=Barbatula barbatula] [GeneID=306909700] [isoform=1]	isoform_1|PRELP|XP_079339819.1
PRELP	XP_079339820.1	isoform=1	380	excluded	extra_isoform_same_species	XP_079339820.1 prelp [organism=Barbatula barbatula] [GeneID=306909700] [isoform=1]	isoform_1|PRELP|XP_079339820.1
PRELP	XP_027000158.1	GeneID=113641570	371	kept	representative	XP_027000158.1 LOC113641570 [organism=Tachysurus fulvidraco] [GeneID=113641570]	GeneID_113641570|PRELP|XP_027000158.1
PRELP	XP_014810880.1	GeneID=106895780	371	kept	representative	XP_014810880.1 PRELP [organism=Calidris pugnax] [GeneID=106895780]	GeneID_106895780|PRELP|XP_014810880.1
PRELP	XP_031461791.1	GeneID=116237015	374	kept	representative	XP_031461791.1 PRELP [organism=Phasianus colchicus] [GeneID=116237015]	GeneID_116237015|PRELP|XP_031461791.1
PRELP	XP_056217808.1	GeneID=130159801	371	kept	representative	XP_056217808.1 PRELP [organism=Falco biarmicus] [GeneID=130159801]	GeneID_130159801|PRELP|XP_056217808.1
PRELP	XP_085631936.1	GeneID=146986936	383	kept	representative	XP_085631936.1 prelp [organism=Trachurus japonicus] [GeneID=146986936]	GeneID_146986936|PRELP|XP_085631936.1
PRELP	XP_072671010.1	GeneID=140626977	379	kept	representative	XP_072671010.1 PRELP [organism=Canis lupus baileyi] [GeneID=140626977]	GeneID_140626977|PRELP|XP_072671010.1
PRELP	XP_072671011.1	GeneID=140626977	379	excluded	extra_isoform_same_species	XP_072671011.1 PRELP [organism=Canis lupus baileyi] [GeneID=140626977]	GeneID_140626977|PRELP|XP_072671011.1
PRELP	XP_009886602.1	GeneID=104289364	305	kept	representative	XP_009886602.1 PRELP [organism=Charadrius vociferus] [GeneID=104289364]	GeneID_104289364|PRELP|XP_009886602.1
PRELP	XP_030728560.2	GeneID=115861712	381	kept	representative	XP_030728560.2 PRELP [organism=Globicephala melas] [GeneID=115861712]	GeneID_115861712|PRELP|XP_030728560.2
PRELP	XP_080584636.1	GeneID=308287361	395	kept	representative	XP_080584636.1 prelp [organism=Nannobrachium achirus] [GeneID=308287361]	GeneID_308287361|PRELP|XP_080584636.1
PRELP	XP_083365995.1	GeneID=310709826	368	kept	representative	XP_083365995.1 PRELP [organism=Podarcis liolepis] [GeneID=310709826]	GeneID_310709826|PRELP|XP_083365995.1
PRELP	XP_034074257.1	GeneID=117547535	379	kept	representative	XP_034074257.1 prelp [organism=Gymnodraco acuticeps] [GeneID=117547535]	GeneID_117547535|PRELP|XP_034074257.1
PRELP	XP_068171240.1	GeneID=137595213	379	kept	representative	XP_068171240.1 prelp [organism=Antennarius striatus] [GeneID=137595213]	GeneID_137595213|PRELP|XP_068171240.1
PRELP	XP_029989148.1	GeneID=115418803	379	kept	representative	XP_029989148.1 prelp [organism=Sphaeramia orbicularis] [GeneID=115418803]	GeneID_115418803|PRELP|XP_029989148.1
PRELP	XP_029989149.1	GeneID=115418803	379	excluded	extra_isoform_same_species	XP_029989149.1 prelp [organism=Sphaeramia orbicularis] [GeneID=115418803]	GeneID_115418803|PRELP|XP_029989149.1
PRELP	XP_083734649.1	GeneID=310919248	372	kept	representative	XP_083734649.1 PRELP [organism=Zosterops lateralis] [GeneID=310919248]	GeneID_310919248|PRELP|XP_083734649.1
PRELP	XP_014685672.1	GeneID=106824089	379	kept	representative	XP_014685672.1 PRELP [organism=Equus asinus] [GeneID=106824089]	GeneID_106824089|PRELP|XP_014685672.1
PRELP	XP_014685682.1	GeneID=106824089	379	excluded	extra_isoform_same_species	XP_014685682.1 PRELP [organism=Equus asinus] [GeneID=106824089]	GeneID_106824089|PRELP|XP_014685682.1
PRELP	XP_027602822.1	GeneID=114001677	371	kept	representative	XP_027602822.1 PRELP [organism=Pipra filicauda] [GeneID=114001677]	GeneID_114001677|PRELP|XP_027602822.1
PRELP	XP_059723431.1	GeneID=132338176	372	kept	representative	XP_059723431.1 PRELP [organism=Haemorhous mexicanus] [GeneID=132338176]	GeneID_132338176|PRELP|XP_059723431.1
PRELP	XP_051932846.1	GeneID=127608038	371	kept	representative	XP_051932846.1 prelp [organism=Hippocampus zosterae] [GeneID=127608038]	GeneID_127608038|PRELP|XP_051932846.1
PRELP	XP_010879394.1	isoform=X1	379	excluded	extra_isoform_same_species	XP_010879394.1 prelp [organism=Esox lucius] [GeneID=105016922] [isoform=X1]	isoform_X1|PRELP|XP_010879394.1
PRELP	XP_010879395.1	isoform=X2	377	excluded	extra_isoform_same_species	XP_010879395.1 prelp [organism=Esox lucius] [GeneID=105016922] [isoform=X2]	isoform_X2|PRELP|XP_010879395.1
PRELP	XP_023279423.1	GeneID=111667820	379	kept	representative	XP_023279423.1 prelp [organism=Seriola lalandi dorsalis] [GeneID=111667820]	GeneID_111667820|PRELP|XP_023279423.1
PRELP	XP_023279424.1	GeneID=111667820	379	excluded	extra_isoform_same_species	XP_023279424.1 prelp [organism=Seriola lalandi dorsalis] [GeneID=111667820]	GeneID_111667820|PRELP|XP_023279424.1
PRELP	XP_023279425.1	GeneID=111667820	379	excluded	extra_isoform_same_species	XP_023279425.1 prelp [organism=Seriola lalandi dorsalis] [GeneID=111667820]	GeneID_111667820|PRELP|XP_023279425.1
PRELP	NP_002716.1	GeneID=5549	382	kept	representative	NP_002716.1 PRELP [organism=Homo sapiens] [GeneID=5549]	GeneID_5549|PRELP|NP_002716.1
PRELP	NP_958505.1	GeneID=5549	382	excluded	extra_isoform_same_species	NP_958505.1 PRELP [organism=Homo sapiens] [GeneID=5549]	GeneID_5549|PRELP|NP_958505.1
PRELP	XP_080636404.1	isoform=1	386	excluded	extra_isoform_same_species	XP_080636404.1 prelp [organism=Protomyctophum bolini] [GeneID=308327111] [isoform=1]	isoform_1|PRELP|XP_080636404.1
PRELP	XP_080636405.1	isoform=1	386	excluded	extra_isoform_same_species	XP_080636405.1 prelp [organism=Protomyctophum bolini] [GeneID=308327111] [isoform=1]	isoform_1|PRELP|XP_080636405.1
PRELP	XP_006072464.1	GeneID=102397154	381	kept	representative	XP_006072464.1 PRELP [organism=Bubalus bubalis] [GeneID=102397154]	GeneID_102397154|PRELP|XP_006072464.1
PRELP	XP_009463881.1	GeneID=104013142	371	kept	representative	XP_009463881.1 PRELP [organism=Nipponia nippon] [GeneID=104013142]	GeneID_104013142|PRELP|XP_009463881.1
PRELP	XP_008294252.1	GeneID=103367870	382	kept	representative	XP_008294252.1 prelp [organism=Stegastes partitus] [GeneID=103367870]	GeneID_103367870|PRELP|XP_008294252.1
PRELP	XP_084173586.1	GeneID=311230994	388	kept	representative	XP_084173586.1 prelp [organism=Notolepis coatsorum] [GeneID=311230994]	GeneID_311230994|PRELP|XP_084173586.1
PRELP	XP_005690429.1	GeneID=102183894	380	kept	representative	XP_005690429.1 PRELP [organism=Capra hircus] [GeneID=102183894]	GeneID_102183894|PRELP|XP_005690429.1
PRELP	XP_040060729.2	GeneID=120835668	379	kept	representative	XP_040060729.2 prelp [organism=Gasterosteus aculeatus] [GeneID=120835668]	GeneID_120835668|PRELP|XP_040060729.2
PRELP	XP_066456399.1	GeneID=136625802	374	kept	representative	XP_066456399.1 PRELP [organism=Eleutherodactylus coqui] [GeneID=136625802]	GeneID_136625802|PRELP|XP_066456399.1
PRELP	XP_071373921.1	GeneID=139642794	379	kept	representative	XP_071373921.1 prelp [organism=Centroberyx affinis] [GeneID=139642794]	GeneID_139642794|PRELP|XP_071373921.1
PRELP	XP_004459106.2	GeneID=101424314	384	kept	representative	XP_004459106.2 PRELP [organism=Dasypus novemcinctus] [GeneID=101424314]	GeneID_101424314|PRELP|XP_004459106.2
PRELP	XP_023444710.2	GeneID=101424314	384	excluded	extra_isoform_same_species	XP_023444710.2 PRELP [organism=Dasypus novemcinctus] [GeneID=101424314]	GeneID_101424314|PRELP|XP_023444710.2
PRELP	XP_007987072.1	GeneID=103230278	382	kept	representative	XP_007987072.1 PRELP [organism=Chlorocebus sabaeus] [GeneID=103230278]	GeneID_103230278|PRELP|XP_007987072.1
PRELP	XP_007987073.1	GeneID=103230278	382	excluded	extra_isoform_same_species	XP_007987073.1 PRELP [organism=Chlorocebus sabaeus] [GeneID=103230278]	GeneID_103230278|PRELP|XP_007987073.1
PRELP	XP_043978372.1	isoform=X1	392	excluded	extra_isoform_same_species	XP_043978372.1 LOC122834224 [organism=Gambusia affinis] [GeneID=122834224] [isoform=X1]	isoform_X1|PRELP|XP_043978372.1
PRELP	XP_043978373.1	isoform=X2	379	excluded	extra_isoform_same_species	XP_043978373.1 LOC122834224 [organism=Gambusia affinis] [GeneID=122834224] [isoform=X2]	isoform_X2|PRELP|XP_043978373.1
PRELP	XP_043978374.1	isoform=X2	379	excluded	extra_isoform_same_species	XP_043978374.1 LOC122834224 [organism=Gambusia affinis] [GeneID=122834224] [isoform=X2]	isoform_X2|PRELP|XP_043978374.1
PRELP	XP_005640817.1	GeneID=488561	379	kept	representative	XP_005640817.1 PRELP [organism=Canis lupus familiaris] [GeneID=488561]	GeneID_488561|PRELP|XP_005640817.1
PRELP	XP_038304112.1	GeneID=488561	379	excluded	extra_isoform_same_species	XP_038304112.1 PRELP [organism=Canis lupus familiaris] [GeneID=488561]	GeneID_488561|PRELP|XP_038304112.1
PRELP	XP_038304113.1	GeneID=488561	379	excluded	extra_isoform_same_species	XP_038304113.1 PRELP [organism=Canis lupus familiaris] [GeneID=488561]	GeneID_488561|PRELP|XP_038304113.1
PRELP	XP_038378053.1	GeneID=488561	379	excluded	extra_isoform_same_species	XP_038378053.1 PRELP [organism=Canis lupus familiaris] [GeneID=488561]	GeneID_488561|PRELP|XP_038378053.1
PRELP	XP_038378054.1	GeneID=488561	379	excluded	extra_isoform_same_species	XP_038378054.1 PRELP [organism=Canis lupus familiaris] [GeneID=488561]	GeneID_488561|PRELP|XP_038378054.1
PRELP	XP_038441872.1	GeneID=488561	379	excluded	extra_isoform_same_species	XP_038441872.1 PRELP [organism=Canis lupus familiaris] [GeneID=488561]	GeneID_488561|PRELP|XP_038441872.1
PRELP	XP_038441873.1	GeneID=488561	379	excluded	extra_isoform_same_species	XP_038441873.1 PRELP [organism=Canis lupus familiaris] [GeneID=488561]	GeneID_488561|PRELP|XP_038441873.1
PRELP	XP_038506253.1	GeneID=488561	379	excluded	extra_isoform_same_species	XP_038506253.1 PRELP [organism=Canis lupus familiaris] [GeneID=488561]	GeneID_488561|PRELP|XP_038506253.1
PRELP	XP_038506254.1	GeneID=488561	379	excluded	extra_isoform_same_species	XP_038506254.1 PRELP [organism=Canis lupus familiaris] [GeneID=488561]	GeneID_488561|PRELP|XP_038506254.1
PRELP	XP_545678.2	GeneID=488561	379	excluded	extra_isoform_same_species	XP_545678.2 PRELP [organism=Canis lupus familiaris] [GeneID=488561]	GeneID_488561|PRELP|XP_545678.2
PRELP	XP_041504946.1	GeneID=121446400	381	kept	representative	XP_041504946.1 Prelp [organism=Microtus oregoni] [GeneID=121446400]	GeneID_121446400|PRELP|XP_041504946.1
PRELP	XP_041504947.1	GeneID=121446400	381	excluded	extra_isoform_same_species	XP_041504947.1 Prelp [organism=Microtus oregoni] [GeneID=121446400]	GeneID_121446400|PRELP|XP_041504947.1
PRELP	XP_058675293.1	GeneID=131567620	369	kept	representative	XP_058675293.1 PRELP [organism=Ammospiza caudacuta] [GeneID=131567620]	GeneID_131567620|PRELP|XP_058675293.1
PRELP	XP_029429690.1	GeneID=115074414	373	kept	representative	XP_029429690.1 PRELP [organism=Rhinatrema bivittatum] [GeneID=115074414]	GeneID_115074414|PRELP|XP_029429690.1
PRELP	XP_029429691.1	GeneID=115074414	373	excluded	extra_isoform_same_species	XP_029429691.1 PRELP [organism=Rhinatrema bivittatum] [GeneID=115074414]	GeneID_115074414|PRELP|XP_029429691.1
PRELP	XP_055975094.1	GeneID=130028351	378	kept	representative	XP_055975094.1 PRELP [organism=Sorex fumeus] [GeneID=130028351]	GeneID_130028351|PRELP|XP_055975094.1
PRELP	XP_015995198.1	GeneID=107508136	379	kept	representative	XP_015995198.1 PRELP [organism=Rousettus aegyptiacus] [GeneID=107508136]	GeneID_107508136|PRELP|XP_015995198.1
PRELP	XP_015995208.1	GeneID=107508136	379	excluded	extra_isoform_same_species	XP_015995208.1 PRELP [organism=Rousettus aegyptiacus] [GeneID=107508136]	GeneID_107508136|PRELP|XP_015995208.1
PRELP	XP_015995218.1	GeneID=107508136	379	excluded	extra_isoform_same_species	XP_015995218.1 PRELP [organism=Rousettus aegyptiacus] [GeneID=107508136]	GeneID_107508136|PRELP|XP_015995218.1
PRELP	XP_015995228.1	GeneID=107508136	379	excluded	extra_isoform_same_species	XP_015995228.1 PRELP [organism=Rousettus aegyptiacus] [GeneID=107508136]	GeneID_107508136|PRELP|XP_015995228.1
PRELP	XP_041578644.1	GeneID=121471850	379	kept	representative	XP_041578644.1 PRELP [organism=Vulpes lagopus] [GeneID=121471850]	GeneID_121471850|PRELP|XP_041578644.1
PRELP	XP_041578645.1	GeneID=121471850	379	excluded	extra_isoform_same_species	XP_041578645.1 PRELP [organism=Vulpes lagopus] [GeneID=121471850]	GeneID_121471850|PRELP|XP_041578645.1
PRELP	XP_046932376.1	GeneID=124509798	379	kept	representative	XP_046932376.1 PRELP [organism=Lynx rufus] [GeneID=124509798]	GeneID_124509798|PRELP|XP_046932376.1
PRELP	XP_060926345.1	GeneID=133000426	379	kept	representative	XP_060926345.1 prelp [organism=Limanda limanda] [GeneID=133000426]	GeneID_133000426|PRELP|XP_060926345.1
PRELP	XP_035136531.1	isoform=X2	382	excluded	extra_isoform_same_species	XP_035136531.1 PRELP [organism=Callithrix jacchus] [GeneID=100410540] [isoform=X2]	isoform_X2|PRELP|XP_035136531.1
PRELP	XP_054103967.1	isoform=X1	423	excluded	extra_isoform_same_species	XP_054103967.1 PRELP [organism=Callithrix jacchus] [GeneID=100410540] [isoform=X1]	isoform_X1|PRELP|XP_054103967.1
PRELP	XP_078212554.1	isoform=X2	382	excluded	extra_isoform_same_species	XP_078212554.1 PRELP [organism=Callithrix jacchus] [GeneID=100410540] [isoform=X2]	isoform_X2|PRELP|XP_078212554.1
PRELP	XP_061642009.1	GeneID=133484011	373	kept	representative	XP_061642009.1 prelp [organism=Phyllopteryx taeniolatus] [GeneID=133484011]	GeneID_133484011|PRELP|XP_061642009.1
PRELP	XP_061642010.1	GeneID=133484011	373	excluded	extra_isoform_same_species	XP_061642010.1 prelp [organism=Phyllopteryx taeniolatus] [GeneID=133484011]	GeneID_133484011|PRELP|XP_061642010.1
PRELP	XP_066117746.1	GeneID=136326147	379	kept	representative	XP_066117746.1 PRELP [organism=Saccopteryx bilineata] [GeneID=136326147]	GeneID_136326147|PRELP|XP_066117746.1
PRELP	XP_066117747.1	GeneID=136326147	379	excluded	extra_isoform_same_species	XP_066117747.1 PRELP [organism=Saccopteryx bilineata] [GeneID=136326147]	GeneID_136326147|PRELP|XP_066117747.1
PRELP	XP_079538707.1	isoform=1	378	excluded	extra_isoform_same_species	XP_079538707.1 prelp [organism=Notothenia rossii] [GeneID=307040057] [isoform=1]	isoform_1|PRELP|XP_079538707.1
PRELP	XP_079538708.1	isoform=1	378	excluded	extra_isoform_same_species	XP_079538708.1 prelp [organism=Notothenia rossii] [GeneID=307040057] [isoform=1]	isoform_1|PRELP|XP_079538708.1
PRELP	XP_082288806.1	GeneID=309646391	381	kept	representative	XP_082288806.1 PRELP [organism=Balaenoptera physalus] [GeneID=309646391]	GeneID_309646391|PRELP|XP_082288806.1
PRELP	XP_004013593.2	isoform=X2	381	excluded	extra_isoform_same_species	XP_004013593.2 PRELP [organism=Ovis aries] [GeneID=101111470] [isoform=X2]	isoform_X2|PRELP|XP_004013593.2
PRELP	XP_060251968.1	isoform=X1	398	excluded	extra_isoform_same_species	XP_060251968.1 PRELP [organism=Ovis aries] [GeneID=101111470] [isoform=X1]	isoform_X1|PRELP|XP_060251968.1
PRELP	XP_048111114.1	GeneID=125302135	381	kept	representative	XP_048111114.1 LOC125302135 [organism=Alosa alosa] [GeneID=125302135]	GeneID_125302135|PRELP|XP_048111114.1
PRELP	XP_017707074.1	GeneID=108515013	382	kept	representative	XP_017707074.1 PRELP [organism=Rhinopithecus bieti] [GeneID=108515013]	GeneID_108515013|PRELP|XP_017707074.1
PRELP	XP_059925570.1	GeneID=132470748	378	kept	representative	XP_059925570.1 prelp [organism=Gadus macrocephalus] [GeneID=132470748]	GeneID_132470748|PRELP|XP_059925570.1
PRELP	XP_075469808.1	GeneID=142502552	373	kept	representative	XP_075469808.1 PRELP [organism=Ascaphus truei] [GeneID=142502552]	GeneID_142502552|PRELP|XP_075469808.1
PRELP	XP_029007961.1	GeneID=114856281	382	kept	representative	XP_029007961.1 prelp [organism=Betta splendens] [GeneID=114856281]	GeneID_114856281|PRELP|XP_029007961.1
PRELP	XP_029007962.1	GeneID=114856281	382	excluded	extra_isoform_same_species	XP_029007962.1 prelp [organism=Betta splendens] [GeneID=114856281]	GeneID_114856281|PRELP|XP_029007962.1
PRELP	XP_031603762.1	isoform=X3	379	kept	representative	XP_031603762.1 LOC116326558 [organism=Oreochromis aureus] [GeneID=116326558] [isoform=X3]	isoform_X3|PRELP|XP_031603762.1
PRELP	XP_039468434.1	isoform=X1	401	excluded	extra_isoform_same_species	XP_039468434.1 LOC116326558 [organism=Oreochromis aureus] [GeneID=116326558] [isoform=X1]	isoform_X1|PRELP|XP_039468434.1
PRELP	XP_039468435.1	isoform=X2	383	excluded	extra_isoform_same_species	XP_039468435.1 LOC116326558 [organism=Oreochromis aureus] [GeneID=116326558] [isoform=X2]	isoform_X2|PRELP|XP_039468435.1
PRELP	XP_039468436.1	isoform=X3	379	excluded	extra_isoform_same_species	XP_039468436.1 LOC116326558 [organism=Oreochromis aureus] [GeneID=116326558] [isoform=X3]	isoform_X3|PRELP|XP_039468436.1
PRELP	XP_039468437.1	isoform=X3	379	excluded	extra_isoform_same_species	XP_039468437.1 LOC116326558 [organism=Oreochromis aureus] [GeneID=116326558] [isoform=X3]	isoform_X3|PRELP|XP_039468437.1
PRELP	XP_048860275.1	GeneID=125727521	397	kept	representative	XP_048860275.1 LOC125727521 [organism=Brienomyrus brachyistius] [GeneID=125727521]	GeneID_125727521|PRELP|XP_048860275.1
PRELP	XP_048860276.1	GeneID=125727521	397	excluded	extra_isoform_same_species	XP_048860276.1 LOC125727521 [organism=Brienomyrus brachyistius] [GeneID=125727521]	GeneID_125727521|PRELP|XP_048860276.1
PRELP	XP_086148133.1	isoform=X1	401	excluded	extra_isoform_same_species	XP_086148133.1 prelp [organism=Aulonocara sp. 'chitande type north' Nkhata Bay] [GeneID=147330461] [isoform=X1]	isoform_X1|PRELP|XP_086148133.1
PRELP	XP_086148134.1	isoform=X2	379	excluded	extra_isoform_same_species	XP_086148134.1 prelp [organism=Aulonocara sp. 'chitande type north' Nkhata Bay] [GeneID=147330461] [isoform=X2]	isoform_X2|PRELP|XP_086148134.1
PRELP	XP_069612616.1	GeneID=138669785	374	kept	representative	XP_069612616.1 PRELP [organism=Ranitomeya imitator] [GeneID=138669785]	GeneID_138669785|PRELP|XP_069612616.1
PRELP	XP_007247803.3	GeneID=103032024	381	kept	representative	XP_007247803.3 LOC103032024 [organism=Astyanax mexicanus] [GeneID=103032024]	GeneID_103032024|PRELP|XP_007247803.3
PRELP	XP_010006609.1	GeneID=104398247	371	kept	representative	XP_010006609.1 PRELP [organism=Chaetura pelagica] [GeneID=104398247]	GeneID_104398247|PRELP|XP_010006609.1
PRELP	XP_020858630.1	GeneID=110219559	383	kept	representative	XP_020858630.1 PRELP [organism=Phascolarctos cinereus] [GeneID=110219559]	GeneID_110219559|PRELP|XP_020858630.1
PRELP	XP_024427151.1	GeneID=112314829	379	kept	representative	XP_024427151.1 PRELP [organism=Desmodus rotundus] [GeneID=112314829]	GeneID_112314829|PRELP|XP_024427151.1
PRELP	XP_028652503.2	GeneID=114647952	369	kept	representative	XP_028652503.2 prelp [organism=Erpetoichthys calabaricus] [GeneID=114647952]	GeneID_114647952|PRELP|XP_028652503.2
PRELP	XP_028652504.2	GeneID=114647952	369	excluded	extra_isoform_same_species	XP_028652504.2 prelp [organism=Erpetoichthys calabaricus] [GeneID=114647952]	GeneID_114647952|PRELP|XP_028652504.2
PRELP	XP_018614042.1	GeneID=108938170	370	kept	representative	XP_018614042.1 prelp [organism=Scleropages formosus] [GeneID=108938170]	GeneID_108938170|PRELP|XP_018614042.1
PRELP	XP_075880525.1	GeneID=142887087	379	kept	representative	XP_075880525.1 prelp [organism=Nelusetta ayraudi] [GeneID=142887087]	GeneID_142887087|PRELP|XP_075880525.1
PRELP	XP_030147969.4	GeneID=115498591	371	kept	representative	XP_030147969.4 PRELP [organism=Taeniopygia guttata] [GeneID=115498591]	GeneID_115498591|PRELP|XP_030147969.4
PRELP	XP_005540548.1	GeneID=102143566	382	kept	representative	XP_005540548.1 PRELP [organism=Macaca fascicularis] [GeneID=102143566]	GeneID_102143566|PRELP|XP_005540548.1
PRELP	XP_005540549.1	GeneID=102143566	382	excluded	extra_isoform_same_species	XP_005540549.1 PRELP [organism=Macaca fascicularis] [GeneID=102143566]	GeneID_102143566|PRELP|XP_005540549.1
PRELP	XP_065395992.1	GeneID=102143566	382	excluded	extra_isoform_same_species	XP_065395992.1 PRELP [organism=Macaca fascicularis] [GeneID=102143566]	GeneID_102143566|PRELP|XP_065395992.1
PRELP	XP_008642953.1	GeneID=103625317	369	kept	representative	XP_008642953.1 PRELP [organism=Corvus brachyrhynchos] [GeneID=103625317]	GeneID_103625317|PRELP|XP_008642953.1
PRELP	XP_035749692.1	GeneID=104125740	371	kept	representative	XP_035749692.1 PRELP [organism=Egretta garzetta] [GeneID=104125740]	GeneID_104125740|PRELP|XP_035749692.1
PRELP	XP_082152466.1	GeneID=309581636	371	kept	representative	XP_082152466.1 PRELP [organism=Coloeus monedula] [GeneID=309581636]	GeneID_309581636|PRELP|XP_082152466.1
PRELP	XP_042353091.1	GeneID=121950993	379	kept	representative	XP_042353091.1 LOC121950993 [organism=Plectropomus leopardus] [GeneID=121950993]	GeneID_121950993|PRELP|XP_042353091.1
PRELP	XP_040280053.1	isoform=X1	374	excluded	extra_isoform_same_species	XP_040280053.1 PRELP [organism=Bufo bufo] [GeneID=120995112] [isoform=X1]	isoform_X1|PRELP|XP_040280053.1
PRELP	XP_040280054.1	isoform=X2	319	excluded	extra_isoform_same_species	XP_040280054.1 PRELP [organism=Bufo bufo] [GeneID=120995112] [isoform=X2]	isoform_X2|PRELP|XP_040280054.1
PRELP	XP_077190718.1	GeneID=143835993	368	kept	representative	XP_077190718.1 PRELP [organism=Paroedura picta] [GeneID=143835993]	GeneID_143835993|PRELP|XP_077190718.1
PRELP	XP_077429851.1	GeneID=144056713	379	kept	representative	XP_077429851.1 prelp [organism=Vanacampus margaritifer] [GeneID=144056713]	GeneID_144056713|PRELP|XP_077429851.1
PRELP	XP_022449441.1	GeneID=111184799	381	kept	representative	XP_022449441.1 PRELP [organism=Delphinapterus leucas] [GeneID=111184799]	GeneID_111184799|PRELP|XP_022449441.1
PRELP	XP_057625547.1	GeneID=130874340	381	kept	representative	XP_057625547.1 Prelp [organism=Chionomys nivalis] [GeneID=130874340]	GeneID_130874340|PRELP|XP_057625547.1
PRELP	XP_057625548.1	GeneID=130874340	381	excluded	extra_isoform_same_species	XP_057625548.1 Prelp [organism=Chionomys nivalis] [GeneID=130874340]	GeneID_130874340|PRELP|XP_057625548.1
PRELP	XP_057625549.1	GeneID=130874340	381	excluded	extra_isoform_same_species	XP_057625549.1 Prelp [organism=Chionomys nivalis] [GeneID=130874340]	GeneID_130874340|PRELP|XP_057625549.1
PRELP	XP_057625550.1	GeneID=130874340	381	excluded	extra_isoform_same_species	XP_057625550.1 Prelp [organism=Chionomys nivalis] [GeneID=130874340]	GeneID_130874340|PRELP|XP_057625550.1
PRELP	XP_057625551.1	GeneID=130874340	381	excluded	extra_isoform_same_species	XP_057625551.1 Prelp [organism=Chionomys nivalis] [GeneID=130874340]	GeneID_130874340|PRELP|XP_057625551.1
PRELP	XP_057625552.1	GeneID=130874340	381	excluded	extra_isoform_same_species	XP_057625552.1 Prelp [organism=Chionomys nivalis] [GeneID=130874340]	GeneID_130874340|PRELP|XP_057625552.1
PRELP	XP_071624767.1	GeneID=139807558	371	kept	representative	XP_071624767.1 PRELP [organism=Heliangelus exortis] [GeneID=139807558]	GeneID_139807558|PRELP|XP_071624767.1
PRELP	XP_071624768.1	GeneID=139807558	371	excluded	extra_isoform_same_species	XP_071624768.1 PRELP [organism=Heliangelus exortis] [GeneID=139807558]	GeneID_139807558|PRELP|XP_071624768.1
PRELP	XP_027859171.1	GeneID=114135794	379	kept	representative	XP_027859171.1 prelp [organism=Xiphophorus couchianus] [GeneID=114135794]	GeneID_114135794|PRELP|XP_027859171.1
PRELP	NP_445837.1	GeneID=84400	377	kept	representative	NP_445837.1 Prelp [organism=Rattus norvegicus] [GeneID=84400]	GeneID_84400|PRELP|NP_445837.1
PRELP	XP_006249953.1	isoform=X1	377	excluded	extra_isoform_same_species	XP_006249953.1 Prelp [organism=Rattus norvegicus] [GeneID=84400] [isoform=X1]	isoform_X1|PRELP|XP_006249953.1
PRELP	XP_008767794.1	isoform=X1	377	excluded	extra_isoform_same_species	XP_008767794.1 Prelp [organism=Rattus norvegicus] [GeneID=84400] [isoform=X1]	isoform_X1|PRELP|XP_008767794.1
PRELP	XP_066191773.1	GeneID=136371543	371	kept	representative	XP_066191773.1 PRELP [organism=Sylvia atricapilla] [GeneID=136371543]	GeneID_136371543|PRELP|XP_066191773.1
PRELP	XP_027469044.1	GeneID=113933290	377	kept	representative	XP_027469044.1 PRELP [organism=Zalophus californianus] [GeneID=113933290]	GeneID_113933290|PRELP|XP_027469044.1
PRELP	XP_027469045.1	GeneID=113933290	377	excluded	extra_isoform_same_species	XP_027469045.1 PRELP [organism=Zalophus californianus] [GeneID=113933290]	GeneID_113933290|PRELP|XP_027469045.1
PRELP	XP_015687651.1	GeneID=107302989	369	kept	representative	XP_015687651.1 PRELP [organism=Protobothrops mucrosquamatus] [GeneID=107302989]	GeneID_107302989|PRELP|XP_015687651.1
PRELP	XP_005469435.1	GeneID=100694485	379	kept	representative	XP_005469435.1 prelp [organism=Oreochromis niloticus] [GeneID=100694485]	GeneID_100694485|PRELP|XP_005469435.1
PRELP	XP_019214345.1	GeneID=100694485	379	excluded	extra_isoform_same_species	XP_019214345.1 prelp [organism=Oreochromis niloticus] [GeneID=100694485]	GeneID_100694485|PRELP|XP_019214345.1
PRELP	XP_019214346.1	GeneID=100694485	379	excluded	extra_isoform_same_species	XP_019214346.1 prelp [organism=Oreochromis niloticus] [GeneID=100694485]	GeneID_100694485|PRELP|XP_019214346.1
PRELP	XP_055090448.1	GeneID=129458552	382	kept	representative	XP_055090448.1 PRELP [organism=Symphalangus syndactylus] [GeneID=129458552]	GeneID_129458552|PRELP|XP_055090448.1
PRELP	XP_055090449.1	GeneID=129458552	382	excluded	extra_isoform_same_species	XP_055090449.1 PRELP [organism=Symphalangus syndactylus] [GeneID=129458552]	GeneID_129458552|PRELP|XP_055090449.1
PRELP	XP_075120438.1	GeneID=142194902	374	kept	representative	XP_075120438.1 PRELP [organism=Leptodactylus fuscus] [GeneID=142194902]	GeneID_142194902|PRELP|XP_075120438.1
PRELP	XP_075377619.1	GeneID=142418966	371	kept	representative	XP_075377619.1 PRELP [organism=Mycteria americana] [GeneID=142418966]	GeneID_142418966|PRELP|XP_075377619.1
PRELP	XP_004756410.1	GeneID=101686945	379	kept	representative	XP_004756410.1 PRELP [organism=Mustela putorius furo] [GeneID=101686945]	GeneID_101686945|PRELP|XP_004756410.1
PRELP	XP_004756411.1	GeneID=101686945	379	excluded	extra_isoform_same_species	XP_004756411.1 PRELP [organism=Mustela putorius furo] [GeneID=101686945]	GeneID_101686945|PRELP|XP_004756411.1
PRELP	XP_028431496.1	GeneID=114554097	379	kept	representative	XP_028431496.1 prelp [organism=Perca flavescens] [GeneID=114554097]	GeneID_114554097|PRELP|XP_028431496.1
PRELP	XP_083894447.1	GeneID=311031813	379	kept	representative	XP_083894447.1 prelp [organism=Eutrigla gurnardus] [GeneID=311031813]	GeneID_311031813|PRELP|XP_083894447.1
PRELP	XP_033990788.1	GeneID=117486458	377	kept	representative	XP_033990788.1 prelp [organism=Trematomus bernacchii] [GeneID=117486458]	GeneID_117486458|PRELP|XP_033990788.1
PRELP	XP_001923590.2	GeneID=100144408	378	kept	representative	XP_001923590.2 prelp [organism=Danio rerio] [GeneID=100144408]	GeneID_100144408|PRELP|XP_001923590.2
PRELP	XP_059531454.1	GeneID=132221282	372	kept	representative	XP_059531454.1 PRELP [organism=Myotis daubentonii] [GeneID=132221282]	GeneID_132221282|PRELP|XP_059531454.1
PRELP	XP_059531455.1	GeneID=132221282	372	excluded	extra_isoform_same_species	XP_059531455.1 PRELP [organism=Myotis daubentonii] [GeneID=132221282]	GeneID_132221282|PRELP|XP_059531455.1
PRELP	XP_048286742.1	GeneID=125398169	380	kept	representative	XP_048286742.1 Prelp [organism=Myodes glareolus] [GeneID=125398169]	GeneID_125398169|PRELP|XP_048286742.1
PRELP	XP_048286743.1	GeneID=125398169	380	excluded	extra_isoform_same_species	XP_048286743.1 Prelp [organism=Myodes glareolus] [GeneID=125398169]	GeneID_125398169|PRELP|XP_048286743.1
PRELP	XP_048286744.1	GeneID=125398169	380	excluded	extra_isoform_same_species	XP_048286744.1 Prelp [organism=Myodes glareolus] [GeneID=125398169]	GeneID_125398169|PRELP|XP_048286744.1
PRELP	XP_002918233.1	GeneID=100484260	379	kept	representative	XP_002918233.1 PRELP [organism=Ailuropoda melanoleuca] [GeneID=100484260]	GeneID_100484260|PRELP|XP_002918233.1
PRELP	XP_049713966.1	GeneID=126061456	383	kept	representative	XP_049713966.1 PRELP [organism=Elephas maximus indicus] [GeneID=126061456]	GeneID_126061456|PRELP|XP_049713966.1
PRELP	XP_049713967.1	GeneID=126061456	383	excluded	extra_isoform_same_species	XP_049713967.1 PRELP [organism=Elephas maximus indicus] [GeneID=126061456]	GeneID_126061456|PRELP|XP_049713967.1
PRELP	XP_069566158.1	GeneID=138627609	379	kept	representative	XP_069566158.1 prelp [organism=Brachyistius frenatus] [GeneID=138627609]	GeneID_138627609|PRELP|XP_069566158.1
PRELP	XP_067287577.1	GeneID=137058238	380	kept	representative	XP_067287577.1 prelp [organism=Pseudorasbora parva] [GeneID=137058238]	GeneID_137058238|PRELP|XP_067287577.1
PRELP	XP_075967115.1	GeneID=142970642	379	kept	representative	XP_075967115.1 prelp [organism=Anarhichas minor] [GeneID=142970642]	GeneID_142970642|PRELP|XP_075967115.1
PRELP	XP_021542268.1	GeneID=110577310	377	kept	representative	XP_021542268.1 PRELP [organism=Neomonachus schauinslandi] [GeneID=110577310]	GeneID_110577310|PRELP|XP_021542268.1
PRELP	XP_021542269.1	GeneID=110577310	377	excluded	extra_isoform_same_species	XP_021542269.1 PRELP [organism=Neomonachus schauinslandi] [GeneID=110577310]	GeneID_110577310|PRELP|XP_021542269.1
PRELP	XP_044301217.1	GeneID=123030928	369	kept	representative	XP_044301217.1 PRELP [organism=Varanus komodoensis] [GeneID=123030928]	GeneID_123030928|PRELP|XP_044301217.1
PRELP	XP_055190227.1	GeneID=129515370	379	kept	representative	XP_055190227.1 PRELP [organism=Nyctereutes procyonoides] [GeneID=129515370]	GeneID_129515370|PRELP|XP_055190227.1
PRELP	XP_055190228.1	GeneID=129515370	379	excluded	extra_isoform_same_species	XP_055190228.1 PRELP [organism=Nyctereutes procyonoides] [GeneID=129515370]	GeneID_129515370|PRELP|XP_055190228.1
PRELP	XP_077059378.1	GeneID=143711586	380	kept	representative	XP_077059378.1 prelp [organism=Siphateles boraxobius] [GeneID=143711586]	GeneID_143711586|PRELP|XP_077059378.1
PRELP	XP_080425036.1	isoform=1	374	excluded	extra_isoform_same_species	XP_080425036.1 PRELP [organism=Anser brachyrhynchus] [GeneID=308183178] [isoform=1]	isoform_1|PRELP|XP_080425036.1
PRELP	XP_080425037.1	isoform=1	374	excluded	extra_isoform_same_species	XP_080425037.1 PRELP [organism=Anser brachyrhynchus] [GeneID=308183178] [isoform=1]	isoform_1|PRELP|XP_080425037.1
PRELP	XP_085210124.1	isoform=X1	379	excluded	extra_isoform_same_species	XP_085210124.1 prelp [organism=Diplotaxodon limnothrissa] [GeneID=146632041] [isoform=X1]	isoform_X1|PRELP|XP_085210124.1
PRELP	XP_085210125.1	isoform=X2	401	excluded	extra_isoform_same_species	XP_085210125.1 prelp [organism=Diplotaxodon limnothrissa] [GeneID=146632041] [isoform=X2]	isoform_X2|PRELP|XP_085210125.1
PRELP	XP_053509290.1	GeneID=128625185	373	kept	representative	XP_053509290.1 prelp [organism=Ictalurus furcatus] [GeneID=128625185]	GeneID_128625185|PRELP|XP_053509290.1
PRELP	XP_054504889.1	isoform=X2	369	excluded	extra_isoform_same_species	XP_054504889.1 PRELP [organism=Agelaius phoeniceus] [GeneID=129130459] [isoform=X2]	isoform_X2|PRELP|XP_054504889.1
PRELP	XP_077046662.1	isoform=X1	389	excluded	extra_isoform_same_species	XP_077046662.1 PRELP [organism=Agelaius phoeniceus] [GeneID=129130459] [isoform=X1]	isoform_X1|PRELP|XP_077046662.1
PRELP	XP_077046663.1	isoform=X2	369	excluded	extra_isoform_same_species	XP_077046663.1 PRELP [organism=Agelaius phoeniceus] [GeneID=129130459] [isoform=X2]	isoform_X2|PRELP|XP_077046663.1
PRELP	XP_063765957.1	GeneID=134882267	378	kept	representative	XP_063765957.1 prelp [organism=Eleginops maclovinus] [GeneID=134882267]	GeneID_134882267|PRELP|XP_063765957.1
PRELP	XP_063765958.1	GeneID=134882267	378	excluded	extra_isoform_same_species	XP_063765958.1 prelp [organism=Eleginops maclovinus] [GeneID=134882267]	GeneID_134882267|PRELP|XP_063765958.1
PRELP	XP_052465844.1	GeneID=128022385	380	kept	representative	XP_052465844.1 prelp [organism=Carassius gibelio] [GeneID=128022385]	GeneID_128022385|PRELP|XP_052465844.1
PRELP	XP_056367371.1	GeneID=130263688	371	kept	representative	XP_056367371.1 PRELP [organism=Oenanthe melanoleuca] [GeneID=130263688]	GeneID_130263688|PRELP|XP_056367371.1
PRELP	XP_070715215.1	GeneID=139227953	387	kept	representative	XP_070715215.1 prelp [organism=Pristiophorus japonicus] [GeneID=139227953]	GeneID_139227953|PRELP|XP_070715215.1
PRELP	XP_072133916.1	isoform=X1	407	excluded	extra_isoform_same_species	XP_072133916.1 prelp [organism=Mobula birostris] [GeneID=140209552] [isoform=X1]	isoform_X1|PRELP|XP_072133916.1
PRELP	XP_072133917.1	isoform=X2	399	excluded	extra_isoform_same_species	XP_072133917.1 prelp [organism=Mobula birostris] [GeneID=140209552] [isoform=X2]	isoform_X2|PRELP|XP_072133917.1
PRELP	XP_008589961.1	GeneID=103607206	381	kept	representative	XP_008589961.1 PRELP [organism=Galeopterus variegatus] [GeneID=103607206]	GeneID_103607206|PRELP|XP_008589961.1
PRELP	XP_008589962.1	GeneID=103607206	381	excluded	extra_isoform_same_species	XP_008589962.1 PRELP [organism=Galeopterus variegatus] [GeneID=103607206]	GeneID_103607206|PRELP|XP_008589962.1
PRELP	XP_034726226.1	GeneID=117943904	379	kept	representative	XP_034726226.1 prelp [organism=Etheostoma cragini] [GeneID=117943904]	GeneID_117943904|PRELP|XP_034726226.1
PRELP	XP_034726228.1	GeneID=117943904	379	excluded	extra_isoform_same_species	XP_034726228.1 prelp [organism=Etheostoma cragini] [GeneID=117943904]	GeneID_117943904|PRELP|XP_034726228.1
PRELP	XP_081154264.1	isoform=1	383	excluded	extra_isoform_same_species	XP_081154264.1 PRELP [organism=Spermophilus citellus] [GeneID=308651195] [isoform=1]	isoform_1|PRELP|XP_081154264.1
PRELP	XP_081154265.1	isoform=1	383	excluded	extra_isoform_same_species	XP_081154265.1 PRELP [organism=Spermophilus citellus] [GeneID=308651195] [isoform=1]	isoform_1|PRELP|XP_081154265.1
PRELP	XP_024606636.1	GeneID=112403424	381	kept	representative	XP_024606636.1 PRELP [organism=Neophocaena asiaeorientalis asiaeorientalis] [GeneID=112403424]	GeneID_112403424|PRELP|XP_024606636.1
PRELP	XP_081803092.1	isoform=1	369	excluded	extra_isoform_same_species	XP_081803092.1 PRELP [organism=Natrix helvetica] [GeneID=309389052] [isoform=1]	isoform_1|PRELP|XP_081803092.1
PRELP	XP_081803093.1	isoform=1	369	excluded	extra_isoform_same_species	XP_081803093.1 PRELP [organism=Natrix helvetica] [GeneID=309389052] [isoform=1]	isoform_1|PRELP|XP_081803093.1
PRELP	XP_081803094.1	isoform=1	369	excluded	extra_isoform_same_species	XP_081803094.1 PRELP [organism=Natrix helvetica] [GeneID=309389052] [isoform=1]	isoform_1|PRELP|XP_081803094.1
PRELP	XP_044206161.1	GeneID=122981486	379	kept	representative	XP_044206161.1 LOC122981486 [organism=Thunnus albacares] [GeneID=122981486]	GeneID_122981486|PRELP|XP_044206161.1
PRELP	XP_048468208.1	GeneID=109913717	393	kept	representative	XP_048468208.1 LOC109913717 [organism=Rhincodon typus] [GeneID=109913717]	GeneID_109913717|PRELP|XP_048468208.1
PRELP	XP_048468210.1	GeneID=109913717	393	excluded	extra_isoform_same_species	XP_048468210.1 LOC109913717 [organism=Rhincodon typus] [GeneID=109913717]	GeneID_109913717|PRELP|XP_048468210.1
PRELP	XP_026868723.2	GeneID=113579170	381	kept	representative	XP_026868723.2 prelp [organism=Electrophorus electricus] [GeneID=113579170]	GeneID_113579170|PRELP|XP_026868723.2
PRELP	XP_026868724.2	GeneID=113579170	381	excluded	extra_isoform_same_species	XP_026868724.2 prelp [organism=Electrophorus electricus] [GeneID=113579170]	GeneID_113579170|PRELP|XP_026868724.2
PRELP	XP_015262801.1	GeneID=107107085	368	kept	representative	XP_015262801.1 PRELP [organism=Gekko japonicus] [GeneID=107107085]	GeneID_107107085|PRELP|XP_015262801.1
PRELP	XP_073175765.1	GeneID=140901223	371	kept	representative	XP_073175765.1 PRELP [organism=Lepidochelys kempii] [GeneID=140901223]	GeneID_140901223|PRELP|XP_073175765.1
PRELP	XP_079553456.1	GeneID=307048287	381	kept	representative	XP_079553456.1 PRELP [organism=Hyperoodon ampullatus] [GeneID=307048287]	GeneID_307048287|PRELP|XP_079553456.1
PRELP	XP_026252974.1	GeneID=113188734	383	kept	representative	XP_026252974.1 Prelp [organism=Urocitellus parryii] [GeneID=113188734]	GeneID_113188734|PRELP|XP_026252974.1
PRELP	XP_026252975.1	GeneID=113188734	383	excluded	extra_isoform_same_species	XP_026252975.1 Prelp [organism=Urocitellus parryii] [GeneID=113188734]	GeneID_113188734|PRELP|XP_026252975.1
PRELP	XP_008948294.1	GeneID=103782285	367	kept	representative	XP_008948294.1 PRELP [organism=Merops nubicus] [GeneID=103782285]	GeneID_103782285|PRELP|XP_008948294.1
PRELP	XP_037304444.2	GeneID=119194310	374	kept	representative	XP_037304444.2 prelp [organism=Pungitius pungitius] [GeneID=119194310]	GeneID_119194310|PRELP|XP_037304444.2
PRELP	XP_064255051.1	GeneID=135286048	371	kept	representative	XP_064255051.1 PRELP [organism=Passer domesticus] [GeneID=135286048]	GeneID_135286048|PRELP|XP_064255051.1
PRELP	XP_080317476.1	isoform=1	373	excluded	extra_isoform_same_species	XP_080317476.1 prelp [organism=Lipophrys pholis] [GeneID=308108439] [isoform=1]	isoform_1|PRELP|XP_080317476.1
PRELP	XP_080317477.1	isoform=1	373	excluded	extra_isoform_same_species	XP_080317477.1 prelp [organism=Lipophrys pholis] [GeneID=308108439] [isoform=1]	isoform_1|PRELP|XP_080317477.1
PRELP	XP_080404733.1	GeneID=308173579	385	kept	representative	XP_080404733.1 prelp [organism=Nansenia antarctica] [GeneID=308173579]	GeneID_308173579|PRELP|XP_080404733.1
PRELP	XP_009271084.1	GeneID=103893615	371	kept	representative	XP_009271084.1 PRELP [organism=Aptenodytes forsteri] [GeneID=103893615]	GeneID_103893615|PRELP|XP_009271084.1
PRELP	XP_082011532.1	GeneID=309487658	380	kept	representative	XP_082011532.1 prelp [organism=Leuciscus leuciscus] [GeneID=309487658]	GeneID_309487658|PRELP|XP_082011532.1
PRELP	XP_065596309.1	GeneID=136051031	374	kept	representative	XP_065596309.1 PRELP [organism=Cyrtonyx montezumae] [GeneID=136051031]	GeneID_136051031|PRELP|XP_065596309.1
PRELP	XP_075030322.1	GeneID=142093239	371	kept	representative	XP_075030322.1 PRELP [organism=Calonectris borealis] [GeneID=142093239]	GeneID_142093239|PRELP|XP_075030322.1
PRELP	XP_082687038.1	isoform=1	374	excluded	extra_isoform_same_species	XP_082687038.1 PRELP [organism=Cygnus columbianus] [GeneID=309910442] [isoform=1]	isoform_1|PRELP|XP_082687038.1
PRELP	XP_082687039.1	isoform=1	374	excluded	extra_isoform_same_species	XP_082687039.1 PRELP [organism=Cygnus columbianus] [GeneID=309910442] [isoform=1]	isoform_1|PRELP|XP_082687039.1
PRELP	XP_062842947.1	GeneID=134301937	363	kept	representative	XP_062842947.1 prelp [organism=Trichomycterus rosablanca] [GeneID=134301937]	GeneID_134301937|PRELP|XP_062842947.1
PRELP	XP_084398459.1	isoform=1	390	excluded	extra_isoform_same_species	XP_084398459.1 prelp [organism=Chelon labrosus] [GeneID=311486469] [isoform=1]	isoform_1|PRELP|XP_084398459.1
PRELP	XP_084398460.1	isoform=1	390	excluded	extra_isoform_same_species	XP_084398460.1 prelp [organism=Chelon labrosus] [GeneID=311486469] [isoform=1]	isoform_1|PRELP|XP_084398460.1
PRELP	XP_030231495.1	GeneID=115557656	376	kept	representative	XP_030231495.1 prelp [organism=Gadus morhua] [GeneID=115557656]	GeneID_115557656|PRELP|XP_030231495.1
PRELP	XP_067359854.1	GeneID=137127176	379	kept	representative	XP_067359854.1 prelp [organism=Channa argus] [GeneID=137127176]	GeneID_137127176|PRELP|XP_067359854.1
PRELP	XP_067359856.1	GeneID=137127176	379	excluded	extra_isoform_same_species	XP_067359856.1 prelp [organism=Channa argus] [GeneID=137127176]	GeneID_137127176|PRELP|XP_067359856.1
PRELP	XP_067359857.1	GeneID=137127176	379	excluded	extra_isoform_same_species	XP_067359857.1 prelp [organism=Channa argus] [GeneID=137127176]	GeneID_137127176|PRELP|XP_067359857.1
PRELP	XP_034979355.2	GeneID=118089072	368	kept	representative	XP_034979355.2 PRELP [organism=Zootoca vivipara] [GeneID=118089072]	GeneID_118089072|PRELP|XP_034979355.2
PRELP	XP_046319522.1	GeneID=124106038	383	kept	representative	XP_046319522.1 Prelp [organism=Marmota monax] [GeneID=124106038]	GeneID_124106038|PRELP|XP_046319522.1
PRELP	XP_046319530.1	GeneID=124106038	383	excluded	extra_isoform_same_species	XP_046319530.1 Prelp [organism=Marmota monax] [GeneID=124106038]	GeneID_124106038|PRELP|XP_046319530.1
PRELP	XP_084320218.1	GeneID=311338769	389	kept	representative	XP_084320218.1 prelp [organism=Micromesistius poutassou] [GeneID=311338769]	GeneID_311338769|PRELP|XP_084320218.1
PRELP	XP_036685313.1	GeneID=118882976	381	kept	representative	XP_036685313.1 PRELP [organism=Balaenoptera musculus] [GeneID=118882976]	GeneID_118882976|PRELP|XP_036685313.1
PRELP	XP_043425058.1	GeneID=122476459	379	kept	representative	XP_043425058.1 PRELP [organism=Prionailurus bengalensis] [GeneID=122476459]	GeneID_122476459|PRELP|XP_043425058.1
PRELP	XP_043425059.1	GeneID=122476459	379	excluded	extra_isoform_same_species	XP_043425059.1 PRELP [organism=Prionailurus bengalensis] [GeneID=122476459]	GeneID_122476459|PRELP|XP_043425059.1
PRELP	XP_081178389.1	isoform=1	369	excluded	extra_isoform_same_species	XP_081178389.1 PRELP [organism=Vipera berus] [GeneID=308664771] [isoform=1]	isoform_1|PRELP|XP_081178389.1
PRELP	XP_081178390.1	isoform=1	369	excluded	extra_isoform_same_species	XP_081178390.1 PRELP [organism=Vipera berus] [GeneID=308664771] [isoform=1]	isoform_1|PRELP|XP_081178390.1
PRELP	XP_025932997.1	GeneID=112971620	371	kept	representative	XP_025932997.1 PRELP [organism=Apteryx rowi] [GeneID=112971620]	GeneID_112971620|PRELP|XP_025932997.1
PRELP	XP_043572501.1	GeneID=122563119	399	kept	representative	XP_043572501.1 LOC122563119 [organism=Chiloscyllium plagiosum] [GeneID=122563119]	GeneID_122563119|PRELP|XP_043572501.1
PRELP	XP_043572502.1	GeneID=122563119	399	excluded	extra_isoform_same_species	XP_043572502.1 LOC122563119 [organism=Chiloscyllium plagiosum] [GeneID=122563119]	GeneID_122563119|PRELP|XP_043572502.1
PRELP	XP_080489258.1	GeneID=308229235	371	kept	representative	XP_080489258.1 PRELP [organism=Psittacula echo] [GeneID=308229235]	GeneID_308229235|PRELP|XP_080489258.1
PRELP	XP_007939354.1	GeneID=103197266	382	kept	representative	XP_007939354.1 PRELP [organism=Orycteropus afer afer] [GeneID=103197266]	GeneID_103197266|PRELP|XP_007939354.1
PRELP	XP_049894085.1	GeneID=126386036	379	kept	representative	XP_049894085.1 prelp [organism=Epinephelus moara] [GeneID=126386036]	GeneID_126386036|PRELP|XP_049894085.1
PRELP	XP_065260335.1	GeneID=135878560	371	kept	representative	XP_065260335.1 PRELP [organism=Emys orbicularis] [GeneID=135878560]	GeneID_135878560|PRELP|XP_065260335.1
PRELP	XP_081945064.1	isoform=1	396	excluded	extra_isoform_same_species	XP_081945064.1 PRELP [organism=Larus argentatus] [GeneID=309457232] [isoform=1]	isoform_1|PRELP|XP_081945064.1
PRELP	XP_081945065.1	isoform=2	371	excluded	extra_isoform_same_species	XP_081945065.1 PRELP [organism=Larus argentatus] [GeneID=309457232] [isoform=2]	isoform_2|PRELP|XP_081945065.1
PRELP	XP_084102121.1	GeneID=311179096	379	kept	representative	XP_084102121.1 PRELP [organism=Talpa europaea] [GeneID=311179096]	GeneID_311179096|PRELP|XP_084102121.1
PRELP	XP_043932868.1	GeneID=122806467	384	kept	representative	XP_043932868.1 PRELP [organism=Protopterus annectens] [GeneID=122806467]	GeneID_122806467|PRELP|XP_043932868.1
PRELP	XP_009560354.2	GeneID=104060288	447	kept	representative	XP_009560354.2 PRELP [organism=Cuculus canorus] [GeneID=104060288]	GeneID_104060288|PRELP|XP_009560354.2
PRELP	XP_006002320.1	GeneID=102345425	374	kept	representative	XP_006002320.1 PRELP [organism=Latimeria chalumnae] [GeneID=102345425]	GeneID_102345425|PRELP|XP_006002320.1
PRELP	XP_029818361.1	GeneID=103767197	298	kept	representative	XP_029818361.1 PRELP [organism=Manacus vitellinus] [GeneID=103767197]	GeneID_103767197|PRELP|XP_029818361.1
PRELP	XP_010020814.1	GeneID=104411953	332	kept	representative	XP_010020814.1 PRELP [organism=Nestor notabilis] [GeneID=104411953]	GeneID_104411953|PRELP|XP_010020814.1
PRELP	XP_056220044.1	isoform=X1	387	excluded	extra_isoform_same_species	XP_056220044.1 prelp [organism=Seriola aureovittata] [GeneID=130161086] [isoform=X1]	isoform_X1|PRELP|XP_056220044.1
PRELP	XP_056220053.1	isoform=X2	379	excluded	extra_isoform_same_species	XP_056220053.1 prelp [organism=Seriola aureovittata] [GeneID=130161086] [isoform=X2]	isoform_X2|PRELP|XP_056220053.1
PRELP	XP_056220062.1	isoform=X2	379	excluded	extra_isoform_same_species	XP_056220062.1 prelp [organism=Seriola aureovittata] [GeneID=130161086] [isoform=X2]	isoform_X2|PRELP|XP_056220062.1
PRELP	XP_056220070.1	isoform=X2	379	excluded	extra_isoform_same_species	XP_056220070.1 prelp [organism=Seriola aureovittata] [GeneID=130161086] [isoform=X2]	isoform_X2|PRELP|XP_056220070.1
PRELP	XP_058647615.1	GeneID=131549439	389	kept	representative	XP_058647615.1 prelp [organism=Onychostoma macrolepis] [GeneID=131549439]	GeneID_131549439|PRELP|XP_058647615.1
PRELP	XP_032566738.1	GeneID=116798416	371	kept	representative	XP_032566738.1 PRELP [organism=Chiroxiphia lanceolata] [GeneID=116798416]	GeneID_116798416|PRELP|XP_032566738.1
PRELP	XP_051003384.1	GeneID=127190420	378	kept	representative	XP_051003384.1 Prelp [organism=Acomys russatus] [GeneID=127190420]	GeneID_127190420|PRELP|XP_051003384.1
PRELP	XP_051003385.1	GeneID=127190420	378	excluded	extra_isoform_same_species	XP_051003385.1 Prelp [organism=Acomys russatus] [GeneID=127190420]	GeneID_127190420|PRELP|XP_051003385.1
PRELP	XP_040547510.1	isoform=X2	374	excluded	extra_isoform_same_species	XP_040547510.1 PRELP [organism=Gallus gallus] [GeneID=419933] [isoform=X2]	isoform_X2|PRELP|XP_040547510.1
PRELP	XP_046760117.1	isoform=X1	396	excluded	extra_isoform_same_species	XP_046760117.1 PRELP [organism=Gallus gallus] [GeneID=419933] [isoform=X1]	isoform_X1|PRELP|XP_046760117.1
PRELP	XP_046789097.1	isoform=X1	396	excluded	extra_isoform_same_species	XP_046789097.1 PRELP [organism=Gallus gallus] [GeneID=419933] [isoform=X1]	isoform_X1|PRELP|XP_046789097.1
PRELP	XP_418054.2	isoform=X2	374	excluded	extra_isoform_same_species	XP_418054.2 PRELP [organism=Gallus gallus] [GeneID=419933] [isoform=X2]	isoform_X2|PRELP|XP_418054.2
PRELP	XP_013913647.1	GeneID=106542441	369	kept	representative	XP_013913647.1 PRELP [organism=Thamnophis sirtalis] [GeneID=106542441]	GeneID_106542441|PRELP|XP_013913647.1
PRELP	XP_013857515.1	GeneID=106513300	379	kept	representative	XP_013857515.1 prelp [organism=Austrofundulus limnaeus] [GeneID=106513300]	GeneID_106513300|PRELP|XP_013857515.1
PRELP	XP_015506442.1	GeneID=107215030	371	kept	representative	XP_015506442.1 PRELP [organism=Parus major] [GeneID=107215030]	GeneID_107215030|PRELP|XP_015506442.1
PRELP	XP_079700216.1	isoform=1	380	excluded	extra_isoform_same_species	XP_079700216.1 prelp [organism=Gobio gobio] [GeneID=307142916] [isoform=1]	isoform_1|PRELP|XP_079700216.1
PRELP	XP_079700217.1	isoform=1	380	excluded	extra_isoform_same_species	XP_079700217.1 prelp [organism=Gobio gobio] [GeneID=307142916] [isoform=1]	isoform_1|PRELP|XP_079700217.1
PRELP	XP_009696994.1	GeneID=104160548	371	kept	representative	XP_009696994.1 PRELP [organism=Cariama cristata] [GeneID=104160548]	GeneID_104160548|PRELP|XP_009696994.1
PRELP	XP_042740039.1	GeneID=122186999	374	kept	representative	XP_042740039.1 PRELP [organism=Lagopus leucura] [GeneID=122186999]	GeneID_122186999|PRELP|XP_042740039.1
PRELP	XP_058712021.1	GeneID=131587790	371	kept	representative	XP_058712021.1 PRELP [organism=Poecile atricapillus] [GeneID=131587790]	GeneID_131587790|PRELP|XP_058712021.1
PRELP	XP_067092522.1	GeneID=136943175	381	kept	representative	XP_067092522.1 prelp [organism=Osmerus mordax] [GeneID=136943175]	GeneID_136943175|PRELP|XP_067092522.1
PRELP	XP_038871145.1	GeneID=120064614	380	kept	representative	XP_038871145.1 LOC120064614 [organism=Salvelinus namaycush] [GeneID=120064614]	GeneID_120064614|PRELP|XP_038871145.1
PRELP	XP_007086552.2	GeneID=102957408	379	kept	representative	XP_007086552.2 PRELP [organism=Panthera tigris] [GeneID=102957408]	GeneID_102957408|PRELP|XP_007086552.2
PRELP	XP_025276998.1	GeneID=112643264	379	kept	representative	XP_025276998.1 PRELP [organism=Canis lupus dingo] [GeneID=112643264]	GeneID_112643264|PRELP|XP_025276998.1
PRELP	XP_025276999.1	GeneID=112643264	379	excluded	extra_isoform_same_species	XP_025276999.1 PRELP [organism=Canis lupus dingo] [GeneID=112643264]	GeneID_112643264|PRELP|XP_025276999.1
PRELP	XP_066059980.1	GeneID=136301064	371	kept	representative	XP_066059980.1 PRELP [organism=Chamaea fasciata] [GeneID=136301064]	GeneID_136301064|PRELP|XP_066059980.1
PRELP	XP_007481247.1	GeneID=100016224	384	kept	representative	XP_007481247.1 PRELP [organism=Monodelphis domestica] [GeneID=100016224]	GeneID_100016224|PRELP|XP_007481247.1
PRELP	XP_053339750.1	GeneID=128511110	373	kept	representative	XP_053339750.1 prelp [organism=Clarias gariepinus] [GeneID=128511110]	GeneID_128511110|PRELP|XP_053339750.1
PRELP	XP_028732433.1	GeneID=114698098	378	kept	representative	XP_028732433.1 Prelp [organism=Peromyscus leucopus] [GeneID=114698098]	GeneID_114698098|PRELP|XP_028732433.1
PRELP	XP_028732435.1	GeneID=114698098	378	excluded	extra_isoform_same_species	XP_028732435.1 Prelp [organism=Peromyscus leucopus] [GeneID=114698098]	GeneID_114698098|PRELP|XP_028732435.1
PRELP	XP_037067295.1	GeneID=114698098	378	excluded	extra_isoform_same_species	XP_037067295.1 Prelp [organism=Peromyscus leucopus] [GeneID=114698098]	GeneID_114698098|PRELP|XP_037067295.1
PRELP	XP_056130070.1	GeneID=130107474	379	kept	representative	XP_056130070.1 prelp [organism=Lampris incognitus] [GeneID=130107474]	GeneID_130107474|PRELP|XP_056130070.1
PRELP	XP_056130071.1	GeneID=130107474	379	excluded	extra_isoform_same_species	XP_056130071.1 prelp [organism=Lampris incognitus] [GeneID=130107474]	GeneID_130107474|PRELP|XP_056130071.1
PRELP	XP_012730367.1	GeneID=105934773	377	kept	representative	XP_012730367.1 LOC105934773 [organism=Fundulus heteroclitus] [GeneID=105934773]	GeneID_105934773|PRELP|XP_012730367.1
PRELP	XP_011845871.1	GeneID=105547075	382	kept	representative	XP_011845871.1 PRELP [organism=Mandrillus leucophaeus] [GeneID=105547075]	GeneID_105547075|PRELP|XP_011845871.1
PRELP	XP_011845872.1	GeneID=105547075	382	excluded	extra_isoform_same_species	XP_011845872.1 PRELP [organism=Mandrillus leucophaeus] [GeneID=105547075]	GeneID_105547075|PRELP|XP_011845872.1
PRELP	XP_019402165.1	GeneID=109317760	368	kept	representative	XP_019402165.1 PRELP [organism=Crocodylus porosus] [GeneID=109317760]	GeneID_109317760|PRELP|XP_019402165.1
PRELP	XP_047608791.1	GeneID=125111060	381	kept	representative	XP_047608791.1 PRELP [organism=Phacochoerus africanus] [GeneID=125111060]	GeneID_125111060|PRELP|XP_047608791.1
PRELP	XP_005375324.1	GeneID=102012727	384	kept	representative	XP_005375324.1 Prelp [organism=Chinchilla lanigera] [GeneID=102012727]	GeneID_102012727|PRELP|XP_005375324.1
PRELP	XP_013378070.1	GeneID=102012727	384	excluded	extra_isoform_same_species	XP_013378070.1 Prelp [organism=Chinchilla lanigera] [GeneID=102012727]	GeneID_102012727|PRELP|XP_013378070.1
PRELP	XP_033481653.1	GeneID=117256379	379	kept	representative	XP_033481653.1 prelp [organism=Epinephelus lanceolatus] [GeneID=117256379]	GeneID_117256379|PRELP|XP_033481653.1
PRELP	XP_084784233.1	isoform=X1	379	excluded	extra_isoform_same_species	XP_084784233.1 prelp [organism=Perissodus microlepis] [GeneID=146386898] [isoform=X1]	isoform_X1|PRELP|XP_084784233.1
PRELP	XP_084784234.1	isoform=X1	379	excluded	extra_isoform_same_species	XP_084784234.1 prelp [organism=Perissodus microlepis] [GeneID=146386898] [isoform=X1]	isoform_X1|PRELP|XP_084784234.1
PRELP	XP_084784235.1	isoform=X2	401	excluded	extra_isoform_same_species	XP_084784235.1 prelp [organism=Perissodus microlepis] [GeneID=146386898] [isoform=X2]	isoform_X2|PRELP|XP_084784235.1
PRELP	XP_079838508.1	GeneID=307219282	368	kept	representative	XP_079838508.1 PRELP [organism=Podarcis cretensis] [GeneID=307219282]	GeneID_307219282|PRELP|XP_079838508.1
PRELP	XP_081770855.1	GeneID=309371775	368	kept	representative	XP_081770855.1 PRELP [organism=Podarcis melisellensis] [GeneID=309371775]	GeneID_309371775|PRELP|XP_081770855.1
PRELP	XP_059687155.1	GeneID=104264093	371	kept	representative	XP_059687155.1 PRELP [organism=Gavia stellata] [GeneID=104264093]	GeneID_104264093|PRELP|XP_059687155.1
PRELP	XP_034389019.1	GeneID=117731015	379	kept	representative	XP_034389019.1 prelp [organism=Cyclopterus lumpus] [GeneID=117731015]	GeneID_117731015|PRELP|XP_034389019.1
PRELP	XP_046731673.1	GeneID=124402586	372	kept	representative	XP_046731673.1 LOC124402586 [organism=Silurus meridionalis] [GeneID=124402586]	GeneID_124402586|PRELP|XP_046731673.1
PRELP	XP_010294710.1	GeneID=104627986	361	kept	representative	XP_010294710.1 PRELP [organism=Phaethon lepturus] [GeneID=104627986]	GeneID_104627986|PRELP|XP_010294710.1
PRELP	XP_020652585.1	GeneID=110080761	369	kept	representative	XP_020652585.1 PRELP [organism=Pogona vitticeps] [GeneID=110080761]	GeneID_110080761|PRELP|XP_020652585.1
PRELP	XP_037266726.1	GeneID=119158641	371	kept	representative	XP_037266726.1 PRELP [organism=Falco rusticolus] [GeneID=119158641]	GeneID_119158641|PRELP|XP_037266726.1
PRELP	XP_066559351.1	GeneID=136749209	376	kept	representative	XP_066559351.1 prelp [organism=Amia ocellicauda] [GeneID=136749209]	GeneID_136749209|PRELP|XP_066559351.1
PRELP	XP_032898827.1	isoform=X1	418	excluded	extra_isoform_same_species	XP_032898827.1 prelp [organism=Amblyraja radiata] [GeneID=116987043] [isoform=X1]	isoform_X1|PRELP|XP_032898827.1
PRELP	XP_032898828.1	isoform=X2	389	excluded	extra_isoform_same_species	XP_032898828.1 prelp [organism=Amblyraja radiata] [GeneID=116987043] [isoform=X2]	isoform_X2|PRELP|XP_032898828.1
PRELP	XP_035517865.1	GeneID=118328307	379	kept	representative	XP_035517865.1 prelp [organism=Morone saxatilis] [GeneID=118328307]	GeneID_118328307|PRELP|XP_035517865.1
PRELP	XP_032059163.1	GeneID=116498839	374	kept	representative	XP_032059163.1 PRELP [organism=Aythya fuligula] [GeneID=116498839]	GeneID_116498839|PRELP|XP_032059163.1
PRELP	XP_048353336.1	GeneID=125433060	368	kept	representative	XP_048353336.1 PRELP [organism=Sphaerodactylus townsendi] [GeneID=125433060]	GeneID_125433060|PRELP|XP_048353336.1
PRELP	XP_068026898.1	GeneID=137460454	371	kept	representative	XP_068026898.1 PRELP [organism=Melanerpes formicivorus] [GeneID=137460454]	GeneID_137460454|PRELP|XP_068026898.1
PRELP	XP_071766759.1	GeneID=139920612	379	kept	representative	XP_071766759.1 prelp [organism=Centroberyx gerrardi] [GeneID=139920612]	GeneID_139920612|PRELP|XP_071766759.1
PRELP	XP_060629012.2	GeneID=132773656	370	kept	representative	XP_060629012.2 PRELP [organism=Anolis sagrei] [GeneID=132773656]	GeneID_132773656|PRELP|XP_060629012.2
PRELP	XP_060629014.2	GeneID=132773656	370	excluded	extra_isoform_same_species	XP_060629014.2 PRELP [organism=Anolis sagrei] [GeneID=132773656]	GeneID_132773656|PRELP|XP_060629014.2
PRELP	XP_069400568.1	GeneID=138415945	381	kept	representative	XP_069400568.1 PRELP [organism=Ovis canadensis] [GeneID=138415945]	GeneID_138415945|PRELP|XP_069400568.1
PRELP	XP_070758806.1	GeneID=139282818	379	kept	representative	XP_070758806.1 prelp [organism=Enoplosus armatus] [GeneID=139282818]	GeneID_139282818|PRELP|XP_070758806.1
PRELP	XP_079617496.1	isoform=1	378	excluded	extra_isoform_same_species	XP_079617496.1 PRELP [organism=Cnephaeus nilssonii] [GeneID=307093350] [isoform=1]	isoform_1|PRELP|XP_079617496.1
PRELP	XP_079617497.1	isoform=1	378	excluded	extra_isoform_same_species	XP_079617497.1 PRELP [organism=Cnephaeus nilssonii] [GeneID=307093350] [isoform=1]	isoform_1|PRELP|XP_079617497.1
PRELP	XP_008051156.1	GeneID=103254989	382	kept	representative	XP_008051156.1 PRELP [organism=Carlito syrichta] [GeneID=103254989]	GeneID_103254989|PRELP|XP_008051156.1
PRELP	XP_008051157.1	GeneID=103254989	382	excluded	extra_isoform_same_species	XP_008051157.1 PRELP [organism=Carlito syrichta] [GeneID=103254989]	GeneID_103254989|PRELP|XP_008051157.1
PRELP	XP_023123007.1	GeneID=111566569	389	kept	representative	XP_023123007.1 prelp [organism=Amphiprion ocellaris] [GeneID=111566569]	GeneID_111566569|PRELP|XP_023123007.1
PRELP	XP_030158762.1	GeneID=115505341	379	kept	representative	XP_030158762.1 PRELP [organism=Lynx canadensis] [GeneID=115505341]	GeneID_115505341|PRELP|XP_030158762.1
PRELP	XP_030158763.1	GeneID=115505341	379	excluded	extra_isoform_same_species	XP_030158763.1 PRELP [organism=Lynx canadensis] [GeneID=115505341]	GeneID_115505341|PRELP|XP_030158763.1
PRELP	XP_007561298.1	GeneID=103144316	379	kept	representative	XP_007561298.1 prelp [organism=Poecilia formosa] [GeneID=103144316]	GeneID_103144316|PRELP|XP_007561298.1
PRELP	XP_016531522.1	GeneID=103144316	379	excluded	extra_isoform_same_species	XP_016531522.1 prelp [organism=Poecilia formosa] [GeneID=103144316]	GeneID_103144316|PRELP|XP_016531522.1
PRELP	XP_083474189.1	GeneID=310764354	368	kept	representative	XP_083474189.1 PRELP [organism=Podarcis filfolensis] [GeneID=310764354]	GeneID_310764354|PRELP|XP_083474189.1
PRELP	XP_041051105.1	GeneID=121281941	396	kept	representative	XP_041051105.1 LOC121281941 [organism=Carcharodon carcharias] [GeneID=121281941]	GeneID_121281941|PRELP|XP_041051105.1
PRELP	XP_014166774.1	GeneID=102041666	329	kept	representative	XP_014166774.1 PRELP [organism=Geospiza fortis] [GeneID=102041666]	GeneID_102041666|PRELP|XP_014166774.1
PRELP	XP_078104335.1	GeneID=144516695	379	kept	representative	XP_078104335.1 prelp [organism=Sander vitreus] [GeneID=144516695]	GeneID_144516695|PRELP|XP_078104335.1
PRELP	XP_039421297.1	GeneID=104692521	371	kept	representative	XP_039421297.1 PRELP [organism=Corvus cornix cornix] [GeneID=104692521]	GeneID_104692521|PRELP|XP_039421297.1
PRELP	NP_001096208.1	GeneID=100124759	374	kept	representative	NP_001096208.1 prelp [organism=Xenopus tropicalis] [GeneID=100124759]	GeneID_100124759|PRELP|NP_001096208.1
PRELP	XP_020489998.1	GeneID=109984259	379	kept	representative	XP_020489998.1 prelp [organism=Labrus bergylta] [GeneID=109984259]	GeneID_109984259|PRELP|XP_020489998.1
PRELP	XP_065810625.1	GeneID=109984259	379	excluded	extra_isoform_same_species	XP_065810625.1 prelp [organism=Labrus bergylta] [GeneID=109984259]	GeneID_109984259|PRELP|XP_065810625.1
PRELP	XP_082514675.1	isoform=1	381	excluded	extra_isoform_same_species	XP_082514675.1 PRELP [organism=Grampus griseus] [GeneID=309825109] [isoform=1]	isoform_1|PRELP|XP_082514675.1
PRELP	XP_082514676.1	isoform=2	333	excluded	extra_isoform_same_species	XP_082514676.1 PRELP [organism=Grampus griseus] [GeneID=309825109] [isoform=2]	isoform_2|PRELP|XP_082514676.1
PRELP	XP_007166190.1	GeneID=103005197	405	kept	representative	XP_007166190.1 PRELP [organism=Balaenoptera acutorostrata] [GeneID=103005197]	GeneID_103005197|PRELP|XP_007166190.1
PRELP	XP_014868906.1	GeneID=106933889	379	kept	representative	XP_014868906.1 prelp [organism=Poecilia mexicana] [GeneID=106933889]	GeneID_106933889|PRELP|XP_014868906.1
PRELP	XP_014868915.1	GeneID=106933889	379	excluded	extra_isoform_same_species	XP_014868915.1 prelp [organism=Poecilia mexicana] [GeneID=106933889]	GeneID_106933889|PRELP|XP_014868915.1
PRELP	XP_034442456.1	GeneID=117762105	379	kept	representative	XP_034442456.1 prelp [organism=Hippoglossus hippoglossus] [GeneID=117762105]	GeneID_117762105|PRELP|XP_034442456.1
PRELP	XP_034442457.1	GeneID=117762105	379	excluded	extra_isoform_same_species	XP_034442457.1 prelp [organism=Hippoglossus hippoglossus] [GeneID=117762105]	GeneID_117762105|PRELP|XP_034442457.1
PRELP	XP_045312364.1	GeneID=123586851	379	kept	representative	XP_045312364.1 PRELP [organism=Leopardus geoffroyi] [GeneID=123586851]	GeneID_123586851|PRELP|XP_045312364.1
PRELP	XP_045312365.1	GeneID=123586851	379	excluded	extra_isoform_same_species	XP_045312365.1 PRELP [organism=Leopardus geoffroyi] [GeneID=123586851]	GeneID_123586851|PRELP|XP_045312365.1
PRELP	XP_043878840.1	GeneID=122767569	379	kept	representative	XP_043878840.1 LOC122767569 [organism=Solea senegalensis] [GeneID=122767569]	GeneID_122767569|PRELP|XP_043878840.1
PRELP	XP_052592952.1	GeneID=128109703	378	kept	representative	XP_052592952.1 Prelp [organism=Peromyscus californicus insignis] [GeneID=128109703]	GeneID_128109703|PRELP|XP_052592952.1
PRELP	XP_058229719.1	GeneID=131342634	377	kept	representative	XP_058229719.1 prelp [organism=Hemibagrus wyckioides] [GeneID=131342634]	GeneID_131342634|PRELP|XP_058229719.1
PRELP	XP_063330420.1	GeneID=134627891	379	kept	representative	XP_063330420.1 prelp [organism=Pelmatolapia mariae] [GeneID=134627891]	GeneID_134627891|PRELP|XP_063330420.1
PRELP	XP_068842083.1	GeneID=138090416	381	kept	representative	XP_068842083.1 PRELP [organism=Capricornis sumatraensis] [GeneID=138090416]	GeneID_138090416|PRELP|XP_068842083.1
PRELP	XP_070814436.1	GeneID=139328556	379	kept	representative	XP_070814436.1 prelp [organism=Chaetodon trifascialis] [GeneID=139328556]	GeneID_139328556|PRELP|XP_070814436.1
PRELP	XP_084158239.1	GeneID=311219115	374	kept	representative	XP_084158239.1 PRELP [organism=Netta rufina] [GeneID=311219115]	GeneID_311219115|PRELP|XP_084158239.1
PRELP	XP_007449053.1	GeneID=103086313	379	kept	representative	XP_007449053.1 PRELP [organism=Lipotes vexillifer] [GeneID=103086313]	GeneID_103086313|PRELP|XP_007449053.1
PRELP	XP_073416856.1	GeneID=141073508	374	kept	representative	XP_073416856.1 PRELP [organism=Dendrobates tinctorius] [GeneID=141073508]	GeneID_141073508|PRELP|XP_073416856.1
PRELP	XP_034623200.1	GeneID=117875821	371	kept	representative	XP_034623200.1 PRELP [organism=Trachemys scripta elegans] [GeneID=117875821]	GeneID_117875821|PRELP|XP_034623200.1
PRELP	XP_009439275.1	GeneID=469649	382	kept	representative	XP_009439275.1 PRELP [organism=Pan troglodytes] [GeneID=469649]	GeneID_469649|PRELP|XP_009439275.1
PRELP	XP_525032.2	GeneID=469649	382	excluded	extra_isoform_same_species	XP_525032.2 PRELP [organism=Pan troglodytes] [GeneID=469649]	GeneID_469649|PRELP|XP_525032.2
PRELP	XP_030417338.1	GeneID=115650899	367	kept	representative	XP_030417338.1 PRELP [organism=Gopherus evgoodei] [GeneID=115650899]	GeneID_115650899|PRELP|XP_030417338.1
PRELP	XP_045643562.1	GeneID=123785714	379	kept	representative	XP_045643562.1 PRELP [organism=Ursus americanus] [GeneID=123785714]	GeneID_123785714|PRELP|XP_045643562.1
PRELP	XP_045643564.1	GeneID=123785714	379	excluded	extra_isoform_same_species	XP_045643564.1 PRELP [organism=Ursus americanus] [GeneID=123785714]	GeneID_123785714|PRELP|XP_045643564.1
PRELP	XP_042258393.1	isoform=X1	389	excluded	extra_isoform_same_species	XP_042258393.1 LOC121890299 [organism=Thunnus maccoyii] [GeneID=121890299] [isoform=X1]	isoform_X1|PRELP|XP_042258393.1
PRELP	XP_042258394.1	isoform=X2	379	excluded	extra_isoform_same_species	XP_042258394.1 LOC121890299 [organism=Thunnus maccoyii] [GeneID=121890299] [isoform=X2]	isoform_X2|PRELP|XP_042258394.1
PRELP	XP_069627552.1	GeneID=104320903	371	kept	representative	XP_069627552.1 PRELP [organism=Haliaeetus albicilla] [GeneID=104320903]	GeneID_104320903|PRELP|XP_069627552.1
PRELP	XP_052509631.1	GeneID=128061368	381	kept	representative	XP_052509631.1 PRELP [organism=Budorcas taxicolor] [GeneID=128061368]	GeneID_128061368|PRELP|XP_052509631.1
PRELP	XP_060701387.1	GeneID=132828365	399	kept	representative	XP_060701387.1 prelp [organism=Hemiscyllium ocellatum] [GeneID=132828365]	GeneID_132828365|PRELP|XP_060701387.1
PRELP	XP_075709710.1	GeneID=142743148	374	kept	representative	XP_075709710.1 PRELP [organism=Rhinoderma darwinii] [GeneID=142743148]	GeneID_142743148|PRELP|XP_075709710.1
PRELP	XP_076123960.1	GeneID=143103957	381	kept	representative	XP_076123960.1 prelp [organism=Alosa pseudoharengus] [GeneID=143103957]	GeneID_143103957|PRELP|XP_076123960.1
PRELP	XP_035243869.1	GeneID=118211115	370	kept	representative	XP_035243869.1 prelp [organism=Anguilla anguilla] [GeneID=118211115]	GeneID_118211115|PRELP|XP_035243869.1
PRELP	XP_041639190.1	GeneID=121507100	379	kept	representative	XP_041639190.1 LOC121507100 [organism=Cheilinus undulatus] [GeneID=121507100]	GeneID_121507100|PRELP|XP_041639190.1
PRELP	XP_016071209.1	GeneID=107539285	379	kept	representative	XP_016071209.1 PRELP [organism=Miniopterus natalensis] [GeneID=107539285]	GeneID_107539285|PRELP|XP_016071209.1
PRELP	XP_034554184.1	isoform=X1	401	excluded	extra_isoform_same_species	XP_034554184.1 prelp [organism=Notolabrus celidotus] [GeneID=117823196] [isoform=X1]	isoform_X1|PRELP|XP_034554184.1
PRELP	XP_034554191.1	isoform=X2	379	excluded	extra_isoform_same_species	XP_034554191.1 prelp [organism=Notolabrus celidotus] [GeneID=117823196] [isoform=X2]	isoform_X2|PRELP|XP_034554191.1
PRELP	XP_052554113.1	GeneID=128088047	374	kept	representative	XP_052554113.1 PRELP [organism=Tympanuchus pallidicinctus] [GeneID=128088047]	GeneID_128088047|PRELP|XP_052554113.1
PRELP	XP_062922491.1	GeneID=134355896	395	kept	representative	XP_062922491.1 prelp [organism=Mobula hypostoma] [GeneID=134355896]	GeneID_134355896|PRELP|XP_062922491.1
PRELP	XP_067243430.1	GeneID=137021112	380	kept	representative	XP_067243430.1 prelp [organism=Chanodichthys erythropterus] [GeneID=137021112]	GeneID_137021112|PRELP|XP_067243430.1
PRELP	XP_067243431.1	GeneID=137021112	380	excluded	extra_isoform_same_species	XP_067243431.1 prelp [organism=Chanodichthys erythropterus] [GeneID=137021112]	GeneID_137021112|PRELP|XP_067243431.1
PRELP	XP_017568491.1	GeneID=108436478	376	kept	representative	XP_017568491.1 LOC108436478 [organism=Pygocentrus nattereri] [GeneID=108436478]	GeneID_108436478|PRELP|XP_017568491.1
PRELP	XP_040890886.1	isoform=X1	391	excluded	extra_isoform_same_species	XP_040890886.1 LOC121179867 [organism=Toxotes jaculatrix] [GeneID=121179867] [isoform=X1]	isoform_X1|PRELP|XP_040890886.1
PRELP	XP_040890887.1	isoform=X2	379	excluded	extra_isoform_same_species	XP_040890887.1 LOC121179867 [organism=Toxotes jaculatrix] [GeneID=121179867] [isoform=X2]	isoform_X2|PRELP|XP_040890887.1
PRELP	XP_005878630.1	GeneID=102258856	372	kept	representative	XP_005878630.1 PRELP [organism=Myotis brandtii] [GeneID=102258856]	GeneID_102258856|PRELP|XP_005878630.1
PRELP	XP_005878631.1	GeneID=102258856	372	excluded	extra_isoform_same_species	XP_005878631.1 PRELP [organism=Myotis brandtii] [GeneID=102258856]	GeneID_102258856|PRELP|XP_005878631.1
PRELP	XP_040014461.1	GeneID=120806958	379	kept	representative	XP_040014461.1 LOC120806958 [organism=Xiphias gladius] [GeneID=120806958]	GeneID_120806958|PRELP|XP_040014461.1
PRELP	XP_040014462.1	GeneID=120806958	379	excluded	extra_isoform_same_species	XP_040014462.1 LOC120806958 [organism=Xiphias gladius] [GeneID=120806958]	GeneID_120806958|PRELP|XP_040014462.1
PRELP	XP_032936339.1	GeneID=117007361	371	kept	representative	XP_032936339.1 PRELP [organism=Catharus ustulatus] [GeneID=117007361]	GeneID_117007361|PRELP|XP_032936339.1
PRELP	XP_036298353.1	GeneID=118721462	378	kept	representative	XP_036298353.1 PRELP [organism=Pipistrellus kuhlii] [GeneID=118721462]	GeneID_118721462|PRELP|XP_036298353.1
PRELP	XP_045438948.1	GeneID=118721462	378	excluded	extra_isoform_same_species	XP_045438948.1 PRELP [organism=Pipistrellus kuhlii] [GeneID=118721462]	GeneID_118721462|PRELP|XP_045438948.1
PRELP	XP_079779172.1	GeneID=307187238	381	kept	representative	XP_079779172.1 PRELP [organism=Stenella coeruleoalba] [GeneID=307187238]	GeneID_307187238|PRELP|XP_079779172.1
PRELP	XP_037534859.1	GeneID=119411959	379	kept	representative	XP_037534859.1 LOC119411959 [organism=Nematolebias whitei] [GeneID=119411959]	GeneID_119411959|PRELP|XP_037534859.1
PRELP	XP_075766566.1	GeneID=102449878	377	kept	representative	XP_075766566.1 PRELP [organism=Pelodiscus sinensis] [GeneID=102449878]	GeneID_102449878|PRELP|XP_075766566.1
PRELP	XP_075766567.1	GeneID=102449878	377	excluded	extra_isoform_same_species	XP_075766567.1 PRELP [organism=Pelodiscus sinensis] [GeneID=102449878]	GeneID_102449878|PRELP|XP_075766567.1
PRELP	XP_047561045.1	GeneID=125086046	379	kept	representative	XP_047561045.1 PRELP [organism=Lutra lutra] [GeneID=125086046]	GeneID_125086046|PRELP|XP_047561045.1
PRELP	XP_047561046.1	GeneID=125086046	379	excluded	extra_isoform_same_species	XP_047561046.1 PRELP [organism=Lutra lutra] [GeneID=125086046]	GeneID_125086046|PRELP|XP_047561046.1
PRELP	XP_047561047.1	GeneID=125086046	379	excluded	extra_isoform_same_species	XP_047561047.1 PRELP [organism=Lutra lutra] [GeneID=125086046]	GeneID_125086046|PRELP|XP_047561047.1
PRELP	XP_047561048.1	GeneID=125086046	379	excluded	extra_isoform_same_species	XP_047561048.1 PRELP [organism=Lutra lutra] [GeneID=125086046]	GeneID_125086046|PRELP|XP_047561048.1
PRELP	XP_045932396.1	GeneID=123987488	379	kept	representative	XP_045932396.1 LOC123987488 [organism=Micropterus dolomieu] [GeneID=123987488]	GeneID_123987488|PRELP|XP_045932396.1
PRELP	XP_046882102.1	GeneID=124471587	381	kept	representative	XP_046882102.1 LOC124471587 [organism=Hypomesus transpacificus] [GeneID=124471587]	GeneID_124471587|PRELP|XP_046882102.1
PRELP	XP_086056817.1	GeneID=147267865	379	kept	representative	XP_086056817.1 prelp [organism=Aulostomus chinensis] [GeneID=147267865]	GeneID_147267865|PRELP|XP_086056817.1
PRELP	XP_009574058.1	GeneID=104075315	371	kept	representative	XP_009574058.1 PRELP [organism=Fulmarus glacialis] [GeneID=104075315]	GeneID_104075315|PRELP|XP_009574058.1
PRELP	XP_069535129.1	GeneID=138606562	378	kept	representative	XP_069535129.1 prelp [organism=Semicossyphus pulcher] [GeneID=138606562]	GeneID_138606562|PRELP|XP_069535129.1
PRELP	XP_074208152.1	GeneID=105062321	381	kept	representative	XP_074208152.1 PRELP [organism=Camelus bactrianus] [GeneID=105062321]	GeneID_105062321|PRELP|XP_074208152.1
PRELP	XP_065097506.1	GeneID=135718983	381	kept	representative	XP_065097506.1 prelp [organism=Paramisgurnus dabryanus] [GeneID=135718983]	GeneID_135718983|PRELP|XP_065097506.1
PRELP	XP_065097507.1	GeneID=135718983	381	excluded	extra_isoform_same_species	XP_065097507.1 prelp [organism=Paramisgurnus dabryanus] [GeneID=135718983]	GeneID_135718983|PRELP|XP_065097507.1
PRELP	XP_004375321.1	GeneID=101357209	383	kept	representative	XP_004375321.1 PRELP [organism=Trichechus manatus latirostris] [GeneID=101357209]	GeneID_101357209|PRELP|XP_004375321.1
PRELP	XP_004685584.1	GeneID=101633938	380	kept	representative	XP_004685584.1 PRELP [organism=Condylura cristata] [GeneID=101633938]	GeneID_101633938|PRELP|XP_004685584.1
PRELP	XP_025711098.1	GeneID=112811296	377	kept	representative	XP_025711098.1 PRELP [organism=Callorhinus ursinus] [GeneID=112811296]	GeneID_112811296|PRELP|XP_025711098.1
PRELP	XP_073740603.1	GeneID=112811296	377	excluded	extra_isoform_same_species	XP_073740603.1 PRELP [organism=Callorhinus ursinus] [GeneID=112811296]	GeneID_112811296|PRELP|XP_073740603.1
PRELP	XP_057218066.1	GeneID=130571237	378	kept	representative	XP_057218066.1 prelp [organism=Triplophysa rosa] [GeneID=130571237]	GeneID_130571237|PRELP|XP_057218066.1
PRELP	XP_021489475.1	GeneID=110546754	378	kept	representative	XP_021489475.1 Prelp [organism=Meriones unguiculatus] [GeneID=110546754]	GeneID_110546754|PRELP|XP_021489475.1
PRELP	XP_060220310.1	GeneID=110546754	378	excluded	extra_isoform_same_species	XP_060220310.1 Prelp [organism=Meriones unguiculatus] [GeneID=110546754]	GeneID_110546754|PRELP|XP_060220310.1
PRELP	XP_069315847.1	GeneID=138375847	380	kept	representative	XP_069315847.1 PRELP [organism=Eulemur rufifrons] [GeneID=138375847]	GeneID_138375847|PRELP|XP_069315847.1
PRELP	XP_069315848.1	GeneID=138375847	380	excluded	extra_isoform_same_species	XP_069315848.1 PRELP [organism=Eulemur rufifrons] [GeneID=138375847]	GeneID_138375847|PRELP|XP_069315848.1
PRELP	XP_069315849.1	GeneID=138375847	380	excluded	extra_isoform_same_species	XP_069315849.1 PRELP [organism=Eulemur rufifrons] [GeneID=138375847]	GeneID_138375847|PRELP|XP_069315849.1
PRELP	XP_069315850.1	GeneID=138375847	380	excluded	extra_isoform_same_species	XP_069315850.1 PRELP [organism=Eulemur rufifrons] [GeneID=138375847]	GeneID_138375847|PRELP|XP_069315850.1
PRELP	XP_071350442.1	isoform=X1	382	excluded	extra_isoform_same_species	XP_071350442.1 prelp [organism=Trachinotus anak] [GeneID=139630688] [isoform=X1]	isoform_X1|PRELP|XP_071350442.1
PRELP	XP_071350443.1	isoform=X2	379	excluded	extra_isoform_same_species	XP_071350443.1 prelp [organism=Trachinotus anak] [GeneID=139630688] [isoform=X2]	isoform_X2|PRELP|XP_071350443.1
PRELP	XP_071350444.1	isoform=X2	379	excluded	extra_isoform_same_species	XP_071350444.1 prelp [organism=Trachinotus anak] [GeneID=139630688] [isoform=X2]	isoform_X2|PRELP|XP_071350444.1
PRELP	XP_074019522.1	GeneID=141475189	371	kept	representative	XP_074019522.1 PRELP [organism=Numenius arquata] [GeneID=141475189]	GeneID_141475189|PRELP|XP_074019522.1
PRELP	XP_072804526.1	GeneID=102537706	381	kept	representative	XP_072804526.1 PRELP [organism=Vicugna pacos] [GeneID=102537706]	GeneID_102537706|PRELP|XP_072804526.1
PRELP	XP_051059993.1	GeneID=127236417	377	kept	representative	XP_051059993.1 Prelp [organism=Phodopus roborovskii] [GeneID=127236417]	GeneID_127236417|PRELP|XP_051059993.1
PRELP	XP_028386866.1	GeneID=114512166	379	kept	representative	XP_028386866.1 PRELP [organism=Phyllostomus discolor] [GeneID=114512166]	GeneID_114512166|PRELP|XP_028386866.1
PRELP	XP_070700601.1	GeneID=139213836	372	kept	representative	XP_070700601.1 prelp [organism=Pempheris klunzingeri] [GeneID=139213836]	GeneID_139213836|PRELP|XP_070700601.1
PRELP	XP_060765981.1	GeneID=132874099	377	kept	representative	XP_060765981.1 prelp [organism=Neoarius graeffei] [GeneID=132874099]	GeneID_132874099|PRELP|XP_060765981.1
PRELP	XP_080214408.1	GeneID=308048952	371	kept	representative	XP_080214408.1 PRELP [organism=Nesoenas mayeri] [GeneID=308048952]	GeneID_308048952|PRELP|XP_080214408.1
PRELP	XP_005308328.1	GeneID=101938347	371	kept	representative	XP_005308328.1 PRELP [organism=Chrysemys picta bellii] [GeneID=101938347]	GeneID_101938347|PRELP|XP_005308328.1
PRELP	XP_042704987.1	GeneID=101938347	371	excluded	extra_isoform_same_species	XP_042704987.1 PRELP [organism=Chrysemys picta bellii] [GeneID=101938347]	GeneID_101938347|PRELP|XP_042704987.1
PRELP	XP_005510382.2	GeneID=102090859	371	kept	representative	XP_005510382.2 PRELP [organism=Columba livia] [GeneID=102090859]	GeneID_102090859|PRELP|XP_005510382.2
PRELP	XP_049626614.1	GeneID=126004196	379	kept	representative	XP_049626614.1 PRELP [organism=Suncus etruscus] [GeneID=126004196]	GeneID_126004196|PRELP|XP_049626614.1
PRELP	XP_059984966.1	GeneID=132508647	381	kept	representative	XP_059984966.1 PRELP [organism=Lagenorhynchus albirostris] [GeneID=132508647]	GeneID_132508647|PRELP|XP_059984966.1
PRELP	XP_075318185.1	GeneID=142377762	376	kept	representative	XP_075318185.1 prelp [organism=Odontesthes bonariensis] [GeneID=142377762]	GeneID_142377762|PRELP|XP_075318185.1
PRELP	XP_079713148.1	GeneID=307150159	380	kept	representative	XP_079713148.1 prelp [organism=Squalius cephalus] [GeneID=307150159]	GeneID_307150159|PRELP|XP_079713148.1
PRELP	XP_010722718.1	GeneID=104914547	374	kept	representative	XP_010722718.1 PRELP [organism=Meleagris gallopavo] [GeneID=104914547]	GeneID_104914547|PRELP|XP_010722718.1
PRELP	XP_039737804.1	GeneID=120617987	381	kept	representative	XP_039737804.1 PRELP [organism=Pteropus medius] [GeneID=120617987]	GeneID_120617987|PRELP|XP_039737804.1
PRELP	XP_039737805.1	GeneID=120617987	381	excluded	extra_isoform_same_species	XP_039737805.1 PRELP [organism=Pteropus medius] [GeneID=120617987]	GeneID_120617987|PRELP|XP_039737805.1
PRELP	XP_039737806.1	GeneID=120617987	381	excluded	extra_isoform_same_species	XP_039737806.1 PRELP [organism=Pteropus medius] [GeneID=120617987]	GeneID_120617987|PRELP|XP_039737806.1
PRELP	XP_039737808.1	GeneID=120617987	381	excluded	extra_isoform_same_species	XP_039737808.1 PRELP [organism=Pteropus medius] [GeneID=120617987]	GeneID_120617987|PRELP|XP_039737808.1
PRELP	XP_054147629.1	GeneID=128947392	369	kept	representative	XP_054147629.1 PRELP [organism=Melozone crissalis] [GeneID=128947392]	GeneID_128947392|PRELP|XP_054147629.1
PRELP	XP_057585999.1	GeneID=130850452	381	kept	representative	XP_057585999.1 PRELP [organism=Hippopotamus amphibius kiboko] [GeneID=130850452]	GeneID_130850452|PRELP|XP_057585999.1
PRELP	XP_072212209.1	GeneID=140262024	374	kept	representative	XP_072212209.1 PRELP [organism=Excalfactoria chinensis] [GeneID=140262024]	GeneID_140262024|PRELP|XP_072212209.1
PRELP	XP_051494958.1	GeneID=127393680	371	kept	representative	XP_051494958.1 PRELP [organism=Apus apus] [GeneID=127393680]	GeneID_127393680|PRELP|XP_051494958.1
PRELP	XP_057256777.1	GeneID=130594710	371	kept	representative	XP_057256777.1 PRELP [organism=Pezoporus wallicus] [GeneID=130594710]	GeneID_130594710|PRELP|XP_057256777.1
PRELP	XP_057256779.1	GeneID=130594710	371	excluded	extra_isoform_same_species	XP_057256779.1 PRELP [organism=Pezoporus wallicus] [GeneID=130594710]	GeneID_130594710|PRELP|XP_057256779.1
PRELP	XP_062461545.1	GeneID=134157025	371	kept	representative	XP_062461545.1 PRELP [organism=Pezoporus occidentalis] [GeneID=134157025]	GeneID_134157025|PRELP|XP_062461545.1
PRELP	XP_047202260.1	isoform=X1	402	excluded	extra_isoform_same_species	XP_047202260.1 LOC124856102 [organism=Girardinichthys multiradiatus] [GeneID=124856102] [isoform=X1]	isoform_X1|PRELP|XP_047202260.1
PRELP	XP_047202261.1	isoform=X2	379	excluded	extra_isoform_same_species	XP_047202261.1 LOC124856102 [organism=Girardinichthys multiradiatus] [GeneID=124856102] [isoform=X2]	isoform_X2|PRELP|XP_047202261.1
PRELP	XP_085129800.1	isoform=X1	401	excluded	extra_isoform_same_species	XP_085129800.1 prelp [organism=Mchenga conophoros] [GeneID=146574214] [isoform=X1]	isoform_X1|PRELP|XP_085129800.1
PRELP	XP_085129801.1	isoform=X2	379	excluded	extra_isoform_same_species	XP_085129801.1 prelp [organism=Mchenga conophoros] [GeneID=146574214] [isoform=X2]	isoform_X2|PRELP|XP_085129801.1
PRELP	XP_019369813.1	GeneID=109295406	368	kept	representative	XP_019369813.1 PRELP [organism=Gavialis gangeticus] [GeneID=109295406]	GeneID_109295406|PRELP|XP_019369813.1
PRELP	XP_025967775.2	GeneID=112990330	368	kept	representative	XP_025967775.2 PRELP [organism=Dromaius novaehollandiae] [GeneID=112990330]	GeneID_112990330|PRELP|XP_025967775.2
PRELP	XP_082350783.1	GeneID=309680899	371	kept	representative	XP_082350783.1 PRELP [organism=Vanellus vanellus] [GeneID=309680899]	GeneID_309680899|PRELP|XP_082350783.1
PRELP	XP_010311080.1	isoform=X2	371	excluded	extra_isoform_same_species	XP_010311080.1 PRELP [organism=Balearica regulorum gibbericeps] [GeneID=104643458] [isoform=X2]	isoform_X2|PRELP|XP_010311080.1
PRELP	XP_075632359.1	isoform=X1	382	excluded	extra_isoform_same_species	XP_075632359.1 PRELP [organism=Balearica regulorum gibbericeps] [GeneID=104643458] [isoform=X1]	isoform_X1|PRELP|XP_075632359.1
PRELP	XP_036923016.1	GeneID=119001668	381	kept	representative	XP_036923016.1 PRELP [organism=Sturnira hondurensis] [GeneID=119001668]	GeneID_119001668|PRELP|XP_036923016.1
PRELP	XP_037009069.2	GeneID=119055071	379	kept	representative	XP_037009069.2 PRELP [organism=Artibeus jamaicensis] [GeneID=119055071]	GeneID_119055071|PRELP|XP_037009069.2
PRELP	XP_050812519.1	GeneID=127052690	367	kept	representative	XP_050812519.1 PRELP [organism=Gopherus flavomarginatus] [GeneID=127052690]	GeneID_127052690|PRELP|XP_050812519.1
PRELP	XP_062365712.1	GeneID=134054187	371	kept	representative	XP_062365712.1 PRELP [organism=Cinclus cinclus] [GeneID=134054187]	GeneID_134054187|PRELP|XP_062365712.1
PRELP	XP_068930717.1	GeneID=138151121	387	kept	representative	XP_068930717.1 PRELP [organism=Petaurus breviceps papuanus] [GeneID=138151121]	GeneID_138151121|PRELP|XP_068930717.1
PRELP	XP_068930718.1	GeneID=138151121	387	excluded	extra_isoform_same_species	XP_068930718.1 PRELP [organism=Petaurus breviceps papuanus] [GeneID=138151121]	GeneID_138151121|PRELP|XP_068930718.1
PRELP	XP_006159237.1	GeneID=102478677	381	kept	representative	XP_006159237.1 PRELP [organism=Tupaia belangeri chinensis] [GeneID=102478677]	GeneID_102478677|PRELP|XP_006159237.1
PRELP	XP_008828579.1	GeneID=103731863	378	kept	representative	XP_008828579.1 Prelp [organism=Nannospalax galili] [GeneID=103731863]	GeneID_103731863|PRELP|XP_008828579.1
PRELP	XP_029418046.1	GeneID=103731863	378	excluded	extra_isoform_same_species	XP_029418046.1 Prelp [organism=Nannospalax galili] [GeneID=103731863]	GeneID_103731863|PRELP|XP_029418046.1
PRELP	XP_008107880.1	GeneID=100558937	369	kept	representative	XP_008107880.1 prelp [organism=Anolis carolinensis] [GeneID=100558937]	GeneID_100558937|PRELP|XP_008107880.1
PRELP	XP_074178107.1	GeneID=109438849	379	kept	representative	XP_074178107.1 PRELP [organism=Rhinolophus sinicus] [GeneID=109438849]	GeneID_109438849|PRELP|XP_074178107.1
PRELP	XP_074178108.1	GeneID=109438849	379	excluded	extra_isoform_same_species	XP_074178108.1 PRELP [organism=Rhinolophus sinicus] [GeneID=109438849]	GeneID_109438849|PRELP|XP_074178108.1
PRELP	XP_049688903.1	GeneID=126052386	371	kept	representative	XP_049688903.1 PRELP [organism=Astur gentilis] [GeneID=126052386]	GeneID_126052386|PRELP|XP_049688903.1
PRELP	XP_086201905.1	GeneID=147357154	381	kept	representative	XP_086201905.1 PRELP [organism=Bos grunniens] [GeneID=147357154]	GeneID_147357154|PRELP|XP_086201905.1
PRELP	XP_070601506.1	GeneID=139163973	369	kept	representative	XP_070601506.1 PRELP [organism=Erythrolamprus reginae] [GeneID=139163973]	GeneID_139163973|PRELP|XP_070601506.1
PRELP	XP_078402413.1	GeneID=144683352	396	kept	representative	XP_078402413.1 prelp [organism=Cetorhinus maximus] [GeneID=144683352]	GeneID_144683352|PRELP|XP_078402413.1
PRELP	XP_059385389.1	GeneID=132119443	380	kept	representative	XP_059385389.1 prelp [organism=Carassius carassius] [GeneID=132119443]	GeneID_132119443|PRELP|XP_059385389.1
PRELP	XP_059185605.1	GeneID=131968646	379	kept	representative	XP_059185605.1 prelp [organism=Centropristis striata] [GeneID=131968646]	GeneID_131968646|PRELP|XP_059185605.1
PRELP	XP_045392245.1	GeneID=123626983	380	kept	representative	XP_045392245.1 PRELP [organism=Lemur catta] [GeneID=123626983]	GeneID_123626983|PRELP|XP_045392245.1
PRELP	XP_045392246.1	GeneID=123626983	380	excluded	extra_isoform_same_species	XP_045392246.1 PRELP [organism=Lemur catta] [GeneID=123626983]	GeneID_123626983|PRELP|XP_045392246.1
PRELP	XP_045697460.1	GeneID=123820641	379	kept	representative	XP_045697460.1 PRELP [organism=Phyllostomus hastatus] [GeneID=123820641]	GeneID_123820641|PRELP|XP_045697460.1
PRELP	XP_069731962.1	GeneID=138730573	371	kept	representative	XP_069731962.1 PRELP [organism=Phaenicophaeus curvirostris] [GeneID=138730573]	GeneID_138730573|PRELP|XP_069731962.1
PRELP	XP_080747799.1	isoform=1	401	excluded	extra_isoform_same_species	XP_080747799.1 prelp [organism=Rhamphochromis sp. 'chilingali'] [GeneID=308402675] [isoform=1]	isoform_1|PRELP|XP_080747799.1
PRELP	XP_080747800.1	isoform=2	379	kept	representative	XP_080747800.1 prelp [organism=Rhamphochromis sp. 'chilingali'] [GeneID=308402675] [isoform=2]	isoform_2|PRELP|XP_080747800.1
PRELP	XP_049439518.1	GeneID=125893080	379	kept	representative	XP_049439518.1 LOC125893080 [organism=Epinephelus fuscoguttatus] [GeneID=125893080]	GeneID_125893080|PRELP|XP_049439518.1
PRELP	XP_002717628.2	GeneID=100354305	380	kept	representative	XP_002717628.2 PRELP [organism=Oryctolagus cuniculus] [GeneID=100354305]	GeneID_100354305|PRELP|XP_002717628.2
PRELP	XP_079857563.1	GeneID=307230939	381	kept	representative	XP_079857563.1 prelp [organism=Zeus faber] [GeneID=307230939]	GeneID_307230939|PRELP|XP_079857563.1
PRELP	XP_033052859.1	GeneID=117074992	382	kept	representative	XP_033052859.1 PRELP [organism=Trachypithecus francoisi] [GeneID=117074992]	GeneID_117074992|PRELP|XP_033052859.1
PRELP	XP_010175818.1	GeneID=104532330	371	kept	representative	XP_010175818.1 PRELP [organism=Antrostomus carolinensis] [GeneID=104532330]	GeneID_104532330|PRELP|XP_010175818.1
PRELP	XP_033939195.1	GeneID=117446843	379	kept	representative	XP_033939195.1 prelp [organism=Pseudochaenichthys georgianus] [GeneID=117446843]	GeneID_117446843|PRELP|XP_033939195.1
PRELP	XP_003474866.1	GeneID=100726579	384	kept	representative	XP_003474866.1 Prelp [organism=Cavia porcellus] [GeneID=100726579]	GeneID_100726579|PRELP|XP_003474866.1
PRELP	XP_040841176.1	GeneID=121159835	380	kept	representative	XP_040841176.1 PRELP [organism=Ochotona curzoniae] [GeneID=121159835]	GeneID_121159835|PRELP|XP_040841176.1
PRELP	XP_063308679.1	GeneID=134609136	374	kept	representative	XP_063308679.1 PRELP [organism=Pelobates fuscus] [GeneID=134609136]	GeneID_134609136|PRELP|XP_063308679.1
PRELP	XP_063308690.1	GeneID=134609136	374	excluded	extra_isoform_same_species	XP_063308690.1 PRELP [organism=Pelobates fuscus] [GeneID=134609136]	GeneID_134609136|PRELP|XP_063308690.1
PRELP	XP_004545125.1	isoform=X2	379	excluded	extra_isoform_same_species	XP_004545125.1 prelp [organism=Maylandia zebra] [GeneID=101470880] [isoform=X2]	isoform_X2|PRELP|XP_004545125.1
PRELP	XP_076740045.1	isoform=X1	401	excluded	extra_isoform_same_species	XP_076740045.1 prelp [organism=Maylandia zebra] [GeneID=101470880] [isoform=X1]	isoform_X1|PRELP|XP_076740045.1
PRELP	XP_084250798.1	GeneID=311281620	380	kept	representative	XP_084250798.1 prelp [organism=Rutilus rutilus] [GeneID=311281620]	GeneID_311281620|PRELP|XP_084250798.1
PRELP	XP_061327842.1	GeneID=133278755	371	kept	representative	XP_061327842.1 PRELP [organism=Pezoporus flaviventris] [GeneID=133278755]	GeneID_133278755|PRELP|XP_061327842.1
PRELP	XP_061327843.1	GeneID=133278755	371	excluded	extra_isoform_same_species	XP_061327843.1 PRELP [organism=Pezoporus flaviventris] [GeneID=133278755]	GeneID_133278755|PRELP|XP_061327843.1
PRELP	XP_010852426.1	GeneID=104998783	381	kept	representative	XP_010852426.1 PRELP [organism=Bison bison bison] [GeneID=104998783]	GeneID_104998783|PRELP|XP_010852426.1
PRELP	XP_030632241.1	GeneID=115813768	372	kept	representative	XP_030632241.1 prelp [organism=Chanos chanos] [GeneID=115813768]	GeneID_115813768|PRELP|XP_030632241.1
PRELP	XP_012872969.1	GeneID=105986541	378	kept	representative	XP_012872969.1 Prelp [organism=Dipodomys ordii] [GeneID=105986541]	GeneID_105986541|PRELP|XP_012872969.1
PRELP	XP_069012836.1	GeneID=138202580	379	kept	representative	XP_069012836.1 prelp [organism=Embiotoca jacksoni] [GeneID=138202580]	GeneID_138202580|PRELP|XP_069012836.1
PRELP	XP_074487624.1	GeneID=141765504	381	kept	representative	XP_074487624.1 prelp [organism=Sebastes fasciatus] [GeneID=141765504]	GeneID_141765504|PRELP|XP_074487624.1
PRELP	XP_074487634.1	GeneID=141765504	381	excluded	extra_isoform_same_species	XP_074487634.1 prelp [organism=Sebastes fasciatus] [GeneID=141765504]	GeneID_141765504|PRELP|XP_074487634.1
PRELP	XP_074749557.1	GeneID=141954182	371	kept	representative	XP_074749557.1 PRELP [organism=Strix uralensis] [GeneID=141954182]	GeneID_141954182|PRELP|XP_074749557.1
PRELP	XP_074749558.1	GeneID=141954182	371	excluded	extra_isoform_same_species	XP_074749558.1 PRELP [organism=Strix uralensis] [GeneID=141954182]	GeneID_141954182|PRELP|XP_074749558.1
PRELP	XP_080702322.1	GeneID=308371335	385	kept	representative	XP_080702322.1 prelp [organism=Sprattus sprattus] [GeneID=308371335]	GeneID_308371335|PRELP|XP_080702322.1
PRELP	XP_039605110.1	GeneID=120526160	369	kept	representative	XP_039605110.1 LOC120526160 [organism=Polypterus senegalus] [GeneID=120526160]	GeneID_120526160|PRELP|XP_039605110.1
PRELP	XP_039605111.1	GeneID=120526160	369	excluded	extra_isoform_same_species	XP_039605111.1 LOC120526160 [organism=Polypterus senegalus] [GeneID=120526160]	GeneID_120526160|PRELP|XP_039605111.1
PRELP	XP_060500145.1	GeneID=132686409	379	kept	representative	XP_060500145.1 PRELP [organism=Panthera onca] [GeneID=132686409]	GeneID_132686409|PRELP|XP_060500145.1
PRELP	XP_060500146.1	GeneID=132686409	379	excluded	extra_isoform_same_species	XP_060500146.1 PRELP [organism=Panthera onca] [GeneID=132686409]	GeneID_132686409|PRELP|XP_060500146.1
PRELP	XP_061237864.1	GeneID=133227448	381	kept	representative	XP_061237864.1 PRELP [organism=Bos javanicus] [GeneID=133227448]	GeneID_133227448|PRELP|XP_061237864.1
PRELP	XP_036387301.1	GeneID=118779347	377	kept	representative	XP_036387301.1 LOC118779347 [organism=Megalops cyprinoides] [GeneID=118779347]	GeneID_118779347|PRELP|XP_036387301.1
PRELP	XP_003792301.1	GeneID=100955656	380	kept	representative	XP_003792301.1 PRELP [organism=Otolemur garnettii] [GeneID=100955656]	GeneID_100955656|PRELP|XP_003792301.1
PRELP	XP_004320545.1	GeneID=101328286	381	kept	representative	XP_004320545.1 PRELP [organism=Tursiops truncatus] [GeneID=101328286]	GeneID_101328286|PRELP|XP_004320545.1
PRELP	XP_083028978.1	GeneID=146060052	374	kept	representative	XP_083028978.1 PRELP [organism=Crinia signifera] [GeneID=146060052]	GeneID_146060052|PRELP|XP_083028978.1
PRELP	XP_035488492.1	GeneID=118309934	379	kept	representative	XP_035488492.1 LOC118309934 [organism=Scophthalmus maximus] [GeneID=118309934]	GeneID_118309934|PRELP|XP_035488492.1
PRELP	XP_008537556.1	GeneID=103563866	379	kept	representative	XP_008537556.1 PRELP [organism=Equus przewalskii] [GeneID=103563866]	GeneID_103563866|PRELP|XP_008537556.1
PRELP	XP_008537557.1	GeneID=103563866	379	excluded	extra_isoform_same_species	XP_008537557.1 PRELP [organism=Equus przewalskii] [GeneID=103563866]	GeneID_103563866|PRELP|XP_008537557.1
PRELP	XP_047697090.1	GeneID=125155660	379	kept	representative	XP_047697090.1 PRELP [organism=Prionailurus viverrinus] [GeneID=125155660]	GeneID_125155660|PRELP|XP_047697090.1
PRELP	XP_047697091.1	GeneID=125155660	379	excluded	extra_isoform_same_species	XP_047697091.1 PRELP [organism=Prionailurus viverrinus] [GeneID=125155660]	GeneID_125155660|PRELP|XP_047697091.1
PRELP	XP_066421346.1	GeneID=136566205	369	kept	representative	XP_066421346.1 PRELP [organism=Molothrus aeneus] [GeneID=136566205]	GeneID_136566205|PRELP|XP_066421346.1
PRELP	XP_076214174.1	GeneID=143170098	371	kept	representative	XP_076214174.1 PRELP [organism=Aptenodytes patagonicus] [GeneID=143170098]	GeneID_143170098|PRELP|XP_076214174.1
PRELP	XP_076214175.1	GeneID=143170098	371	excluded	extra_isoform_same_species	XP_076214175.1 PRELP [organism=Aptenodytes patagonicus] [GeneID=143170098]	GeneID_143170098|PRELP|XP_076214175.1
PRELP	XP_038205089.1	GeneID=119827446	381	kept	representative	XP_038205089.1 Prelp [organism=Arvicola amphibius] [GeneID=119827446]	GeneID_119827446|PRELP|XP_038205089.1
PRELP	XP_038205090.1	GeneID=119827446	381	excluded	extra_isoform_same_species	XP_038205090.1 Prelp [organism=Arvicola amphibius] [GeneID=119827446]	GeneID_119827446|PRELP|XP_038205090.1
PRELP	XP_038205091.1	GeneID=119827446	381	excluded	extra_isoform_same_species	XP_038205091.1 Prelp [organism=Arvicola amphibius] [GeneID=119827446]	GeneID_119827446|PRELP|XP_038205091.1
PRELP	XP_038205092.1	GeneID=119827446	381	excluded	extra_isoform_same_species	XP_038205092.1 Prelp [organism=Arvicola amphibius] [GeneID=119827446]	GeneID_119827446|PRELP|XP_038205092.1
PRELP	XP_062451021.1	isoform=X1	441	excluded	extra_isoform_same_species	XP_062451021.1 PRELP [organism=Rhea pennata] [GeneID=134150883] [isoform=X1]	isoform_X1|PRELP|XP_062451021.1
PRELP	XP_062451022.1	isoform=X2	368	excluded	extra_isoform_same_species	XP_062451022.1 PRELP [organism=Rhea pennata] [GeneID=134150883] [isoform=X2]	isoform_X2|PRELP|XP_062451022.1
PRELP	XP_072419807.1	GeneID=140467387	399	kept	representative	XP_072419807.1 prelp [organism=Chiloscyllium punctatum] [GeneID=140467387]	GeneID_140467387|PRELP|XP_072419807.1
PRELP	XP_084353855.1	GeneID=311423571	374	kept	representative	XP_084353855.1 PRELP [organism=Aythya ferina] [GeneID=311423571]	GeneID_311423571|PRELP|XP_084353855.1
PRELP	XP_029856599.1	isoform=X1	511	excluded	relative_length	XP_029856599.1 PRELP [organism=Aquila chrysaetos chrysaetos] [GeneID=115335282] [isoform=X1]	isoform_X1|PRELP|XP_029856599.1
PRELP	XP_029856601.1	isoform=X2	371	excluded	extra_isoform_same_species	XP_029856601.1 PRELP [organism=Aquila chrysaetos chrysaetos] [GeneID=115335282] [isoform=X2]	isoform_X2|PRELP|XP_029856601.1
PRELP	XP_084651132.1	isoform=1	378	excluded	extra_isoform_same_species	XP_084651132.1 PRELP [organism=Acomys minous] [GeneID=311604834] [isoform=1]	isoform_1|PRELP|XP_084651132.1
PRELP	XP_084651133.1	isoform=1	378	excluded	extra_isoform_same_species	XP_084651133.1 PRELP [organism=Acomys minous] [GeneID=311604834] [isoform=1]	isoform_1|PRELP|XP_084651133.1
PRELP	XP_084651134.1	isoform=1	378	excluded	extra_isoform_same_species	XP_084651134.1 PRELP [organism=Acomys minous] [GeneID=311604834] [isoform=1]	isoform_1|PRELP|XP_084651134.1
PRELP	XP_032734212.1	GeneID=116879825	379	kept	representative	XP_032734212.1 PRELP [organism=Lontra canadensis] [GeneID=116879825]	GeneID_116879825|PRELP|XP_032734212.1
PRELP	XP_032734213.1	GeneID=116879825	379	excluded	extra_isoform_same_species	XP_032734213.1 PRELP [organism=Lontra canadensis] [GeneID=116879825]	GeneID_116879825|PRELP|XP_032734213.1
PRELP	XP_050767483.1	isoform=X1	397	excluded	extra_isoform_same_species	XP_050767483.1 PRELP [organism=Gymnogyps californianus] [GeneID=127026339] [isoform=X1]	isoform_X1|PRELP|XP_050767483.1
PRELP	XP_050767484.1	isoform=X2	371	excluded	extra_isoform_same_species	XP_050767484.1 PRELP [organism=Gymnogyps californianus] [GeneID=127026339] [isoform=X2]	isoform_X2|PRELP|XP_050767484.1
PRELP	XP_081866437.1	GeneID=309413217	371	kept	representative	XP_081866437.1 PRELP [organism=Phaethon aethereus] [GeneID=309413217]	GeneID_309413217|PRELP|XP_081866437.1
PRELP	XP_079064879.1	GeneID=306729451	371	kept	representative	XP_079064879.1 PRELP [organism=Caprimulgus europaeus] [GeneID=306729451]	GeneID_306729451|PRELP|XP_079064879.1
PRELP	XP_033822391.1	GeneID=117370946	392	kept	representative	XP_033822391.1 prelp [organism=Periophthalmus magnuspinnatus] [GeneID=117370946]	GeneID_117370946|PRELP|XP_033822391.1
PRELP	XP_039558518.1	GeneID=120499110	371	kept	representative	XP_039558518.1 PRELP [organism=Passer montanus] [GeneID=120499110]	GeneID_120499110|PRELP|XP_039558518.1
PRELP	XP_054037559.1	GeneID=128900445	371	kept	representative	XP_054037559.1 PRELP [organism=Rissa tridactyla] [GeneID=128900445]	GeneID_128900445|PRELP|XP_054037559.1
PRELP	XP_027758827.1	GeneID=114067511	371	kept	representative	XP_027758827.1 PRELP [organism=Empidonax traillii] [GeneID=114067511]	GeneID_114067511|PRELP|XP_027758827.1
PRELP	XP_039083568.1	GeneID=120228955	379	kept	representative	XP_039083568.1 PRELP [organism=Hyaena hyaena] [GeneID=120228955]	GeneID_120228955|PRELP|XP_039083568.1
PRELP	XP_039083569.1	GeneID=120228955	379	excluded	extra_isoform_same_species	XP_039083569.1 PRELP [organism=Hyaena hyaena] [GeneID=120228955]	GeneID_120228955|PRELP|XP_039083569.1
PRELP	XP_050182923.1	GeneID=126645994	371	kept	representative	XP_050182923.1 PRELP [organism=Myiozetetes cayanensis] [GeneID=126645994]	GeneID_126645994|PRELP|XP_050182923.1
PRELP	XP_054305528.1	GeneID=129013101	382	kept	representative	XP_054305528.1 PRELP [organism=Pongo pygmaeus] [GeneID=129013101]	GeneID_129013101|PRELP|XP_054305528.1
PRELP	XP_054305532.1	GeneID=129013101	382	excluded	extra_isoform_same_species	XP_054305532.1 PRELP [organism=Pongo pygmaeus] [GeneID=129013101]	GeneID_129013101|PRELP|XP_054305532.1
PRELP	XP_079183210.1	GeneID=306812465	371	kept	representative	XP_079183210.1 PRELP [organism=Erithacus rubecula] [GeneID=306812465]	GeneID_306812465|PRELP|XP_079183210.1
PRELP	XP_053105283.1	GeneID=128324576	370	kept	representative	XP_053105283.1 PRELP [organism=Hemicordylus capensis] [GeneID=128324576]	GeneID_128324576|PRELP|XP_053105283.1
PRELP	XP_083390375.1	isoform=1	372	excluded	extra_isoform_same_species	XP_083390375.1 prelp [organism=Silurus aristotelis] [GeneID=310721972] [isoform=1]	isoform_1|PRELP|XP_083390375.1
PRELP	XP_083390376.1	isoform=1	372	excluded	extra_isoform_same_species	XP_083390376.1 prelp [organism=Silurus aristotelis] [GeneID=310721972] [isoform=1]	isoform_1|PRELP|XP_083390376.1
PRELP	XP_005059305.1	GeneID=101819011	371	kept	representative	XP_005059305.1 PRELP [organism=Ficedula albicollis] [GeneID=101819011]	GeneID_101819011|PRELP|XP_005059305.1
PRELP	XP_016094325.1	isoform=X1	389	excluded	extra_isoform_same_species	XP_016094325.1 prelp [organism=Sinocyclocheilus grahami] [GeneID=107555878] [isoform=X1]	isoform_X1|PRELP|XP_016094325.1
PRELP	XP_016094395.1	isoform=X2	380	excluded	extra_isoform_same_species	XP_016094395.1 prelp [organism=Sinocyclocheilus grahami] [GeneID=107555878] [isoform=X2]	isoform_X2|PRELP|XP_016094395.1
PRELP	XP_043341197.1	GeneID=122452000	380	kept	representative	XP_043341197.1 PRELP [organism=Cervus canadensis] [GeneID=122452000]	GeneID_122452000|PRELP|XP_043341197.1
PRELP	XP_048213370.1	GeneID=125359607	377	kept	representative	XP_048213370.1 Prelp [organism=Perognathus longimembris pacificus] [GeneID=125359607]	GeneID_125359607|PRELP|XP_048213370.1
PRELP	XP_071306159.1	isoform=X1	389	excluded	extra_isoform_same_species	XP_071306159.1 PRELP [organism=Agelaius tricolor] [GeneID=139601228] [isoform=X1]	isoform_X1|PRELP|XP_071306159.1
PRELP	XP_071306160.1	isoform=X2	369	excluded	extra_isoform_same_species	XP_071306160.1 PRELP [organism=Agelaius tricolor] [GeneID=139601228] [isoform=X2]	isoform_X2|PRELP|XP_071306160.1
PRELP	XP_071306162.1	isoform=X2	369	excluded	extra_isoform_same_species	XP_071306162.1 PRELP [organism=Agelaius tricolor] [GeneID=139601228] [isoform=X2]	isoform_X2|PRELP|XP_071306162.1
PRELP	XP_076611708.1	GeneID=143335903	379	kept	representative	XP_076611708.1 prelp [organism=Chaetodon auriga] [GeneID=143335903]	GeneID_143335903|PRELP|XP_076611708.1
PRELP	XP_076611716.1	GeneID=143335903	379	excluded	extra_isoform_same_species	XP_076611716.1 prelp [organism=Chaetodon auriga] [GeneID=143335903]	GeneID_143335903|PRELP|XP_076611716.1
PRELP	XP_010786176.1	GeneID=104959964	382	kept	representative	XP_010786176.1 prelp [organism=Notothenia coriiceps] [GeneID=104959964]	GeneID_104959964|PRELP|XP_010786176.1
PRELP	XP_010786177.1	GeneID=104959964	382	excluded	extra_isoform_same_species	XP_010786177.1 prelp [organism=Notothenia coriiceps] [GeneID=104959964]	GeneID_104959964|PRELP|XP_010786177.1
PRELP	XP_006628522.2	GeneID=102688294	367	kept	representative	XP_006628522.2 prelp [organism=Lepisosteus oculatus] [GeneID=102688294]	GeneID_102688294|PRELP|XP_006628522.2
PRELP	XP_015198331.2	GeneID=102688294	367	excluded	extra_isoform_same_species	XP_015198331.2 prelp [organism=Lepisosteus oculatus] [GeneID=102688294]	GeneID_102688294|PRELP|XP_015198331.2
PRELP	XP_057911145.2	isoform=X2	373	excluded	extra_isoform_same_species	XP_057911145.2 prelp [organism=Doryrhamphus excisus] [GeneID=131106260] [isoform=X2]	isoform_X2|PRELP|XP_057911145.2
PRELP	XP_078654548.1	isoform=X1	380	excluded	extra_isoform_same_species	XP_078654548.1 prelp [organism=Doryrhamphus excisus] [GeneID=131106260] [isoform=X1]	isoform_X1|PRELP|XP_078654548.1
PRELP	XP_066889634.1	GeneID=131741439	381	kept	representative	XP_066889634.1 PRELP [organism=Kogia breviceps] [GeneID=131741439]	GeneID_131741439|PRELP|XP_066889634.1
PRELP	XP_066889640.1	GeneID=131741439	381	excluded	extra_isoform_same_species	XP_066889640.1 PRELP [organism=Kogia breviceps] [GeneID=131741439]	GeneID_131741439|PRELP|XP_066889640.1
PRELP	XP_066889647.1	GeneID=131741439	381	excluded	extra_isoform_same_species	XP_066889647.1 PRELP [organism=Kogia breviceps] [GeneID=131741439]	GeneID_131741439|PRELP|XP_066889647.1
PRELP	XP_015815075.1	isoform=X1	381	excluded	extra_isoform_same_species	XP_015815075.1 prelp [organism=Nothobranchius furzeri] [GeneID=107385602] [isoform=X1]	isoform_X1|PRELP|XP_015815075.1
PRELP	XP_015815076.1	isoform=X2	379	excluded	extra_isoform_same_species	XP_015815076.1 prelp [organism=Nothobranchius furzeri] [GeneID=107385602] [isoform=X2]	isoform_X2|PRELP|XP_015815076.1
PRELP	XP_070405401.1	isoform=X2	379	excluded	extra_isoform_same_species	XP_070405401.1 prelp [organism=Nothobranchius furzeri] [GeneID=107385602] [isoform=X2]	isoform_X2|PRELP|XP_070405401.1
PRELP	XP_004028240.1	GeneID=101145627	382	kept	representative	XP_004028240.1 PRELP [organism=Gorilla gorilla gorilla] [GeneID=101145627]	GeneID_101145627|PRELP|XP_004028240.1
PRELP	XP_018884557.1	GeneID=101145627	382	excluded	extra_isoform_same_species	XP_018884557.1 PRELP [organism=Gorilla gorilla gorilla] [GeneID=101145627]	GeneID_101145627|PRELP|XP_018884557.1
PRELP	XP_055510966.1	GeneID=129708922	389	kept	representative	XP_055510966.1 prelp [organism=Leucoraja erinaceus] [GeneID=129708922]	GeneID_129708922|PRELP|XP_055510966.1
PRELP	XP_076845320.1	GeneID=143490756	381	kept	representative	XP_076845320.1 prelp [organism=Brachyhypopomus gauderio] [GeneID=143490756]	GeneID_143490756|PRELP|XP_076845320.1
PRELP	XP_076845321.1	GeneID=143490756	381	excluded	extra_isoform_same_species	XP_076845321.1 prelp [organism=Brachyhypopomus gauderio] [GeneID=143490756]	GeneID_143490756|PRELP|XP_076845321.1
PRELP	XP_076845322.1	GeneID=143490756	381	excluded	extra_isoform_same_species	XP_076845322.1 prelp [organism=Brachyhypopomus gauderio] [GeneID=143490756]	GeneID_143490756|PRELP|XP_076845322.1
PRELP	XP_079074003.1	GeneID=306736260	379	kept	representative	XP_079074003.1 prelp [organism=Taurulus bubalis] [GeneID=306736260]	GeneID_306736260|PRELP|XP_079074003.1
PRELP	XP_081049685.1	GeneID=308586683	368	kept	representative	XP_081049685.1 PRELP [organism=Podarcis bocagei] [GeneID=308586683]	GeneID_308586683|PRELP|XP_081049685.1
PRELP	XP_041946561.1	GeneID=121707804	381	kept	representative	XP_041946561.1 LOC121707804 [organism=Alosa sapidissima] [GeneID=121707804]	GeneID_121707804|PRELP|XP_041946561.1
PRELP	XP_053819785.1	GeneID=128799417	371	kept	representative	XP_053819785.1 PRELP [organism=Vidua chalybeata] [GeneID=128799417]	GeneID_128799417|PRELP|XP_053819785.1
PRELP	XP_003973705.1	GeneID=101066673	379	kept	representative	XP_003973705.1 prelp [organism=Takifugu rubripes] [GeneID=101066673]	GeneID_101066673|PRELP|XP_003973705.1
PRELP	XP_011612598.1	GeneID=101066673	379	excluded	extra_isoform_same_species	XP_011612598.1 prelp [organism=Takifugu rubripes] [GeneID=101066673]	GeneID_101066673|PRELP|XP_011612598.1
PRELP	XP_083601389.1	GeneID=310847449	368	kept	representative	XP_083601389.1 PRELP [organism=Podarcis gaigeae] [GeneID=310847449]	GeneID_310847449|PRELP|XP_083601389.1
PRELP	XP_009870601.1	GeneID=104276118	371	kept	representative	XP_009870601.1 PRELP [organism=Apaloderma vittatum] [GeneID=104276118]	GeneID_104276118|PRELP|XP_009870601.1
PRELP	XP_006887950.1	GeneID=102858479	375	kept	representative	XP_006887950.1 PRELP [organism=Elephantulus edwardii] [GeneID=102858479]	GeneID_102858479|PRELP|XP_006887950.1
PRELP	XP_015227905.1	GeneID=107083300	379	kept	representative	XP_015227905.1 prelp [organism=Cyprinodon variegatus] [GeneID=107083300]	GeneID_107083300|PRELP|XP_015227905.1
PRELP	XP_026532652.1	isoform=X1	371	excluded	extra_isoform_same_species	XP_026532652.1 PRELP [organism=Notechis scutatus] [GeneID=113418137] [isoform=X1]	isoform_X1|PRELP|XP_026532652.1
PRELP	XP_026532653.1	isoform=X1	371	excluded	extra_isoform_same_species	XP_026532653.1 PRELP [organism=Notechis scutatus] [GeneID=113418137] [isoform=X1]	isoform_X1|PRELP|XP_026532653.1
PRELP	XP_026532654.1	isoform=X1	371	excluded	extra_isoform_same_species	XP_026532654.1 PRELP [organism=Notechis scutatus] [GeneID=113418137] [isoform=X1]	isoform_X1|PRELP|XP_026532654.1
PRELP	XP_026532655.1	isoform=X2	383	excluded	extra_isoform_same_species	XP_026532655.1 PRELP [organism=Notechis scutatus] [GeneID=113418137] [isoform=X2]	isoform_X2|PRELP|XP_026532655.1
PRELP	XP_021029065.1	GeneID=110302605	378	kept	representative	XP_021029065.1 Prelp [organism=Mus caroli] [GeneID=110302605]	GeneID_110302605|PRELP|XP_021029065.1
PRELP	XP_021029070.1	GeneID=110302605	378	excluded	extra_isoform_same_species	XP_021029070.1 Prelp [organism=Mus caroli] [GeneID=110302605]	GeneID_110302605|PRELP|XP_021029070.1
PRELP	XP_055016593.1	GeneID=110171310	385	kept	representative	XP_055016593.1 prelp [organism=Boleophthalmus pectinirostris] [GeneID=110171310]	GeneID_110171310|PRELP|XP_055016593.1
PRELP	XP_074164969.1	GeneID=141565600	387	kept	representative	XP_074164969.1 PRELP [organism=Sminthopsis crassicaudata] [GeneID=141565600]	GeneID_141565600|PRELP|XP_074164969.1
PRELP	XP_074164970.1	GeneID=141565600	387	excluded	extra_isoform_same_species	XP_074164970.1 PRELP [organism=Sminthopsis crassicaudata] [GeneID=141565600]	GeneID_141565600|PRELP|XP_074164970.1
PRELP	XP_075385199.1	GeneID=142423950	378	kept	representative	XP_075385199.1 PRELP [organism=Tenrec ecaudatus] [GeneID=142423950]	GeneID_142423950|PRELP|XP_075385199.1
PRELP	XP_075385206.1	GeneID=142423950	378	excluded	extra_isoform_same_species	XP_075385206.1 PRELP [organism=Tenrec ecaudatus] [GeneID=142423950]	GeneID_142423950|PRELP|XP_075385206.1
PRELP	XP_075385214.1	GeneID=142423950	378	excluded	extra_isoform_same_species	XP_075385214.1 PRELP [organism=Tenrec ecaudatus] [GeneID=142423950]	GeneID_142423950|PRELP|XP_075385214.1
PRELP	XP_075385222.1	GeneID=142423950	378	excluded	extra_isoform_same_species	XP_075385222.1 PRELP [organism=Tenrec ecaudatus] [GeneID=142423950]	GeneID_142423950|PRELP|XP_075385222.1
PRELP	XP_003893316.1	GeneID=101026140	382	kept	representative	XP_003893316.1 PRELP [organism=Papio anubis] [GeneID=101026140]	GeneID_101026140|PRELP|XP_003893316.1
PRELP	XP_010146401.1	GeneID=104506959	346	kept	representative	XP_010146401.1 PRELP [organism=Eurypyga helias] [GeneID=104506959]	GeneID_104506959|PRELP|XP_010146401.1
PRELP	XP_037680933.1	isoform=X1	381	excluded	extra_isoform_same_species	XP_037680933.1 PRELP [organism=Choloepus didactylus] [GeneID=119526116] [isoform=X1]	isoform_X1|PRELP|XP_037680933.1
PRELP	XP_037680934.1	isoform=X1	381	excluded	extra_isoform_same_species	XP_037680934.1 PRELP [organism=Choloepus didactylus] [GeneID=119526116] [isoform=X1]	isoform_X1|PRELP|XP_037680934.1
PRELP	XP_037680935.1	isoform=X2	323	excluded	extra_isoform_same_species	XP_037680935.1 PRELP [organism=Choloepus didactylus] [GeneID=119526116] [isoform=X2]	isoform_X2|PRELP|XP_037680935.1
PRELP	XP_056886232.1	isoform=X1	484	excluded	extra_isoform_same_species	XP_056886232.1 prelp [organism=Takifugu flavidus] [GeneID=130524270] [isoform=X1]	isoform_X1|PRELP|XP_056886232.1
PRELP	XP_056886233.1	isoform=X2	379	excluded	extra_isoform_same_species	XP_056886233.1 prelp [organism=Takifugu flavidus] [GeneID=130524270] [isoform=X2]	isoform_X2|PRELP|XP_056886233.1
PRELP	XP_072886946.1	GeneID=140717344	401	kept	representative	XP_072886946.1 prelp [organism=Hemitrygon akajei] [GeneID=140717344]	GeneID_140717344|PRELP|XP_072886946.1
PRELP	XP_032865380.1	GeneID=104363729	371	kept	representative	XP_032865380.1 PRELP [organism=Tyto alba] [GeneID=104363729]	GeneID_104363729|PRELP|XP_032865380.1
PRELP	XP_039196334.1	GeneID=120306707	369	kept	representative	XP_039196334.1 PRELP [organism=Crotalus tigris] [GeneID=120306707]	GeneID_120306707|PRELP|XP_039196334.1
PRELP	XP_047377732.1	GeneID=124962438	383	kept	representative	XP_047377732.1 Prelp [organism=Sciurus carolinensis] [GeneID=124962438]	GeneID_124962438|PRELP|XP_047377732.1
PRELP	XP_047377733.1	GeneID=124962438	383	excluded	extra_isoform_same_species	XP_047377733.1 Prelp [organism=Sciurus carolinensis] [GeneID=124962438]	GeneID_124962438|PRELP|XP_047377733.1
PRELP	XP_062067610.1	GeneID=133774003	380	kept	representative	XP_062067610.1 PRELP [organism=Lepus europaeus] [GeneID=133774003]	GeneID_133774003|PRELP|XP_062067610.1
PRELP	XP_003505802.1	GeneID=100765642	377	kept	representative	XP_003505802.1 Prelp [organism=Cricetulus griseus] [GeneID=100765642]	GeneID_100765642|PRELP|XP_003505802.1
PRELP	XP_027273374.1	GeneID=100765642	377	excluded	extra_isoform_same_species	XP_027273374.1 Prelp [organism=Cricetulus griseus] [GeneID=100765642]	GeneID_100765642|PRELP|XP_027273374.1
PRELP	XP_011371348.1	GeneID=105300692	381	kept	representative	XP_011371348.1 PRELP [organism=Pteropus vampyrus] [GeneID=105300692]	GeneID_105300692|PRELP|XP_011371348.1
PRELP	XP_052671482.1	GeneID=128154630	371	kept	representative	XP_052671482.1 PRELP [organism=Harpia harpyja] [GeneID=128154630]	GeneID_128154630|PRELP|XP_052671482.1
PRELP	XP_026202543.1	GeneID=113153235	392	kept	representative	XP_026202543.1 prelp [organism=Anabas testudineus] [GeneID=113153235]	GeneID_113153235|PRELP|XP_026202543.1
PRELP	XP_014728184.1	isoform=X1	378	excluded	extra_isoform_same_species	XP_014728184.1 PRELP [organism=Sturnus vulgaris] [GeneID=106851010] [isoform=X1]	isoform_X1|PRELP|XP_014728184.1
PRELP	XP_014728185.1	isoform=X2	377	excluded	extra_isoform_same_species	XP_014728185.1 PRELP [organism=Sturnus vulgaris] [GeneID=106851010] [isoform=X2]	isoform_X2|PRELP|XP_014728185.1
PRELP	XP_014728186.1	isoform=X3	371	excluded	extra_isoform_same_species	XP_014728186.1 PRELP [organism=Sturnus vulgaris] [GeneID=106851010] [isoform=X3]	isoform_X3|PRELP|XP_014728186.1
PRELP	XP_045839379.1	GeneID=123928315	379	kept	representative	XP_045839379.1 PRELP [organism=Meles meles] [GeneID=123928315]	GeneID_123928315|PRELP|XP_045839379.1
PRELP	XP_045839380.1	GeneID=123928315	379	excluded	extra_isoform_same_species	XP_045839380.1 PRELP [organism=Meles meles] [GeneID=123928315]	GeneID_123928315|PRELP|XP_045839380.1
PRELP	XP_080350783.1	GeneID=308128936	373	kept	representative	XP_080350783.1 prelp [organism=Blennius ocellaris] [GeneID=308128936]	GeneID_308128936|PRELP|XP_080350783.1
PRELP	XP_082469365.1	GeneID=309799743	381	kept	representative	XP_082469365.1 PRELP [organism=Mesoplodon mirus] [GeneID=309799743]	GeneID_309799743|PRELP|XP_082469365.1
PRELP	XP_022600991.1	GeneID=111221737	379	kept	representative	XP_022600991.1 prelp [organism=Seriola dumerili] [GeneID=111221737]	GeneID_111221737|PRELP|XP_022600991.1
PRELP	XP_022600992.1	GeneID=111221737	379	excluded	extra_isoform_same_species	XP_022600992.1 prelp [organism=Seriola dumerili] [GeneID=111221737]	GeneID_111221737|PRELP|XP_022600992.1
PRELP	XP_022600993.1	GeneID=111221737	379	excluded	extra_isoform_same_species	XP_022600993.1 prelp [organism=Seriola dumerili] [GeneID=111221737]	GeneID_111221737|PRELP|XP_022600993.1
PRELP	XP_014873313.1	GeneID=106936687	379	kept	representative	XP_014873313.1 prelp [organism=Poecilia latipinna] [GeneID=106936687]	GeneID_106936687|PRELP|XP_014873313.1
PRELP	XP_014873314.1	GeneID=106936687	379	excluded	extra_isoform_same_species	XP_014873314.1 prelp [organism=Poecilia latipinna] [GeneID=106936687]	GeneID_106936687|PRELP|XP_014873314.1
PRELP	XP_019736759.1	GeneID=109522540	371	kept	representative	XP_019736759.1 prelp [organism=Hippocampus comes] [GeneID=109522540]	GeneID_109522540|PRELP|XP_019736759.1
PRELP	XP_019736760.1	GeneID=109522540	371	excluded	extra_isoform_same_species	XP_019736760.1 prelp [organism=Hippocampus comes] [GeneID=109522540]	GeneID_109522540|PRELP|XP_019736760.1
PRELP	XP_065748505.1	GeneID=136134742	381	kept	representative	XP_065748505.1 PRELP [organism=Phocoena phocoena] [GeneID=136134742]	GeneID_136134742|PRELP|XP_065748505.1
PRELP	XP_084132200.1	GeneID=311201654	371	kept	representative	XP_084132200.1 PRELP [organism=Gallinula chloropus] [GeneID=311201654]	GeneID_311201654|PRELP|XP_084132200.1
PRELP	XP_026336390.1	isoform=X2	379	excluded	extra_isoform_same_species	XP_026336390.1 PRELP [organism=Ursus arctos] [GeneID=113242517] [isoform=X2]	isoform_X2|PRELP|XP_026336390.1
PRELP	XP_026336391.1	isoform=X2	379	excluded	extra_isoform_same_species	XP_026336391.1 PRELP [organism=Ursus arctos] [GeneID=113242517] [isoform=X2]	isoform_X2|PRELP|XP_026336391.1
PRELP	XP_057171180.1	isoform=X1	405	excluded	extra_isoform_same_species	XP_057171180.1 PRELP [organism=Ursus arctos] [GeneID=113242517] [isoform=X1]	isoform_X1|PRELP|XP_057171180.1
PRELP	XP_027300968.2	GeneID=101793613	374	kept	representative	XP_027300968.2 PRELP [organism=Anas platyrhynchos] [GeneID=101793613]	GeneID_101793613|PRELP|XP_027300968.2
PRELP	XP_071884387.1	GeneID=101793613	374	excluded	extra_isoform_same_species	XP_071884387.1 PRELP [organism=Anas platyrhynchos] [GeneID=101793613]	GeneID_101793613|PRELP|XP_071884387.1
PRELP	XP_019505329.1	GeneID=109386521	375	kept	representative	XP_019505329.1 PRELP [organism=Hipposideros armiger] [GeneID=109386521]	GeneID_109386521|PRELP|XP_019505329.1
PRELP	XP_019505330.1	GeneID=109386521	375	excluded	extra_isoform_same_species	XP_019505330.1 PRELP [organism=Hipposideros armiger] [GeneID=109386521]	GeneID_109386521|PRELP|XP_019505330.1
PRELP	XP_019505331.1	GeneID=109386521	375	excluded	extra_isoform_same_species	XP_019505331.1 PRELP [organism=Hipposideros armiger] [GeneID=109386521]	GeneID_109386521|PRELP|XP_019505331.1
PRELP	XP_019505332.1	GeneID=109386521	375	excluded	extra_isoform_same_species	XP_019505332.1 PRELP [organism=Hipposideros armiger] [GeneID=109386521]	GeneID_109386521|PRELP|XP_019505332.1
PRELP	XP_035202923.1	GeneID=118178457	374	kept	representative	XP_035202923.1 PRELP [organism=Oxyura jamaicensis] [GeneID=118178457]	GeneID_118178457|PRELP|XP_035202923.1
PRELP	XP_003999434.1	GeneID=101101284	379	kept	representative	XP_003999434.1 PRELP [organism=Felis catus] [GeneID=101101284]	GeneID_101101284|PRELP|XP_003999434.1
PRELP	XP_006942941.1	GeneID=101101284	379	excluded	extra_isoform_same_species	XP_006942941.1 PRELP [organism=Felis catus] [GeneID=101101284]	GeneID_101101284|PRELP|XP_006942941.1
PRELP	XP_084076861.1	GeneID=311162405	372	kept	representative	XP_084076861.1 PRELP [organism=Fringilla coelebs] [GeneID=311162405]	GeneID_311162405|PRELP|XP_084076861.1
PRELP	XP_006025087.1	GeneID=102382734	368	kept	representative	XP_006025087.1 PRELP [organism=Alligator sinensis] [GeneID=102382734]	GeneID_102382734|PRELP|XP_006025087.1
PRELP	XP_053463026.1	GeneID=128597059	380	kept	representative	XP_053463026.1 PRELP [organism=Nycticebus coucang] [GeneID=128597059]	GeneID_128597059|PRELP|XP_053463026.1
PRELP	XP_054418913.1	GeneID=129062162	379	kept	representative	XP_054418913.1 PRELP [organism=Pteronotus mesoamericanus] [GeneID=129062162]	GeneID_129062162|PRELP|XP_054418913.1
PRELP	XP_054836611.1	GeneID=129330561	368	kept	representative	XP_054836611.1 PRELP [organism=Eublepharis macularius] [GeneID=129330561]	GeneID_129330561|PRELP|XP_054836611.1
PRELP	XP_074833475.1	GeneID=142001800	373	kept	representative	XP_074833475.1 PRELP [organism=Carettochelys insculpta] [GeneID=142001800]	GeneID_142001800|PRELP|XP_074833475.1
PRELP	XP_031704122.1	GeneID=116384008	379	kept	representative	XP_031704122.1 prelp [organism=Anarrhichthys ocellatus] [GeneID=116384008]	GeneID_116384008|PRELP|XP_031704122.1
PRELP	XP_081925423.1	GeneID=309448085	371	kept	representative	XP_081925423.1 PRELP [organism=Streptopelia decaocto] [GeneID=309448085]	GeneID_309448085|PRELP|XP_081925423.1
PRELP	XP_064327982.1	GeneID=104047167	371	kept	representative	XP_064327982.1 PRELP [organism=Phalacrocorax carbo] [GeneID=104047167]	GeneID_104047167|PRELP|XP_064327982.1
PRELP	XP_048682813.1	isoform=X2	371	excluded	extra_isoform_same_species	XP_048682813.1 PRELP [organism=Caretta caretta] [GeneID=125625153] [isoform=X2]	isoform_X2|PRELP|XP_048682813.1
PRELP	XP_074977990.1	isoform=X1	388	excluded	extra_isoform_same_species	XP_074977990.1 PRELP [organism=Caretta caretta] [GeneID=125625153] [isoform=X1]	isoform_X1|PRELP|XP_074977990.1
PRELP	XP_073522671.1	GeneID=141221742	374	kept	representative	XP_073522671.1 PRELP [organism=Phyllobates terribilis] [GeneID=141221742]	GeneID_141221742|PRELP|XP_073522671.1
PRELP	XP_025257464.1	GeneID=112634361	382	kept	representative	XP_025257464.1 PRELP [organism=Theropithecus gelada] [GeneID=112634361]	GeneID_112634361|PRELP|XP_025257464.1
PRELP	XP_032771141.1	GeneID=116911333	377	kept	representative	XP_032771141.1 Prelp [organism=Rattus rattus] [GeneID=116911333]	GeneID_116911333|PRELP|XP_032771141.1
PRELP	XP_041326454.1	GeneID=121355244	371	kept	representative	XP_041326454.1 PRELP [organism=Pyrgilauda ruficollis] [GeneID=121355244]	GeneID_121355244|PRELP|XP_041326454.1
PRELP	XP_056324154.1	GeneID=130237284	378	kept	representative	XP_056324154.1 prelp [organism=Danio aesculapii] [GeneID=130237284]	GeneID_130237284|PRELP|XP_056324154.1
PRELP	XP_056324156.1	GeneID=130237284	378	excluded	extra_isoform_same_species	XP_056324156.1 prelp [organism=Danio aesculapii] [GeneID=130237284]	GeneID_130237284|PRELP|XP_056324156.1
PRELP	XP_067863658.1	isoform=X1	408	excluded	extra_isoform_same_species	XP_067863658.1 prelp [organism=Heptranchias perlo] [GeneID=137344523] [isoform=X1]	isoform_X1|PRELP|XP_067863658.1
PRELP	XP_067863659.1	isoform=X2	390	excluded	extra_isoform_same_species	XP_067863659.1 prelp [organism=Heptranchias perlo] [GeneID=137344523] [isoform=X2]	isoform_X2|PRELP|XP_067863659.1
PRELP	XP_067863660.1	isoform=X2	390	excluded	extra_isoform_same_species	XP_067863660.1 prelp [organism=Heptranchias perlo] [GeneID=137344523] [isoform=X2]	isoform_X2|PRELP|XP_067863660.1
PRELP	XP_026938474.1	GeneID=113607407	381	kept	representative	XP_026938474.1 PRELP [organism=Aethalodelphis obliquidens] [GeneID=113607407]	GeneID_113607407|PRELP|XP_026938474.1
PRELP	XP_034866161.1	isoform=X1	388	excluded	extra_isoform_same_species	XP_034866161.1 PRELP [organism=Mirounga leonina] [GeneID=118014172] [isoform=X1]	isoform_X1|PRELP|XP_034866161.1
PRELP	XP_034866162.1	isoform=X2	377	excluded	extra_isoform_same_species	XP_034866162.1 PRELP [organism=Mirounga leonina] [GeneID=118014172] [isoform=X2]	isoform_X2|PRELP|XP_034866162.1
PRELP	XP_034866163.1	isoform=X2	377	excluded	extra_isoform_same_species	XP_034866163.1 PRELP [organism=Mirounga leonina] [GeneID=118014172] [isoform=X2]	isoform_X2|PRELP|XP_034866163.1
PRELP	XP_074791958.1	GeneID=141975477	371	kept	representative	XP_074791958.1 PRELP [organism=Natator depressus] [GeneID=141975477]	GeneID_141975477|PRELP|XP_074791958.1
PRELP	NP_776859.1	GeneID=282000	381	kept	representative	NP_776859.1 PRELP [organism=Bos taurus] [GeneID=282000]	GeneID_282000|PRELP|NP_776859.1
PRELP	XP_005216708.2	isoform=X1	381	excluded	extra_isoform_same_species	XP_005216708.2 PRELP [organism=Bos taurus] [GeneID=282000] [isoform=X1]	isoform_X1|PRELP|XP_005216708.2
PRELP	XP_067585471.1	GeneID=137219971	381	kept	representative	XP_067585471.1 PRELP [organism=Pseudorca crassidens] [GeneID=137219971]	GeneID_137219971|PRELP|XP_067585471.1
PRELP	XP_068450473.1	GeneID=137796439	386	kept	representative	XP_068450473.1 prelp [organism=Clinocottus analis] [GeneID=137796439]	GeneID_137796439|PRELP|XP_068450473.1
PRELP	XP_066482529.1	GeneID=136649652	368	kept	representative	XP_066482529.1 PRELP [organism=Tiliqua scincoides] [GeneID=136649652]	GeneID_136649652|PRELP|XP_066482529.1
PRELP	XP_066482530.1	GeneID=136649652	368	excluded	extra_isoform_same_species	XP_066482530.1 PRELP [organism=Tiliqua scincoides] [GeneID=136649652]	GeneID_136649652|PRELP|XP_066482530.1
PRELP	XP_051957069.1	GeneID=127625742	378	kept	representative	XP_051957069.1 prelp [organism=Xyrauchen texanus] [GeneID=127625742]	GeneID_127625742|PRELP|XP_051957069.1
PRELP	XP_038553550.1	GeneID=119886711	379	kept	representative	XP_038553550.1 LOC119886711 [organism=Micropterus salmoides] [GeneID=119886711]	GeneID_119886711|PRELP|XP_038553550.1
PRELP	XP_061869760.1	GeneID=104555286	371	kept	representative	XP_061869760.1 PRELP [organism=Colius striatus] [GeneID=104555286]	GeneID_104555286|PRELP|XP_061869760.1
PRELP	XP_081351164.1	GeneID=145507717	380	kept	representative	XP_081351164.1 PRELP [organism=Giraffa tippelskirchi] [GeneID=145507717]	GeneID_145507717|PRELP|XP_081351164.1
PRELP	XP_007065190.2	GeneID=102938557	371	kept	representative	XP_007065190.2 PRELP [organism=Chelonia mydas] [GeneID=102938557]	GeneID_102938557|PRELP|XP_007065190.2
PRELP	XP_053249136.1	GeneID=128416079	368	kept	representative	XP_053249136.1 PRELP [organism=Podarcis raffonei] [GeneID=128416079]	GeneID_128416079|PRELP|XP_053249136.1
PRELP	XP_053249138.1	GeneID=128416079	368	excluded	extra_isoform_same_species	XP_053249138.1 PRELP [organism=Podarcis raffonei] [GeneID=128416079]	GeneID_128416079|PRELP|XP_053249138.1
PRELP	XP_072522476.1	GeneID=140543308	380	kept	representative	XP_072522476.1 prelp [organism=Salminus brasiliensis] [GeneID=140543308]	GeneID_140543308|PRELP|XP_072522476.1
PRELP	XP_074781774.1	GeneID=141969659	371	kept	representative	XP_074781774.1 PRELP [organism=Athene noctua] [GeneID=141969659]	GeneID_141969659|PRELP|XP_074781774.1
PRELP	XP_004069191.1	GeneID=101157126	379	kept	representative	XP_004069191.1 prelp [organism=Oryzias latipes] [GeneID=101157126]	GeneID_101157126|PRELP|XP_004069191.1
PRELP	XP_011473817.1	GeneID=101157126	379	excluded	extra_isoform_same_species	XP_011473817.1 prelp [organism=Oryzias latipes] [GeneID=101157126]	GeneID_101157126|PRELP|XP_011473817.1
PRELP	XP_075844126.1	GeneID=142858570	380	kept	representative	XP_075844126.1 Prelp [organism=Microtus pennsylvanicus] [GeneID=142858570]	GeneID_142858570|PRELP|XP_075844126.1
PRELP	XP_075844127.1	GeneID=142858570	380	excluded	extra_isoform_same_species	XP_075844127.1 Prelp [organism=Microtus pennsylvanicus] [GeneID=142858570]	GeneID_142858570|PRELP|XP_075844127.1
PRELP	XP_075844128.1	GeneID=142858570	380	excluded	extra_isoform_same_species	XP_075844128.1 Prelp [organism=Microtus pennsylvanicus] [GeneID=142858570]	GeneID_142858570|PRELP|XP_075844128.1
PRELP	XP_022364379.1	GeneID=111150991	379	kept	representative	XP_022364379.1 PRELP [organism=Enhydra lutris kenyoni] [GeneID=111150991]	GeneID_111150991|PRELP|XP_022364379.1
PRELP	XP_022364380.1	GeneID=111150991	379	excluded	extra_isoform_same_species	XP_022364380.1 PRELP [organism=Enhydra lutris kenyoni] [GeneID=111150991]	GeneID_111150991|PRELP|XP_022364380.1
PRELP	XP_085312474.1	isoform=X1	379	excluded	extra_isoform_same_species	XP_085312474.1 prelp [organism=Copadichromis virginalis] [GeneID=146709436] [isoform=X1]	isoform_X1|PRELP|XP_085312474.1
PRELP	XP_085312475.1	isoform=X2	401	excluded	extra_isoform_same_species	XP_085312475.1 prelp [organism=Copadichromis virginalis] [GeneID=146709436] [isoform=X2]	isoform_X2|PRELP|XP_085312475.1
PRELP	XP_041812513.1	GeneID=121620513	379	kept	representative	XP_041812513.1 LOC121620513 [organism=Chelmon rostratus] [GeneID=121620513]	GeneID_121620513|PRELP|XP_041812513.1
PRELP	XP_004578800.1	GeneID=101520398	380	kept	representative	XP_004578800.1 PRELP [organism=Ochotona princeps] [GeneID=101520398]	GeneID_101520398|PRELP|XP_004578800.1
PRELP	XP_005739715.1	GeneID=102215469	363	kept	representative	XP_005739715.1 prelp [organism=Pundamilia nyererei] [GeneID=102215469]	GeneID_102215469|PRELP|XP_005739715.1
PRELP	XP_072336060.1	GeneID=140393672	393	kept	representative	XP_072336060.1 prelp [organism=Scyliorhinus torazame] [GeneID=140393672]	GeneID_140393672|PRELP|XP_072336060.1
PRELP	XP_060714375.1	GeneID=132838190	371	kept	representative	XP_060714375.1 prelp [organism=Tachysurus vachellii] [GeneID=132838190]	GeneID_132838190|PRELP|XP_060714375.1
PRELP	XP_032144702.1	GeneID=116558738	382	kept	representative	XP_032144702.1 PRELP [organism=Sapajus apella] [GeneID=116558738]	GeneID_116558738|PRELP|XP_032144702.1
PRELP	XP_032144703.1	GeneID=116558738	382	excluded	extra_isoform_same_species	XP_032144703.1 PRELP [organism=Sapajus apella] [GeneID=116558738]	GeneID_116558738|PRELP|XP_032144703.1
PRELP	XP_050003723.1	isoform=X1	457	excluded	extra_isoform_same_species	XP_050003723.1 Prelp [organism=Alexandromys fortis] [GeneID=126505061] [isoform=X1]	isoform_X1|PRELP|XP_050003723.1
PRELP	XP_050003724.1	isoform=X2	381	excluded	extra_isoform_same_species	XP_050003724.1 Prelp [organism=Alexandromys fortis] [GeneID=126505061] [isoform=X2]	isoform_X2|PRELP|XP_050003724.1
PRELP	XP_050003726.1	isoform=X2	381	excluded	extra_isoform_same_species	XP_050003726.1 Prelp [organism=Alexandromys fortis] [GeneID=126505061] [isoform=X2]	isoform_X2|PRELP|XP_050003726.1
PRELP	XP_039655005.1	GeneID=120558150	379	kept	representative	XP_039655005.1 LOC120558150 [organism=Perca fluviatilis] [GeneID=120558150]	GeneID_120558150|PRELP|XP_039655005.1
PRELP	XP_079197985.1	GeneID=306822690	379	kept	representative	XP_079197985.1 prelp [organism=Symphodus melops] [GeneID=306822690]	GeneID_306822690|PRELP|XP_079197985.1
PRELP	XP_081255229.1	isoform=1	371	excluded	extra_isoform_same_species	XP_081255229.1 PRELP [organism=Grus grus] [GeneID=308709566] [isoform=1]	isoform_1|PRELP|XP_081255229.1
PRELP	XP_081255230.1	isoform=1	371	excluded	extra_isoform_same_species	XP_081255230.1 PRELP [organism=Grus grus] [GeneID=308709566] [isoform=1]	isoform_1|PRELP|XP_081255230.1
PRELP	XP_015339358.1	GeneID=107140698	383	kept	representative	XP_015339358.1 Prelp [organism=Marmota marmota marmota] [GeneID=107140698]	GeneID_107140698|PRELP|XP_015339358.1
PRELP	XP_015339361.1	GeneID=107140698	383	excluded	extra_isoform_same_species	XP_015339361.1 Prelp [organism=Marmota marmota marmota] [GeneID=107140698]	GeneID_107140698|PRELP|XP_015339361.1
PRELP	XP_048028410.1	GeneID=125256442	380	kept	representative	XP_048028410.1 LOC125256442 [organism=Megalobrama amblycephala] [GeneID=125256442]	GeneID_125256442|PRELP|XP_048028410.1
PRELP	XP_054473295.1	GeneID=129106020	389	kept	representative	XP_054473295.1 prelp [organism=Anoplopoma fimbria] [GeneID=129106020]	GeneID_129106020|PRELP|XP_054473295.1
PRELP	XP_031989025.1	GeneID=116455357	371	kept	representative	XP_031989025.1 PRELP [organism=Corvus moneduloides] [GeneID=116455357]	GeneID_116455357|PRELP|XP_031989025.1
PRELP	XP_081214650.1	GeneID=308686135	380	kept	representative	XP_081214650.1 prelp [organism=Scardinius erythrophthalmus] [GeneID=308686135]	GeneID_308686135|PRELP|XP_081214650.1
PRELP	XP_013987775.1	isoform=X1	380	excluded	extra_isoform_same_species	XP_013987775.1 prelp [organism=Salmo salar] [GeneID=106565326] [isoform=X1]	isoform_X1|PRELP|XP_013987775.1
PRELP	XP_045547472.1	isoform=X2	399	excluded	extra_isoform_same_species	XP_045547472.1 prelp [organism=Salmo salar] [GeneID=106565326] [isoform=X2]	isoform_X2|PRELP|XP_045547472.1
PRELP	XP_018542248.1	GeneID=108890000	380	kept	representative	XP_018542248.1 prelp [organism=Lates calcarifer] [GeneID=108890000]	GeneID_108890000|PRELP|XP_018542248.1
PRELP	XP_084562497.1	GeneID=146272692	381	kept	representative	XP_084562497.1 prelp [organism=Hypomesus nipponensis] [GeneID=146272692]	GeneID_146272692|PRELP|XP_084562497.1
PRELP	XP_020448631.1	GeneID=109956107	381	kept	representative	XP_020448631.1 prelp [organism=Monopterus albus] [GeneID=109956107]	GeneID_109956107|PRELP|XP_020448631.1
PRELP	XP_025908945.1	GeneID=112959191	371	kept	representative	XP_025908945.1 PRELP [organism=Nothoprocta perdicaria] [GeneID=112959191]	GeneID_112959191|PRELP|XP_025908945.1
PRELP	XP_072504249.1	GeneID=140529458	387	kept	representative	XP_072504249.1 PRELP [organism=Notamacropus eugenii] [GeneID=140529458]	GeneID_140529458|PRELP|XP_072504249.1
PRELP	XP_080099396.1	isoform=X1	418	excluded	extra_isoform_same_species	XP_080099396.1 prelp [organism=Raja brachyura] [GeneID=145379229] [isoform=X1]	isoform_X1|PRELP|XP_080099396.1
PRELP	XP_080099397.1	isoform=X2	389	excluded	extra_isoform_same_species	XP_080099397.1 prelp [organism=Raja brachyura] [GeneID=145379229] [isoform=X2]	isoform_X2|PRELP|XP_080099397.1
PRELP	XP_080099398.1	isoform=X2	389	excluded	extra_isoform_same_species	XP_080099398.1 prelp [organism=Raja brachyura] [GeneID=145379229] [isoform=X2]	isoform_X2|PRELP|XP_080099398.1
PRELP	XP_061488229.1	GeneID=133387452	368	kept	representative	XP_061488229.1 PRELP [organism=Rhineura floridana] [GeneID=133387452]	GeneID_133387452|PRELP|XP_061488229.1
PRELP	XP_061778575.1	GeneID=133569994	374	kept	representative	XP_061778575.1 prelp [organism=Nerophis ophidion] [GeneID=133569994]	GeneID_133569994|PRELP|XP_061778575.1
PRELP	XP_008318393.2	isoform=X1	443	excluded	extra_isoform_same_species	XP_008318393.2 prelp [organism=Cynoglossus semilaevis] [GeneID=103386070] [isoform=X1]	isoform_X1|PRELP|XP_008318393.2
PRELP	XP_024916017.1	isoform=X2	391	excluded	extra_isoform_same_species	XP_024916017.1 prelp [organism=Cynoglossus semilaevis] [GeneID=103386070] [isoform=X2]	isoform_X2|PRELP|XP_024916017.1
PRELP	XP_005447119.2	GeneID=102045892	371	kept	representative	XP_005447119.2 PRELP [organism=Falco cherrug] [GeneID=102045892]	GeneID_102045892|PRELP|XP_005447119.2
PRELP	XP_065505768.1	GeneID=135997207	371	kept	representative	XP_065505768.1 PRELP [organism=Caloenas nicobarica] [GeneID=135997207]	GeneID_135997207|PRELP|XP_065505768.1
PRELP	XP_083957478.1	GeneID=311074628	380	kept	representative	XP_083957478.1 prelp [organism=Abramis brama] [GeneID=311074628]	GeneID_311074628|PRELP|XP_083957478.1
PRELP	XP_061584606.1	GeneID=133449469	378	kept	representative	XP_061584606.1 prelp [organism=Cololabis saira] [GeneID=133449469]	GeneID_133449469|PRELP|XP_061584606.1
PRELP	XP_051890938.1	GeneID=127580970	389	kept	representative	XP_051890938.1 prelp [organism=Pristis pectinata] [GeneID=127580970]	GeneID_127580970|PRELP|XP_051890938.1
PRELP	XP_051890939.1	GeneID=127580970	389	excluded	extra_isoform_same_species	XP_051890939.1 prelp [organism=Pristis pectinata] [GeneID=127580970]	GeneID_127580970|PRELP|XP_051890939.1
PRELP	XP_051890940.1	GeneID=127580970	389	excluded	extra_isoform_same_species	XP_051890940.1 prelp [organism=Pristis pectinata] [GeneID=127580970]	GeneID_127580970|PRELP|XP_051890940.1
PRELP	XP_012314842.1	GeneID=105722154	382	kept	representative	XP_012314842.1 PRELP [organism=Aotus nancymaae] [GeneID=105722154]	GeneID_105722154|PRELP|XP_012314842.1
PRELP	XP_012314843.1	GeneID=105722154	382	excluded	extra_isoform_same_species	XP_012314843.1 PRELP [organism=Aotus nancymaae] [GeneID=105722154]	GeneID_105722154|PRELP|XP_012314843.1
PRELP	XP_012314844.1	GeneID=105722154	382	excluded	extra_isoform_same_species	XP_012314844.1 PRELP [organism=Aotus nancymaae] [GeneID=105722154]	GeneID_105722154|PRELP|XP_012314844.1
PRELP	XP_012314845.1	GeneID=105722154	382	excluded	extra_isoform_same_species	XP_012314845.1 PRELP [organism=Aotus nancymaae] [GeneID=105722154]	GeneID_105722154|PRELP|XP_012314845.1
PRELP	XP_053310374.1	GeneID=128472514	373	kept	representative	XP_053310374.1 PRELP [organism=Spea bombifrons] [GeneID=128472514]	GeneID_128472514|PRELP|XP_053310374.1
PRELP	XP_053310375.1	GeneID=128472514	373	excluded	extra_isoform_same_species	XP_053310375.1 PRELP [organism=Spea bombifrons] [GeneID=128472514]	GeneID_128472514|PRELP|XP_053310375.1
PRELP	XP_085016438.1	GeneID=146518732	379	kept	representative	XP_085016438.1 prelp [organism=Neolamprologus multifasciatus] [GeneID=146518732]	GeneID_146518732|PRELP|XP_085016438.1
PRELP	XP_040318263.1	GeneID=121021709	379	kept	representative	XP_040318263.1 PRELP [organism=Herpailurus yagouaroundi] [GeneID=121021709]	GeneID_121021709|PRELP|XP_040318263.1
PRELP	XP_040318264.1	GeneID=121021709	379	excluded	extra_isoform_same_species	XP_040318264.1 PRELP [organism=Herpailurus yagouaroundi] [GeneID=121021709]	GeneID_121021709|PRELP|XP_040318264.1
PRELP	XP_056462693.1	GeneID=130402517	378	kept	representative	XP_056462693.1 prelp [organism=Gadus chalcogrammus] [GeneID=130402517]	GeneID_130402517|PRELP|XP_056462693.1
PRELP	XP_061147712.1	GeneID=133162511	373	kept	representative	XP_061147712.1 prelp [organism=Syngnathus typhle] [GeneID=133162511]	GeneID_133162511|PRELP|XP_061147712.1
PRELP	XP_026024078.1	isoform=X1	401	excluded	extra_isoform_same_species	XP_026024078.1 prelp [organism=Astatotilapia calliptera] [GeneID=113022663] [isoform=X1]	isoform_X1|PRELP|XP_026024078.1
PRELP	XP_026024079.1	isoform=X2	379	excluded	extra_isoform_same_species	XP_026024079.1 prelp [organism=Astatotilapia calliptera] [GeneID=113022663] [isoform=X2]	isoform_X2|PRELP|XP_026024079.1
PRELP	XP_014923311.1	GeneID=106971035	379	kept	representative	XP_014923311.1 PRELP [organism=Acinonyx jubatus] [GeneID=106971035]	GeneID_106971035|PRELP|XP_014923311.1
PRELP	XP_014923382.1	GeneID=106971035	379	excluded	extra_isoform_same_species	XP_014923382.1 PRELP [organism=Acinonyx jubatus] [GeneID=106971035]	GeneID_106971035|PRELP|XP_014923382.1
PRELP	XP_053065084.1	GeneID=106971035	379	excluded	extra_isoform_same_species	XP_053065084.1 PRELP [organism=Acinonyx jubatus] [GeneID=106971035]	GeneID_106971035|PRELP|XP_053065084.1
PRELP	XP_077151544.1	isoform=X1	374	excluded	extra_isoform_same_species	XP_077151544.1 PRELP [organism=Ranitomeya variabilis] [GeneID=143815813] [isoform=X1]	isoform_X1|PRELP|XP_077151544.1
PRELP	XP_077151545.1	isoform=X2	341	excluded	extra_isoform_same_species	XP_077151545.1 PRELP [organism=Ranitomeya variabilis] [GeneID=143815813] [isoform=X2]	isoform_X2|PRELP|XP_077151545.1
PRELP	XP_077151547.1	isoform=X3	327	excluded	extra_isoform_same_species	XP_077151547.1 PRELP [organism=Ranitomeya variabilis] [GeneID=143815813] [isoform=X3]	isoform_X3|PRELP|XP_077151547.1
PRELP	XP_035417497.1	GeneID=118255426	374	kept	representative	XP_035417497.1 PRELP [organism=Cygnus atratus] [GeneID=118255426]	GeneID_118255426|PRELP|XP_035417497.1
PRELP	XP_035417498.1	GeneID=118255426	374	excluded	extra_isoform_same_species	XP_035417498.1 PRELP [organism=Cygnus atratus] [GeneID=118255426]	GeneID_118255426|PRELP|XP_035417498.1
PRELP	XP_038604975.1	GeneID=119930567	379	kept	representative	XP_038604975.1 PRELP [organism=Tachyglossus aculeatus] [GeneID=119930567]	GeneID_119930567|PRELP|XP_038604975.1
PRELP	XP_068576507.1	GeneID=137879585	379	kept	representative	XP_068576507.1 prelp [organism=Cebidichthys violaceus] [GeneID=137879585]	GeneID_137879585|PRELP|XP_068576507.1
PRELP	XP_006261286.2	GeneID=102566360	368	kept	representative	XP_006261286.2 PRELP [organism=Alligator mississippiensis] [GeneID=102566360]	GeneID_102566360|PRELP|XP_006261286.2
PRELP	XP_069798303.1	GeneID=138765223	390	kept	representative	XP_069798303.1 prelp [organism=Narcine bancroftii] [GeneID=138765223]	GeneID_138765223|PRELP|XP_069798303.1
PRELP	XP_084296974.1	GeneID=311311187	384	kept	representative	XP_084296974.1 prelp [organism=Borostomias antarcticus] [GeneID=311311187]	GeneID_311311187|PRELP|XP_084296974.1
PRELP	XP_003410289.1	GeneID=100655729	383	kept	representative	XP_003410289.1 PRELP [organism=Loxodonta africana] [GeneID=100655729]	GeneID_100655729|PRELP|XP_003410289.1
PRELP	XP_027550981.1	GeneID=113973278	371	kept	representative	XP_027550981.1 PRELP [organism=Neopelma chrysocephalum] [GeneID=113973278]	GeneID_113973278|PRELP|XP_027550981.1
PRELP	XP_027550982.1	GeneID=113973278	371	excluded	extra_isoform_same_species	XP_027550982.1 PRELP [organism=Neopelma chrysocephalum] [GeneID=113973278]	GeneID_113973278|PRELP|XP_027550982.1
PRELP	XP_036610106.1	GeneID=118846047	387	kept	representative	XP_036610106.1 PRELP [organism=Trichosurus vulpecula] [GeneID=118846047]	GeneID_118846047|PRELP|XP_036610106.1
PRELP	XP_007897684.1	GeneID=103182464	378	kept	representative	XP_007897684.1 LOC103182464 [organism=Callorhinchus milii] [GeneID=103182464]	GeneID_103182464|PRELP|XP_007897684.1
PRELP	XP_007897685.1	GeneID=103182464	378	excluded	extra_isoform_same_species	XP_007897685.1 LOC103182464 [organism=Callorhinchus milii] [GeneID=103182464]	GeneID_103182464|PRELP|XP_007897685.1
PRELP	XP_042198145.1	GeneID=103182464	378	excluded	extra_isoform_same_species	XP_042198145.1 LOC103182464 [organism=Callorhinchus milii] [GeneID=103182464]	GeneID_103182464|PRELP|XP_042198145.1
PRELP	XP_055437659.1	GeneID=129652750	381	kept	representative	XP_055437659.1 PRELP [organism=Bubalus kerabau] [GeneID=129652750]	GeneID_129652750|PRELP|XP_055437659.1
PRELP	XP_086804973.1	GeneID=147667209	375	kept	representative	XP_086804973.1 PRELP [organism=Lissotriton vulgaris] [GeneID=147667209]	GeneID_147667209|PRELP|XP_086804973.1
PRELP	NP_473418.3	GeneID=116847	378	kept	representative	NP_473418.3 Prelp [organism=Mus musculus] [GeneID=116847]	GeneID_116847|PRELP|NP_473418.3
PRELP	XP_006529147.1	isoform=X1	378	excluded	extra_isoform_same_species	XP_006529147.1 Prelp [organism=Mus musculus] [GeneID=116847] [isoform=X1]	isoform_X1|PRELP|XP_006529147.1
PRELP	XP_010377112.1	GeneID=104674483	382	kept	representative	XP_010377112.1 PRELP [organism=Rhinopithecus roxellana] [GeneID=104674483]	GeneID_104674483|PRELP|XP_010377112.1
PRELP	XP_023042759.1	GeneID=111522783	382	kept	representative	XP_023042759.1 PRELP [organism=Piliocolobus tephrosceles] [GeneID=111522783]	GeneID_111522783|PRELP|XP_023042759.1
PRELP	XP_023042760.1	GeneID=111522783	382	excluded	extra_isoform_same_species	XP_023042760.1 PRELP [organism=Piliocolobus tephrosceles] [GeneID=111522783]	GeneID_111522783|PRELP|XP_023042760.1
PRELP	XP_040391617.1	GeneID=121059197	374	kept	representative	XP_040391617.1 PRELP [organism=Cygnus olor] [GeneID=121059197]	GeneID_121059197|PRELP|XP_040391617.1
PRELP	XP_040391618.1	GeneID=121059197	374	excluded	extra_isoform_same_species	XP_040391618.1 PRELP [organism=Cygnus olor] [GeneID=121059197]	GeneID_121059197|PRELP|XP_040391618.1
PRELP	XP_045732948.1	isoform=X2	377	excluded	extra_isoform_same_species	XP_045732948.1 PRELP [organism=Mirounga angustirostris] [GeneID=123845998] [isoform=X2]	isoform_X2|PRELP|XP_045732948.1
PRELP	XP_054363918.1	isoform=X2	377	excluded	extra_isoform_same_species	XP_054363918.1 PRELP [organism=Mirounga angustirostris] [GeneID=123845998] [isoform=X2]	isoform_X2|PRELP|XP_054363918.1
PRELP	XP_064450043.1	isoform=X1	388	excluded	extra_isoform_same_species	XP_064450043.1 PRELP [organism=Mirounga angustirostris] [GeneID=123845998] [isoform=X1]	isoform_X1|PRELP|XP_064450043.1
PRELP	XP_062324201.1	GeneID=134025284	381	kept	representative	XP_062324201.1 prelp [organism=Osmerus eperlanus] [GeneID=134025284]	GeneID_134025284|PRELP|XP_062324201.1
PRELP	XP_069489181.1	GeneID=138520781	372	kept	representative	XP_069489181.1 PRELP [organism=Ambystoma mexicanum] [GeneID=138520781]	GeneID_138520781|PRELP|XP_069489181.1
PRELP	XP_069489182.1	GeneID=138520781	372	excluded	extra_isoform_same_species	XP_069489182.1 PRELP [organism=Ambystoma mexicanum] [GeneID=138520781]	GeneID_138520781|PRELP|XP_069489182.1
PRELP	XP_069489183.1	GeneID=138520781	372	excluded	extra_isoform_same_species	XP_069489183.1 PRELP [organism=Ambystoma mexicanum] [GeneID=138520781]	GeneID_138520781|PRELP|XP_069489183.1
PRELP	XP_004282534.1	GeneID=101287182	381	kept	representative	XP_004282534.1 PRELP [organism=Orcinus orca] [GeneID=101287182]	GeneID_101287182|PRELP|XP_004282534.1
PRELP	XP_086024963.1	GeneID=147222505	378	kept	representative	XP_086024963.1 prelp [organism=Fistularia commersonii] [GeneID=147222505]	GeneID_147222505|PRELP|XP_086024963.1
PRELP	XP_006922943.1	GeneID=102879197	379	kept	representative	XP_006922943.1 PRELP [organism=Pteropus alecto] [GeneID=102879197]	GeneID_102879197|PRELP|XP_006922943.1
PRELP	XP_039941808.1	GeneID=120762941	369	kept	representative	XP_039941808.1 PRELP [organism=Hirundo rustica] [GeneID=120762941]	GeneID_120762941|PRELP|XP_039941808.1
PRELP	XP_061688350.1	GeneID=133507405	373	kept	representative	XP_061688350.1 prelp [organism=Syngnathoides biaculeatus] [GeneID=133507405]	GeneID_133507405|PRELP|XP_061688350.1
PRELP	XP_059795438.1	GeneID=132374943	381	kept	representative	XP_059795438.1 PRELP [organism=Balaenoptera ricei] [GeneID=132374943]	GeneID_132374943|PRELP|XP_059795438.1
PRELP	XP_072700698.1	GeneID=140643137	371	kept	representative	XP_072700698.1 PRELP [organism=Ciconia boyciana] [GeneID=140643137]	GeneID_140643137|PRELP|XP_072700698.1
PRELP	XP_009976475.1	GeneID=104372484	371	kept	representative	XP_009976475.1 PRELP [organism=Tauraco erythrolophus] [GeneID=104372484]	GeneID_104372484|PRELP|XP_009976475.1
PRELP	XP_042538124.1	GeneID=122109660	378	kept	representative	XP_042538124.1 Prelp [organism=Dipodomys spectabilis] [GeneID=122109660]	GeneID_122109660|PRELP|XP_042538124.1
PRELP	XP_085944199.1	GeneID=147167061	375	kept	representative	XP_085944199.1 prelp [organism=Leptonotus elevatus] [GeneID=147167061]	GeneID_147167061|PRELP|XP_085944199.1
PRELP	XP_023797855.1	GeneID=111939743	371	kept	representative	XP_023797855.1 PRELP [organism=Cyanistes caeruleus] [GeneID=111939743]	GeneID_111939743|PRELP|XP_023797855.1
PRELP	XP_076729272.1	GeneID=143412270	383	kept	representative	XP_076729272.1 Prelp [organism=Callospermophilus lateralis] [GeneID=143412270]	GeneID_143412270|PRELP|XP_076729272.1
PRELP	XP_079012600.1	GeneID=306693830	379	kept	representative	XP_079012600.1 prelp [organism=Pholis gunnellus] [GeneID=306693830]	GeneID_306693830|PRELP|XP_079012600.1
PRELP	XP_083796059.1	isoform=1	379	excluded	extra_isoform_same_species	XP_083796059.1 prelp [organism=Echiichthys vipera] [GeneID=310966115] [isoform=1]	isoform_1|PRELP|XP_083796059.1
PRELP	XP_083796060.1	isoform=1	379	excluded	extra_isoform_same_species	XP_083796060.1 prelp [organism=Echiichthys vipera] [GeneID=310966115] [isoform=1]	isoform_1|PRELP|XP_083796060.1
PRELP	XP_036765500.1	GeneID=118924650	381	kept	representative	XP_036765500.1 PRELP [organism=Manis pentadactyla] [GeneID=118924650]	GeneID_118924650|PRELP|XP_036765500.1
PRELP	XP_075052141.1	GeneID=142138926	374	kept	representative	XP_075052141.1 PRELP [organism=Mixophyes fleayi] [GeneID=142138926]	GeneID_142138926|PRELP|XP_075052141.1
PRELP	XP_075052142.1	GeneID=142138926	374	excluded	extra_isoform_same_species	XP_075052142.1 PRELP [organism=Mixophyes fleayi] [GeneID=142138926]	GeneID_142138926|PRELP|XP_075052142.1
PRELP	XP_075052143.1	GeneID=142138926	374	excluded	extra_isoform_same_species	XP_075052143.1 PRELP [organism=Mixophyes fleayi] [GeneID=142138926]	GeneID_142138926|PRELP|XP_075052143.1
PRELP	XP_080976652.1	isoform=1	379	excluded	extra_isoform_same_species	XP_080976652.1 PRELP [organism=Miniopterus schreibersii] [GeneID=308548666] [isoform=1]	isoform_1|PRELP|XP_080976652.1
PRELP	XP_080976653.1	isoform=1	379	excluded	extra_isoform_same_species	XP_080976653.1 PRELP [organism=Miniopterus schreibersii] [GeneID=308548666] [isoform=1]	isoform_1|PRELP|XP_080976653.1
PRELP	XP_080976654.1	isoform=1	379	excluded	extra_isoform_same_species	XP_080976654.1 PRELP [organism=Miniopterus schreibersii] [GeneID=308548666] [isoform=1]	isoform_1|PRELP|XP_080976654.1
PRELP	XP_080976655.1	isoform=1	379	excluded	extra_isoform_same_species	XP_080976655.1 PRELP [organism=Miniopterus schreibersii] [GeneID=308548666] [isoform=1]	isoform_1|PRELP|XP_080976655.1
PRELP	XP_080976656.1	isoform=1	379	excluded	extra_isoform_same_species	XP_080976656.1 PRELP [organism=Miniopterus schreibersii] [GeneID=308548666] [isoform=1]	isoform_1|PRELP|XP_080976656.1
PRELP	XP_080976657.1	isoform=1	379	excluded	extra_isoform_same_species	XP_080976657.1 PRELP [organism=Miniopterus schreibersii] [GeneID=308548666] [isoform=1]	isoform_1|PRELP|XP_080976657.1
PRELP	XP_084938956.1	GeneID=146427025	371	kept	representative	XP_084938956.1 PRELP [organism=Lichenostomus cassidix] [GeneID=146427025]	GeneID_146427025|PRELP|XP_084938956.1
PRELP	XP_067443816.1	GeneID=137181759	379	kept	representative	XP_067443816.1 prelp [organism=Thunnus thynnus] [GeneID=137181759]	GeneID_137181759|PRELP|XP_067443816.1
PRELP	XP_068851962.1	GeneID=138098934	371	kept	representative	XP_068851962.1 PRELP [organism=Aphelocoma coerulescens] [GeneID=138098934]	GeneID_138098934|PRELP|XP_068851962.1
PRELP	XP_072238540.1	isoform=X1	382	excluded	extra_isoform_same_species	XP_072238540.1 prelp [organism=Leuresthes tenuis] [GeneID=140303615] [isoform=X1]	isoform_X1|PRELP|XP_072238540.1
PRELP	XP_072238541.1	isoform=X2	376	excluded	extra_isoform_same_species	XP_072238541.1 prelp [organism=Leuresthes tenuis] [GeneID=140303615] [isoform=X2]	isoform_X2|PRELP|XP_072238541.1
PRELP	XP_001518615.1	GeneID=100089117	379	kept	representative	XP_001518615.1 PRELP [organism=Ornithorhynchus anatinus] [GeneID=100089117]	GeneID_100089117|PRELP|XP_001518615.1
PRELP	XP_061910938.1	GeneID=133655048	373	kept	representative	XP_061910938.1 prelp [organism=Entelurus aequoreus] [GeneID=133655048]	GeneID_133655048|PRELP|XP_061910938.1
PRELP	XP_006772062.1	GeneID=102765243	372	kept	representative	XP_006772062.1 PRELP [organism=Myotis davidii] [GeneID=102765243]	GeneID_102765243|PRELP|XP_006772062.1
PRELP	XP_006772063.1	GeneID=102765243	372	excluded	extra_isoform_same_species	XP_006772063.1 PRELP [organism=Myotis davidii] [GeneID=102765243]	GeneID_102765243|PRELP|XP_006772063.1
PRELP	XP_062271919.1	GeneID=133977686	378	kept	representative	XP_062271919.1 prelp [organism=Scomber scombrus] [GeneID=133977686]	GeneID_133977686|PRELP|XP_062271919.1
PRELP	XP_062271920.1	GeneID=133977686	378	excluded	extra_isoform_same_species	XP_062271920.1 prelp [organism=Scomber scombrus] [GeneID=133977686]	GeneID_133977686|PRELP|XP_062271920.1
PRELP	XP_069897877.1	GeneID=138841159	378	kept	representative	XP_069897877.1 Prelp [organism=Dipodomys merriami] [GeneID=138841159]	GeneID_138841159|PRELP|XP_069897877.1
PRELP	XP_080881347.1	isoform=1	379	excluded	extra_isoform_same_species	XP_080881347.1 PRELP [organism=Rhinolophus hipposideros] [GeneID=308487202] [isoform=1]	isoform_1|PRELP|XP_080881347.1
PRELP	XP_021394461.1	GeneID=110474974	371	kept	representative	XP_021394461.1 PRELP [organism=Lonchura striata] [GeneID=110474974]	GeneID_110474974|PRELP|XP_021394461.1
PRELP	XP_068598557.1	GeneID=137898422	379	kept	representative	XP_068598557.1 prelp [organism=Brachionichthys hirsutus] [GeneID=137898422]	GeneID_137898422|PRELP|XP_068598557.1
PRELP	XP_030585681.1	GeneID=115780563	383	kept	representative	XP_030585681.1 prelp [organism=Archocentrus centrarchus] [GeneID=115780563]	GeneID_115780563|PRELP|XP_030585681.1
PRELP	XP_043108289.1	GeneID=122354220	380	kept	representative	XP_043108289.1 LOC122354220 [organism=Puntigrus tetrazona] [GeneID=122354220]	GeneID_122354220|PRELP|XP_043108289.1
PRELP	XP_005348425.1	GeneID=102001529	381	kept	representative	XP_005348425.1 Prelp [organism=Microtus ochrogaster] [GeneID=102001529]	GeneID_102001529|PRELP|XP_005348425.1
PRELP	XP_013202240.1	GeneID=102001529	381	excluded	extra_isoform_same_species	XP_013202240.1 Prelp [organism=Microtus ochrogaster] [GeneID=102001529]	GeneID_102001529|PRELP|XP_013202240.1
PRELP	XP_013202242.1	GeneID=102001529	381	excluded	extra_isoform_same_species	XP_013202242.1 Prelp [organism=Microtus ochrogaster] [GeneID=102001529]	GeneID_102001529|PRELP|XP_013202242.1
PRELP	XP_026571328.1	GeneID=113446086	371	kept	representative	XP_026571328.1 PRELP [organism=Pseudonaja textilis] [GeneID=113446086]	GeneID_113446086|PRELP|XP_026571328.1
PRELP	XP_026571329.1	GeneID=113446086	371	excluded	extra_isoform_same_species	XP_026571329.1 PRELP [organism=Pseudonaja textilis] [GeneID=113446086]	GeneID_113446086|PRELP|XP_026571329.1
PRELP	XP_026571330.1	GeneID=113446086	371	excluded	extra_isoform_same_species	XP_026571330.1 PRELP [organism=Pseudonaja textilis] [GeneID=113446086]	GeneID_113446086|PRELP|XP_026571330.1
PRELP	XP_035935453.1	isoform=X2	383	excluded	extra_isoform_same_species	XP_035935453.1 PRELP [organism=Halichoerus grypus] [GeneID=118527653] [isoform=X2]	isoform_X2|PRELP|XP_035935453.1
PRELP	XP_035935454.1	isoform=X3	377	excluded	extra_isoform_same_species	XP_035935454.1 PRELP [organism=Halichoerus grypus] [GeneID=118527653] [isoform=X3]	isoform_X3|PRELP|XP_035935454.1
PRELP	XP_035935456.1	isoform=X3	377	excluded	extra_isoform_same_species	XP_035935456.1 PRELP [organism=Halichoerus grypus] [GeneID=118527653] [isoform=X3]	isoform_X3|PRELP|XP_035935456.1
PRELP	XP_077934404.1	isoform=X1	388	excluded	extra_isoform_same_species	XP_077934404.1 PRELP [organism=Halichoerus grypus] [GeneID=118527653] [isoform=X1]	isoform_X1|PRELP|XP_077934404.1
PRELP	XP_077934405.1	isoform=X3	377	excluded	extra_isoform_same_species	XP_077934405.1 PRELP [organism=Halichoerus grypus] [GeneID=118527653] [isoform=X3]	isoform_X3|PRELP|XP_077934405.1
PRELP	XP_077934406.1	isoform=X3	377	excluded	extra_isoform_same_species	XP_077934406.1 PRELP [organism=Halichoerus grypus] [GeneID=118527653] [isoform=X3]	isoform_X3|PRELP|XP_077934406.1
PRELP	XP_055454171.1	GeneID=129669813	378	kept	representative	XP_055454171.1 Prelp [organism=Psammomys obesus] [GeneID=129669813]	GeneID_129669813|PRELP|XP_055454171.1
PRELP	XP_083744897.1	GeneID=310926603	379	kept	representative	XP_083744897.1 prelp [organism=Microchirus variegatus] [GeneID=310926603]	GeneID_310926603|PRELP|XP_083744897.1
PRELP	XP_013052120.1	GeneID=106045893	374	kept	representative	XP_013052120.1 PRELP [organism=Anser cygnoides] [GeneID=106045893]	GeneID_106045893|PRELP|XP_013052120.1
PRELP	XP_047927124.1	GeneID=106045893	374	excluded	extra_isoform_same_species	XP_047927124.1 PRELP [organism=Anser cygnoides] [GeneID=106045893]	GeneID_106045893|PRELP|XP_047927124.1
PRELP	XP_021054470.1	GeneID=110322224	377	kept	representative	XP_021054470.1 Prelp [organism=Mus pahari] [GeneID=110322224]	GeneID_110322224|PRELP|XP_021054470.1
PRELP	XP_027801521.1	GeneID=114100869	383	kept	representative	XP_027801521.1 Prelp [organism=Marmota flaviventris] [GeneID=114100869]	GeneID_114100869|PRELP|XP_027801521.1
PRELP	XP_071475838.1	GeneID=114100869	383	excluded	extra_isoform_same_species	XP_071475838.1 Prelp [organism=Marmota flaviventris] [GeneID=114100869]	GeneID_114100869|PRELP|XP_071475838.1
PRELP	XP_032074850.1	GeneID=116509698	369	kept	representative	XP_032074850.1 PRELP [organism=Thamnophis elegans] [GeneID=116509698]	GeneID_116509698|PRELP|XP_032074850.1
PRELP	XP_044123580.1	isoform=X1	424	excluded	extra_isoform_same_species	XP_044123580.1 PRELP [organism=Neogale vison] [GeneID=122918814] [isoform=X1]	isoform_X1|PRELP|XP_044123580.1
PRELP	XP_044123582.1	isoform=X2	379	excluded	extra_isoform_same_species	XP_044123582.1 PRELP [organism=Neogale vison] [GeneID=122918814] [isoform=X2]	isoform_X2|PRELP|XP_044123582.1
PRELP	XP_044123583.1	isoform=X2	379	excluded	extra_isoform_same_species	XP_044123583.1 PRELP [organism=Neogale vison] [GeneID=122918814] [isoform=X2]	isoform_X2|PRELP|XP_044123583.1
PRELP	XP_044123584.1	isoform=X3	392	excluded	extra_isoform_same_species	XP_044123584.1 PRELP [organism=Neogale vison] [GeneID=122918814] [isoform=X3]	isoform_X3|PRELP|XP_044123584.1
PRELP	XP_050978870.1	GeneID=127173202	389	kept	representative	XP_050978870.1 prelp [organism=Labeo rohita] [GeneID=127173202]	GeneID_127173202|PRELP|XP_050978870.1
PRELP	XP_051854557.1	GeneID=127562692	387	kept	representative	XP_051854557.1 PRELP [organism=Antechinus flavipes] [GeneID=127562692]	GeneID_127562692|PRELP|XP_051854557.1
PRELP	XP_084204119.1	GeneID=311254293	379	kept	representative	XP_084204119.1 prelp [organism=Pagrus pagrus] [GeneID=311254293]	GeneID_311254293|PRELP|XP_084204119.1
PRELP	XP_065794259.1	GeneID=136169925	381	kept	representative	XP_065794259.1 PRELP [organism=Muntiacus reevesi] [GeneID=136169925]	GeneID_136169925|PRELP|XP_065794259.1
PRELP	XP_071993414.1	GeneID=140118887	374	kept	representative	XP_071993414.1 PRELP [organism=Engystomops pustulosus] [GeneID=140118887]	GeneID_140118887|PRELP|XP_071993414.1
PRELP	XP_006784448.1	GeneID=102788397	379	kept	representative	XP_006784448.1 LOC102788397 [organism=Neolamprologus brichardi] [GeneID=102788397]	GeneID_102788397|PRELP|XP_006784448.1
PRELP	XP_024649527.1	GeneID=105484772	382	kept	representative	XP_024649527.1 PRELP [organism=Macaca nemestrina] [GeneID=105484772]	GeneID_105484772|PRELP|XP_024649527.1
PRELP	XP_070934539.1	GeneID=105484772	382	excluded	extra_isoform_same_species	XP_070934539.1 PRELP [organism=Macaca nemestrina] [GeneID=105484772]	GeneID_105484772|PRELP|XP_070934539.1
PRELP	XP_083627940.1	isoform=1	394	excluded	extra_isoform_same_species	XP_083627940.1 prelp [organism=Protomyctophum parallelum] [GeneID=310863463] [isoform=1]	isoform_1|PRELP|XP_083627940.1
PRELP	XP_083627941.1	isoform=1	394	excluded	extra_isoform_same_species	XP_083627941.1 prelp [organism=Protomyctophum parallelum] [GeneID=310863463] [isoform=1]	isoform_1|PRELP|XP_083627941.1
PRELP	XP_026077149.1	GeneID=113055240	380	kept	representative	XP_026077149.1 prelp [organism=Carassius auratus] [GeneID=113055240]	GeneID_113055240|PRELP|XP_026077149.1
PRELP	XP_008683364.1	GeneID=103657736	379	kept	representative	XP_008683364.1 PRELP [organism=Ursus maritimus] [GeneID=103657736]	GeneID_103657736|PRELP|XP_008683364.1
PRELP	XP_008683365.1	GeneID=103657736	379	excluded	extra_isoform_same_species	XP_008683365.1 PRELP [organism=Ursus maritimus] [GeneID=103657736]	GeneID_103657736|PRELP|XP_008683365.1
PRELP	XP_071435010.1	GeneID=139683604	371	kept	representative	XP_071435010.1 PRELP [organism=Pithys albifrons albifrons] [GeneID=139683604]	GeneID_139683604|PRELP|XP_071435010.1
PRELP	XP_046196938.1	GeneID=124029171	380	kept	representative	XP_046196938.1 LOC124029171 [organism=Oncorhynchus gorbuscha] [GeneID=124029171]	GeneID_124029171|PRELP|XP_046196938.1
PRELP	XP_028620601.1	GeneID=114618921	378	kept	representative	XP_028620601.1 Prelp [organism=Grammomys surdaster] [GeneID=114618921]	GeneID_114618921|PRELP|XP_028620601.1
PRELP	XP_049490365.1	GeneID=125925431	379	kept	representative	XP_049490365.1 PRELP [organism=Panthera uncia] [GeneID=125925431]	GeneID_125925431|PRELP|XP_049490365.1
PRELP	XP_059852368.1	GeneID=132414083	381	kept	representative	XP_059852368.1 PRELP [organism=Delphinus delphis] [GeneID=132414083]	GeneID_132414083|PRELP|XP_059852368.1
PRELP	XP_046240117.1	GeneID=124056581	379	kept	representative	XP_046240117.1 LOC124056581 [organism=Scatophagus argus] [GeneID=124056581]	GeneID_124056581|PRELP|XP_046240117.1
PRELP	XP_027976088.1	GeneID=114221971	377	kept	representative	XP_027976088.1 PRELP [organism=Eumetopias jubatus] [GeneID=114221971]	GeneID_114221971|PRELP|XP_027976088.1
PRELP	XP_048782031.1	GeneID=125684163	374	kept	representative	XP_048782031.1 PRELP [organism=Lagopus muta] [GeneID=125684163]	GeneID_125684163|PRELP|XP_048782031.1
PRELP	XP_069800505.1	GeneID=138767128	374	kept	representative	XP_069800505.1 PRELP [organism=Dendropsophus ebraccatus] [GeneID=138767128]	GeneID_138767128|PRELP|XP_069800505.1
PRELP	XP_001915309.1	GeneID=100053463	379	kept	representative	XP_001915309.1 PRELP [organism=Equus caballus] [GeneID=100053463]	GeneID_100053463|PRELP|XP_001915309.1
PRELP	XP_005609631.1	GeneID=100053463	379	excluded	extra_isoform_same_species	XP_005609631.1 PRELP [organism=Equus caballus] [GeneID=100053463]	GeneID_100053463|PRELP|XP_005609631.1
PRELP	XP_036254473.1	GeneID=118696420	369	kept	representative	XP_036254473.1 PRELP [organism=Molothrus ater] [GeneID=118696420]	GeneID_118696420|PRELP|XP_036254473.1
PRELP	XP_079402459.1	GeneID=306955099	374	kept	representative	XP_079402459.1 PRELP [organism=Tetrao urogallus] [GeneID=306955099]	GeneID_306955099|PRELP|XP_079402459.1
PRELP	XP_083827251.1	isoform=1	383	excluded	extra_isoform_same_species	XP_083827251.1 prelp [organism=Trachurus trachurus] [GeneID=310985513] [isoform=1]	isoform_1|PRELP|XP_083827251.1
PRELP	XP_083827252.1	isoform=1	383	excluded	extra_isoform_same_species	XP_083827252.1 prelp [organism=Trachurus trachurus] [GeneID=310985513] [isoform=1]	isoform_1|PRELP|XP_083827252.1
PRELP	XP_084721861.1	isoform=1	378	excluded	extra_isoform_same_species	XP_084721861.1 PRELP [organism=Pipistrellus hanaki] [GeneID=311612645] [isoform=1]	isoform_1|PRELP|XP_084721861.1
PRELP	XP_084721862.1	isoform=1	378	excluded	extra_isoform_same_species	XP_084721862.1 PRELP [organism=Pipistrellus hanaki] [GeneID=311612645] [isoform=1]	isoform_1|PRELP|XP_084721862.1
PRELP	XP_084721863.1	isoform=1	378	excluded	extra_isoform_same_species	XP_084721863.1 PRELP [organism=Pipistrellus hanaki] [GeneID=311612645] [isoform=1]	isoform_1|PRELP|XP_084721863.1
PRELP	XP_012687462.2	GeneID=105904164	384	kept	representative	XP_012687462.2 LOC105904164 [organism=Clupea harengus] [GeneID=105904164]	GeneID_105904164|PRELP|XP_012687462.2
PRELP	XP_006834175.1	GeneID=102819676	379	kept	representative	XP_006834175.1 PRELP [organism=Chrysochloris asiatica] [GeneID=102819676]	GeneID_102819676|PRELP|XP_006834175.1
PRELP	XP_009676766.1	GeneID=104146450	371	kept	representative	XP_009676766.1 PRELP [organism=Struthio camelus] [GeneID=104146450]	GeneID_104146450|PRELP|XP_009676766.1
PRELP	XP_068774025.1	GeneID=104146450	371	excluded	extra_isoform_same_species	XP_068774025.1 PRELP [organism=Struthio camelus] [GeneID=104146450]	GeneID_104146450|PRELP|XP_068774025.1
PRELP	XP_053724445.1	GeneID=128760798	372	kept	representative	XP_053724445.1 prelp [organism=Synchiropus splendidus] [GeneID=128760798]	GeneID_128760798|PRELP|XP_053724445.1
PRELP	XP_056700437.1	GeneID=130472953	368	kept	representative	XP_056700437.1 PRELP [organism=Euleptes europaea] [GeneID=130472953]	GeneID_130472953|PRELP|XP_056700437.1
PRELP	XP_064589267.1	GeneID=135458200	369	kept	representative	XP_064589267.1 PRELP [organism=Zonotrichia leucophrys gambelii] [GeneID=135458200]	GeneID_135458200|PRELP|XP_064589267.1
PRELP	XP_064589268.1	GeneID=135458200	369	excluded	extra_isoform_same_species	XP_064589268.1 PRELP [organism=Zonotrichia leucophrys gambelii] [GeneID=135458200]	GeneID_135458200|PRELP|XP_064589268.1
PRELP	XP_006993276.1	GeneID=102917387	378	kept	representative	XP_006993276.1 Prelp [organism=Peromyscus maniculatus bairdii] [GeneID=102917387]	GeneID_102917387|PRELP|XP_006993276.1
PRELP	XP_015842247.1	GeneID=102917387	378	excluded	extra_isoform_same_species	XP_015842247.1 Prelp [organism=Peromyscus maniculatus bairdii] [GeneID=102917387]	GeneID_102917387|PRELP|XP_015842247.1
PRELP	XP_076403545.1	GeneID=102917387	378	excluded	extra_isoform_same_species	XP_076403545.1 Prelp [organism=Peromyscus maniculatus bairdii] [GeneID=102917387]	GeneID_102917387|PRELP|XP_076403545.1
PRELP	XP_086621967.1	GeneID=104476871	371	kept	representative	XP_086621967.1 PRELP [organism=Chlamydotis macqueenii] [GeneID=104476871]	GeneID_104476871|PRELP|XP_086621967.1
PRELP	XP_021233067.1	GeneID=110388279	374	kept	representative	XP_021233067.1 PRELP [organism=Numida meleagris] [GeneID=110388279]	GeneID_110388279|PRELP|XP_021233067.1
PRELP	XP_053172127.1	GeneID=128355797	378	kept	representative	XP_053172127.1 prelp [organism=Scomber japonicus] [GeneID=128355797]	GeneID_128355797|PRELP|XP_053172127.1
PRELP	XP_053172128.1	GeneID=128355797	378	excluded	extra_isoform_same_species	XP_053172128.1 prelp [organism=Scomber japonicus] [GeneID=128355797]	GeneID_128355797|PRELP|XP_053172128.1
PRELP	XP_064492148.1	GeneID=135402697	371	kept	representative	XP_064492148.1 PRELP [organism=Pseudopipra pipra] [GeneID=135402697]	GeneID_135402697|PRELP|XP_064492148.1
PRELP	XP_074384229.1	GeneID=141725268	369	kept	representative	XP_074384229.1 PRELP [organism=Zonotrichia albicollis] [GeneID=141725268]	GeneID_141725268|PRELP|XP_074384229.1
PRELP	XP_074384230.1	GeneID=141725268	369	excluded	extra_isoform_same_species	XP_074384230.1 PRELP [organism=Zonotrichia albicollis] [GeneID=141725268]	GeneID_141725268|PRELP|XP_074384230.1
PRELP	XP_084709295.1	GeneID=146348467	368	kept	representative	XP_084709295.1 PRELP [organism=Heloderma suspectum] [GeneID=146348467]	GeneID_146348467|PRELP|XP_084709295.1
PRELP	XP_084709296.1	GeneID=146348467	368	excluded	extra_isoform_same_species	XP_084709296.1 PRELP [organism=Heloderma suspectum] [GeneID=146348467]	GeneID_146348467|PRELP|XP_084709296.1
PRELP	XP_054032380.1	GeneID=104305401	371	kept	representative	XP_054032380.1 PRELP [organism=Dryobates pubescens] [GeneID=104305401]	GeneID_104305401|PRELP|XP_054032380.1
PRELP	XP_042781724.1	GeneID=122212110	379	kept	representative	XP_042781724.1 PRELP [organism=Panthera leo] [GeneID=122212110]	GeneID_122212110|PRELP|XP_042781724.1
PRELP	XP_070252417.1	GeneID=138995689	372	kept	representative	XP_070252417.1 PRELP [organism=Myotis yumanensis] [GeneID=138995689]	GeneID_138995689|PRELP|XP_070252417.1
PRELP	XP_070252418.1	GeneID=138995689	372	excluded	extra_isoform_same_species	XP_070252418.1 PRELP [organism=Myotis yumanensis] [GeneID=138995689]	GeneID_138995689|PRELP|XP_070252418.1
PRELP	XP_081082004.1	GeneID=308613011	381	kept	representative	XP_081082004.1 PRELP [organism=Mesoplodon bidens] [GeneID=308613011]	GeneID_308613011|PRELP|XP_081082004.1
PRELP	XP_081891637.1	isoform=1	374	excluded	extra_isoform_same_species	XP_081891637.1 PRELP [organism=Branta canadensis] [GeneID=309429850] [isoform=1]	isoform_1|PRELP|XP_081891637.1
PRELP	XP_081891638.1	isoform=1	374	excluded	extra_isoform_same_species	XP_081891638.1 PRELP [organism=Branta canadensis] [GeneID=309429850] [isoform=1]	isoform_1|PRELP|XP_081891638.1
PRELP	XP_009952915.1	GeneID=104349156	371	kept	representative	XP_009952915.1 PRELP [organism=Leptosomus discolor] [GeneID=104349156]	GeneID_104349156|PRELP|XP_009952915.1
PRELP	XP_009076760.1	GeneID=103805850	353	kept	representative	XP_009076760.1 PRELP [organism=Acanthisitta chloris] [GeneID=103805850]	GeneID_103805850|PRELP|XP_009076760.1
PRELP	XP_075996945.1	GeneID=142990942	381	kept	representative	XP_075996945.1 prelp [organism=Genypterus blacodes] [GeneID=142990942]	GeneID_142990942|PRELP|XP_075996945.1
PRELP	XP_017271229.1	GeneID=108235624	379	kept	representative	XP_017271229.1 LOC108235624 [organism=Kryptolebias marmoratus] [GeneID=108235624]	GeneID_108235624|PRELP|XP_017271229.1
PRELP	XP_037108772.1	GeneID=119123625	373	kept	representative	XP_037108772.1 LOC119123625 [organism=Syngnathus acus] [GeneID=119123625]	GeneID_119123625|PRELP|XP_037108772.1
PRELP	XP_004699879.1	GeneID=101640645	378	kept	representative	XP_004699879.1 PRELP [organism=Echinops telfairi] [GeneID=101640645]	GeneID_101640645|PRELP|XP_004699879.1
PRELP	XP_045154070.1	GeneID=101640645	378	excluded	extra_isoform_same_species	XP_045154070.1 PRELP [organism=Echinops telfairi] [GeneID=101640645]	GeneID_101640645|PRELP|XP_045154070.1
PRELP	XP_032174188.1	GeneID=116576257	379	kept	representative	XP_032174188.1 PRELP [organism=Mustela erminea] [GeneID=116576257]	GeneID_116576257|PRELP|XP_032174188.1
PRELP	XP_032174189.1	GeneID=116576257	379	excluded	extra_isoform_same_species	XP_032174189.1 PRELP [organism=Mustela erminea] [GeneID=116576257]	GeneID_116576257|PRELP|XP_032174189.1
PRELP	XP_028302024.1	GeneID=114463014	373	kept	representative	XP_028302024.1 prelp [organism=Gouania willdenowi] [GeneID=114463014]	GeneID_114463014|PRELP|XP_028302024.1
PRELP	XP_028302025.1	GeneID=114463014	373	excluded	extra_isoform_same_species	XP_028302025.1 prelp [organism=Gouania willdenowi] [GeneID=114463014]	GeneID_114463014|PRELP|XP_028302025.1
PRELP	XP_083523975.1	GeneID=310803164	377	kept	representative	XP_083523975.1 prelp [organism=Argentina silus] [GeneID=310803164]	GeneID_310803164|PRELP|XP_083523975.1
PRELP	XP_044144218.1	isoform=X1	380	excluded	extra_isoform_same_species	XP_044144218.1 PRELP [organism=Bufo gargarizans] [GeneID=122933338] [isoform=X1]	isoform_X1|PRELP|XP_044144218.1
PRELP	XP_044144219.1	isoform=X2	374	excluded	extra_isoform_same_species	XP_044144219.1 PRELP [organism=Bufo gargarizans] [GeneID=122933338] [isoform=X2]	isoform_X2|PRELP|XP_044144219.1
PRELP	XP_061218933.1	GeneID=133217449	371	kept	representative	XP_061218933.1 PRELP [organism=Neopsephotus bourkii] [GeneID=133217449]	GeneID_133217449|PRELP|XP_061218933.1
PRELP	XP_080866347.1	GeneID=308479511	368	kept	representative	XP_080866347.1 PRELP [organism=Podarcis pityusensis] [GeneID=308479511]	GeneID_308479511|PRELP|XP_080866347.1
PRELP	XP_040472954.1	GeneID=121098726	371	kept	representative	XP_040472954.1 PRELP [organism=Falco naumanni] [GeneID=121098726]	GeneID_121098726|PRELP|XP_040472954.1
PRELP	XP_012614227.1	GeneID=105868177	380	kept	representative	XP_012614227.1 PRELP [organism=Microcebus murinus] [GeneID=105868177]	GeneID_105868177|PRELP|XP_012614227.1
PRELP	XP_012614231.1	GeneID=105868177	380	excluded	extra_isoform_same_species	XP_012614231.1 PRELP [organism=Microcebus murinus] [GeneID=105868177]	GeneID_105868177|PRELP|XP_012614231.1
PRELP	XP_077628201.1	GeneID=144238284	379	kept	representative	XP_077628201.1 PRELP [organism=Crocuta crocuta] [GeneID=144238284]	GeneID_144238284|PRELP|XP_077628201.1
PRELP	XP_077628202.1	GeneID=144238284	379	excluded	extra_isoform_same_species	XP_077628202.1 PRELP [organism=Crocuta crocuta] [GeneID=144238284]	GeneID_144238284|PRELP|XP_077628202.1
PRELP	XP_010583034.1	GeneID=104842408	371	kept	representative	XP_010583034.1 PRELP [organism=Haliaeetus leucocephalus] [GeneID=104842408]	GeneID_104842408|PRELP|XP_010583034.1
PRELP	XP_060087386.1	GeneID=132566396	368	kept	representative	XP_060087386.1 PRELP [organism=Heteronotia binoei] [GeneID=132566396]	GeneID_132566396|PRELP|XP_060087386.1
PRELP	XP_029358081.1	GeneID=115043610	392	kept	representative	XP_029358081.1 prelp [organism=Echeneis naucrates] [GeneID=115043610]	GeneID_115043610|PRELP|XP_029358081.1
PRELP	XP_083517861.1	GeneID=310799167	395	kept	representative	XP_083517861.1 prelp [organism=Poromitra crassiceps] [GeneID=310799167]	GeneID_310799167|PRELP|XP_083517861.1
PRELP	XP_026719971.1	GeneID=113488825	371	kept	representative	XP_026719971.1 PRELP [organism=Athene cunicularia] [GeneID=113488825]	GeneID_113488825|PRELP|XP_026719971.1
PRELP	XP_026719972.1	GeneID=113488825	371	excluded	extra_isoform_same_species	XP_026719972.1 PRELP [organism=Athene cunicularia] [GeneID=113488825]	GeneID_113488825|PRELP|XP_026719972.1
PRELP	XP_017687748.1	GeneID=108505845	371	kept	representative	XP_017687748.1 PRELP [organism=Lepidothrix coronata] [GeneID=108505845]	GeneID_108505845|PRELP|XP_017687748.1
PRELP	XP_020040095.2	GeneID=109699670	385	kept	representative	XP_020040095.2 Prelp [organism=Castor canadensis] [GeneID=109699670]	GeneID_109699670|PRELP|XP_020040095.2
PRELP	XP_073904689.1	GeneID=109699670	385	excluded	extra_isoform_same_species	XP_073904689.1 Prelp [organism=Castor canadensis] [GeneID=109699670]	GeneID_109699670|PRELP|XP_073904689.1
PRELP	XP_070795856.1	GeneID=139314198	369	kept	representative	XP_070795856.1 PRELP [organism=Pituophis catenifer annectens] [GeneID=139314198]	GeneID_139314198|PRELP|XP_070795856.1
PRELP	XP_082253032.1	GeneID=309631003	381	kept	representative	XP_082253032.1 PRELP [organism=Balaenoptera borealis] [GeneID=309631003]	GeneID_309631003|PRELP|XP_082253032.1
PRELP	XP_082389525.1	isoform=1	401	excluded	extra_isoform_same_species	XP_082389525.1 prelp [organism=Aulonocara stuartgranti] [GeneID=309706668] [isoform=1]	isoform_1|PRELP|XP_082389525.1
PRELP	XP_082389526.1	isoform=2	379	excluded	extra_isoform_same_species	XP_082389526.1 prelp [organism=Aulonocara stuartgranti] [GeneID=309706668] [isoform=2]	isoform_2|PRELP|XP_082389526.1
PRELP	XP_036415495.1	GeneID=118799635	378	kept	representative	XP_036415495.1 LOC118799635 [organism=Colossoma macropomum] [GeneID=118799635]	GeneID_118799635|PRELP|XP_036415495.1
PRELP	XP_005804370.1	GeneID=102227437	379	kept	representative	XP_005804370.1 prelp [organism=Xiphophorus maculatus] [GeneID=102227437]	GeneID_102227437|PRELP|XP_005804370.1
PRELP	XP_040118974.1	GeneID=120879984	381	kept	representative	XP_040118974.1 PRELP [organism=Oryx dammah] [GeneID=120879984]	GeneID_120879984|PRELP|XP_040118974.1
PRELP	XP_051269883.1	GeneID=127371223	379	kept	representative	XP_051269883.1 prelp [organism=Dicentrarchus labrax] [GeneID=127371223]	GeneID_127371223|PRELP|XP_051269883.1
PRELP	XP_083215996.1	isoform=1	369	excluded	extra_isoform_same_species	XP_083215996.1 PRELP [organism=Vipera ursinii] [GeneID=310638641] [isoform=1]	isoform_1|PRELP|XP_083215996.1
PRELP	XP_083215997.1	isoform=1	369	excluded	extra_isoform_same_species	XP_083215997.1 PRELP [organism=Vipera ursinii] [GeneID=310638641] [isoform=1]	isoform_1|PRELP|XP_083215997.1
PRELP	XP_017306557.1	GeneID=108255246	373	kept	representative	XP_017306557.1 prelp [organism=Ictalurus punctatus] [GeneID=108255246]	GeneID_108255246|PRELP|XP_017306557.1
PRELP	XP_036058688.1	GeneID=118593378	378	kept	representative	XP_036058688.1 Prelp [organism=Onychomys torridus] [GeneID=118593378]	GeneID_118593378|PRELP|XP_036058688.1
PRELP	XP_036058689.1	GeneID=118593378	378	excluded	extra_isoform_same_species	XP_036058689.1 Prelp [organism=Onychomys torridus] [GeneID=118593378]	GeneID_118593378|PRELP|XP_036058689.1
PRELP	XP_048184124.1	GeneID=125337915	371	kept	representative	XP_048184124.1 PRELP [organism=Corvus hawaiiensis] [GeneID=125337915]	GeneID_125337915|PRELP|XP_048184124.1
PRELP	XP_058394147.1	GeneID=131404010	381	kept	representative	XP_058394147.1 PRELP [organism=Diceros bicornis minor] [GeneID=131404010]	GeneID_131404010|PRELP|XP_058394147.1
PRELP	XP_084029605.1	GeneID=311138691	380	kept	representative	XP_084029605.1 prelp [organism=Coregonus lavaretus] [GeneID=311138691]	GeneID_311138691|PRELP|XP_084029605.1
PRELP	XP_026791447.1	isoform=X2	374	excluded	extra_isoform_same_species	XP_026791447.1 prelp [organism=Pangasianodon hypophthalmus] [GeneID=113539677] [isoform=X2]	isoform_X2|PRELP|XP_026791447.1
PRELP	XP_034169975.1	isoform=X1	386	excluded	extra_isoform_same_species	XP_034169975.1 prelp [organism=Pangasianodon hypophthalmus] [GeneID=113539677] [isoform=X1]	isoform_X1|PRELP|XP_034169975.1
PRELP	XP_044871470.1	GeneID=123369672	385	kept	representative	XP_044871470.1 PRELP [organism=Mauremys mutica] [GeneID=123369672]	GeneID_123369672|PRELP|XP_044871470.1
PRELP	XP_044871471.1	GeneID=123369672	385	excluded	extra_isoform_same_species	XP_044871471.1 PRELP [organism=Mauremys mutica] [GeneID=123369672]	GeneID_123369672|PRELP|XP_044871471.1
PRELP	XP_065554508.1	GeneID=136023704	371	kept	representative	XP_065554508.1 PRELP [organism=Lathamus discolor] [GeneID=136023704]	GeneID_136023704|PRELP|XP_065554508.1
PRELP	XP_077743074.1	GeneID=144307312	379	kept	representative	XP_077743074.1 PRELP [organism=Canis aureus] [GeneID=144307312]	GeneID_144307312|PRELP|XP_077743074.1
PRELP	XP_077743075.1	GeneID=144307312	379	excluded	extra_isoform_same_species	XP_077743075.1 PRELP [organism=Canis aureus] [GeneID=144307312]	GeneID_144307312|PRELP|XP_077743075.1
PRELP	XP_079153327.1	isoform=1	373	excluded	extra_isoform_same_species	XP_079153327.1 prelp [organism=Melanostigma gelatinosum] [GeneID=306797781] [isoform=1]	isoform_1|PRELP|XP_079153327.1
PRELP	XP_079153328.1	isoform=2	353	excluded	extra_isoform_same_species	XP_079153328.1 prelp [organism=Melanostigma gelatinosum] [GeneID=306797781] [isoform=2]	isoform_2|PRELP|XP_079153328.1
PRELP	XP_010737129.3	GeneID=104925243	380	kept	representative	XP_010737129.3 prelp [organism=Larimichthys crocea] [GeneID=104925243]	GeneID_104925243|PRELP|XP_010737129.3
PRELP	XP_019111850.2	GeneID=104925243	380	excluded	extra_isoform_same_species	XP_019111850.2 prelp [organism=Larimichthys crocea] [GeneID=104925243]	GeneID_104925243|PRELP|XP_019111850.2
PRELP	XP_022052985.1	GeneID=110953338	380	kept	representative	XP_022052985.1 prelp [organism=Acanthochromis polyacanthus] [GeneID=110953338]	GeneID_110953338|PRELP|XP_022052985.1
PRELP	XP_035008344.1	GeneID=118105065	379	kept	representative	XP_035008344.1 LOC118105065 [organism=Hippoglossus stenolepis] [GeneID=118105065]	GeneID_118105065|PRELP|XP_035008344.1
PRELP	XP_035008345.1	GeneID=118105065	379	excluded	extra_isoform_same_species	XP_035008345.1 LOC118105065 [organism=Hippoglossus stenolepis] [GeneID=118105065]	GeneID_118105065|PRELP|XP_035008345.1
