gene	accession	species	gene_id	isoform	length	status	reason	old_header	new_header
DCN	XP_032972436.1	Rhinolophus ferrumequinum	117028220		361	kept	representative	XP_032972436.1 DCN [organism=Rhinolophus ferrumequinum] [GeneID=117028220]	Rhinolophus_ferrumequinum|DCN|XP_032972436.1
DCN	XP_032972437.1	Rhinolophus ferrumequinum	117028220		361	excluded	extra_isoform_same_locus	XP_032972437.1 DCN [organism=Rhinolophus ferrumequinum] [GeneID=117028220]	Rhinolophus_ferrumequinum|DCN|XP_032972437.1
DCN	XP_043093522.1	Puntigrus tetrazona	122343250		370	kept	representative	XP_043093522.1 dcn [organism=Puntigrus tetrazona] [GeneID=122343250]	Puntigrus_tetrazona|DCN|XP_043093522.1
DCN	XP_043093523.1	Puntigrus tetrazona	122343250		370	excluded	extra_isoform_same_locus	XP_043093523.1 dcn [organism=Puntigrus tetrazona] [GeneID=122343250]	Puntigrus_tetrazona|DCN|XP_043093523.1
DCN	NP_001279248.1	Callorhinchus milii	103179836		354	kept	representative	NP_001279248.1 dcn [organism=Callorhinchus milii] [GeneID=103179836]	Callorhinchus_milii|DCN|NP_001279248.1
DCN	XP_034434152.1	Hippoglossus hippoglossus	117757282		359	kept	representative	XP_034434152.1 dcn [organism=Hippoglossus hippoglossus] [GeneID=117757282]	Hippoglossus_hippoglossus|DCN|XP_034434152.1
DCN	XP_007259061.3	Astyanax mexicanus	103046519		364	kept	representative	XP_007259061.3 dcn [organism=Astyanax mexicanus] [GeneID=103046519]	Astyanax_mexicanus|DCN|XP_007259061.3
DCN	XP_001511900.1	Ornithorhynchus anatinus	100079988		356	kept	representative	XP_001511900.1 DCN [organism=Ornithorhynchus anatinus] [GeneID=100079988]	Ornithorhynchus_anatinus|DCN|XP_001511900.1
DCN	XP_032153399.1	Sapajus apella	116564409		359	kept	representative	XP_032153399.1 DCN [organism=Sapajus apella] [GeneID=116564409]	Sapajus_apella|DCN|XP_032153399.1
DCN	XP_032153409.1	Sapajus apella	116564409		359	excluded	extra_isoform_same_locus	XP_032153409.1 DCN [organism=Sapajus apella] [GeneID=116564409]	Sapajus_apella|DCN|XP_032153409.1
DCN	XP_032153416.1	Sapajus apella	116564409		359	excluded	extra_isoform_same_locus	XP_032153416.1 DCN [organism=Sapajus apella] [GeneID=116564409]	Sapajus_apella|DCN|XP_032153416.1
DCN	XP_062238954.1	Platichthys flesus	133948894		360	kept	representative	XP_062238954.1 dcn [organism=Platichthys flesus] [GeneID=133948894]	Platichthys_flesus|DCN|XP_062238954.1
DCN	XP_062238955.1	Platichthys flesus	133948894		360	excluded	extra_isoform_same_locus	XP_062238955.1 dcn [organism=Platichthys flesus] [GeneID=133948894]	Platichthys_flesus|DCN|XP_062238955.1
DCN	XP_037703550.1	Choloepus didactylus	119543036		360	kept	representative	XP_037703550.1 DCN [organism=Choloepus didactylus] [GeneID=119543036]	Choloepus_didactylus|DCN|XP_037703550.1
DCN	XP_037703551.1	Choloepus didactylus	119543036		360	excluded	extra_isoform_same_locus	XP_037703551.1 DCN [organism=Choloepus didactylus] [GeneID=119543036]	Choloepus_didactylus|DCN|XP_037703551.1
DCN	XP_017506869.1	Manis javanica	108391667		360	kept	representative	XP_017506869.1 DCN [organism=Manis javanica] [GeneID=108391667]	Manis_javanica|DCN|XP_017506869.1
DCN	XP_017506870.1	Manis javanica	108391667		360	excluded	extra_isoform_same_locus	XP_017506870.1 DCN [organism=Manis javanica] [GeneID=108391667]	Manis_javanica|DCN|XP_017506870.1
DCN	XP_017506872.1	Manis javanica	108391667		360	excluded	extra_isoform_same_locus	XP_017506872.1 DCN [organism=Manis javanica] [GeneID=108391667]	Manis_javanica|DCN|XP_017506872.1
DCN	XP_084187284.1	Notolepis coatsorum	311242202		364	kept	representative	XP_084187284.1 dcn [organism=Notolepis coatsorum] [GeneID=311242202]	Notolepis_coatsorum|DCN|XP_084187284.1
DCN	XP_084429686.1	Chelon labrosus	311508665	1	358	kept	representative	XP_084429686.1 dcn [organism=Chelon labrosus] [GeneID=311508665] [isoform=1]	Chelon_labrosus|DCN|XP_084429686.1
DCN	XP_084429687.1	Chelon labrosus	311508665	1	358	excluded	extra_isoform_same_locus	XP_084429687.1 dcn [organism=Chelon labrosus] [GeneID=311508665] [isoform=1]	Chelon_labrosus|DCN|XP_084429687.1
DCN	XP_026549476.1	Notechis scutatus	113431360		354	kept	representative	XP_026549476.1 DCN [organism=Notechis scutatus] [GeneID=113431360]	Notechis_scutatus|DCN|XP_026549476.1
DCN	XP_010120133.1	Chlamydotis macqueenii	104480812		357	kept	representative	XP_010120133.1 DCN [organism=Chlamydotis macqueenii] [GeneID=104480812]	Chlamydotis_macqueenii|DCN|XP_010120133.1
DCN	NP_001166513.1	Cavia porcellus	100174912		361	kept	representative	NP_001166513.1 Dcn [organism=Cavia porcellus] [GeneID=100174912]	Cavia_porcellus|DCN|NP_001166513.1
DCN	XP_005006390.1	Cavia porcellus	100174912	X1	361	excluded	extra_isoform_same_locus	XP_005006390.1 Dcn [organism=Cavia porcellus] [GeneID=100174912] [isoform=X1]	Cavia_porcellus|DCN|XP_005006390.1
DCN	XP_063110159.1	Cavia porcellus	100174912	X1	361	excluded	extra_isoform_same_locus	XP_063110159.1 Dcn [organism=Cavia porcellus] [GeneID=100174912] [isoform=X1]	Cavia_porcellus|DCN|XP_063110159.1
DCN	XP_015208366.1	Lepisosteus oculatus	102683252		359	kept	representative	XP_015208366.1 dcn [organism=Lepisosteus oculatus] [GeneID=102683252]	Lepisosteus_oculatus|DCN|XP_015208366.1
DCN	XP_015208367.1	Lepisosteus oculatus	102683252		359	excluded	extra_isoform_same_locus	XP_015208367.1 dcn [organism=Lepisosteus oculatus] [GeneID=102683252]	Lepisosteus_oculatus|DCN|XP_015208367.1
DCN	XP_047597624.1	Lutra lutra	125107056		360	kept	representative	XP_047597624.1 DCN [organism=Lutra lutra] [GeneID=125107056]	Lutra_lutra|DCN|XP_047597624.1
DCN	XP_047597625.1	Lutra lutra	125107056		360	excluded	extra_isoform_same_locus	XP_047597625.1 DCN [organism=Lutra lutra] [GeneID=125107056]	Lutra_lutra|DCN|XP_047597625.1
DCN	XP_054683896.1	Grus americana	129207248		357	kept	representative	XP_054683896.1 DCN [organism=Grus americana] [GeneID=129207248]	Grus_americana|DCN|XP_054683896.1
DCN	XP_074758858.1	Athene noctua	141959194		357	kept	representative	XP_074758858.1 DCN [organism=Athene noctua] [GeneID=141959194]	Athene_noctua|DCN|XP_074758858.1
DCN	XP_082705374.1	Leucopleurus acutus	309968116	1	360	kept	representative	XP_082705374.1 DCN [organism=Leucopleurus acutus] [GeneID=309968116] [isoform=1]	Leucopleurus_acutus|DCN|XP_082705374.1
DCN	XP_082705375.1	Leucopleurus acutus	309968116	1	360	excluded	extra_isoform_same_locus	XP_082705375.1 DCN [organism=Leucopleurus acutus] [GeneID=309968116] [isoform=1]	Leucopleurus_acutus|DCN|XP_082705375.1
DCN	XP_005012437.1	Anas platyrhynchos	101801962		357	kept	representative	XP_005012437.1 DCN [organism=Anas platyrhynchos] [GeneID=101801962]	Anas_platyrhynchos|DCN|XP_005012437.1
DCN	XP_040029607.1	Gasterosteus aculeatus	120817436		358	kept	representative	XP_040029607.1 dcn [organism=Gasterosteus aculeatus] [GeneID=120817436]	Gasterosteus_aculeatus|DCN|XP_040029607.1
DCN	XP_077956474.1	Gasterosteus aculeatus	120817436		358	excluded	extra_isoform_same_locus	XP_077956474.1 dcn [organism=Gasterosteus aculeatus] [GeneID=120817436]	Gasterosteus_aculeatus|DCN|XP_077956474.1
DCN	XP_015338430.1	Marmota marmota marmota	107140017		360	kept	representative	XP_015338430.1 Dcn [organism=Marmota marmota marmota] [GeneID=107140017]	Marmota_marmota_marmota|DCN|XP_015338430.1
DCN	XP_015338432.1	Marmota marmota marmota	107140017		360	excluded	extra_isoform_same_locus	XP_015338432.1 Dcn [organism=Marmota marmota marmota] [GeneID=107140017]	Marmota_marmota_marmota|DCN|XP_015338432.1
DCN	XP_048660052.1	Marmota marmota marmota	107140017		360	excluded	extra_isoform_same_locus	XP_048660052.1 Dcn [organism=Marmota marmota marmota] [GeneID=107140017]	Marmota_marmota_marmota|DCN|XP_048660052.1
DCN	XP_051746815.1	Ctenopharyngodon idella	127510815		373	kept	representative	XP_051746815.1 dcn [organism=Ctenopharyngodon idella] [GeneID=127510815]	Ctenopharyngodon_idella|DCN|XP_051746815.1
DCN	XP_051746816.1	Ctenopharyngodon idella	127510815		373	excluded	extra_isoform_same_locus	XP_051746816.1 dcn [organism=Ctenopharyngodon idella] [GeneID=127510815]	Ctenopharyngodon_idella|DCN|XP_051746816.1
DCN	XP_051746817.1	Ctenopharyngodon idella	127510815		373	excluded	extra_isoform_same_locus	XP_051746817.1 dcn [organism=Ctenopharyngodon idella] [GeneID=127510815]	Ctenopharyngodon_idella|DCN|XP_051746817.1
DCN	XP_085292678.1	Copadichromis virginalis	146689611		358	kept	representative	XP_085292678.1 dcn [organism=Copadichromis virginalis] [GeneID=146689611]	Copadichromis_virginalis|DCN|XP_085292678.1
DCN	XP_073336821.1	Pagrus major	141008384		362	kept	representative	XP_073336821.1 dcn [organism=Pagrus major] [GeneID=141008384]	Pagrus_major|DCN|XP_073336821.1
DCN	XP_085242345.1	Rhamphochromis longiceps	146649924		358	kept	representative	XP_085242345.1 dcn [organism=Rhamphochromis longiceps] [GeneID=146649924]	Rhamphochromis_longiceps|DCN|XP_085242345.1
DCN	XP_084148990.1	Netta rufina	311213046		357	kept	representative	XP_084148990.1 DCN [organism=Netta rufina] [GeneID=311213046]	Netta_rufina|DCN|XP_084148990.1
DCN	XP_005930293.1	Haplochromis burtoni	102291557		358	kept	representative	XP_005930293.1 dcn [organism=Haplochromis burtoni] [GeneID=102291557]	Haplochromis_burtoni|DCN|XP_005930293.1
DCN	XP_061060237.1	Eubalaena glacialis	133100329		360	kept	representative	XP_061060237.1 DCN [organism=Eubalaena glacialis] [GeneID=133100329]	Eubalaena_glacialis|DCN|XP_061060237.1
DCN	XP_061060238.1	Eubalaena glacialis	133100329		360	excluded	extra_isoform_same_locus	XP_061060238.1 DCN [organism=Eubalaena glacialis] [GeneID=133100329]	Eubalaena_glacialis|DCN|XP_061060238.1
DCN	XP_063178881.1	Chroicocephalus ridibundus	134510038		357	kept	representative	XP_063178881.1 DCN [organism=Chroicocephalus ridibundus] [GeneID=134510038]	Chroicocephalus_ridibundus|DCN|XP_063178881.1
DCN	XP_082094756.1	Podarcis vaucheri	309541168		357	kept	representative	XP_082094756.1 DCN [organism=Podarcis vaucheri] [GeneID=309541168]	Podarcis_vaucheri|DCN|XP_082094756.1
DCN	XP_004269595.1	Orcinus orca	101269874		360	kept	representative	XP_004269595.1 DCN [organism=Orcinus orca] [GeneID=101269874]	Orcinus_orca|DCN|XP_004269595.1
DCN	XP_004269596.1	Orcinus orca	101269874		360	excluded	extra_isoform_same_locus	XP_004269596.1 DCN [organism=Orcinus orca] [GeneID=101269874]	Orcinus_orca|DCN|XP_004269596.1
DCN	XP_023140514.1	Amphiprion ocellaris	111578138		362	kept	representative	XP_023140514.1 dcn [organism=Amphiprion ocellaris] [GeneID=111578138]	Amphiprion_ocellaris|DCN|XP_023140514.1
DCN	XP_010560165.1	Haliaeetus leucocephalus	104828279		357	kept	representative	XP_010560165.1 DCN [organism=Haliaeetus leucocephalus] [GeneID=104828279]	Haliaeetus_leucocephalus|DCN|XP_010560165.1
DCN	XP_025891306.1	Nothoprocta perdicaria	112944142		357	kept	representative	XP_025891306.1 DCN [organism=Nothoprocta perdicaria] [GeneID=112944142]	Nothoprocta_perdicaria|DCN|XP_025891306.1
DCN	XP_057279607.1	Pezoporus wallicus	130606967		357	kept	representative	XP_057279607.1 DCN [organism=Pezoporus wallicus] [GeneID=130606967]	Pezoporus_wallicus|DCN|XP_057279607.1
DCN	XP_059893797.1	Gadus macrocephalus	132447259		369	kept	representative	XP_059893797.1 dcn [organism=Gadus macrocephalus] [GeneID=132447259]	Gadus_macrocephalus|DCN|XP_059893797.1
DCN	XP_068826094.1	Capricornis sumatraensis	138077780		360	kept	representative	XP_068826094.1 DCN [organism=Capricornis sumatraensis] [GeneID=138077780]	Capricornis_sumatraensis|DCN|XP_068826094.1
DCN	XP_068826095.1	Capricornis sumatraensis	138077780		360	excluded	extra_isoform_same_locus	XP_068826095.1 DCN [organism=Capricornis sumatraensis] [GeneID=138077780]	Capricornis_sumatraensis|DCN|XP_068826095.1
DCN	XP_077565950.1	Stigmatopora nigra	144181397		368	kept	representative	XP_077565950.1 dcn [organism=Stigmatopora nigra] [GeneID=144181397]	Stigmatopora_nigra|DCN|XP_077565950.1
DCN	XP_079724246.1	Squalius cephalus	307156642	1	370	kept	representative	XP_079724246.1 dcn [organism=Squalius cephalus] [GeneID=307156642] [isoform=1]	Squalius_cephalus|DCN|XP_079724246.1
DCN	XP_079724247.1	Squalius cephalus	307156642	1	370	excluded	extra_isoform_same_locus	XP_079724247.1 dcn [organism=Squalius cephalus] [GeneID=307156642] [isoform=1]	Squalius_cephalus|DCN|XP_079724247.1
DCN	XP_030197200.1	Gadus morhua	115531962	X1	437	excluded	extra_isoform_same_locus	XP_030197200.1 dcn [organism=Gadus morhua] [GeneID=115531962] [isoform=X1]	Gadus_morhua|DCN|XP_030197200.1
DCN	XP_030197201.1	Gadus morhua	115531962	X2	368	kept	representative	XP_030197201.1 dcn [organism=Gadus morhua] [GeneID=115531962] [isoform=X2]	Gadus_morhua|DCN|XP_030197201.1
DCN	XP_033845659.1	Periophthalmus magnuspinnatus	117391843		363	kept	representative	XP_033845659.1 dcn [organism=Periophthalmus magnuspinnatus] [GeneID=117391843]	Periophthalmus_magnuspinnatus|DCN|XP_033845659.1
DCN	XP_079907320.1	Ammodytes marinus	307268529		362	kept	representative	XP_079907320.1 dcn [organism=Ammodytes marinus] [GeneID=307268529]	Ammodytes_marinus|DCN|XP_079907320.1
DCN	XP_008642549.1	Corvus brachyrhynchos	103624983		358	kept	representative	XP_008642549.1 DCN [organism=Corvus brachyrhynchos] [GeneID=103624983]	Corvus_brachyrhynchos|DCN|XP_008642549.1
DCN	XP_026252665.2	Urocitellus parryii	113188530		360	kept	representative	XP_026252665.2 Dcn [organism=Urocitellus parryii] [GeneID=113188530]	Urocitellus_parryii|DCN|XP_026252665.2
DCN	XP_026252674.2	Urocitellus parryii	113188530		360	excluded	extra_isoform_same_locus	XP_026252674.2 Dcn [organism=Urocitellus parryii] [GeneID=113188530]	Urocitellus_parryii|DCN|XP_026252674.2
DCN	XP_026252681.2	Urocitellus parryii	113188530		360	excluded	extra_isoform_same_locus	XP_026252681.2 Dcn [organism=Urocitellus parryii] [GeneID=113188530]	Urocitellus_parryii|DCN|XP_026252681.2
DCN	XP_032893919.1	Amblyraja radiata	116984004		350	kept	representative	XP_032893919.1 dcn [organism=Amblyraja radiata] [GeneID=116984004]	Amblyraja_radiata|DCN|XP_032893919.1
DCN	XP_009319597.1	Pygoscelis adeliae	103914640		357	kept	representative	XP_009319597.1 DCN [organism=Pygoscelis adeliae] [GeneID=103914640]	Pygoscelis_adeliae|DCN|XP_009319597.1
DCN	XP_067110232.1	Osmerus mordax	136959902		371	kept	representative	XP_067110232.1 dcn [organism=Osmerus mordax] [GeneID=136959902]	Osmerus_mordax|DCN|XP_067110232.1
DCN	XP_082490568.1	Mesoplodon mirus	309811574	1	360	kept	representative	XP_082490568.1 DCN [organism=Mesoplodon mirus] [GeneID=309811574] [isoform=1]	Mesoplodon_mirus|DCN|XP_082490568.1
DCN	XP_082490569.1	Mesoplodon mirus	309811574	1	360	excluded	extra_isoform_same_locus	XP_082490569.1 DCN [organism=Mesoplodon mirus] [GeneID=309811574] [isoform=1]	Mesoplodon_mirus|DCN|XP_082490569.1
DCN	XP_005147994.1	Melopsittacus undulatus	101871615		357	kept	representative	XP_005147994.1 DCN [organism=Melopsittacus undulatus] [GeneID=101871615]	Melopsittacus_undulatus|DCN|XP_005147994.1
DCN	XP_012679959.1	Clupea harengus	105897562		371	kept	representative	XP_012679959.1 dcn [organism=Clupea harengus] [GeneID=105897562]	Clupea_harengus|DCN|XP_012679959.1
DCN	XP_079612352.1	Pollachius pollachius	307089796		364	kept	representative	XP_079612352.1 dcn [organism=Pollachius pollachius] [GeneID=307089796]	Pollachius_pollachius|DCN|XP_079612352.1
DCN	XP_009462198.1	Nipponia nippon	104011646		357	kept	representative	XP_009462198.1 DCN [organism=Nipponia nippon] [GeneID=104011646]	Nipponia_nippon|DCN|XP_009462198.1
DCN	XP_052410593.1	Carassius gibelio	127956601		370	kept	representative	XP_052410593.1 dcn [organism=Carassius gibelio] [GeneID=127956601]	Carassius_gibelio|DCN|XP_052410593.1
DCN	XP_052410594.1	Carassius gibelio	127956601		370	excluded	extra_isoform_same_locus	XP_052410594.1 dcn [organism=Carassius gibelio] [GeneID=127956601]	Carassius_gibelio|DCN|XP_052410594.1
DCN	XP_036433588.1	Colossoma macropomum	118812603		378	kept	representative	XP_036433588.1 dcn [organism=Colossoma macropomum] [GeneID=118812603]	Colossoma_macropomum|DCN|XP_036433588.1
DCN	XP_054242555.1	Indicator indicator	128971146		357	kept	representative	XP_054242555.1 DCN [organism=Indicator indicator] [GeneID=128971146]	Indicator_indicator|DCN|XP_054242555.1
DCN	XP_078643452.1	Doryrhamphus excisus	131132024		362	kept	representative	XP_078643452.1 dcn [organism=Doryrhamphus excisus] [GeneID=131132024]	Doryrhamphus_excisus|DCN|XP_078643452.1
DCN	XP_064010988.1	Pogoniulus pusillus	135181661		357	kept	representative	XP_064010988.1 DCN [organism=Pogoniulus pusillus] [GeneID=135181661]	Pogoniulus_pusillus|DCN|XP_064010988.1
DCN	XP_064010989.1	Pogoniulus pusillus	135181661		357	excluded	extra_isoform_same_locus	XP_064010989.1 DCN [organism=Pogoniulus pusillus] [GeneID=135181661]	Pogoniulus_pusillus|DCN|XP_064010989.1
DCN	XP_066039462.1	Chamaea fasciata	136289493		358	kept	representative	XP_066039462.1 DCN [organism=Chamaea fasciata] [GeneID=136289493]	Chamaea_fasciata|DCN|XP_066039462.1
DCN	XP_030575877.1	Archocentrus centrarchus	115773342		361	kept	representative	XP_030575877.1 dcn [organism=Archocentrus centrarchus] [GeneID=115773342]	Archocentrus_centrarchus|DCN|XP_030575877.1
DCN	XP_030575879.1	Archocentrus centrarchus	115773342		361	excluded	extra_isoform_same_locus	XP_030575879.1 dcn [organism=Archocentrus centrarchus] [GeneID=115773342]	Archocentrus_centrarchus|DCN|XP_030575879.1
DCN	XP_032360510.1	Etheostoma spectabile	116672771		361	kept	representative	XP_032360510.1 dcn [organism=Etheostoma spectabile] [GeneID=116672771]	Etheostoma_spectabile|DCN|XP_032360510.1
DCN	XP_059792639.1	Balaenoptera ricei	132373456		360	kept	representative	XP_059792639.1 DCN [organism=Balaenoptera ricei] [GeneID=132373456]	Balaenoptera_ricei|DCN|XP_059792639.1
DCN	XP_059792640.1	Balaenoptera ricei	132373456		360	excluded	extra_isoform_same_locus	XP_059792640.1 DCN [organism=Balaenoptera ricei] [GeneID=132373456]	Balaenoptera_ricei|DCN|XP_059792640.1
DCN	XP_086124971.1	Aulonocara sp. 'chitande type north' Nkhata Bay	147310308		358	kept	representative	XP_086124971.1 dcn [organism=Aulonocara sp. 'chitande type north' Nkhata Bay] [GeneID=147310308]	Aulonocara_sp._chitande_type_north_Nkhata_Bay|DCN|XP_086124971.1
DCN	XP_055250892.1	Moschus berezovskii	129536188		360	kept	representative	XP_055250892.1 DCN [organism=Moschus berezovskii] [GeneID=129536188]	Moschus_berezovskii|DCN|XP_055250892.1
DCN	XP_055250893.1	Moschus berezovskii	129536188		360	excluded	extra_isoform_same_locus	XP_055250893.1 DCN [organism=Moschus berezovskii] [GeneID=129536188]	Moschus_berezovskii|DCN|XP_055250893.1
DCN	XP_055250894.1	Moschus berezovskii	129536188		360	excluded	extra_isoform_same_locus	XP_055250894.1 DCN [organism=Moschus berezovskii] [GeneID=129536188]	Moschus_berezovskii|DCN|XP_055250894.1
DCN	XP_006870783.1	Chrysochloris asiatica	102818931		360	kept	representative	XP_006870783.1 DCN [organism=Chrysochloris asiatica] [GeneID=102818931]	Chrysochloris_asiatica|DCN|XP_006870783.1
DCN	XP_006870784.1	Chrysochloris asiatica	102818931		251	excluded	relative_length	XP_006870784.1 DCN [organism=Chrysochloris asiatica] [GeneID=102818931]	Chrysochloris_asiatica|DCN|XP_006870784.1
DCN	XP_006870785.1	Chrysochloris asiatica	102818931		213	excluded	relative_length	XP_006870785.1 DCN [organism=Chrysochloris asiatica] [GeneID=102818931]	Chrysochloris_asiatica|DCN|XP_006870785.1
DCN	XP_006870786.1	Chrysochloris asiatica	102818931		173	excluded	absolute_length	XP_006870786.1 DCN [organism=Chrysochloris asiatica] [GeneID=102818931]	Chrysochloris_asiatica|DCN|XP_006870786.1
DCN	XP_082597140.1	Mustela nivalis	309869619	1	360	kept	representative	XP_082597140.1 DCN [organism=Mustela nivalis] [GeneID=309869619] [isoform=1]	Mustela_nivalis|DCN|XP_082597140.1
DCN	XP_082597141.1	Mustela nivalis	309869619	1	360	excluded	extra_isoform_same_locus	XP_082597141.1 DCN [organism=Mustela nivalis] [GeneID=309869619] [isoform=1]	Mustela_nivalis|DCN|XP_082597141.1
DCN	XP_075604617.1	Balearica regulorum gibbericeps	104635398		357	kept	representative	XP_075604617.1 DCN [organism=Balearica regulorum gibbericeps] [GeneID=104635398]	Balearica_regulorum_gibbericeps|DCN|XP_075604617.1
DCN	XP_038150119.1	Cyprinodon tularosa	119789341		360	kept	representative	XP_038150119.1 dcn [organism=Cyprinodon tularosa] [GeneID=119789341]	Cyprinodon_tularosa|DCN|XP_038150119.1
DCN	XP_038150120.1	Cyprinodon tularosa	119789341		360	excluded	extra_isoform_same_locus	XP_038150120.1 dcn [organism=Cyprinodon tularosa] [GeneID=119789341]	Cyprinodon_tularosa|DCN|XP_038150120.1
DCN	XP_081897101.1	Branta canadensis	309434519		357	kept	representative	XP_081897101.1 DCN [organism=Branta canadensis] [GeneID=309434519]	Branta_canadensis|DCN|XP_081897101.1
DCN	XP_053318383.1	Spea bombifrons	128490510		357	kept	representative	XP_053318383.1 DCN [organism=Spea bombifrons] [GeneID=128490510]	Spea_bombifrons|DCN|XP_053318383.1
DCN	XP_008002422.1	Chlorocebus sabaeus	103238850		359	kept	representative	XP_008002422.1 DCN [organism=Chlorocebus sabaeus] [GeneID=103238850]	Chlorocebus_sabaeus|DCN|XP_008002422.1
DCN	XP_008002423.1	Chlorocebus sabaeus	103238850		359	excluded	extra_isoform_same_locus	XP_008002423.1 DCN [organism=Chlorocebus sabaeus] [GeneID=103238850]	Chlorocebus_sabaeus|DCN|XP_008002423.1
DCN	XP_037852647.1	Chlorocebus sabaeus	103238850		359	excluded	extra_isoform_same_locus	XP_037852647.1 DCN [organism=Chlorocebus sabaeus] [GeneID=103238850]	Chlorocebus_sabaeus|DCN|XP_037852647.1
DCN	XP_047405085.1	Sciurus carolinensis	124982458		360	kept	representative	XP_047405085.1 Dcn [organism=Sciurus carolinensis] [GeneID=124982458]	Sciurus_carolinensis|DCN|XP_047405085.1
DCN	XP_047405086.1	Sciurus carolinensis	124982458		360	excluded	extra_isoform_same_locus	XP_047405086.1 Dcn [organism=Sciurus carolinensis] [GeneID=124982458]	Sciurus_carolinensis|DCN|XP_047405086.1
DCN	XP_047405087.1	Sciurus carolinensis	124982458		360	excluded	extra_isoform_same_locus	XP_047405087.1 Dcn [organism=Sciurus carolinensis] [GeneID=124982458]	Sciurus_carolinensis|DCN|XP_047405087.1
DCN	XP_063783706.1	Pseudophryne corroboree	134932850		353	kept	representative	XP_063783706.1 DCN [organism=Pseudophryne corroboree] [GeneID=134932850]	Pseudophryne_corroboree|DCN|XP_063783706.1
DCN	XP_080827637.1	Podarcis pityusensis	308457554		357	kept	representative	XP_080827637.1 DCN [organism=Podarcis pityusensis] [GeneID=308457554]	Podarcis_pityusensis|DCN|XP_080827637.1
DCN	XP_048274505.1	Myodes glareolus	125389853		362	kept	representative	XP_048274505.1 Dcn [organism=Myodes glareolus] [GeneID=125389853]	Myodes_glareolus|DCN|XP_048274505.1
DCN	XP_048274506.1	Myodes glareolus	125389853		362	excluded	extra_isoform_same_locus	XP_048274506.1 Dcn [organism=Myodes glareolus] [GeneID=125389853]	Myodes_glareolus|DCN|XP_048274506.1
DCN	XP_048274507.1	Myodes glareolus	125389853		362	excluded	extra_isoform_same_locus	XP_048274507.1 Dcn [organism=Myodes glareolus] [GeneID=125389853]	Myodes_glareolus|DCN|XP_048274507.1
DCN	XP_048274508.1	Myodes glareolus	125389853		362	excluded	extra_isoform_same_locus	XP_048274508.1 Dcn [organism=Myodes glareolus] [GeneID=125389853]	Myodes_glareolus|DCN|XP_048274508.1
DCN	XP_048274509.1	Myodes glareolus	125389853		362	excluded	extra_isoform_same_locus	XP_048274509.1 Dcn [organism=Myodes glareolus] [GeneID=125389853]	Myodes_glareolus|DCN|XP_048274509.1
DCN	XP_079398636.1	Tetrao urogallus	306951922		357	kept	representative	XP_079398636.1 DCN [organism=Tetrao urogallus] [GeneID=306951922]	Tetrao_urogallus|DCN|XP_079398636.1
DCN	XP_068611100.1	Brachionichthys hirsutus	137910624		365	kept	representative	XP_068611100.1 dcn [organism=Brachionichthys hirsutus] [GeneID=137910624]	Brachionichthys_hirsutus|DCN|XP_068611100.1
DCN	XP_015815420.1	Nothobranchius furzeri	107385809		361	kept	representative	XP_015815420.1 dcn [organism=Nothobranchius furzeri] [GeneID=107385809]	Nothobranchius_furzeri|DCN|XP_015815420.1
DCN	XP_036747069.1	Manis pentadactyla	118915386		360	kept	representative	XP_036747069.1 DCN [organism=Manis pentadactyla] [GeneID=118915386]	Manis_pentadactyla|DCN|XP_036747069.1
DCN	XP_036747070.1	Manis pentadactyla	118915386		360	excluded	extra_isoform_same_locus	XP_036747070.1 DCN [organism=Manis pentadactyla] [GeneID=118915386]	Manis_pentadactyla|DCN|XP_036747070.1
DCN	XP_051248429.1	Dicentrarchus labrax	127358908		361	kept	representative	XP_051248429.1 dcn [organism=Dicentrarchus labrax] [GeneID=127358908]	Dicentrarchus_labrax|DCN|XP_051248429.1
DCN	XP_071408201.1	Pithys albifrons albifrons	139670425		358	kept	representative	XP_071408201.1 DCN [organism=Pithys albifrons albifrons] [GeneID=139670425]	Pithys_albifrons_albifrons|DCN|XP_071408201.1
DCN	XP_030006157.1	Sphaeramia orbicularis	115430339		360	kept	representative	XP_030006157.1 dcn [organism=Sphaeramia orbicularis] [GeneID=115430339]	Sphaeramia_orbicularis|DCN|XP_030006157.1
DCN	XP_030006158.1	Sphaeramia orbicularis	115430339		360	excluded	extra_isoform_same_locus	XP_030006158.1 dcn [organism=Sphaeramia orbicularis] [GeneID=115430339]	Sphaeramia_orbicularis|DCN|XP_030006158.1
DCN	XP_082608013.1	Aythya marila	309874008		357	kept	representative	XP_082608013.1 DCN [organism=Aythya marila] [GeneID=309874008]	Aythya_marila|DCN|XP_082608013.1
DCN	XP_039364261.1	Mauremys reevesii	120387494		356	kept	representative	XP_039364261.1 DCN [organism=Mauremys reevesii] [GeneID=120387494]	Mauremys_reevesii|DCN|XP_039364261.1
DCN	XP_036107572.1	Molossus molossus	118623889		370	kept	representative	XP_036107572.1 DCN [organism=Molossus molossus] [GeneID=118623889]	Molossus_molossus|DCN|XP_036107572.1
DCN	XP_036107573.1	Molossus molossus	118623889		370	excluded	extra_isoform_same_locus	XP_036107573.1 DCN [organism=Molossus molossus] [GeneID=118623889]	Molossus_molossus|DCN|XP_036107573.1
DCN	XP_069620469.1	Ranitomeya imitator	138675814		354	kept	representative	XP_069620469.1 DCN [organism=Ranitomeya imitator] [GeneID=138675814]	Ranitomeya_imitator|DCN|XP_069620469.1
DCN	XP_006258421.1	Alligator mississippiensis	102566030		357	kept	representative	XP_006258421.1 DCN [organism=Alligator mississippiensis] [GeneID=102566030]	Alligator_mississippiensis|DCN|XP_006258421.1
DCN	XP_027450528.1	Zalophus californianus	113922615		360	kept	representative	XP_027450528.1 DCN [organism=Zalophus californianus] [GeneID=113922615]	Zalophus_californianus|DCN|XP_027450528.1
DCN	XP_027450530.1	Zalophus californianus	113922615		360	excluded	extra_isoform_same_locus	XP_027450530.1 DCN [organism=Zalophus californianus] [GeneID=113922615]	Zalophus_californianus|DCN|XP_027450530.1
DCN	XP_048867380.1	Brienomyrus brachyistius	125740409		365	kept	representative	XP_048867380.1 dcn [organism=Brienomyrus brachyistius] [GeneID=125740409]	Brienomyrus_brachyistius|DCN|XP_048867380.1
DCN	XP_048867391.1	Brienomyrus brachyistius	125740409		365	excluded	extra_isoform_same_locus	XP_048867391.1 dcn [organism=Brienomyrus brachyistius] [GeneID=125740409]	Brienomyrus_brachyistius|DCN|XP_048867391.1
DCN	XP_005874703.1	Myotis brandtii	102260223		363	kept	representative	XP_005874703.1 DCN [organism=Myotis brandtii] [GeneID=102260223]	Myotis_brandtii|DCN|XP_005874703.1
DCN	XP_005874704.1	Myotis brandtii	102260223		363	excluded	extra_isoform_same_locus	XP_005874704.1 DCN [organism=Myotis brandtii] [GeneID=102260223]	Myotis_brandtii|DCN|XP_005874704.1
DCN	XP_008947543.1	Merops nubicus	103781569		357	kept	representative	XP_008947543.1 DCN [organism=Merops nubicus] [GeneID=103781569]	Merops_nubicus|DCN|XP_008947543.1
DCN	XP_046235169.1	Scatophagus argus	124053750		362	kept	representative	XP_046235169.1 dcn [organism=Scatophagus argus] [GeneID=124053750]	Scatophagus_argus|DCN|XP_046235169.1
DCN	XP_048790611.1	Lagopus muta	125688461		357	kept	representative	XP_048790611.1 DCN [organism=Lagopus muta] [GeneID=125688461]	Lagopus_muta|DCN|XP_048790611.1
DCN	XP_032502930.1	Phocoena sinus	116761270		360	kept	representative	XP_032502930.1 DCN [organism=Phocoena sinus] [GeneID=116761270]	Phocoena_sinus|DCN|XP_032502930.1
DCN	XP_032502931.1	Phocoena sinus	116761270		360	excluded	extra_isoform_same_locus	XP_032502931.1 DCN [organism=Phocoena sinus] [GeneID=116761270]	Phocoena_sinus|DCN|XP_032502931.1
DCN	XP_046878775.1	Hypomesus transpacificus	124469488		367	kept	representative	XP_046878775.1 dcn [organism=Hypomesus transpacificus] [GeneID=124469488]	Hypomesus_transpacificus|DCN|XP_046878775.1
DCN	XP_077090557.1	Siphateles boraxobius	143741899		369	kept	representative	XP_077090557.1 dcn [organism=Siphateles boraxobius] [GeneID=143741899]	Siphateles_boraxobius|DCN|XP_077090557.1
DCN	XP_019488459.1	Hipposideros armiger	109376789		364	kept	representative	XP_019488459.1 DCN [organism=Hipposideros armiger] [GeneID=109376789]	Hipposideros_armiger|DCN|XP_019488459.1
DCN	XP_019488460.1	Hipposideros armiger	109376789		364	excluded	extra_isoform_same_locus	XP_019488460.1 DCN [organism=Hipposideros armiger] [GeneID=109376789]	Hipposideros_armiger|DCN|XP_019488460.1
DCN	XP_019815902.2	Bos indicus	109558970		360	kept	representative	XP_019815902.2 DCN [organism=Bos indicus] [GeneID=109558970]	Bos_indicus|DCN|XP_019815902.2
DCN	XP_019815903.2	Bos indicus	109558970		360	excluded	extra_isoform_same_locus	XP_019815903.2 DCN [organism=Bos indicus] [GeneID=109558970]	Bos_indicus|DCN|XP_019815903.2
DCN	XP_031205149.1	Mastomys coucha	116075853		354	kept	representative	XP_031205149.1 Dcn [organism=Mastomys coucha] [GeneID=116075853]	Mastomys_coucha|DCN|XP_031205149.1
DCN	XP_031205150.1	Mastomys coucha	116075853		354	excluded	extra_isoform_same_locus	XP_031205150.1 Dcn [organism=Mastomys coucha] [GeneID=116075853]	Mastomys_coucha|DCN|XP_031205150.1
DCN	XP_045409216.1	Lemur catta	123639456		360	kept	representative	XP_045409216.1 DCN [organism=Lemur catta] [GeneID=123639456]	Lemur_catta|DCN|XP_045409216.1
DCN	XP_045409217.1	Lemur catta	123639456		360	excluded	extra_isoform_same_locus	XP_045409217.1 DCN [organism=Lemur catta] [GeneID=123639456]	Lemur_catta|DCN|XP_045409217.1
DCN	XP_045409218.1	Lemur catta	123639456		360	excluded	extra_isoform_same_locus	XP_045409218.1 DCN [organism=Lemur catta] [GeneID=123639456]	Lemur_catta|DCN|XP_045409218.1
DCN	XP_066175362.1	Sylvia atricapilla	136361394		358	kept	representative	XP_066175362.1 DCN [organism=Sylvia atricapilla] [GeneID=136361394]	Sylvia_atricapilla|DCN|XP_066175362.1
DCN	XP_075353002.1	Mycteria americana	142407406		357	kept	representative	XP_075353002.1 DCN [organism=Mycteria americana] [GeneID=142407406]	Mycteria_americana|DCN|XP_075353002.1
DCN	XP_032445141.1	Xiphophorus hellerii	116736643		360	kept	representative	XP_032445141.1 dcn [organism=Xiphophorus hellerii] [GeneID=116736643]	Xiphophorus_hellerii|DCN|XP_032445141.1
DCN	XP_019301961.1	Panthera pardus	109265315		360	kept	representative	XP_019301961.1 DCN [organism=Panthera pardus] [GeneID=109265315]	Panthera_pardus|DCN|XP_019301961.1
DCN	XP_019301962.1	Panthera pardus	109265315		360	excluded	extra_isoform_same_locus	XP_019301962.1 DCN [organism=Panthera pardus] [GeneID=109265315]	Panthera_pardus|DCN|XP_019301962.1
DCN	XP_038010369.1	Motacilla alba alba	119708266		358	kept	representative	XP_038010369.1 DCN [organism=Motacilla alba alba] [GeneID=119708266]	Motacilla_alba_alba|DCN|XP_038010369.1
DCN	XP_038010370.1	Motacilla alba alba	119708266		358	excluded	extra_isoform_same_locus	XP_038010370.1 DCN [organism=Motacilla alba alba] [GeneID=119708266]	Motacilla_alba_alba|DCN|XP_038010370.1
DCN	XP_003972838.1	Takifugu rubripes	101063377	X2	365	kept	representative	XP_003972838.1 dcn [organism=Takifugu rubripes] [GeneID=101063377] [isoform=X2]	Takifugu_rubripes|DCN|XP_003972838.1
DCN	XP_029707508.1	Takifugu rubripes	101063377	X1	373	excluded	extra_isoform_same_locus	XP_029707508.1 dcn [organism=Takifugu rubripes] [GeneID=101063377] [isoform=X1]	Takifugu_rubripes|DCN|XP_029707508.1
DCN	XP_081734446.1	Podarcis erhardii	309350986		357	kept	representative	XP_081734446.1 DCN [organism=Podarcis erhardii] [GeneID=309350986]	Podarcis_erhardii|DCN|XP_081734446.1
DCN	XP_027398977.1	Bos indicus x Bos taurus	113893288		360	kept	representative	XP_027398977.1 DCN [organism=Bos indicus x Bos taurus] [GeneID=113893288]	Bos_indicus_x_Bos_taurus|DCN|XP_027398977.1
DCN	XP_027398979.1	Bos indicus x Bos taurus	113893288		360	excluded	extra_isoform_same_locus	XP_027398979.1 DCN [organism=Bos indicus x Bos taurus] [GeneID=113893288]	Bos_indicus_x_Bos_taurus|DCN|XP_027398979.1
DCN	XP_085107391.1	Mchenga conophoros	146555640		358	kept	representative	XP_085107391.1 dcn [organism=Mchenga conophoros] [GeneID=146555640]	Mchenga_conophoros|DCN|XP_085107391.1
DCN	XP_040347182.1	Herpailurus yagouaroundi	121040637		360	kept	representative	XP_040347182.1 DCN [organism=Herpailurus yagouaroundi] [GeneID=121040637]	Herpailurus_yagouaroundi|DCN|XP_040347182.1
DCN	XP_040347183.1	Herpailurus yagouaroundi	121040637		360	excluded	extra_isoform_same_locus	XP_040347183.1 DCN [organism=Herpailurus yagouaroundi] [GeneID=121040637]	Herpailurus_yagouaroundi|DCN|XP_040347183.1
DCN	XP_066113861.1	Saccopteryx bilineata	136324626		365	kept	representative	XP_066113861.1 DCN [organism=Saccopteryx bilineata] [GeneID=136324626]	Saccopteryx_bilineata|DCN|XP_066113861.1
DCN	XP_066113862.1	Saccopteryx bilineata	136324626		365	excluded	extra_isoform_same_locus	XP_066113862.1 DCN [organism=Saccopteryx bilineata] [GeneID=136324626]	Saccopteryx_bilineata|DCN|XP_066113862.1
DCN	XP_072125535.1	Mobula birostris	140203382		350	kept	representative	XP_072125535.1 dcn [organism=Mobula birostris] [GeneID=140203382]	Mobula_birostris|DCN|XP_072125535.1
DCN	XP_072125536.1	Mobula birostris	140203382		350	excluded	extra_isoform_same_locus	XP_072125536.1 dcn [organism=Mobula birostris] [GeneID=140203382]	Mobula_birostris|DCN|XP_072125536.1
DCN	XP_081065575.1	Podarcis bocagei	308595390		357	kept	representative	XP_081065575.1 DCN [organism=Podarcis bocagei] [GeneID=308595390]	Podarcis_bocagei|DCN|XP_081065575.1
DCN	XP_010132061.1	Buceros rhinoceros silvestris	104491350		303	kept	representative	XP_010132061.1 DCN [organism=Buceros rhinoceros silvestris] [GeneID=104491350]	Buceros_rhinoceros_silvestris|DCN|XP_010132061.1
DCN	XP_042259867.1	Thunnus maccoyii	121891160		364	kept	representative	XP_042259867.1 dcn [organism=Thunnus maccoyii] [GeneID=121891160]	Thunnus_maccoyii|DCN|XP_042259867.1
DCN	XP_010631648.1	Fukomys damarensis	104868549		361	kept	representative	XP_010631648.1 Dcn [organism=Fukomys damarensis] [GeneID=104868549]	Fukomys_damarensis|DCN|XP_010631648.1
DCN	XP_010631649.1	Fukomys damarensis	104868549		361	excluded	extra_isoform_same_locus	XP_010631649.1 Dcn [organism=Fukomys damarensis] [GeneID=104868549]	Fukomys_damarensis|DCN|XP_010631649.1
DCN	XP_010631650.1	Fukomys damarensis	104868549		361	excluded	extra_isoform_same_locus	XP_010631650.1 Dcn [organism=Fukomys damarensis] [GeneID=104868549]	Fukomys_damarensis|DCN|XP_010631650.1
DCN	XP_004650229.1	Jaculus jaculus	101608261		362	kept	representative	XP_004650229.1 Dcn [organism=Jaculus jaculus] [GeneID=101608261]	Jaculus_jaculus|DCN|XP_004650229.1
DCN	XP_045008979.1	Jaculus jaculus	101608261		362	excluded	extra_isoform_same_locus	XP_045008979.1 Dcn [organism=Jaculus jaculus] [GeneID=101608261]	Jaculus_jaculus|DCN|XP_045008979.1
DCN	XP_045008980.1	Jaculus jaculus	101608261		362	excluded	extra_isoform_same_locus	XP_045008980.1 Dcn [organism=Jaculus jaculus] [GeneID=101608261]	Jaculus_jaculus|DCN|XP_045008980.1
DCN	XP_030626062.1	Chanos chanos	115808739		364	kept	representative	XP_030626062.1 dcn [organism=Chanos chanos] [GeneID=115808739]	Chanos_chanos|DCN|XP_030626062.1
DCN	XP_059539751.1	Myotis daubentonii	132228007		363	kept	representative	XP_059539751.1 DCN [organism=Myotis daubentonii] [GeneID=132228007]	Myotis_daubentonii|DCN|XP_059539751.1
DCN	XP_059539752.1	Myotis daubentonii	132228007		363	excluded	extra_isoform_same_locus	XP_059539752.1 DCN [organism=Myotis daubentonii] [GeneID=132228007]	Myotis_daubentonii|DCN|XP_059539752.1
DCN	XP_066447607.1	Eleutherodactylus coqui	136611716		354	kept	representative	XP_066447607.1 DCN [organism=Eleutherodactylus coqui] [GeneID=136611716]	Eleutherodactylus_coqui|DCN|XP_066447607.1
DCN	XP_079047362.1	Caprimulgus europaeus	306718774		357	kept	representative	XP_079047362.1 DCN [organism=Caprimulgus europaeus] [GeneID=306718774]	Caprimulgus_europaeus|DCN|XP_079047362.1
DCN	NP_001272484.1	Capra hircus	100860944		360	kept	representative	NP_001272484.1 DCN [organism=Capra hircus] [GeneID=100860944]	Capra_hircus|DCN|NP_001272484.1
DCN	XP_005679870.1	Capra hircus	100860944	X1	360	excluded	extra_isoform_same_locus	XP_005679870.1 DCN [organism=Capra hircus] [GeneID=100860944] [isoform=X1]	Capra_hircus|DCN|XP_005679870.1
DCN	XP_011360072.1	Pteropus vampyrus	105293238		353	kept	representative	XP_011360072.1 DCN [organism=Pteropus vampyrus] [GeneID=105293238]	Pteropus_vampyrus|DCN|XP_011360072.1
DCN	XP_011360073.1	Pteropus vampyrus	105293238		353	excluded	extra_isoform_same_locus	XP_011360073.1 DCN [organism=Pteropus vampyrus] [GeneID=105293238]	Pteropus_vampyrus|DCN|XP_011360073.1
DCN	XP_040264701.1	Bufo bufo	120979809		354	kept	representative	XP_040264701.1 DCN [organism=Bufo bufo] [GeneID=120979809]	Bufo_bufo|DCN|XP_040264701.1
DCN	XP_070455958.1	Equus przewalskii	103562400		360	kept	representative	XP_070455958.1 DCN [organism=Equus przewalskii] [GeneID=103562400]	Equus_przewalskii|DCN|XP_070455958.1
DCN	XP_070455959.1	Equus przewalskii	103562400		360	excluded	extra_isoform_same_locus	XP_070455959.1 DCN [organism=Equus przewalskii] [GeneID=103562400]	Equus_przewalskii|DCN|XP_070455959.1
DCN	XP_010885685.1	Esox lucius	105020390		363	kept	representative	XP_010885685.1 dcn [organism=Esox lucius] [GeneID=105020390]	Esox_lucius|DCN|XP_010885685.1
DCN	XP_019898269.1	Esox lucius	105020390		363	excluded	extra_isoform_same_locus	XP_019898269.1 dcn [organism=Esox lucius] [GeneID=105020390]	Esox_lucius|DCN|XP_019898269.1
DCN	XP_034146124.1	Esox lucius	105020390		363	excluded	extra_isoform_same_locus	XP_034146124.1 dcn [organism=Esox lucius] [GeneID=105020390]	Esox_lucius|DCN|XP_034146124.1
DCN	XP_003823449.1	Pan paniscus	100969561		359	kept	representative	XP_003823449.1 DCN [organism=Pan paniscus] [GeneID=100969561]	Pan_paniscus|DCN|XP_003823449.1
DCN	XP_008975306.1	Pan paniscus	100969561		359	excluded	extra_isoform_same_locus	XP_008975306.1 DCN [organism=Pan paniscus] [GeneID=100969561]	Pan_paniscus|DCN|XP_008975306.1
DCN	XP_031614473.1	Oreochromis aureus	116335031		359	kept	representative	XP_031614473.1 dcn [organism=Oreochromis aureus] [GeneID=116335031]	Oreochromis_aureus|DCN|XP_031614473.1
DCN	XP_039456800.1	Oreochromis aureus	116335031		359	excluded	extra_isoform_same_locus	XP_039456800.1 dcn [organism=Oreochromis aureus] [GeneID=116335031]	Oreochromis_aureus|DCN|XP_039456800.1
DCN	XP_037316953.1	Pungitius pungitius	119210743		362	kept	representative	XP_037316953.1 dcn [organism=Pungitius pungitius] [GeneID=119210743]	Pungitius_pungitius|DCN|XP_037316953.1
DCN	XP_062415890.1	Pungitius pungitius	119210743		362	excluded	extra_isoform_same_locus	XP_062415890.1 dcn [organism=Pungitius pungitius] [GeneID=119210743]	Pungitius_pungitius|DCN|XP_062415890.1
DCN	XP_073476288.1	Aquarana catesbeiana	141132127		354	kept	representative	XP_073476288.1 DCN [organism=Aquarana catesbeiana] [GeneID=141132127]	Aquarana_catesbeiana|DCN|XP_073476288.1
DCN	XP_076711048.1	Callospermophilus lateralis	143398028		360	kept	representative	XP_076711048.1 Dcn [organism=Callospermophilus lateralis] [GeneID=143398028]	Callospermophilus_lateralis|DCN|XP_076711048.1
DCN	XP_076711049.1	Callospermophilus lateralis	143398028		360	excluded	extra_isoform_same_locus	XP_076711049.1 Dcn [organism=Callospermophilus lateralis] [GeneID=143398028]	Callospermophilus_lateralis|DCN|XP_076711049.1
DCN	XP_076711050.1	Callospermophilus lateralis	143398028		360	excluded	extra_isoform_same_locus	XP_076711050.1 Dcn [organism=Callospermophilus lateralis] [GeneID=143398028]	Callospermophilus_lateralis|DCN|XP_076711050.1
DCN	XP_048691560.1	Caretta caretta	125630106		357	kept	representative	XP_048691560.1 DCN [organism=Caretta caretta] [GeneID=125630106]	Caretta_caretta|DCN|XP_048691560.1
DCN	XP_056223765.1	Seriola aureovittata	130163522		361	kept	representative	XP_056223765.1 dcn [organism=Seriola aureovittata] [GeneID=130163522]	Seriola_aureovittata|DCN|XP_056223765.1
DCN	XP_004675876.1	Condylura cristata	101618732		362	kept	representative	XP_004675876.1 DCN [organism=Condylura cristata] [GeneID=101618732]	Condylura_cristata|DCN|XP_004675876.1
DCN	XP_012576068.1	Condylura cristata	101618732		362	excluded	extra_isoform_same_locus	XP_012576068.1 DCN [organism=Condylura cristata] [GeneID=101618732]	Condylura_cristata|DCN|XP_012576068.1
DCN	XP_005519478.1	Pseudopodoces humilis	102113049		358	kept	representative	XP_005519478.1 DCN [organism=Pseudopodoces humilis] [GeneID=102113049]	Pseudopodoces_humilis|DCN|XP_005519478.1
DCN	XP_050763645.1	Gymnogyps californianus	127023547		357	kept	representative	XP_050763645.1 DCN [organism=Gymnogyps californianus] [GeneID=127023547]	Gymnogyps_californianus|DCN|XP_050763645.1
DCN	XP_070265692.1	Myotis yumanensis	139006852		363	kept	representative	XP_070265692.1 DCN [organism=Myotis yumanensis] [GeneID=139006852]	Myotis_yumanensis|DCN|XP_070265692.1
DCN	XP_070265693.1	Myotis yumanensis	139006852		363	excluded	extra_isoform_same_locus	XP_070265693.1 DCN [organism=Myotis yumanensis] [GeneID=139006852]	Myotis_yumanensis|DCN|XP_070265693.1
DCN	XP_024139687.1	Oryzias melastigma	112153584	X1	371	excluded	extra_isoform_same_locus	XP_024139687.1 dcn [organism=Oryzias melastigma] [GeneID=112153584] [isoform=X1]	Oryzias_melastigma|DCN|XP_024139687.1
DCN	XP_024139695.1	Oryzias melastigma	112153584	X2	362	kept	representative	XP_024139695.1 dcn [organism=Oryzias melastigma] [GeneID=112153584] [isoform=X2]	Oryzias_melastigma|DCN|XP_024139695.1
DCN	XP_006131133.1	Pelodiscus sinensis	102454483		356	kept	representative	XP_006131133.1 DCN [organism=Pelodiscus sinensis] [GeneID=102454483]	Pelodiscus_sinensis|DCN|XP_006131133.1
DCN	XP_063357083.1	Pelmatolapia mariae	134646954		359	kept	representative	XP_063357083.1 dcn [organism=Pelmatolapia mariae] [GeneID=134646954]	Pelmatolapia_mariae|DCN|XP_063357083.1
DCN	XP_078272715.1	Rhinoraja longicauda	144603410		350	kept	representative	XP_078272715.1 dcn [organism=Rhinoraja longicauda] [GeneID=144603410]	Rhinoraja_longicauda|DCN|XP_078272715.1
DCN	XP_078272716.1	Rhinoraja longicauda	144603410		350	excluded	extra_isoform_same_locus	XP_078272716.1 dcn [organism=Rhinoraja longicauda] [GeneID=144603410]	Rhinoraja_longicauda|DCN|XP_078272716.1
DCN	NP_001310117.1	Coturnix japonica	107311498		356	kept	representative	NP_001310117.1 DCN [organism=Coturnix japonica] [GeneID=107311498]	Coturnix_japonica|DCN|NP_001310117.1
DCN	XP_007085677.1	Panthera tigris	102952448		360	kept	representative	XP_007085677.1 DCN [organism=Panthera tigris] [GeneID=102952448]	Panthera_tigris|DCN|XP_007085677.1
DCN	XP_007085678.1	Panthera tigris	102952448		360	excluded	extra_isoform_same_locus	XP_007085678.1 DCN [organism=Panthera tigris] [GeneID=102952448]	Panthera_tigris|DCN|XP_007085678.1
DCN	XP_011844309.1	Mandrillus leucophaeus	105545870	X1	361	excluded	extra_isoform_same_locus	XP_011844309.1 DCN [organism=Mandrillus leucophaeus] [GeneID=105545870] [isoform=X1]	Mandrillus_leucophaeus|DCN|XP_011844309.1
DCN	XP_011844311.1	Mandrillus leucophaeus	105545870	X2	359	kept	representative	XP_011844311.1 DCN [organism=Mandrillus leucophaeus] [GeneID=105545870] [isoform=X2]	Mandrillus_leucophaeus|DCN|XP_011844311.1
DCN	XP_011844312.1	Mandrillus leucophaeus	105545870	X3	212	excluded	relative_length	XP_011844312.1 DCN [organism=Mandrillus leucophaeus] [GeneID=105545870] [isoform=X3]	Mandrillus_leucophaeus|DCN|XP_011844312.1
DCN	XP_011844313.1	Mandrillus leucophaeus	105545870	X4	103	excluded	absolute_length	XP_011844313.1 DCN [organism=Mandrillus leucophaeus] [GeneID=105545870] [isoform=X4]	Mandrillus_leucophaeus|DCN|XP_011844313.1
DCN	XP_066851264.1	Anser cygnoides	106036960		357	kept	representative	XP_066851264.1 DCN [organism=Anser cygnoides] [GeneID=106036960]	Anser_cygnoides|DCN|XP_066851264.1
DCN	XP_074868107.1	Carettochelys insculpta	142022301		357	kept	representative	XP_074868107.1 DCN [organism=Carettochelys insculpta] [GeneID=142022301]	Carettochelys_insculpta|DCN|XP_074868107.1
DCN	XP_080517430.1	Plecotus auritus	308244927	1	363	kept	representative	XP_080517430.1 DCN [organism=Plecotus auritus] [GeneID=308244927] [isoform=1]	Plecotus_auritus|DCN|XP_080517430.1
DCN	XP_080517431.1	Plecotus auritus	308244927	1	363	excluded	extra_isoform_same_locus	XP_080517431.1 DCN [organism=Plecotus auritus] [GeneID=308244927] [isoform=1]	Plecotus_auritus|DCN|XP_080517431.1
DCN	XP_007432541.1	Python bivittatus	103061681		354	kept	representative	XP_007432541.1 DCN [organism=Python bivittatus] [GeneID=103061681]	Python_bivittatus|DCN|XP_007432541.1
DCN	XP_085915948.1	Leptonotus elevatus	147160323		363	kept	representative	XP_085915948.1 dcn [organism=Leptonotus elevatus] [GeneID=147160323]	Leptonotus_elevatus|DCN|XP_085915948.1
DCN	XP_011743020.1	Macaca nemestrina	105483740		359	kept	representative	XP_011743020.1 DCN [organism=Macaca nemestrina] [GeneID=105483740]	Macaca_nemestrina|DCN|XP_011743020.1
DCN	XP_011743021.1	Macaca nemestrina	105483740		359	excluded	extra_isoform_same_locus	XP_011743021.1 DCN [organism=Macaca nemestrina] [GeneID=105483740]	Macaca_nemestrina|DCN|XP_011743021.1
DCN	XP_011743022.1	Macaca nemestrina	105483740		359	excluded	extra_isoform_same_locus	XP_011743022.1 DCN [organism=Macaca nemestrina] [GeneID=105483740]	Macaca_nemestrina|DCN|XP_011743022.1
DCN	XP_080916849.1	Rhinolophus hipposideros	308502665	1	361	kept	representative	XP_080916849.1 DCN [organism=Rhinolophus hipposideros] [GeneID=308502665] [isoform=1]	Rhinolophus_hipposideros|DCN|XP_080916849.1
DCN	XP_080916850.1	Rhinolophus hipposideros	308502665	1	361	excluded	extra_isoform_same_locus	XP_080916850.1 DCN [organism=Rhinolophus hipposideros] [GeneID=308502665] [isoform=1]	Rhinolophus_hipposideros|DCN|XP_080916850.1
DCN	XP_080916851.1	Rhinolophus hipposideros	308502665	1	361	excluded	extra_isoform_same_locus	XP_080916851.1 DCN [organism=Rhinolophus hipposideros] [GeneID=308502665] [isoform=1]	Rhinolophus_hipposideros|DCN|XP_080916851.1
DCN	XP_080916852.1	Rhinolophus hipposideros	308502665	1	361	excluded	extra_isoform_same_locus	XP_080916852.1 DCN [organism=Rhinolophus hipposideros] [GeneID=308502665] [isoform=1]	Rhinolophus_hipposideros|DCN|XP_080916852.1
DCN	XP_080916853.1	Rhinolophus hipposideros	308502665	1	361	excluded	extra_isoform_same_locus	XP_080916853.1 DCN [organism=Rhinolophus hipposideros] [GeneID=308502665] [isoform=1]	Rhinolophus_hipposideros|DCN|XP_080916853.1
DCN	XP_080916854.1	Rhinolophus hipposideros	308502665	1	361	excluded	extra_isoform_same_locus	XP_080916854.1 DCN [organism=Rhinolophus hipposideros] [GeneID=308502665] [isoform=1]	Rhinolophus_hipposideros|DCN|XP_080916854.1
DCN	XP_026723931.1	Athene cunicularia	113491328		357	kept	representative	XP_026723931.1 DCN [organism=Athene cunicularia] [GeneID=113491328]	Athene_cunicularia|DCN|XP_026723931.1
DCN	XP_035507322.2	Scophthalmus maximus	118320534	X1	968	excluded	absolute_length	XP_035507322.2 dcn [organism=Scophthalmus maximus] [GeneID=118320534] [isoform=X1]	Scophthalmus_maximus|DCN|XP_035507322.2
DCN	XP_035507331.2	Scophthalmus maximus	118320534	X1	968	excluded	absolute_length	XP_035507331.2 dcn [organism=Scophthalmus maximus] [GeneID=118320534] [isoform=X1]	Scophthalmus_maximus|DCN|XP_035507331.2
DCN	XP_035507340.2	Scophthalmus maximus	118320534	X1	968	excluded	absolute_length	XP_035507340.2 dcn [organism=Scophthalmus maximus] [GeneID=118320534] [isoform=X1]	Scophthalmus_maximus|DCN|XP_035507340.2
DCN	XP_035507349.2	Scophthalmus maximus	118320534	X1	968	excluded	absolute_length	XP_035507349.2 dcn [organism=Scophthalmus maximus] [GeneID=118320534] [isoform=X1]	Scophthalmus_maximus|DCN|XP_035507349.2
DCN	XP_035507357.2	Scophthalmus maximus	118320534	X1	968	excluded	absolute_length	XP_035507357.2 dcn [organism=Scophthalmus maximus] [GeneID=118320534] [isoform=X1]	Scophthalmus_maximus|DCN|XP_035507357.2
DCN	XP_035507366.2	Scophthalmus maximus	118320534	X1	968	excluded	absolute_length	XP_035507366.2 dcn [organism=Scophthalmus maximus] [GeneID=118320534] [isoform=X1]	Scophthalmus_maximus|DCN|XP_035507366.2
DCN	XP_035507374.2	Scophthalmus maximus	118320534	X1	968	excluded	absolute_length	XP_035507374.2 dcn [organism=Scophthalmus maximus] [GeneID=118320534] [isoform=X1]	Scophthalmus_maximus|DCN|XP_035507374.2
DCN	XP_035507382.2	Scophthalmus maximus	118320534	X1	968	excluded	absolute_length	XP_035507382.2 dcn [organism=Scophthalmus maximus] [GeneID=118320534] [isoform=X1]	Scophthalmus_maximus|DCN|XP_035507382.2
DCN	XP_035507390.2	Scophthalmus maximus	118320534	X1	968	excluded	absolute_length	XP_035507390.2 dcn [organism=Scophthalmus maximus] [GeneID=118320534] [isoform=X1]	Scophthalmus_maximus|DCN|XP_035507390.2
DCN	XP_035507398.2	Scophthalmus maximus	118320534	X1	968	excluded	absolute_length	XP_035507398.2 dcn [organism=Scophthalmus maximus] [GeneID=118320534] [isoform=X1]	Scophthalmus_maximus|DCN|XP_035507398.2
DCN	XP_035507411.2	Scophthalmus maximus	118320534	X1	968	excluded	absolute_length	XP_035507411.2 dcn [organism=Scophthalmus maximus] [GeneID=118320534] [isoform=X1]	Scophthalmus_maximus|DCN|XP_035507411.2
DCN	XP_035507421.2	Scophthalmus maximus	118320534	X2	952	excluded	absolute_length	XP_035507421.2 dcn [organism=Scophthalmus maximus] [GeneID=118320534] [isoform=X2]	Scophthalmus_maximus|DCN|XP_035507421.2
DCN	XP_035507427.1	Scophthalmus maximus	118320534	X3	372	excluded	extra_isoform_same_locus	XP_035507427.1 dcn [organism=Scophthalmus maximus] [GeneID=118320534] [isoform=X3]	Scophthalmus_maximus|DCN|XP_035507427.1
DCN	XP_035507436.1	Scophthalmus maximus	118320534	X4	362	kept	representative	XP_035507436.1 dcn [organism=Scophthalmus maximus] [GeneID=118320534] [isoform=X4]	Scophthalmus_maximus|DCN|XP_035507436.1
DCN	XP_009477085.1	Pelecanus crispus	104027916		357	kept	representative	XP_009477085.1 DCN [organism=Pelecanus crispus] [GeneID=104027916]	Pelecanus_crispus|DCN|XP_009477085.1
DCN	XP_034529841.1	Notolabrus celidotus	117805272		359	kept	representative	XP_034529841.1 dcn [organism=Notolabrus celidotus] [GeneID=117805272]	Notolabrus_celidotus|DCN|XP_034529841.1
DCN	XP_080277839.1	Gymnoscopelus braueri	308080021		369	kept	representative	XP_080277839.1 dcn [organism=Gymnoscopelus braueri] [GeneID=308080021]	Gymnoscopelus_braueri|DCN|XP_080277839.1
DCN	XP_049991492.1	Alexandromys fortis	126497486	X1	394	excluded	extra_isoform_same_locus	XP_049991492.1 Dcn [organism=Alexandromys fortis] [GeneID=126497486] [isoform=X1]	Alexandromys_fortis|DCN|XP_049991492.1
DCN	XP_049991493.1	Alexandromys fortis	126497486	X2	362	kept	representative	XP_049991493.1 Dcn [organism=Alexandromys fortis] [GeneID=126497486] [isoform=X2]	Alexandromys_fortis|DCN|XP_049991493.1
DCN	XP_049991494.1	Alexandromys fortis	126497486	X2	362	excluded	extra_isoform_same_locus	XP_049991494.1 Dcn [organism=Alexandromys fortis] [GeneID=126497486] [isoform=X2]	Alexandromys_fortis|DCN|XP_049991494.1
DCN	XP_049991496.1	Alexandromys fortis	126497486	X2	362	excluded	extra_isoform_same_locus	XP_049991496.1 Dcn [organism=Alexandromys fortis] [GeneID=126497486] [isoform=X2]	Alexandromys_fortis|DCN|XP_049991496.1
DCN	XP_039724956.1	Pteropus medius	120607280		353	kept	representative	XP_039724956.1 DCN [organism=Pteropus medius] [GeneID=120607280]	Pteropus_medius|DCN|XP_039724956.1
DCN	XP_039724957.1	Pteropus medius	120607280		353	excluded	extra_isoform_same_locus	XP_039724957.1 DCN [organism=Pteropus medius] [GeneID=120607280]	Pteropus_medius|DCN|XP_039724957.1
DCN	XP_041330318.1	Pyrgilauda ruficollis	121357239		358	kept	representative	XP_041330318.1 DCN [organism=Pyrgilauda ruficollis] [GeneID=121357239]	Pyrgilauda_ruficollis|DCN|XP_041330318.1
DCN	XP_008580886.1	Galeopterus variegatus	103598626		360	kept	representative	XP_008580886.1 DCN [organism=Galeopterus variegatus] [GeneID=103598626]	Galeopterus_variegatus|DCN|XP_008580886.1
DCN	XP_008580887.1	Galeopterus variegatus	103598626		360	excluded	extra_isoform_same_locus	XP_008580887.1 DCN [organism=Galeopterus variegatus] [GeneID=103598626]	Galeopterus_variegatus|DCN|XP_008580887.1
DCN	XP_001104261.2	Macaca mulatta	709933		359	kept	representative	XP_001104261.2 DCN [organism=Macaca mulatta] [GeneID=709933]	Macaca_mulatta|DCN|XP_001104261.2
DCN	XP_015007928.2	Macaca mulatta	709933		359	excluded	extra_isoform_same_locus	XP_015007928.2 DCN [organism=Macaca mulatta] [GeneID=709933]	Macaca_mulatta|DCN|XP_015007928.2
DCN	XP_015007929.2	Macaca mulatta	709933		359	excluded	extra_isoform_same_locus	XP_015007929.2 DCN [organism=Macaca mulatta] [GeneID=709933]	Macaca_mulatta|DCN|XP_015007929.2
DCN	XP_077810879.1	Macaca mulatta	709933		359	excluded	extra_isoform_same_locus	XP_077810879.1 DCN [organism=Macaca mulatta] [GeneID=709933]	Macaca_mulatta|DCN|XP_077810879.1
DCN	XP_043417990.1	Prionailurus bengalensis	122472474		360	kept	representative	XP_043417990.1 DCN [organism=Prionailurus bengalensis] [GeneID=122472474]	Prionailurus_bengalensis|DCN|XP_043417990.1
DCN	XP_043417991.1	Prionailurus bengalensis	122472474		360	excluded	extra_isoform_same_locus	XP_043417991.1 DCN [organism=Prionailurus bengalensis] [GeneID=122472474]	Prionailurus_bengalensis|DCN|XP_043417991.1
DCN	XP_046729479.1	Silurus meridionalis	124401326		363	kept	representative	XP_046729479.1 dcn [organism=Silurus meridionalis] [GeneID=124401326]	Silurus_meridionalis|DCN|XP_046729479.1
DCN	XP_004602793.1	Sorex araneus	101543797		362	kept	representative	XP_004602793.1 DCN [organism=Sorex araneus] [GeneID=101543797]	Sorex_araneus|DCN|XP_004602793.1
DCN	XP_054974320.1	Sorex araneus	101543797		362	excluded	extra_isoform_same_locus	XP_054974320.1 DCN [organism=Sorex araneus] [GeneID=101543797]	Sorex_araneus|DCN|XP_054974320.1
DCN	XP_054974321.1	Sorex araneus	101543797		362	excluded	extra_isoform_same_locus	XP_054974321.1 DCN [organism=Sorex araneus] [GeneID=101543797]	Sorex_araneus|DCN|XP_054974321.1
DCN	XP_033019237.1	Lacerta agilis	117054473		357	kept	representative	XP_033019237.1 DCN [organism=Lacerta agilis] [GeneID=117054473]	Lacerta_agilis|DCN|XP_033019237.1
DCN	XP_056425361.1	Hyla sarda	130367002		354	kept	representative	XP_056425361.1 DCN [organism=Hyla sarda] [GeneID=130367002]	Hyla_sarda|DCN|XP_056425361.1
DCN	XP_083038510.1	Crinia signifera	146074385		353	kept	representative	XP_083038510.1 DCN [organism=Crinia signifera] [GeneID=146074385]	Crinia_signifera|DCN|XP_083038510.1
DCN	XP_058481511.1	Solea solea	131456860		359	kept	representative	XP_058481511.1 dcn [organism=Solea solea] [GeneID=131456860]	Solea_solea|DCN|XP_058481511.1
DCN	XP_027784671.2	Marmota flaviventris	114087391		360	kept	representative	XP_027784671.2 Dcn [organism=Marmota flaviventris] [GeneID=114087391]	Marmota_flaviventris|DCN|XP_027784671.2
DCN	XP_027784678.2	Marmota flaviventris	114087391		360	excluded	extra_isoform_same_locus	XP_027784678.2 Dcn [organism=Marmota flaviventris] [GeneID=114087391]	Marmota_flaviventris|DCN|XP_027784678.2
DCN	XP_071465753.1	Marmota flaviventris	114087391		360	excluded	extra_isoform_same_locus	XP_071465753.1 Dcn [organism=Marmota flaviventris] [GeneID=114087391]	Marmota_flaviventris|DCN|XP_071465753.1
DCN	XP_039648112.1	Perca fluviatilis	120553592		361	kept	representative	XP_039648112.1 dcn [organism=Perca fluviatilis] [GeneID=120553592]	Perca_fluviatilis|DCN|XP_039648112.1
DCN	XP_039648113.1	Perca fluviatilis	120553592		361	excluded	extra_isoform_same_locus	XP_039648113.1 dcn [organism=Perca fluviatilis] [GeneID=120553592]	Perca_fluviatilis|DCN|XP_039648113.1
DCN	XP_064558118.1	Zonotrichia leucophrys gambelii	135442342		358	kept	representative	XP_064558118.1 DCN [organism=Zonotrichia leucophrys gambelii] [GeneID=135442342]	Zonotrichia_leucophrys_gambelii|DCN|XP_064558118.1
DCN	XP_079510469.1	Notothenia rossii	307021851		366	kept	representative	XP_079510469.1 dcn [organism=Notothenia rossii] [GeneID=307021851]	Notothenia_rossii|DCN|XP_079510469.1
DCN	XP_008066900.1	Carlito syrichta	103271257	X1	361	kept	representative	XP_008066900.1 DCN [organism=Carlito syrichta] [GeneID=103271257] [isoform=X1]	Carlito_syrichta|DCN|XP_008066900.1
DCN	XP_008066901.1	Carlito syrichta	103271257	X1	361	excluded	extra_isoform_same_locus	XP_008066901.1 DCN [organism=Carlito syrichta] [GeneID=103271257] [isoform=X1]	Carlito_syrichta|DCN|XP_008066901.1
DCN	XP_021573569.1	Carlito syrichta	103271257	X1	361	excluded	extra_isoform_same_locus	XP_021573569.1 DCN [organism=Carlito syrichta] [GeneID=103271257] [isoform=X1]	Carlito_syrichta|DCN|XP_021573569.1
DCN	XP_021573570.1	Carlito syrichta	103271257	X2	214	excluded	relative_length	XP_021573570.1 DCN [organism=Carlito syrichta] [GeneID=103271257] [isoform=X2]	Carlito_syrichta|DCN|XP_021573570.1
DCN	XP_021573571.1	Carlito syrichta	103271257	X3	77	excluded	absolute_length	XP_021573571.1 DCN [organism=Carlito syrichta] [GeneID=103271257] [isoform=X3]	Carlito_syrichta|DCN|XP_021573571.1
DCN	XP_034628521.1	Trachemys scripta elegans	117878439		356	kept	representative	XP_034628521.1 DCN [organism=Trachemys scripta elegans] [GeneID=117878439]	Trachemys_scripta_elegans|DCN|XP_034628521.1
DCN	XP_020037970.1	Castor canadensis	109698283		364	kept	representative	XP_020037970.1 Dcn [organism=Castor canadensis] [GeneID=109698283]	Castor_canadensis|DCN|XP_020037970.1
DCN	XP_020037971.1	Castor canadensis	109698283		364	excluded	extra_isoform_same_locus	XP_020037971.1 Dcn [organism=Castor canadensis] [GeneID=109698283]	Castor_canadensis|DCN|XP_020037971.1
DCN	XP_020037972.1	Castor canadensis	109698283		364	excluded	extra_isoform_same_locus	XP_020037972.1 Dcn [organism=Castor canadensis] [GeneID=109698283]	Castor_canadensis|DCN|XP_020037972.1
DCN	XP_020037973.1	Castor canadensis	109698283		364	excluded	extra_isoform_same_locus	XP_020037973.1 Dcn [organism=Castor canadensis] [GeneID=109698283]	Castor_canadensis|DCN|XP_020037973.1
DCN	XP_073940197.1	Castor canadensis	109698283		364	excluded	extra_isoform_same_locus	XP_073940197.1 Dcn [organism=Castor canadensis] [GeneID=109698283]	Castor_canadensis|DCN|XP_073940197.1
DCN	XP_060745046.1	Tachysurus vachellii	132858666		365	kept	representative	XP_060745046.1 dcn [organism=Tachysurus vachellii] [GeneID=132858666]	Tachysurus_vachellii|DCN|XP_060745046.1
DCN	XP_087304719.1	Ceratotherium simum simum	101405189		360	kept	representative	XP_087304719.1 DCN [organism=Ceratotherium simum simum] [GeneID=101405189]	Ceratotherium_simum_simum|DCN|XP_087304719.1
DCN	XP_069714707.1	Phaenicophaeus curvirostris	138721469		357	kept	representative	XP_069714707.1 DCN [organism=Phaenicophaeus curvirostris] [GeneID=138721469]	Phaenicophaeus_curvirostris|DCN|XP_069714707.1
DCN	XP_055441766.1	Bubalus kerabau	129655416		360	kept	representative	XP_055441766.1 DCN [organism=Bubalus kerabau] [GeneID=129655416]	Bubalus_kerabau|DCN|XP_055441766.1
DCN	XP_055441776.1	Bubalus kerabau	129655416		360	excluded	extra_isoform_same_locus	XP_055441776.1 DCN [organism=Bubalus kerabau] [GeneID=129655416]	Bubalus_kerabau|DCN|XP_055441776.1
DCN	XP_055441786.1	Bubalus kerabau	129655416		360	excluded	extra_isoform_same_locus	XP_055441786.1 DCN [organism=Bubalus kerabau] [GeneID=129655416]	Bubalus_kerabau|DCN|XP_055441786.1
DCN	XP_084653386.1	Acomys minous	311606168	1	359	kept	representative	XP_084653386.1 DCN [organism=Acomys minous] [GeneID=311606168] [isoform=1]	Acomys_minous|DCN|XP_084653386.1
DCN	XP_084653387.1	Acomys minous	311606168	1	359	excluded	extra_isoform_same_locus	XP_084653387.1 DCN [organism=Acomys minous] [GeneID=311606168] [isoform=1]	Acomys_minous|DCN|XP_084653387.1
DCN	XP_028388245.1	Phyllostomus discolor	114513233		363	kept	representative	XP_028388245.1 DCN [organism=Phyllostomus discolor] [GeneID=114513233]	Phyllostomus_discolor|DCN|XP_028388245.1
DCN	XP_028388246.1	Phyllostomus discolor	114513233		363	excluded	extra_isoform_same_locus	XP_028388246.1 DCN [organism=Phyllostomus discolor] [GeneID=114513233]	Phyllostomus_discolor|DCN|XP_028388246.1
DCN	XP_047722825.1	Prionailurus viverrinus	125170327		360	kept	representative	XP_047722825.1 DCN [organism=Prionailurus viverrinus] [GeneID=125170327]	Prionailurus_viverrinus|DCN|XP_047722825.1
DCN	XP_047722826.1	Prionailurus viverrinus	125170327		360	excluded	extra_isoform_same_locus	XP_047722826.1 DCN [organism=Prionailurus viverrinus] [GeneID=125170327]	Prionailurus_viverrinus|DCN|XP_047722826.1
DCN	XP_047722827.1	Prionailurus viverrinus	125170327		360	excluded	extra_isoform_same_locus	XP_047722827.1 DCN [organism=Prionailurus viverrinus] [GeneID=125170327]	Prionailurus_viverrinus|DCN|XP_047722827.1
DCN	XP_084061736.1	Fringilla coelebs	311153641		358	kept	representative	XP_084061736.1 DCN [organism=Fringilla coelebs] [GeneID=311153641]	Fringilla_coelebs|DCN|XP_084061736.1
DCN	XP_014696748.1	Equus asinus	106831191		360	kept	representative	XP_014696748.1 DCN [organism=Equus asinus] [GeneID=106831191]	Equus_asinus|DCN|XP_014696748.1
DCN	XP_014696749.1	Equus asinus	106831191		360	excluded	extra_isoform_same_locus	XP_014696749.1 DCN [organism=Equus asinus] [GeneID=106831191]	Equus_asinus|DCN|XP_014696749.1
DCN	XP_021542999.1	Neomonachus schauinslandi	110577879		360	kept	representative	XP_021542999.1 DCN [organism=Neomonachus schauinslandi] [GeneID=110577879]	Neomonachus_schauinslandi|DCN|XP_021542999.1
DCN	XP_021543000.1	Neomonachus schauinslandi	110577879		360	excluded	extra_isoform_same_locus	XP_021543000.1 DCN [organism=Neomonachus schauinslandi] [GeneID=110577879]	Neomonachus_schauinslandi|DCN|XP_021543000.1
DCN	XP_027535661.1	Neopelma chrysocephalum	113965880		358	kept	representative	XP_027535661.1 DCN [organism=Neopelma chrysocephalum] [GeneID=113965880]	Neopelma_chrysocephalum|DCN|XP_027535661.1
DCN	XP_055506583.1	Leucoraja erinaceus	129706356		350	kept	representative	XP_055506583.1 dcn [organism=Leucoraja erinaceus] [GeneID=129706356]	Leucoraja_erinaceus|DCN|XP_055506583.1
DCN	XP_056311717.1	Danio aesculapii	130223045		373	kept	representative	XP_056311717.1 dcn [organism=Danio aesculapii] [GeneID=130223045]	Danio_aesculapii|DCN|XP_056311717.1
DCN	XP_056311718.1	Danio aesculapii	130223045		373	excluded	extra_isoform_same_locus	XP_056311718.1 dcn [organism=Danio aesculapii] [GeneID=130223045]	Danio_aesculapii|DCN|XP_056311718.1
DCN	XP_006063013.1	Bubalus bubalis	102401740		360	kept	representative	XP_006063013.1 DCN [organism=Bubalus bubalis] [GeneID=102401740]	Bubalus_bubalis|DCN|XP_006063013.1
DCN	XP_006063014.1	Bubalus bubalis	102401740		360	excluded	extra_isoform_same_locus	XP_006063014.1 DCN [organism=Bubalus bubalis] [GeneID=102401740]	Bubalus_bubalis|DCN|XP_006063014.1
DCN	XP_036257327.1	Molothrus ater	118698258		358	kept	representative	XP_036257327.1 DCN [organism=Molothrus ater] [GeneID=118698258]	Molothrus_ater|DCN|XP_036257327.1
DCN	XP_063252419.1	Prinia subflava	134550069		358	kept	representative	XP_063252419.1 DCN [organism=Prinia subflava] [GeneID=134550069]	Prinia_subflava|DCN|XP_063252419.1
DCN	XP_074798015.1	Natator depressus	141980576		357	kept	representative	XP_074798015.1 DCN [organism=Natator depressus] [GeneID=141980576]	Natator_depressus|DCN|XP_074798015.1
DCN	XP_075456557.1	Ascaphus truei	142495239		359	kept	representative	XP_075456557.1 DCN [organism=Ascaphus truei] [GeneID=142495239]	Ascaphus_truei|DCN|XP_075456557.1
DCN	XP_043877850.1	Solea senegalensis	122766760		359	kept	representative	XP_043877850.1 dcn [organism=Solea senegalensis] [GeneID=122766760]	Solea_senegalensis|DCN|XP_043877850.1
DCN	XP_050180118.1	Myiozetetes cayanensis	126644609		358	kept	representative	XP_050180118.1 DCN [organism=Myiozetetes cayanensis] [GeneID=126644609]	Myiozetetes_cayanensis|DCN|XP_050180118.1
DCN	XP_070611918.1	Erythrolamprus reginae	139169522		354	kept	representative	XP_070611918.1 DCN [organism=Erythrolamprus reginae] [GeneID=139169522]	Erythrolamprus_reginae|DCN|XP_070611918.1
DCN	XP_084111084.1	Talpa europaea	311184760	1	363	kept	representative	XP_084111084.1 DCN [organism=Talpa europaea] [GeneID=311184760] [isoform=1]	Talpa_europaea|DCN|XP_084111084.1
DCN	XP_084111085.1	Talpa europaea	311184760	2	254	excluded	extra_isoform_same_locus	XP_084111085.1 DCN [organism=Talpa europaea] [GeneID=311184760] [isoform=2]	Talpa_europaea|DCN|XP_084111085.1
DCN	XP_084111086.1	Talpa europaea	311184760	3	216	excluded	relative_length	XP_084111086.1 DCN [organism=Talpa europaea] [GeneID=311184760] [isoform=3]	Talpa_europaea|DCN|XP_084111086.1
DCN	XP_084111087.1	Talpa europaea	311184760	4	176	excluded	absolute_length	XP_084111087.1 DCN [organism=Talpa europaea] [GeneID=311184760] [isoform=4]	Talpa_europaea|DCN|XP_084111087.1
DCN	XP_051886237.1	Pristis pectinata	127578346		350	kept	representative	XP_051886237.1 dcn [organism=Pristis pectinata] [GeneID=127578346]	Pristis_pectinata|DCN|XP_051886237.1
DCN	XP_059258344.1	Mustela nigripes	132019369		360	kept	representative	XP_059258344.1 DCN [organism=Mustela nigripes] [GeneID=132019369]	Mustela_nigripes|DCN|XP_059258344.1
DCN	XP_059258345.1	Mustela nigripes	132019369		360	excluded	extra_isoform_same_locus	XP_059258345.1 DCN [organism=Mustela nigripes] [GeneID=132019369]	Mustela_nigripes|DCN|XP_059258345.1
DCN	NP_001911.1	Homo sapiens	1634	a preproprotein	359	kept	representative	NP_001911.1 DCN [organism=Homo sapiens] [GeneID=1634] [isoform=a preproprotein]	Homo_sapiens|DCN|NP_001911.1
DCN	NP_598010.1	Homo sapiens	1634	a preproprotein	359	excluded	extra_isoform_same_locus	NP_598010.1 DCN [organism=Homo sapiens] [GeneID=1634] [isoform=a preproprotein]	Homo_sapiens|DCN|NP_598010.1
DCN	NP_598011.1	Homo sapiens	1634	b precursor	250	excluded	relative_length	NP_598011.1 DCN [organism=Homo sapiens] [GeneID=1634] [isoform=b precursor]	Homo_sapiens|DCN|NP_598011.1
DCN	NP_598012.1	Homo sapiens	1634	c precursor	212	excluded	relative_length	NP_598012.1 DCN [organism=Homo sapiens] [GeneID=1634] [isoform=c precursor]	Homo_sapiens|DCN|NP_598012.1
DCN	NP_598013.1	Homo sapiens	1634	d precursor	172	excluded	absolute_length	NP_598013.1 DCN [organism=Homo sapiens] [GeneID=1634] [isoform=d precursor]	Homo_sapiens|DCN|NP_598013.1
DCN	NP_598014.1	Homo sapiens	1634	e precursor	75	excluded	absolute_length	NP_598014.1 DCN [organism=Homo sapiens] [GeneID=1634] [isoform=e precursor]	Homo_sapiens|DCN|NP_598014.1
DCN	XP_043943788.1	Protopterus annectens	122815387		375	kept	representative	XP_043943788.1 DCN [organism=Protopterus annectens] [GeneID=122815387]	Protopterus_annectens|DCN|XP_043943788.1
DCN	XP_058424660.1	Diceros bicornis minor	131421820		360	kept	representative	XP_058424660.1 DCN [organism=Diceros bicornis minor] [GeneID=131421820]	Diceros_bicornis_minor|DCN|XP_058424660.1
DCN	XP_003503923.1	Cricetulus griseus	100756152		362	kept	representative	XP_003503923.1 Dcn [organism=Cricetulus griseus] [GeneID=100756152]	Cricetulus_griseus|DCN|XP_003503923.1
DCN	XP_007642622.1	Cricetulus griseus	100756152		362	excluded	extra_isoform_same_locus	XP_007642622.1 Dcn [organism=Cricetulus griseus] [GeneID=100756152]	Cricetulus_griseus|DCN|XP_007642622.1
DCN	XP_027249931.1	Cricetulus griseus	100756152		362	excluded	extra_isoform_same_locus	XP_027249931.1 Dcn [organism=Cricetulus griseus] [GeneID=100756152]	Cricetulus_griseus|DCN|XP_027249931.1
DCN	XP_027249932.1	Cricetulus griseus	100756152		362	excluded	extra_isoform_same_locus	XP_027249932.1 Dcn [organism=Cricetulus griseus] [GeneID=100756152]	Cricetulus_griseus|DCN|XP_027249932.1
DCN	XP_009558221.1	Cuculus canorus	104058420		357	kept	representative	XP_009558221.1 DCN [organism=Cuculus canorus] [GeneID=104058420]	Cuculus_canorus|DCN|XP_009558221.1
DCN	XP_033076983.1	Trachypithecus francoisi	117089638		359	kept	representative	XP_033076983.1 DCN [organism=Trachypithecus francoisi] [GeneID=117089638]	Trachypithecus_francoisi|DCN|XP_033076983.1
DCN	XP_033076984.1	Trachypithecus francoisi	117089638		359	excluded	extra_isoform_same_locus	XP_033076984.1 DCN [organism=Trachypithecus francoisi] [GeneID=117089638]	Trachypithecus_francoisi|DCN|XP_033076984.1
DCN	XP_053169909.1	Scomber japonicus	128353247		362	kept	representative	XP_053169909.1 dcn [organism=Scomber japonicus] [GeneID=128353247]	Scomber_japonicus|DCN|XP_053169909.1
DCN	XP_045686444.1	Phyllostomus hastatus	123813477		361	kept	representative	XP_045686444.1 DCN [organism=Phyllostomus hastatus] [GeneID=123813477]	Phyllostomus_hastatus|DCN|XP_045686444.1
DCN	XP_045686445.1	Phyllostomus hastatus	123813477		361	excluded	extra_isoform_same_locus	XP_045686445.1 DCN [organism=Phyllostomus hastatus] [GeneID=123813477]	Phyllostomus_hastatus|DCN|XP_045686445.1
DCN	XP_056878472.1	Takifugu flavidus	130519249	X1	373	excluded	extra_isoform_same_locus	XP_056878472.1 dcn [organism=Takifugu flavidus] [GeneID=130519249] [isoform=X1]	Takifugu_flavidus|DCN|XP_056878472.1
DCN	XP_056878473.1	Takifugu flavidus	130519249	X2	365	kept	representative	XP_056878473.1 dcn [organism=Takifugu flavidus] [GeneID=130519249] [isoform=X2]	Takifugu_flavidus|DCN|XP_056878473.1
DCN	XP_062931077.1	Cynocephalus volans	134360518		360	kept	representative	XP_062931077.1 DCN [organism=Cynocephalus volans] [GeneID=134360518]	Cynocephalus_volans|DCN|XP_062931077.1
DCN	XP_062931078.1	Cynocephalus volans	134360518		360	excluded	extra_isoform_same_locus	XP_062931078.1 DCN [organism=Cynocephalus volans] [GeneID=134360518]	Cynocephalus_volans|DCN|XP_062931078.1
DCN	XP_079191206.1	Symphodus melops	306817868	1	408	excluded	extra_isoform_same_locus	XP_079191206.1 dcn [organism=Symphodus melops] [GeneID=306817868] [isoform=1]	Symphodus_melops|DCN|XP_079191206.1
DCN	XP_079191207.1	Symphodus melops	306817868	2	361	kept	representative	XP_079191207.1 dcn [organism=Symphodus melops] [GeneID=306817868] [isoform=2]	Symphodus_melops|DCN|XP_079191207.1
DCN	XP_084566756.1	Lutjanus erythropterus	146306884		362	kept	representative	XP_084566756.1 dcn [organism=Lutjanus erythropterus] [GeneID=146306884]	Lutjanus_erythropterus|DCN|XP_084566756.1
DCN	XP_084766271.1	Perissodus microlepis	146369290		358	kept	representative	XP_084766271.1 dcn [organism=Perissodus microlepis] [GeneID=146369290]	Perissodus_microlepis|DCN|XP_084766271.1
DCN	XP_026355694.1	Ursus arctos	113256177		360	kept	representative	XP_026355694.1 DCN [organism=Ursus arctos] [GeneID=113256177]	Ursus_arctos|DCN|XP_026355694.1
DCN	XP_026355695.1	Ursus arctos	113256177		360	excluded	extra_isoform_same_locus	XP_026355695.1 DCN [organism=Ursus arctos] [GeneID=113256177]	Ursus_arctos|DCN|XP_026355695.1
DCN	XP_077401446.1	Vanacampus margaritifer	144035554		363	kept	representative	XP_077401446.1 dcn [organism=Vanacampus margaritifer] [GeneID=144035554]	Vanacampus_margaritifer|DCN|XP_077401446.1
DCN	XP_079631375.1	Cnephaeus nilssonii	307101814	1	363	kept	representative	XP_079631375.1 DCN [organism=Cnephaeus nilssonii] [GeneID=307101814] [isoform=1]	Cnephaeus_nilssonii|DCN|XP_079631375.1
DCN	XP_079631376.1	Cnephaeus nilssonii	307101814	1	363	excluded	extra_isoform_same_locus	XP_079631376.1 DCN [organism=Cnephaeus nilssonii] [GeneID=307101814] [isoform=1]	Cnephaeus_nilssonii|DCN|XP_079631376.1
DCN	XP_007564139.1	Poecilia formosa	103146240		360	kept	representative	XP_007564139.1 dcn [organism=Poecilia formosa] [GeneID=103146240]	Poecilia_formosa|DCN|XP_007564139.1
DCN	XP_084117371.1	Gallinula chloropus	311189570		357	kept	representative	XP_084117371.1 DCN [organism=Gallinula chloropus] [GeneID=311189570]	Gallinula_chloropus|DCN|XP_084117371.1
DCN	XP_027016161.1	Tachysurus fulvidraco	113651572		366	kept	representative	XP_027016161.1 dcn [organism=Tachysurus fulvidraco] [GeneID=113651572]	Tachysurus_fulvidraco|DCN|XP_027016161.1
DCN	XP_085162054.1	Rhea americana	146595321		357	kept	representative	XP_085162054.1 DCN [organism=Rhea americana] [GeneID=146595321]	Rhea_americana|DCN|XP_085162054.1
DCN	XP_051062301.1	Phodopus roborovskii	127237920		362	kept	representative	XP_051062301.1 Dcn [organism=Phodopus roborovskii] [GeneID=127237920]	Phodopus_roborovskii|DCN|XP_051062301.1
DCN	XP_051062303.1	Phodopus roborovskii	127237920		362	excluded	extra_isoform_same_locus	XP_051062303.1 Dcn [organism=Phodopus roborovskii] [GeneID=127237920]	Phodopus_roborovskii|DCN|XP_051062303.1
DCN	XP_079119436.1	Telmatherina bonti	306773483		362	kept	representative	XP_079119436.1 dcn [organism=Telmatherina bonti] [GeneID=306773483]	Telmatherina_bonti|DCN|XP_079119436.1
DCN	XP_053883889.1	Malaclemys terrapin pileata	128837073		356	kept	representative	XP_053883889.1 DCN [organism=Malaclemys terrapin pileata] [GeneID=128837073]	Malaclemys_terrapin_pileata|DCN|XP_053883889.1
DCN	XP_058046870.1	Ahaetulla prasina	131202176		354	kept	representative	XP_058046870.1 DCN [organism=Ahaetulla prasina] [GeneID=131202176]	Ahaetulla_prasina|DCN|XP_058046870.1
DCN	XP_056435011.1	Gadus chalcogrammus	130372875		315	kept	representative	XP_056435011.1 dcn [organism=Gadus chalcogrammus] [GeneID=130372875]	Gadus_chalcogrammus|DCN|XP_056435011.1
DCN	XP_073410378.1	Dendrobates tinctorius	141058114		354	kept	representative	XP_073410378.1 DCN [organism=Dendrobates tinctorius] [GeneID=141058114]	Dendrobates_tinctorius|DCN|XP_073410378.1
DCN	XP_006923885.1	Pteropus alecto	102886864		353	kept	representative	XP_006923885.1 DCN [organism=Pteropus alecto] [GeneID=102886864]	Pteropus_alecto|DCN|XP_006923885.1
DCN	XP_015453890.1	Pteropus alecto	102886864		353	excluded	extra_isoform_same_locus	XP_015453890.1 DCN [organism=Pteropus alecto] [GeneID=102886864]	Pteropus_alecto|DCN|XP_015453890.1
DCN	XP_015484850.1	Parus major	107205137		358	kept	representative	XP_015484850.1 DCN [organism=Parus major] [GeneID=107205137]	Parus_major|DCN|XP_015484850.1
DCN	XP_069436773.1	Ovis canadensis	138435710		360	kept	representative	XP_069436773.1 DCN [organism=Ovis canadensis] [GeneID=138435710]	Ovis_canadensis|DCN|XP_069436773.1
DCN	XP_069436774.1	Ovis canadensis	138435710		360	excluded	extra_isoform_same_locus	XP_069436774.1 DCN [organism=Ovis canadensis] [GeneID=138435710]	Ovis_canadensis|DCN|XP_069436774.1
DCN	XP_075007099.1	Calonectris borealis	142082699		357	kept	representative	XP_075007099.1 DCN [organism=Calonectris borealis] [GeneID=142082699]	Calonectris_borealis|DCN|XP_075007099.1
DCN	NP_001025918.2	Gallus gallus	417892		357	kept	representative	NP_001025918.2 DCN [organism=Gallus gallus] [GeneID=417892]	Gallus_gallus|DCN|NP_001025918.2
DCN	XP_033807668.1	Geotrypetes seraphini	117363670		360	kept	representative	XP_033807668.1 DCN [organism=Geotrypetes seraphini] [GeneID=117363670]	Geotrypetes_seraphini|DCN|XP_033807668.1
DCN	XP_069084898.1	Pleurodeles waltl	138287868		361	kept	representative	XP_069084898.1 DCN [organism=Pleurodeles waltl] [GeneID=138287868]	Pleurodeles_waltl|DCN|XP_069084898.1
DCN	XP_079849595.1	Podarcis cretensis	307225556		357	kept	representative	XP_079849595.1 DCN [organism=Podarcis cretensis] [GeneID=307225556]	Podarcis_cretensis|DCN|XP_079849595.1
DCN	XP_025848003.1	Vulpes vulpes	112914904		360	kept	representative	XP_025848003.1 DCN [organism=Vulpes vulpes] [GeneID=112914904]	Vulpes_vulpes|DCN|XP_025848003.1
DCN	XP_025848004.1	Vulpes vulpes	112914904		360	excluded	extra_isoform_same_locus	XP_025848004.1 DCN [organism=Vulpes vulpes] [GeneID=112914904]	Vulpes_vulpes|DCN|XP_025848004.1
DCN	XP_050964601.1	Labeo rohita	127164621		374	kept	representative	XP_050964601.1 dcn [organism=Labeo rohita] [GeneID=127164621]	Labeo_rohita|DCN|XP_050964601.1
DCN	XP_050964602.1	Labeo rohita	127164621		374	excluded	extra_isoform_same_locus	XP_050964602.1 dcn [organism=Labeo rohita] [GeneID=127164621]	Labeo_rohita|DCN|XP_050964602.1
DCN	XP_083855320.1	Trachurus trachurus	311006377		361	kept	representative	XP_083855320.1 dcn [organism=Trachurus trachurus] [GeneID=311006377]	Trachurus_trachurus|DCN|XP_083855320.1
DCN	XP_036722650.1	Balaenoptera musculus	118902436		360	kept	representative	XP_036722650.1 DCN [organism=Balaenoptera musculus] [GeneID=118902436]	Balaenoptera_musculus|DCN|XP_036722650.1
DCN	XP_036722651.1	Balaenoptera musculus	118902436		360	excluded	extra_isoform_same_locus	XP_036722651.1 DCN [organism=Balaenoptera musculus] [GeneID=118902436]	Balaenoptera_musculus|DCN|XP_036722651.1
DCN	XP_056281282.1	Pseudoliparis swirei	130200773		360	kept	representative	XP_056281282.1 dcn [organism=Pseudoliparis swirei] [GeneID=130200773]	Pseudoliparis_swirei|DCN|XP_056281282.1
DCN	XP_068258156.1	Nyctibius grandis	137664208		357	kept	representative	XP_068258156.1 DCN [organism=Nyctibius grandis] [GeneID=137664208]	Nyctibius_grandis|DCN|XP_068258156.1
DCN	XP_068258157.1	Nyctibius grandis	137664208		357	excluded	extra_isoform_same_locus	XP_068258157.1 DCN [organism=Nyctibius grandis] [GeneID=137664208]	Nyctibius_grandis|DCN|XP_068258157.1
DCN	XP_087048713.1	Heterocephalus glaber	101714606		364	kept	representative	XP_087048713.1 Dcn [organism=Heterocephalus glaber] [GeneID=101714606]	Heterocephalus_glaber|DCN|XP_087048713.1
DCN	XP_087048714.1	Heterocephalus glaber	101714606		364	excluded	extra_isoform_same_locus	XP_087048714.1 Dcn [organism=Heterocephalus glaber] [GeneID=101714606]	Heterocephalus_glaber|DCN|XP_087048714.1
DCN	XP_087048715.1	Heterocephalus glaber	101714606		364	excluded	extra_isoform_same_locus	XP_087048715.1 Dcn [organism=Heterocephalus glaber] [GeneID=101714606]	Heterocephalus_glaber|DCN|XP_087048715.1
DCN	XP_087048716.1	Heterocephalus glaber	101714606		364	excluded	extra_isoform_same_locus	XP_087048716.1 Dcn [organism=Heterocephalus glaber] [GeneID=101714606]	Heterocephalus_glaber|DCN|XP_087048716.1
DCN	XP_087048717.1	Heterocephalus glaber	101714606		364	excluded	extra_isoform_same_locus	XP_087048717.1 Dcn [organism=Heterocephalus glaber] [GeneID=101714606]	Heterocephalus_glaber|DCN|XP_087048717.1
DCN	XP_070310417.1	Odocoileus virginianus	110149032		360	kept	representative	XP_070310417.1 DCN [organism=Odocoileus virginianus] [GeneID=110149032]	Odocoileus_virginianus|DCN|XP_070310417.1
DCN	XP_070310418.1	Odocoileus virginianus	110149032		360	excluded	extra_isoform_same_locus	XP_070310418.1 DCN [organism=Odocoileus virginianus] [GeneID=110149032]	Odocoileus_virginianus|DCN|XP_070310418.1
DCN	XP_042367340.1	Plectropomus leopardus	121961417		486	excluded	relative_length	XP_042367340.1 dcn [organism=Plectropomus leopardus] [GeneID=121961417]	Plectropomus_leopardus|DCN|XP_042367340.1
DCN	XP_006180831.1	Camelus ferus	102518914		360	kept	representative	XP_006180831.1 DCN [organism=Camelus ferus] [GeneID=102518914]	Camelus_ferus|DCN|XP_006180831.1
DCN	XP_006180832.1	Camelus ferus	102518914		360	excluded	extra_isoform_same_locus	XP_006180832.1 DCN [organism=Camelus ferus] [GeneID=102518914]	Camelus_ferus|DCN|XP_006180832.1
DCN	XP_023079100.1	Piliocolobus tephrosceles	111550047		359	kept	representative	XP_023079100.1 DCN [organism=Piliocolobus tephrosceles] [GeneID=111550047]	Piliocolobus_tephrosceles|DCN|XP_023079100.1
DCN	XP_023079167.1	Piliocolobus tephrosceles	111550047		359	excluded	extra_isoform_same_locus	XP_023079167.1 DCN [organism=Piliocolobus tephrosceles] [GeneID=111550047]	Piliocolobus_tephrosceles|DCN|XP_023079167.1
DCN	XP_083905936.1	Gymnoscopelus microlampas	311039820		370	kept	representative	XP_083905936.1 dcn [organism=Gymnoscopelus microlampas] [GeneID=311039820]	Gymnoscopelus_microlampas|DCN|XP_083905936.1
DCN	XP_040200076.1	Rana temporaria	120932048		354	kept	representative	XP_040200076.1 DCN [organism=Rana temporaria] [GeneID=120932048]	Rana_temporaria|DCN|XP_040200076.1
DCN	XP_049616581.1	Syngnathus scovelli	125992050		359	kept	representative	XP_049616581.1 dcn [organism=Syngnathus scovelli] [GeneID=125992050]	Syngnathus_scovelli|DCN|XP_049616581.1
DCN	XP_065145739.1	Paramisgurnus dabryanus	135779035		375	kept	representative	XP_065145739.1 dcn [organism=Paramisgurnus dabryanus] [GeneID=135779035]	Paramisgurnus_dabryanus|DCN|XP_065145739.1
DCN	XP_006989096.2	Peromyscus maniculatus bairdii	102925202		363	kept	representative	XP_006989096.2 Dcn [organism=Peromyscus maniculatus bairdii] [GeneID=102925202]	Peromyscus_maniculatus_bairdii|DCN|XP_006989096.2
DCN	XP_006989097.2	Peromyscus maniculatus bairdii	102925202		363	excluded	extra_isoform_same_locus	XP_006989097.2 Dcn [organism=Peromyscus maniculatus bairdii] [GeneID=102925202]	Peromyscus_maniculatus_bairdii|DCN|XP_006989097.2
DCN	XP_075716214.1	Rhinoderma darwinii	142751124		354	kept	representative	XP_075716214.1 DCN [organism=Rhinoderma darwinii] [GeneID=142751124]	Rhinoderma_darwinii|DCN|XP_075716214.1
DCN	XP_075130595.1	Leptodactylus fuscus	142203608		354	kept	representative	XP_075130595.1 DCN [organism=Leptodactylus fuscus] [GeneID=142203608]	Leptodactylus_fuscus|DCN|XP_075130595.1
DCN	XP_067553623.1	Pseudorca crassidens	137202261		360	kept	representative	XP_067553623.1 DCN [organism=Pseudorca crassidens] [GeneID=137202261]	Pseudorca_crassidens|DCN|XP_067553623.1
DCN	XP_067553624.1	Pseudorca crassidens	137202261		360	excluded	extra_isoform_same_locus	XP_067553624.1 DCN [organism=Pseudorca crassidens] [GeneID=137202261]	Pseudorca_crassidens|DCN|XP_067553624.1
DCN	XP_003202174.1	Meleagris gallopavo	100543191		357	kept	representative	XP_003202174.1 DCN [organism=Meleagris gallopavo] [GeneID=100543191]	Meleagris_gallopavo|DCN|XP_003202174.1
DCN	XP_005910148.1	Bos mutus	102278770		360	kept	representative	XP_005910148.1 DCN [organism=Bos mutus] [GeneID=102278770]	Bos_mutus|DCN|XP_005910148.1
DCN	XP_005910149.1	Bos mutus	102278770		360	excluded	extra_isoform_same_locus	XP_005910149.1 DCN [organism=Bos mutus] [GeneID=102278770]	Bos_mutus|DCN|XP_005910149.1
DCN	XP_045728821.1	Mirounga angustirostris	123843441		360	kept	representative	XP_045728821.1 DCN [organism=Mirounga angustirostris] [GeneID=123843441]	Mirounga_angustirostris|DCN|XP_045728821.1
DCN	XP_045728822.1	Mirounga angustirostris	123843441		360	excluded	extra_isoform_same_locus	XP_045728822.1 DCN [organism=Mirounga angustirostris] [GeneID=123843441]	Mirounga_angustirostris|DCN|XP_045728822.1
DCN	XP_026962975.1	Aethalodelphis obliquidens	113620822		360	kept	representative	XP_026962975.1 DCN [organism=Aethalodelphis obliquidens] [GeneID=113620822]	Aethalodelphis_obliquidens|DCN|XP_026962975.1
DCN	XP_026962976.1	Aethalodelphis obliquidens	113620822		360	excluded	extra_isoform_same_locus	XP_026962976.1 DCN [organism=Aethalodelphis obliquidens] [GeneID=113620822]	Aethalodelphis_obliquidens|DCN|XP_026962976.1
DCN	XP_086255047.1	Bos grunniens	147371393		360	kept	representative	XP_086255047.1 DCN [organism=Bos grunniens] [GeneID=147371393]	Bos_grunniens|DCN|XP_086255047.1
DCN	XP_086255048.1	Bos grunniens	147371393		360	excluded	extra_isoform_same_locus	XP_086255048.1 DCN [organism=Bos grunniens] [GeneID=147371393]	Bos_grunniens|DCN|XP_086255048.1
DCN	XP_057614107.1	Chionomys nivalis	130866584	X1	394	excluded	extra_isoform_same_locus	XP_057614107.1 Dcn [organism=Chionomys nivalis] [GeneID=130866584] [isoform=X1]	Chionomys_nivalis|DCN|XP_057614107.1
DCN	XP_057614109.1	Chionomys nivalis	130866584	X2	362	kept	representative	XP_057614109.1 Dcn [organism=Chionomys nivalis] [GeneID=130866584] [isoform=X2]	Chionomys_nivalis|DCN|XP_057614109.1
DCN	XP_057614110.1	Chionomys nivalis	130866584	X2	362	excluded	extra_isoform_same_locus	XP_057614110.1 Dcn [organism=Chionomys nivalis] [GeneID=130866584] [isoform=X2]	Chionomys_nivalis|DCN|XP_057614110.1
DCN	XP_057614111.1	Chionomys nivalis	130866584	X2	362	excluded	extra_isoform_same_locus	XP_057614111.1 Dcn [organism=Chionomys nivalis] [GeneID=130866584] [isoform=X2]	Chionomys_nivalis|DCN|XP_057614111.1
DCN	XP_051625968.1	Manacus candei	127461862		358	kept	representative	XP_051625968.1 DCN [organism=Manacus candei] [GeneID=127461862]	Manacus_candei|DCN|XP_051625968.1
DCN	XP_052630556.1	Harpia harpyja	128135566		357	kept	representative	XP_052630556.1 DCN [organism=Harpia harpyja] [GeneID=128135566]	Harpia_harpyja|DCN|XP_052630556.1
DCN	XP_065790265.1	Muntiacus reevesi	136167043		360	kept	representative	XP_065790265.1 DCN [organism=Muntiacus reevesi] [GeneID=136167043]	Muntiacus_reevesi|DCN|XP_065790265.1
DCN	XP_065790266.1	Muntiacus reevesi	136167043		360	excluded	extra_isoform_same_locus	XP_065790266.1 DCN [organism=Muntiacus reevesi] [GeneID=136167043]	Muntiacus_reevesi|DCN|XP_065790266.1
DCN	XP_080374251.1	Blennius ocellaris	308146350		362	kept	representative	XP_080374251.1 dcn [organism=Blennius ocellaris] [GeneID=308146350]	Blennius_ocellaris|DCN|XP_080374251.1
DCN	XP_005446360.1	Falco cherrug	102058345		357	kept	representative	XP_005446360.1 DCN [organism=Falco cherrug] [GeneID=102058345]	Falco_cherrug|DCN|XP_005446360.1
DCN	XP_039096163.1	Hyaena hyaena	120237080		360	kept	representative	XP_039096163.1 DCN [organism=Hyaena hyaena] [GeneID=120237080]	Hyaena_hyaena|DCN|XP_039096163.1
DCN	XP_039096164.1	Hyaena hyaena	120237080		360	excluded	extra_isoform_same_locus	XP_039096164.1 DCN [organism=Hyaena hyaena] [GeneID=120237080]	Hyaena_hyaena|DCN|XP_039096164.1
DCN	XP_039198236.1	Crotalus tigris	120307479		354	kept	representative	XP_039198236.1 DCN [organism=Crotalus tigris] [GeneID=120307479]	Crotalus_tigris|DCN|XP_039198236.1
DCN	XP_044533857.1	Gracilinanus agilis	123248986		362	kept	representative	XP_044533857.1 DCN [organism=Gracilinanus agilis] [GeneID=123248986]	Gracilinanus_agilis|DCN|XP_044533857.1
DCN	XP_044533858.1	Gracilinanus agilis	123248986		362	excluded	extra_isoform_same_locus	XP_044533858.1 DCN [organism=Gracilinanus agilis] [GeneID=123248986]	Gracilinanus_agilis|DCN|XP_044533858.1
DCN	XP_078996266.1	Sciurus vulgaris	306661282	1	360	kept	representative	XP_078996266.1 DCN [organism=Sciurus vulgaris] [GeneID=306661282] [isoform=1]	Sciurus_vulgaris|DCN|XP_078996266.1
DCN	XP_078996267.1	Sciurus vulgaris	306661282	1	360	excluded	extra_isoform_same_locus	XP_078996267.1 DCN [organism=Sciurus vulgaris] [GeneID=306661282] [isoform=1]	Sciurus_vulgaris|DCN|XP_078996267.1
DCN	XP_078996268.1	Sciurus vulgaris	306661282	1	360	excluded	extra_isoform_same_locus	XP_078996268.1 DCN [organism=Sciurus vulgaris] [GeneID=306661282] [isoform=1]	Sciurus_vulgaris|DCN|XP_078996268.1
DCN	XP_082164511.1	Platalea leucorodia	309588729		357	kept	representative	XP_082164511.1 DCN [organism=Platalea leucorodia] [GeneID=309588729]	Platalea_leucorodia|DCN|XP_082164511.1
DCN	XP_060101161.1	Heteronotia binoei	132576220		355	kept	representative	XP_060101161.1 DCN [organism=Heteronotia binoei] [GeneID=132576220]	Heteronotia_binoei|DCN|XP_060101161.1
DCN	XP_080938692.1	Myotis nattereri	308512877	1	363	kept	representative	XP_080938692.1 DCN [organism=Myotis nattereri] [GeneID=308512877] [isoform=1]	Myotis_nattereri|DCN|XP_080938692.1
DCN	XP_080938693.1	Myotis nattereri	308512877	1	363	excluded	extra_isoform_same_locus	XP_080938693.1 DCN [organism=Myotis nattereri] [GeneID=308512877] [isoform=1]	Myotis_nattereri|DCN|XP_080938693.1
DCN	XP_080938694.1	Myotis nattereri	308512877	2	325	excluded	extra_isoform_same_locus	XP_080938694.1 DCN [organism=Myotis nattereri] [GeneID=308512877] [isoform=2]	Myotis_nattereri|DCN|XP_080938694.1
DCN	XP_080938695.1	Myotis nattereri	308512877	2	325	excluded	extra_isoform_same_locus	XP_080938695.1 DCN [organism=Myotis nattereri] [GeneID=308512877] [isoform=2]	Myotis_nattereri|DCN|XP_080938695.1
DCN	XP_081277714.1	Grus grus	308720516		357	kept	representative	XP_081277714.1 DCN [organism=Grus grus] [GeneID=308720516]	Grus_grus|DCN|XP_081277714.1
DCN	XP_011887069.1	Cercocebus atys	105572760		359	kept	representative	XP_011887069.1 DCN [organism=Cercocebus atys] [GeneID=105572760]	Cercocebus_atys|DCN|XP_011887069.1
DCN	XP_011887070.1	Cercocebus atys	105572760		359	excluded	extra_isoform_same_locus	XP_011887070.1 DCN [organism=Cercocebus atys] [GeneID=105572760]	Cercocebus_atys|DCN|XP_011887070.1
DCN	XP_011887071.1	Cercocebus atys	105572760		359	excluded	extra_isoform_same_locus	XP_011887071.1 DCN [organism=Cercocebus atys] [GeneID=105572760]	Cercocebus_atys|DCN|XP_011887071.1
DCN	XP_027961226.1	Eumetopias jubatus	114210993		360	kept	representative	XP_027961226.1 DCN [organism=Eumetopias jubatus] [GeneID=114210993]	Eumetopias_jubatus|DCN|XP_027961226.1
DCN	XP_027961227.1	Eumetopias jubatus	114210993		360	excluded	extra_isoform_same_locus	XP_027961227.1 DCN [organism=Eumetopias jubatus] [GeneID=114210993]	Eumetopias_jubatus|DCN|XP_027961227.1
DCN	XP_061663322.1	Syngnathoides biaculeatus	133493682		363	kept	representative	XP_061663322.1 dcn [organism=Syngnathoides biaculeatus] [GeneID=133493682]	Syngnathoides_biaculeatus|DCN|XP_061663322.1
DCN	XP_081104247.1	Mesoplodon bidens	308624651	1	360	kept	representative	XP_081104247.1 DCN [organism=Mesoplodon bidens] [GeneID=308624651] [isoform=1]	Mesoplodon_bidens|DCN|XP_081104247.1
DCN	XP_081104248.1	Mesoplodon bidens	308624651	1	360	excluded	extra_isoform_same_locus	XP_081104248.1 DCN [organism=Mesoplodon bidens] [GeneID=308624651] [isoform=1]	Mesoplodon_bidens|DCN|XP_081104248.1
DCN	XP_084734965.1	Pipistrellus hanaki	311619989	1	363	kept	representative	XP_084734965.1 DCN [organism=Pipistrellus hanaki] [GeneID=311619989] [isoform=1]	Pipistrellus_hanaki|DCN|XP_084734965.1
DCN	XP_084734966.1	Pipistrellus hanaki	311619989	1	363	excluded	extra_isoform_same_locus	XP_084734966.1 DCN [organism=Pipistrellus hanaki] [GeneID=311619989] [isoform=1]	Pipistrellus_hanaki|DCN|XP_084734966.1
DCN	XP_071375286.1	Centroberyx affinis	139643892		362	kept	representative	XP_071375286.1 dcn [organism=Centroberyx affinis] [GeneID=139643892]	Centroberyx_affinis|DCN|XP_071375286.1
DCN	XP_076015037.1	Genypterus blacodes	143007533		361	kept	representative	XP_076015037.1 dcn [organism=Genypterus blacodes] [GeneID=143007533]	Genypterus_blacodes|DCN|XP_076015037.1
DCN	XP_080561511.1	Muscardinus avellanarius	308269882	1	360	kept	representative	XP_080561511.1 DCN [organism=Muscardinus avellanarius] [GeneID=308269882] [isoform=1]	Muscardinus_avellanarius|DCN|XP_080561511.1
DCN	XP_080561512.1	Muscardinus avellanarius	308269882	2	251	excluded	relative_length	XP_080561512.1 DCN [organism=Muscardinus avellanarius] [GeneID=308269882] [isoform=2]	Muscardinus_avellanarius|DCN|XP_080561512.1
DCN	XP_080561513.1	Muscardinus avellanarius	308269882	3	213	excluded	relative_length	XP_080561513.1 DCN [organism=Muscardinus avellanarius] [GeneID=308269882] [isoform=3]	Muscardinus_avellanarius|DCN|XP_080561513.1
DCN	XP_080561514.1	Muscardinus avellanarius	308269882	4	173	excluded	absolute_length	XP_080561514.1 DCN [organism=Muscardinus avellanarius] [GeneID=308269882] [isoform=4]	Muscardinus_avellanarius|DCN|XP_080561514.1
DCN	XP_023594353.1	Trichechus manatus latirostris	101351792		92	excluded	absolute_length	XP_023594353.1 DCN [organism=Trichechus manatus latirostris] [GeneID=101351792]	Trichechus_manatus_latirostris|DCN|XP_023594353.1
DCN	XP_009075302.1	Acanthisitta chloris	103804442		358	kept	representative	XP_009075302.1 DCN [organism=Acanthisitta chloris] [GeneID=103804442]	Acanthisitta_chloris|DCN|XP_009075302.1
DCN	XP_072311192.1	Eucyclogobius newberryi	140368172		363	kept	representative	XP_072311192.1 dcn [organism=Eucyclogobius newberryi] [GeneID=140368172]	Eucyclogobius_newberryi|DCN|XP_072311192.1
DCN	XP_076190494.1	Aptenodytes patagonicus	143158433		357	kept	representative	XP_076190494.1 DCN [organism=Aptenodytes patagonicus] [GeneID=143158433]	Aptenodytes_patagonicus|DCN|XP_076190494.1
DCN	XP_080047452.1	Carcharhinus amblyrhynchos	145344274		350	kept	representative	XP_080047452.1 dcn [organism=Carcharhinus amblyrhynchos] [GeneID=145344274]	Carcharhinus_amblyrhynchos|DCN|XP_080047452.1
DCN	XP_080047453.1	Carcharhinus amblyrhynchos	145344274		350	excluded	extra_isoform_same_locus	XP_080047453.1 dcn [organism=Carcharhinus amblyrhynchos] [GeneID=145344274]	Carcharhinus_amblyrhynchos|DCN|XP_080047453.1
DCN	XP_080047454.1	Carcharhinus amblyrhynchos	145344274		350	excluded	extra_isoform_same_locus	XP_080047454.1 dcn [organism=Carcharhinus amblyrhynchos] [GeneID=145344274]	Carcharhinus_amblyrhynchos|DCN|XP_080047454.1
DCN	XP_080047455.1	Carcharhinus amblyrhynchos	145344274		350	excluded	extra_isoform_same_locus	XP_080047455.1 dcn [organism=Carcharhinus amblyrhynchos] [GeneID=145344274]	Carcharhinus_amblyrhynchos|DCN|XP_080047455.1
DCN	XP_041521563.1	Microtus oregoni	121457009	X1	413	excluded	extra_isoform_same_locus	XP_041521563.1 Dcn [organism=Microtus oregoni] [GeneID=121457009] [isoform=X1]	Microtus_oregoni|DCN|XP_041521563.1
DCN	XP_041521571.1	Microtus oregoni	121457009	X2	362	kept	representative	XP_041521571.1 Dcn [organism=Microtus oregoni] [GeneID=121457009] [isoform=X2]	Microtus_oregoni|DCN|XP_041521571.1
DCN	XP_041521580.1	Microtus oregoni	121457009	X3	394	excluded	extra_isoform_same_locus	XP_041521580.1 Dcn [organism=Microtus oregoni] [GeneID=121457009] [isoform=X3]	Microtus_oregoni|DCN|XP_041521580.1
DCN	XP_041521586.1	Microtus oregoni	121457009	X2	362	excluded	extra_isoform_same_locus	XP_041521586.1 Dcn [organism=Microtus oregoni] [GeneID=121457009] [isoform=X2]	Microtus_oregoni|DCN|XP_041521586.1
DCN	XP_041521596.1	Microtus oregoni	121457009	X2	362	excluded	extra_isoform_same_locus	XP_041521596.1 Dcn [organism=Microtus oregoni] [GeneID=121457009] [isoform=X2]	Microtus_oregoni|DCN|XP_041521596.1
DCN	XP_043963645.1	Gambusia affinis	122826166		360	kept	representative	XP_043963645.1 dcn [organism=Gambusia affinis] [GeneID=122826166]	Gambusia_affinis|DCN|XP_043963645.1
DCN	XP_083816293.1	Clangula hyemalis	310978068		357	kept	representative	XP_083816293.1 DCN [organism=Clangula hyemalis] [GeneID=310978068]	Clangula_hyemalis|DCN|XP_083816293.1
DCN	XP_026002881.1	Astatotilapia calliptera	113009045		358	kept	representative	XP_026002881.1 dcn [organism=Astatotilapia calliptera] [GeneID=113009045]	Astatotilapia_calliptera|DCN|XP_026002881.1
DCN	XP_085865617.1	Somniosus microcephalus	147106408		350	kept	representative	XP_085865617.1 dcn [organism=Somniosus microcephalus] [GeneID=147106408]	Somniosus_microcephalus|DCN|XP_085865617.1
DCN	XP_085865618.1	Somniosus microcephalus	147106408		350	excluded	extra_isoform_same_locus	XP_085865618.1 dcn [organism=Somniosus microcephalus] [GeneID=147106408]	Somniosus_microcephalus|DCN|XP_085865618.1
DCN	XP_069345601.1	Eulemur rufifrons	138396323		360	kept	representative	XP_069345601.1 DCN [organism=Eulemur rufifrons] [GeneID=138396323]	Eulemur_rufifrons|DCN|XP_069345601.1
DCN	XP_069345602.1	Eulemur rufifrons	138396323		360	excluded	extra_isoform_same_locus	XP_069345602.1 DCN [organism=Eulemur rufifrons] [GeneID=138396323]	Eulemur_rufifrons|DCN|XP_069345602.1
DCN	XP_079438913.1	Gobius niger	306983076		363	kept	representative	XP_079438913.1 dcn [organism=Gobius niger] [GeneID=306983076]	Gobius_niger|DCN|XP_079438913.1
DCN	XP_010728935.1	Larimichthys crocea	104918780		360	kept	representative	XP_010728935.1 dcn [organism=Larimichthys crocea] [GeneID=104918780]	Larimichthys_crocea|DCN|XP_010728935.1
DCN	XP_027128059.1	Larimichthys crocea	104918780		360	excluded	extra_isoform_same_locus	XP_027128059.1 dcn [organism=Larimichthys crocea] [GeneID=104918780]	Larimichthys_crocea|DCN|XP_027128059.1
DCN	XP_005279205.1	Chrysemys picta bellii	101934814		356	kept	representative	XP_005279205.1 DCN [organism=Chrysemys picta bellii] [GeneID=101934814]	Chrysemys_picta_bellii|DCN|XP_005279205.1
DCN	XP_016016000.1	Rousettus aegyptiacus	107518651		353	kept	representative	XP_016016000.1 DCN [organism=Rousettus aegyptiacus] [GeneID=107518651]	Rousettus_aegyptiacus|DCN|XP_016016000.1
DCN	XP_016016001.1	Rousettus aegyptiacus	107518651		353	excluded	extra_isoform_same_locus	XP_016016001.1 DCN [organism=Rousettus aegyptiacus] [GeneID=107518651]	Rousettus_aegyptiacus|DCN|XP_016016001.1
DCN	XP_033470960.1	Epinephelus lanceolatus	117249419		362	kept	representative	XP_033470960.1 dcn [organism=Epinephelus lanceolatus] [GeneID=117249419]	Epinephelus_lanceolatus|DCN|XP_033470960.1
DCN	XP_080393573.1	Nansenia antarctica	308163264		362	kept	representative	XP_080393573.1 dcn [organism=Nansenia antarctica] [GeneID=308163264]	Nansenia_antarctica|DCN|XP_080393573.1
DCN	XP_040413572.1	Cygnus olor	121070460		357	kept	representative	XP_040413572.1 DCN [organism=Cygnus olor] [GeneID=121070460]	Cygnus_olor|DCN|XP_040413572.1
DCN	XP_058273218.1	Hemibagrus wyckioides	131370133		365	kept	representative	XP_058273218.1 dcn [organism=Hemibagrus wyckioides] [GeneID=131370133]	Hemibagrus_wyckioides|DCN|XP_058273218.1
DCN	XP_058273219.1	Hemibagrus wyckioides	131370133		365	excluded	extra_isoform_same_locus	XP_058273219.1 dcn [organism=Hemibagrus wyckioides] [GeneID=131370133]	Hemibagrus_wyckioides|DCN|XP_058273219.1
DCN	XP_064511540.1	Pseudopipra pipra	135414569		358	kept	representative	XP_064511540.1 DCN [organism=Pseudopipra pipra] [GeneID=135414569]	Pseudopipra_pipra|DCN|XP_064511540.1
DCN	XP_065271641.1	Emys orbicularis	135887803	X1	356	kept	representative	XP_065271641.1 DCN [organism=Emys orbicularis] [GeneID=135887803] [isoform=X1]	Emys_orbicularis|DCN|XP_065271641.1
DCN	XP_065271649.1	Emys orbicularis	135887803	X2	247	excluded	relative_length	XP_065271649.1 DCN [organism=Emys orbicularis] [GeneID=135887803] [isoform=X2]	Emys_orbicularis|DCN|XP_065271649.1
DCN	XP_065271657.1	Emys orbicularis	135887803	X3	209	excluded	relative_length	XP_065271657.1 DCN [organism=Emys orbicularis] [GeneID=135887803] [isoform=X3]	Emys_orbicularis|DCN|XP_065271657.1
DCN	XP_065271665.1	Emys orbicularis	135887803	X4	169	excluded	absolute_length	XP_065271665.1 DCN [organism=Emys orbicularis] [GeneID=135887803] [isoform=X4]	Emys_orbicularis|DCN|XP_065271665.1
DCN	XP_008277094.1	Stegastes partitus	103355177		362	kept	representative	XP_008277094.1 dcn [organism=Stegastes partitus] [GeneID=103355177]	Stegastes_partitus|DCN|XP_008277094.1
DCN	XP_026182650.1	Mastacembelus armatus	113142086		362	kept	representative	XP_026182650.1 dcn [organism=Mastacembelus armatus] [GeneID=113142086]	Mastacembelus_armatus|DCN|XP_026182650.1
DCN	XP_026182651.1	Mastacembelus armatus	113142086		362	excluded	extra_isoform_same_locus	XP_026182651.1 dcn [organism=Mastacembelus armatus] [GeneID=113142086]	Mastacembelus_armatus|DCN|XP_026182651.1
DCN	XP_082023011.1	Leuciscus leuciscus	309496772	1	370	kept	representative	XP_082023011.1 dcn [organism=Leuciscus leuciscus] [GeneID=309496772] [isoform=1]	Leuciscus_leuciscus|DCN|XP_082023011.1
DCN	XP_082023012.1	Leuciscus leuciscus	309496772	1	370	excluded	extra_isoform_same_locus	XP_082023012.1 dcn [organism=Leuciscus leuciscus] [GeneID=309496772] [isoform=1]	Leuciscus_leuciscus|DCN|XP_082023012.1
DCN	XP_051818767.1	Antechinus flavipes	127538939		360	kept	representative	XP_051818767.1 DCN [organism=Antechinus flavipes] [GeneID=127538939]	Antechinus_flavipes|DCN|XP_051818767.1
DCN	XP_051818768.1	Antechinus flavipes	127538939		360	excluded	extra_isoform_same_locus	XP_051818768.1 DCN [organism=Antechinus flavipes] [GeneID=127538939]	Antechinus_flavipes|DCN|XP_051818768.1
DCN	XP_060885792.1	Labrus mixtus	132956387		361	kept	representative	XP_060885792.1 dcn [organism=Labrus mixtus] [GeneID=132956387]	Labrus_mixtus|DCN|XP_060885792.1
DCN	NP_999085.2	Sus scrofa	396957		360	kept	representative	NP_999085.2 DCN [organism=Sus scrofa] [GeneID=396957]	Sus_scrofa|DCN|NP_999085.2
DCN	XP_084880861.1	Sus scrofa	396957	X1	360	excluded	extra_isoform_same_locus	XP_084880861.1 DCN [organism=Sus scrofa] [GeneID=396957] [isoform=X1]	Sus_scrofa|DCN|XP_084880861.1
DCN	XP_084880862.1	Sus scrofa	396957	X1	360	excluded	extra_isoform_same_locus	XP_084880862.1 DCN [organism=Sus scrofa] [GeneID=396957] [isoform=X1]	Sus_scrofa|DCN|XP_084880862.1
DCN	XP_025738346.1	Callorhinus ursinus	112832052		360	kept	representative	XP_025738346.1 DCN [organism=Callorhinus ursinus] [GeneID=112832052]	Callorhinus_ursinus|DCN|XP_025738346.1
DCN	XP_025738347.1	Callorhinus ursinus	112832052		360	excluded	extra_isoform_same_locus	XP_025738347.1 DCN [organism=Callorhinus ursinus] [GeneID=112832052]	Callorhinus_ursinus|DCN|XP_025738347.1
DCN	XP_025959916.1	Dromaius novaehollandiae	112985486		357	kept	representative	XP_025959916.1 DCN [organism=Dromaius novaehollandiae] [GeneID=112985486]	Dromaius_novaehollandiae|DCN|XP_025959916.1
DCN	XP_036025728.1	Onychomys torridus	118570999		363	kept	representative	XP_036025728.1 Dcn [organism=Onychomys torridus] [GeneID=118570999]	Onychomys_torridus|DCN|XP_036025728.1
DCN	XP_036025729.1	Onychomys torridus	118570999		363	excluded	extra_isoform_same_locus	XP_036025729.1 Dcn [organism=Onychomys torridus] [GeneID=118570999]	Onychomys_torridus|DCN|XP_036025729.1
DCN	XP_051028589.1	Acomys russatus	127212556		359	kept	representative	XP_051028589.1 Dcn [organism=Acomys russatus] [GeneID=127212556]	Acomys_russatus|DCN|XP_051028589.1
DCN	XP_051028590.1	Acomys russatus	127212556		359	excluded	extra_isoform_same_locus	XP_051028590.1 Dcn [organism=Acomys russatus] [GeneID=127212556]	Acomys_russatus|DCN|XP_051028590.1
DCN	NP_001075799.1	Oryctolagus cuniculus	100009171		360	kept	representative	NP_001075799.1 DCN [organism=Oryctolagus cuniculus] [GeneID=100009171]	Oryctolagus_cuniculus|DCN|NP_001075799.1
DCN	XP_008254943.1	Oryctolagus cuniculus	100009171	X1	360	excluded	extra_isoform_same_locus	XP_008254943.1 DCN [organism=Oryctolagus cuniculus] [GeneID=100009171] [isoform=X1]	Oryctolagus_cuniculus|DCN|XP_008254943.1
DCN	XP_008254944.1	Oryctolagus cuniculus	100009171	X1	360	excluded	extra_isoform_same_locus	XP_008254944.1 DCN [organism=Oryctolagus cuniculus] [GeneID=100009171] [isoform=X1]	Oryctolagus_cuniculus|DCN|XP_008254944.1
DCN	XP_005324491.1	Ictidomys tridecemlineatus	101975872		360	kept	representative	XP_005324491.1 Dcn [organism=Ictidomys tridecemlineatus] [GeneID=101975872]	Ictidomys_tridecemlineatus|DCN|XP_005324491.1
DCN	XP_005324492.1	Ictidomys tridecemlineatus	101975872		360	excluded	extra_isoform_same_locus	XP_005324492.1 Dcn [organism=Ictidomys tridecemlineatus] [GeneID=101975872]	Ictidomys_tridecemlineatus|DCN|XP_005324492.1
DCN	XP_013213685.1	Ictidomys tridecemlineatus	101975872		360	excluded	extra_isoform_same_locus	XP_013213685.1 Dcn [organism=Ictidomys tridecemlineatus] [GeneID=101975872]	Ictidomys_tridecemlineatus|DCN|XP_013213685.1
DCN	XP_060020978.1	Lagenorhynchus albirostris	132528856		360	kept	representative	XP_060020978.1 DCN [organism=Lagenorhynchus albirostris] [GeneID=132528856]	Lagenorhynchus_albirostris|DCN|XP_060020978.1
DCN	XP_060020979.1	Lagenorhynchus albirostris	132528856		360	excluded	extra_isoform_same_locus	XP_060020979.1 DCN [organism=Lagenorhynchus albirostris] [GeneID=132528856]	Lagenorhynchus_albirostris|DCN|XP_060020979.1
DCN	XP_060020980.1	Lagenorhynchus albirostris	132528856		360	excluded	extra_isoform_same_locus	XP_060020980.1 DCN [organism=Lagenorhynchus albirostris] [GeneID=132528856]	Lagenorhynchus_albirostris|DCN|XP_060020980.1
DCN	XP_060923070.1	Limanda limanda	132996708		360	kept	representative	XP_060923070.1 dcn [organism=Limanda limanda] [GeneID=132996708]	Limanda_limanda|DCN|XP_060923070.1
DCN	XP_061107531.1	Conger conger	133134932		364	kept	representative	XP_061107531.1 dcn [organism=Conger conger] [GeneID=133134932]	Conger_conger|DCN|XP_061107531.1
DCN	XP_067855419.1	Heptranchias perlo	137334556		350	kept	representative	XP_067855419.1 dcn [organism=Heptranchias perlo] [GeneID=137334556]	Heptranchias_perlo|DCN|XP_067855419.1
DCN	XP_004415612.1	Odobenus rosmarus divergens	101363601		360	kept	representative	XP_004415612.1 DCN [organism=Odobenus rosmarus divergens] [GeneID=101363601]	Odobenus_rosmarus_divergens|DCN|XP_004415612.1
DCN	XP_004415613.1	Odobenus rosmarus divergens	101363601		360	excluded	extra_isoform_same_locus	XP_004415613.1 DCN [organism=Odobenus rosmarus divergens] [GeneID=101363601]	Odobenus_rosmarus_divergens|DCN|XP_004415613.1
DCN	XP_053364418.1	Clarias gariepinus	128534146		366	kept	representative	XP_053364418.1 dcn [organism=Clarias gariepinus] [GeneID=128534146]	Clarias_gariepinus|DCN|XP_053364418.1
DCN	XP_072629145.1	Canis lupus baileyi	140602851		360	kept	representative	XP_072629145.1 DCN [organism=Canis lupus baileyi] [GeneID=140602851]	Canis_lupus_baileyi|DCN|XP_072629145.1
DCN	XP_072629146.1	Canis lupus baileyi	140602851		360	excluded	extra_isoform_same_locus	XP_072629146.1 DCN [organism=Canis lupus baileyi] [GeneID=140602851]	Canis_lupus_baileyi|DCN|XP_072629146.1
DCN	XP_072629147.1	Canis lupus baileyi	140602851		360	excluded	extra_isoform_same_locus	XP_072629147.1 DCN [organism=Canis lupus baileyi] [GeneID=140602851]	Canis_lupus_baileyi|DCN|XP_072629147.1
DCN	XP_072629148.1	Canis lupus baileyi	140602851		360	excluded	extra_isoform_same_locus	XP_072629148.1 DCN [organism=Canis lupus baileyi] [GeneID=140602851]	Canis_lupus_baileyi|DCN|XP_072629148.1
DCN	XP_072629149.1	Canis lupus baileyi	140602851		360	excluded	extra_isoform_same_locus	XP_072629149.1 DCN [organism=Canis lupus baileyi] [GeneID=140602851]	Canis_lupus_baileyi|DCN|XP_072629149.1
DCN	XP_072629150.1	Canis lupus baileyi	140602851		360	excluded	extra_isoform_same_locus	XP_072629150.1 DCN [organism=Canis lupus baileyi] [GeneID=140602851]	Canis_lupus_baileyi|DCN|XP_072629150.1
DCN	XP_072629151.1	Canis lupus baileyi	140602851		360	excluded	extra_isoform_same_locus	XP_072629151.1 DCN [organism=Canis lupus baileyi] [GeneID=140602851]	Canis_lupus_baileyi|DCN|XP_072629151.1
DCN	XP_072629152.1	Canis lupus baileyi	140602851		360	excluded	extra_isoform_same_locus	XP_072629152.1 DCN [organism=Canis lupus baileyi] [GeneID=140602851]	Canis_lupus_baileyi|DCN|XP_072629152.1
DCN	XP_072629153.1	Canis lupus baileyi	140602851		360	excluded	extra_isoform_same_locus	XP_072629153.1 DCN [organism=Canis lupus baileyi] [GeneID=140602851]	Canis_lupus_baileyi|DCN|XP_072629153.1
DCN	XP_072629155.1	Canis lupus baileyi	140602851		360	excluded	extra_isoform_same_locus	XP_072629155.1 DCN [organism=Canis lupus baileyi] [GeneID=140602851]	Canis_lupus_baileyi|DCN|XP_072629155.1
DCN	XP_072629156.1	Canis lupus baileyi	140602851		360	excluded	extra_isoform_same_locus	XP_072629156.1 DCN [organism=Canis lupus baileyi] [GeneID=140602851]	Canis_lupus_baileyi|DCN|XP_072629156.1
DCN	XP_072629157.1	Canis lupus baileyi	140602851		360	excluded	extra_isoform_same_locus	XP_072629157.1 DCN [organism=Canis lupus baileyi] [GeneID=140602851]	Canis_lupus_baileyi|DCN|XP_072629157.1
DCN	XP_072629158.1	Canis lupus baileyi	140602851		360	excluded	extra_isoform_same_locus	XP_072629158.1 DCN [organism=Canis lupus baileyi] [GeneID=140602851]	Canis_lupus_baileyi|DCN|XP_072629158.1
DCN	XP_072629159.1	Canis lupus baileyi	140602851		360	excluded	extra_isoform_same_locus	XP_072629159.1 DCN [organism=Canis lupus baileyi] [GeneID=140602851]	Canis_lupus_baileyi|DCN|XP_072629159.1
DCN	XP_063761498.1	Eleginops maclovinus	134879105		367	kept	representative	XP_063761498.1 dcn [organism=Eleginops maclovinus] [GeneID=134879105]	Eleginops_maclovinus|DCN|XP_063761498.1
DCN	XP_073693864.1	Garra rufa	141332803		189	excluded	relative_length	XP_073693864.1 dcn [organism=Garra rufa] [GeneID=141332803]	Garra_rufa|DCN|XP_073693864.1
DCN	XP_028305488.1	Gouania willdenowi	114464990		362	kept	representative	XP_028305488.1 dcn [organism=Gouania willdenowi] [GeneID=114464990]	Gouania_willdenowi|DCN|XP_028305488.1
DCN	XP_038594531.1	Micropterus salmoides	119918080		362	kept	representative	XP_038594531.1 dcn [organism=Micropterus salmoides] [GeneID=119918080]	Micropterus_salmoides|DCN|XP_038594531.1
DCN	XP_038594532.1	Micropterus salmoides	119918080		362	excluded	extra_isoform_same_locus	XP_038594532.1 dcn [organism=Micropterus salmoides] [GeneID=119918080]	Micropterus_salmoides|DCN|XP_038594532.1
DCN	XP_049422328.1	Epinephelus fuscoguttatus	125882587		362	kept	representative	XP_049422328.1 dcn [organism=Epinephelus fuscoguttatus] [GeneID=125882587]	Epinephelus_fuscoguttatus|DCN|XP_049422328.1
DCN	XP_065502784.1	Caloenas nicobarica	135995418		357	kept	representative	XP_065502784.1 DCN [organism=Caloenas nicobarica] [GeneID=135995418]	Caloenas_nicobarica|DCN|XP_065502784.1
DCN	XP_072407929.1	Chiloscyllium punctatum	140457959		350	kept	representative	XP_072407929.1 dcn [organism=Chiloscyllium punctatum] [GeneID=140457959]	Chiloscyllium_punctatum|DCN|XP_072407929.1
DCN	XP_074082669.1	Macrotis lagotis	141515192		358	kept	representative	XP_074082669.1 DCN [organism=Macrotis lagotis] [GeneID=141515192]	Macrotis_lagotis|DCN|XP_074082669.1
DCN	XP_067437415.1	Thunnus thynnus	137175569		364	kept	representative	XP_067437415.1 dcn [organism=Thunnus thynnus] [GeneID=137175569]	Thunnus_thynnus|DCN|XP_067437415.1
DCN	XP_080986895.1	Miniopterus schreibersii	308554048		365	kept	representative	XP_080986895.1 DCN [organism=Miniopterus schreibersii] [GeneID=308554048]	Miniopterus_schreibersii|DCN|XP_080986895.1
DCN	XP_016070754.1	Miniopterus natalensis	107538917		365	kept	representative	XP_016070754.1 DCN [organism=Miniopterus natalensis] [GeneID=107538917]	Miniopterus_natalensis|DCN|XP_016070754.1
DCN	XP_003221092.1	Anolis carolinensis	100561696		357	kept	representative	XP_003221092.1 dcn [organism=Anolis carolinensis] [GeneID=100561696]	Anolis_carolinensis|DCN|XP_003221092.1
DCN	XP_010285732.1	Phaethon lepturus	104621044		306	kept	representative	XP_010285732.1 DCN [organism=Phaethon lepturus] [GeneID=104621044]	Phaethon_lepturus|DCN|XP_010285732.1
DCN	XP_009577917.1	Fulmarus glacialis	104078106		212	excluded	relative_length	XP_009577917.1 DCN [organism=Fulmarus glacialis] [GeneID=104078106]	Fulmarus_glacialis|DCN|XP_009577917.1
DCN	XP_054039989.1	Rissa tridactyla	128901844		357	kept	representative	XP_054039989.1 DCN [organism=Rissa tridactyla] [GeneID=128901844]	Rissa_tridactyla|DCN|XP_054039989.1
DCN	XP_079793316.1	Stenella coeruleoalba	307194237	1	360	kept	representative	XP_079793316.1 DCN [organism=Stenella coeruleoalba] [GeneID=307194237] [isoform=1]	Stenella_coeruleoalba|DCN|XP_079793316.1
DCN	XP_079793317.1	Stenella coeruleoalba	307194237	1	360	excluded	extra_isoform_same_locus	XP_079793317.1 DCN [organism=Stenella coeruleoalba] [GeneID=307194237] [isoform=1]	Stenella_coeruleoalba|DCN|XP_079793317.1
DCN	XP_083515886.1	Poromitra crassiceps	310797392	1	364	kept	representative	XP_083515886.1 dcn [organism=Poromitra crassiceps] [GeneID=310797392] [isoform=1]	Poromitra_crassiceps|DCN|XP_083515886.1
DCN	XP_083515887.1	Poromitra crassiceps	310797392	1	364	excluded	extra_isoform_same_locus	XP_083515887.1 dcn [organism=Poromitra crassiceps] [GeneID=310797392] [isoform=1]	Poromitra_crassiceps|DCN|XP_083515887.1
DCN	XP_048157913.1	Corvus hawaiiensis	125325174		358	kept	representative	XP_048157913.1 DCN [organism=Corvus hawaiiensis] [GeneID=125325174]	Corvus_hawaiiensis|DCN|XP_048157913.1
DCN	XP_073724449.1	Misgurnus anguillicaudatus	129432585		378	kept	representative	XP_073724449.1 dcn [organism=Misgurnus anguillicaudatus] [GeneID=129432585]	Misgurnus_anguillicaudatus|DCN|XP_073724449.1
DCN	XP_062989877.1	Elgaria multicarinata webbii	134403541		355	kept	representative	XP_062989877.1 DCN [organism=Elgaria multicarinata webbii] [GeneID=134403541]	Elgaria_multicarinata_webbii|DCN|XP_062989877.1
DCN	XP_062989878.1	Elgaria multicarinata webbii	134403541		355	excluded	extra_isoform_same_locus	XP_062989878.1 DCN [organism=Elgaria multicarinata webbii] [GeneID=134403541]	Elgaria_multicarinata_webbii|DCN|XP_062989878.1
DCN	XP_031456343.1	Phasianus colchicus	116233511		357	kept	representative	XP_031456343.1 DCN [organism=Phasianus colchicus] [GeneID=116233511]	Phasianus_colchicus|DCN|XP_031456343.1
DCN	XP_034843743.1	Mirounga leonina	117998900	X1	360	kept	representative	XP_034843743.1 DCN [organism=Mirounga leonina] [GeneID=117998900] [isoform=X1]	Mirounga_leonina|DCN|XP_034843743.1
DCN	XP_034843744.1	Mirounga leonina	117998900	X1	360	excluded	extra_isoform_same_locus	XP_034843744.1 DCN [organism=Mirounga leonina] [GeneID=117998900] [isoform=X1]	Mirounga_leonina|DCN|XP_034843744.1
DCN	XP_034843745.1	Mirounga leonina	117998900	X2	79	excluded	absolute_length	XP_034843745.1 DCN [organism=Mirounga leonina] [GeneID=117998900] [isoform=X2]	Mirounga_leonina|DCN|XP_034843745.1
DCN	XP_061207291.1	Neopsephotus bourkii	133211145		357	kept	representative	XP_061207291.1 DCN [organism=Neopsephotus bourkii] [GeneID=133211145]	Neopsephotus_bourkii|DCN|XP_061207291.1
DCN	XP_065599228.1	Cyrtonyx montezumae	136052784		357	kept	representative	XP_065599228.1 DCN [organism=Cyrtonyx montezumae] [GeneID=136052784]	Cyrtonyx_montezumae|DCN|XP_065599228.1
DCN	XP_068856090.1	Aphelocoma coerulescens	138102273		358	kept	representative	XP_068856090.1 DCN [organism=Aphelocoma coerulescens] [GeneID=138102273]	Aphelocoma_coerulescens|DCN|XP_068856090.1
DCN	XP_028255101.1	Parambassis ranga	114431707		356	kept	representative	XP_028255101.1 dcn [organism=Parambassis ranga] [GeneID=114431707]	Parambassis_ranga|DCN|XP_028255101.1
DCN	XP_028255102.1	Parambassis ranga	114431707		356	excluded	extra_isoform_same_locus	XP_028255102.1 dcn [organism=Parambassis ranga] [GeneID=114431707]	Parambassis_ranga|DCN|XP_028255102.1
DCN	XP_027698277.1	Vombatus ursinus	114028236		356	kept	representative	XP_027698277.1 DCN [organism=Vombatus ursinus] [GeneID=114028236]	Vombatus_ursinus|DCN|XP_027698277.1
DCN	XP_027698279.1	Vombatus ursinus	114028236		356	excluded	extra_isoform_same_locus	XP_027698279.1 DCN [organism=Vombatus ursinus] [GeneID=114028236]	Vombatus_ursinus|DCN|XP_027698279.1
DCN	XP_027698280.1	Vombatus ursinus	114028236		356	excluded	extra_isoform_same_locus	XP_027698280.1 DCN [organism=Vombatus ursinus] [GeneID=114028236]	Vombatus_ursinus|DCN|XP_027698280.1
DCN	XP_063164991.1	Candoia aspera	134501269		354	kept	representative	XP_063164991.1 DCN [organism=Candoia aspera] [GeneID=134501269]	Candoia_aspera|DCN|XP_063164991.1
DCN	XP_004083107.1	Oryzias latipes	101170066		362	kept	representative	XP_004083107.1 dcn [organism=Oryzias latipes] [GeneID=101170066]	Oryzias_latipes|DCN|XP_004083107.1
DCN	XP_078797694.1	Oryzias latipes	101170066		362	excluded	extra_isoform_same_locus	XP_078797694.1 dcn [organism=Oryzias latipes] [GeneID=101170066]	Oryzias_latipes|DCN|XP_078797694.1
DCN	XP_038170610.1	Arvicola amphibius	119803395		362	kept	representative	XP_038170610.1 Dcn [organism=Arvicola amphibius] [GeneID=119803395]	Arvicola_amphibius|DCN|XP_038170610.1
DCN	XP_038170611.1	Arvicola amphibius	119803395		362	excluded	extra_isoform_same_locus	XP_038170611.1 Dcn [organism=Arvicola amphibius] [GeneID=119803395]	Arvicola_amphibius|DCN|XP_038170611.1
DCN	XP_019400795.1	Crocodylus porosus	109316870		357	kept	representative	XP_019400795.1 DCN [organism=Crocodylus porosus] [GeneID=109316870]	Crocodylus_porosus|DCN|XP_019400795.1
DCN	XP_060759443.1	Neoarius graeffei	132869914		368	kept	representative	XP_060759443.1 dcn [organism=Neoarius graeffei] [GeneID=132869914]	Neoarius_graeffei|DCN|XP_060759443.1
DCN	XP_069845843.1	Dipodomys merriami	138805147		370	kept	representative	XP_069845843.1 Dcn [organism=Dipodomys merriami] [GeneID=138805147]	Dipodomys_merriami|DCN|XP_069845843.1
DCN	XP_069845845.1	Dipodomys merriami	138805147		370	excluded	extra_isoform_same_locus	XP_069845845.1 Dcn [organism=Dipodomys merriami] [GeneID=138805147]	Dipodomys_merriami|DCN|XP_069845845.1
DCN	XP_004459879.1	Dasypus novemcinctus	101445012		361	kept	representative	XP_004459879.1 DCN [organism=Dasypus novemcinctus] [GeneID=101445012]	Dasypus_novemcinctus|DCN|XP_004459879.1
DCN	XP_004459880.1	Dasypus novemcinctus	101445012		361	excluded	extra_isoform_same_locus	XP_004459880.1 DCN [organism=Dasypus novemcinctus] [GeneID=101445012]	Dasypus_novemcinctus|DCN|XP_004459880.1
DCN	NP_001075394.1	Equus caballus	100034120		360	kept	representative	NP_001075394.1 DCN [organism=Equus caballus] [GeneID=100034120]	Equus_caballus|DCN|NP_001075394.1
DCN	XP_005606524.1	Equus caballus	100034120	X1	360	excluded	extra_isoform_same_locus	XP_005606524.1 DCN [organism=Equus caballus] [GeneID=100034120] [isoform=X1]	Equus_caballus|DCN|XP_005606524.1
DCN	XP_054480304.1	Anoplopoma fimbria	129112296		360	kept	representative	XP_054480304.1 dcn [organism=Anoplopoma fimbria] [GeneID=129112296]	Anoplopoma_fimbria|DCN|XP_054480304.1
DCN	XP_056369182.1	Oenanthe melanoleuca	130264743		358	kept	representative	XP_056369182.1 DCN [organism=Oenanthe melanoleuca] [GeneID=130264743]	Oenanthe_melanoleuca|DCN|XP_056369182.1
DCN	XP_056369189.1	Oenanthe melanoleuca	130264743		358	excluded	extra_isoform_same_locus	XP_056369189.1 DCN [organism=Oenanthe melanoleuca] [GeneID=130264743]	Oenanthe_melanoleuca|DCN|XP_056369189.1
DCN	XP_068132915.1	Hyperolius riggenbachi	137563833	X1	354	kept	representative	XP_068132915.1 DCN [organism=Hyperolius riggenbachi] [GeneID=137563833] [isoform=X1]	Hyperolius_riggenbachi|DCN|XP_068132915.1
DCN	XP_068132916.1	Hyperolius riggenbachi	137563833	X2	298	excluded	extra_isoform_same_locus	XP_068132916.1 DCN [organism=Hyperolius riggenbachi] [GeneID=137563833] [isoform=X2]	Hyperolius_riggenbachi|DCN|XP_068132916.1
DCN	XP_077195143.1	Paroedura picta	143838142		356	kept	representative	XP_077195143.1 DCN [organism=Paroedura picta] [GeneID=143838142]	Paroedura_picta|DCN|XP_077195143.1
DCN	XP_017723860.1	Rhinopithecus bieti	108527222		359	kept	representative	XP_017723860.1 DCN [organism=Rhinopithecus bieti] [GeneID=108527222]	Rhinopithecus_bieti|DCN|XP_017723860.1
DCN	XP_005358188.1	Microtus ochrogaster	101991472	X1	398	excluded	extra_isoform_same_locus	XP_005358188.1 Dcn [organism=Microtus ochrogaster] [GeneID=101991472] [isoform=X1]	Microtus_ochrogaster|DCN|XP_005358188.1
DCN	XP_005358189.1	Microtus ochrogaster	101991472	X3	362	kept	representative	XP_005358189.1 Dcn [organism=Microtus ochrogaster] [GeneID=101991472] [isoform=X3]	Microtus_ochrogaster|DCN|XP_005358189.1
DCN	XP_005358190.1	Microtus ochrogaster	101991472	X3	362	excluded	extra_isoform_same_locus	XP_005358190.1 Dcn [organism=Microtus ochrogaster] [GeneID=101991472] [isoform=X3]	Microtus_ochrogaster|DCN|XP_005358190.1
DCN	XP_013205847.1	Microtus ochrogaster	101991472	X2	394	excluded	extra_isoform_same_locus	XP_013205847.1 Dcn [organism=Microtus ochrogaster] [GeneID=101991472] [isoform=X2]	Microtus_ochrogaster|DCN|XP_013205847.1
DCN	XP_080347884.1	Lipophrys pholis	308127017	1	362	kept	representative	XP_080347884.1 dcn [organism=Lipophrys pholis] [GeneID=308127017] [isoform=1]	Lipophrys_pholis|DCN|XP_080347884.1
DCN	XP_080347885.1	Lipophrys pholis	308127017	1	362	excluded	extra_isoform_same_locus	XP_080347885.1 dcn [organism=Lipophrys pholis] [GeneID=308127017] [isoform=1]	Lipophrys_pholis|DCN|XP_080347885.1
DCN	XP_064198741.1	Anguilla rostrata	135258942		364	kept	representative	XP_064198741.1 dcn [organism=Anguilla rostrata] [GeneID=135258942]	Anguilla_rostrata|DCN|XP_064198741.1
DCN	NP_001424701.1	Rattus norvegicus	29139		354	excluded	extra_isoform_same_locus	NP_001424701.1 Dcn [organism=Rattus norvegicus] [GeneID=29139]	Rattus_norvegicus|DCN|NP_001424701.1
DCN	NP_077043.1	Rattus norvegicus	29139		354	excluded	extra_isoform_same_locus	NP_077043.1 Dcn [organism=Rattus norvegicus] [GeneID=29139]	Rattus_norvegicus|DCN|NP_077043.1
DCN	XP_006241347.1	Rattus norvegicus	29139		354	excluded	extra_isoform_same_locus	XP_006241347.1 Dcn [organism=Rattus norvegicus] [GeneID=29139]	Rattus_norvegicus|DCN|XP_006241347.1
DCN	XP_063119176.1	Rattus norvegicus	29139	X1	384	excluded	extra_isoform_same_locus	XP_063119176.1 Dcn [organism=Rattus norvegicus] [GeneID=29139] [isoform=X1]	Rattus_norvegicus|DCN|XP_063119176.1
DCN	XP_063119177.1	Rattus norvegicus	29139	X2	363	kept	representative	XP_063119177.1 Dcn [organism=Rattus norvegicus] [GeneID=29139] [isoform=X2]	Rattus_norvegicus|DCN|XP_063119177.1
DCN	XP_062058011.1	Lepus europaeus	133767597		360	kept	representative	XP_062058011.1 DCN [organism=Lepus europaeus] [GeneID=133767597]	Lepus_europaeus|DCN|XP_062058011.1
DCN	XP_062058012.1	Lepus europaeus	133767597		360	excluded	extra_isoform_same_locus	XP_062058012.1 DCN [organism=Lepus europaeus] [GeneID=133767597]	Lepus_europaeus|DCN|XP_062058012.1
DCN	XP_080801138.1	Bucephala clangula	308441768		357	kept	representative	XP_080801138.1 DCN [organism=Bucephala clangula] [GeneID=308441768]	Bucephala_clangula|DCN|XP_080801138.1
DCN	XP_084557653.1	Hypomesus nipponensis	146276234		365	kept	representative	XP_084557653.1 dcn [organism=Hypomesus nipponensis] [GeneID=146276234]	Hypomesus_nipponensis|DCN|XP_084557653.1
DCN	XP_044082797.1	Neogale vison	122891305		360	kept	representative	XP_044082797.1 DCN [organism=Neogale vison] [GeneID=122891305]	Neogale_vison|DCN|XP_044082797.1
DCN	XP_044082798.1	Neogale vison	122891305		360	excluded	extra_isoform_same_locus	XP_044082798.1 DCN [organism=Neogale vison] [GeneID=122891305]	Neogale_vison|DCN|XP_044082798.1
DCN	XP_044082799.1	Neogale vison	122891305		360	excluded	extra_isoform_same_locus	XP_044082799.1 DCN [organism=Neogale vison] [GeneID=122891305]	Neogale_vison|DCN|XP_044082799.1
DCN	XP_044082800.1	Neogale vison	122891305		360	excluded	extra_isoform_same_locus	XP_044082800.1 DCN [organism=Neogale vison] [GeneID=122891305]	Neogale_vison|DCN|XP_044082800.1
DCN	XP_054436167.1	Pteronotus mesoamericanus	129075943		363	kept	representative	XP_054436167.1 DCN [organism=Pteronotus mesoamericanus] [GeneID=129075943]	Pteronotus_mesoamericanus|DCN|XP_054436167.1
DCN	XP_054436168.1	Pteronotus mesoamericanus	129075943		363	excluded	extra_isoform_same_locus	XP_054436168.1 DCN [organism=Pteronotus mesoamericanus] [GeneID=129075943]	Pteronotus_mesoamericanus|DCN|XP_054436168.1
DCN	XP_054436170.1	Pteronotus mesoamericanus	129075943		363	excluded	extra_isoform_same_locus	XP_054436170.1 DCN [organism=Pteronotus mesoamericanus] [GeneID=129075943]	Pteronotus_mesoamericanus|DCN|XP_054436170.1
DCN	XP_041071297.1	Carcharodon carcharias	121292901		350	kept	representative	XP_041071297.1 dcn [organism=Carcharodon carcharias] [GeneID=121292901]	Carcharodon_carcharias|DCN|XP_041071297.1
DCN	XP_041071298.1	Carcharodon carcharias	121292901		350	excluded	extra_isoform_same_locus	XP_041071298.1 dcn [organism=Carcharodon carcharias] [GeneID=121292901]	Carcharodon_carcharias|DCN|XP_041071298.1
DCN	XP_010982169.1	Camelus dromedarius	105092214		360	kept	representative	XP_010982169.1 DCN [organism=Camelus dromedarius] [GeneID=105092214]	Camelus_dromedarius|DCN|XP_010982169.1
DCN	XP_010982170.1	Camelus dromedarius	105092214		360	excluded	extra_isoform_same_locus	XP_010982170.1 DCN [organism=Camelus dromedarius] [GeneID=105092214]	Camelus_dromedarius|DCN|XP_010982170.1
DCN	XP_027899402.1	Xiphophorus couchianus	114160800		360	kept	representative	XP_027899402.1 dcn [organism=Xiphophorus couchianus] [GeneID=114160800]	Xiphophorus_couchianus|DCN|XP_027899402.1
DCN	XP_082367501.1	Aulonocara stuartgranti	309692666		358	kept	representative	XP_082367501.1 dcn [organism=Aulonocara stuartgranti] [GeneID=309692666]	Aulonocara_stuartgranti|DCN|XP_082367501.1
DCN	XP_011789038.1	Colobus angolensis palliatus	105505716	X1	361	excluded	extra_isoform_same_locus	XP_011789038.1 DCN [organism=Colobus angolensis palliatus] [GeneID=105505716] [isoform=X1]	Colobus_angolensis_palliatus|DCN|XP_011789038.1
DCN	XP_011789045.1	Colobus angolensis palliatus	105505716	X2	359	kept	representative	XP_011789045.1 DCN [organism=Colobus angolensis palliatus] [GeneID=105505716] [isoform=X2]	Colobus_angolensis_palliatus|DCN|XP_011789045.1
DCN	XP_011789052.1	Colobus angolensis palliatus	105505716	X3	212	excluded	relative_length	XP_011789052.1 DCN [organism=Colobus angolensis palliatus] [GeneID=105505716] [isoform=X3]	Colobus_angolensis_palliatus|DCN|XP_011789052.1
DCN	XP_011789058.1	Colobus angolensis palliatus	105505716	X4	100	excluded	absolute_length	XP_011789058.1 DCN [organism=Colobus angolensis palliatus] [GeneID=105505716] [isoform=X4]	Colobus_angolensis_palliatus|DCN|XP_011789058.1
DCN	XP_053834582.1	Vidua macroura	128807908		358	kept	representative	XP_053834582.1 DCN [organism=Vidua macroura] [GeneID=128807908]	Vidua_macroura|DCN|XP_053834582.1
DCN	XP_054131085.1	Melozone crissalis	128936284		358	kept	representative	XP_054131085.1 DCN [organism=Melozone crissalis] [GeneID=128936284]	Melozone_crissalis|DCN|XP_054131085.1
DCN	XP_072341046.1	Scyliorhinus torazame	140396373		350	kept	representative	XP_072341046.1 dcn [organism=Scyliorhinus torazame] [GeneID=140396373]	Scyliorhinus_torazame|DCN|XP_072341046.1
DCN	XP_083221947.1	Vipera ursinii	310642250		354	kept	representative	XP_083221947.1 DCN [organism=Vipera ursinii] [GeneID=310642250]	Vipera_ursinii|DCN|XP_083221947.1
DCN	XP_032039915.1	Aythya fuligula	116487263		357	kept	representative	XP_032039915.1 DCN [organism=Aythya fuligula] [GeneID=116487263]	Aythya_fuligula|DCN|XP_032039915.1
DCN	XP_046275333.1	Marmota monax	124075774		360	kept	representative	XP_046275333.1 Dcn [organism=Marmota monax] [GeneID=124075774]	Marmota_monax|DCN|XP_046275333.1
DCN	XP_046275334.1	Marmota monax	124075774		360	excluded	extra_isoform_same_locus	XP_046275334.1 Dcn [organism=Marmota monax] [GeneID=124075774]	Marmota_monax|DCN|XP_046275334.1
DCN	XP_081813081.1	Natrix helvetica	309394145		354	kept	representative	XP_081813081.1 DCN [organism=Natrix helvetica] [GeneID=309394145]	Natrix_helvetica|DCN|XP_081813081.1
DCN	NP_776331.2	Bos taurus	280760		360	kept	representative	NP_776331.2 DCN [organism=Bos taurus] [GeneID=280760]	Bos_taurus|DCN|NP_776331.2
DCN	XP_005206096.1	Bos taurus	280760	X1	360	excluded	extra_isoform_same_locus	XP_005206096.1 DCN [organism=Bos taurus] [GeneID=280760] [isoform=X1]	Bos_taurus|DCN|XP_005206096.1
DCN	XP_017349668.1	Ictalurus punctatus	108279747		365	kept	representative	XP_017349668.1 dcn [organism=Ictalurus punctatus] [GeneID=108279747]	Ictalurus_punctatus|DCN|XP_017349668.1
DCN	XP_006197956.1	Vicugna pacos	102527344		360	kept	representative	XP_006197956.1 DCN [organism=Vicugna pacos] [GeneID=102527344]	Vicugna_pacos|DCN|XP_006197956.1
DCN	XP_006197957.1	Vicugna pacos	102527344		360	excluded	extra_isoform_same_locus	XP_006197957.1 DCN [organism=Vicugna pacos] [GeneID=102527344]	Vicugna_pacos|DCN|XP_006197957.1
DCN	XP_072829345.1	Vicugna pacos	102527344		360	excluded	extra_isoform_same_locus	XP_072829345.1 DCN [organism=Vicugna pacos] [GeneID=102527344]	Vicugna_pacos|DCN|XP_072829345.1
DCN	XP_007059258.2	Chelonia mydas	102934109		357	kept	representative	XP_007059258.2 DCN [organism=Chelonia mydas] [GeneID=102934109]	Chelonia_mydas|DCN|XP_007059258.2
DCN	XP_076967703.1	Tamandua tetradactyla	143642782		364	kept	representative	XP_076967703.1 DCN [organism=Tamandua tetradactyla] [GeneID=143642782]	Tamandua_tetradactyla|DCN|XP_076967703.1
DCN	XP_076967704.1	Tamandua tetradactyla	143642782		364	excluded	extra_isoform_same_locus	XP_076967704.1 DCN [organism=Tamandua tetradactyla] [GeneID=143642782]	Tamandua_tetradactyla|DCN|XP_076967704.1
DCN	XP_076967705.1	Tamandua tetradactyla	143642782		364	excluded	extra_isoform_same_locus	XP_076967705.1 DCN [organism=Tamandua tetradactyla] [GeneID=143642782]	Tamandua_tetradactyla|DCN|XP_076967705.1
DCN	XP_077121539.1	Ranitomeya variabilis	143776246		354	kept	representative	XP_077121539.1 DCN [organism=Ranitomeya variabilis] [GeneID=143776246]	Ranitomeya_variabilis|DCN|XP_077121539.1
DCN	XP_079255105.1	Barbus barbus	306858429	1	370	kept	representative	XP_079255105.1 dcn [organism=Barbus barbus] [GeneID=306858429] [isoform=1]	Barbus_barbus|DCN|XP_079255105.1
DCN	XP_079255106.1	Barbus barbus	306858429	1	370	excluded	extra_isoform_same_locus	XP_079255106.1 dcn [organism=Barbus barbus] [GeneID=306858429] [isoform=1]	Barbus_barbus|DCN|XP_079255106.1
DCN	XP_079255107.1	Barbus barbus	306858429	1	370	excluded	extra_isoform_same_locus	XP_079255107.1 dcn [organism=Barbus barbus] [GeneID=306858429] [isoform=1]	Barbus_barbus|DCN|XP_079255107.1
DCN	XP_081168159.1	Spermophilus citellus	308659031	1	360	kept	representative	XP_081168159.1 DCN [organism=Spermophilus citellus] [GeneID=308659031] [isoform=1]	Spermophilus_citellus|DCN|XP_081168159.1
DCN	XP_081168160.1	Spermophilus citellus	308659031	1	360	excluded	extra_isoform_same_locus	XP_081168160.1 DCN [organism=Spermophilus citellus] [GeneID=308659031] [isoform=1]	Spermophilus_citellus|DCN|XP_081168160.1
DCN	XP_081168161.1	Spermophilus citellus	308659031	1	360	excluded	extra_isoform_same_locus	XP_081168161.1 DCN [organism=Spermophilus citellus] [GeneID=308659031] [isoform=1]	Spermophilus_citellus|DCN|XP_081168161.1
DCN	XP_061495567.1	Rhineura floridana	133390626		357	kept	representative	XP_061495567.1 DCN [organism=Rhineura floridana] [GeneID=133390626]	Rhineura_floridana|DCN|XP_061495567.1
DCN	XP_017404097.1	Cebus imitator	108317904		359	kept	representative	XP_017404097.1 DCN [organism=Cebus imitator] [GeneID=108317904]	Cebus_imitator|DCN|XP_017404097.1
DCN	XP_017404098.1	Cebus imitator	108317904		359	excluded	extra_isoform_same_locus	XP_017404098.1 DCN [organism=Cebus imitator] [GeneID=108317904]	Cebus_imitator|DCN|XP_017404098.1
DCN	XP_017404099.1	Cebus imitator	108317904		359	excluded	extra_isoform_same_locus	XP_017404099.1 DCN [organism=Cebus imitator] [GeneID=108317904]	Cebus_imitator|DCN|XP_017404099.1
DCN	XP_042672058.1	Centrocercus urophasianus	122158996		357	kept	representative	XP_042672058.1 DCN [organism=Centrocercus urophasianus] [GeneID=122158996]	Centrocercus_urophasianus|DCN|XP_042672058.1
DCN	XP_009816168.1	Gavia stellata	104261718		357	kept	representative	XP_009816168.1 DCN [organism=Gavia stellata] [GeneID=104261718]	Gavia_stellata|DCN|XP_009816168.1
DCN	XP_010412116.1	Corvus cornix cornix	104698440		358	kept	representative	XP_010412116.1 DCN [organism=Corvus cornix cornix] [GeneID=104698440]	Corvus_cornix_cornix|DCN|XP_010412116.1
DCN	XP_044042680.1	Siniperca chuatsi	122871534		362	kept	representative	XP_044042680.1 dcn [organism=Siniperca chuatsi] [GeneID=122871534]	Siniperca_chuatsi|DCN|XP_044042680.1
DCN	XP_055192320.1	Nyctereutes procyonoides	129516850		360	kept	representative	XP_055192320.1 DCN [organism=Nyctereutes procyonoides] [GeneID=129516850]	Nyctereutes_procyonoides|DCN|XP_055192320.1
DCN	XP_055192321.1	Nyctereutes procyonoides	129516850		360	excluded	extra_isoform_same_locus	XP_055192321.1 DCN [organism=Nyctereutes procyonoides] [GeneID=129516850]	Nyctereutes_procyonoides|DCN|XP_055192321.1
DCN	XP_058937145.1	Kogia breviceps	131766639		360	kept	representative	XP_058937145.1 DCN [organism=Kogia breviceps] [GeneID=131766639]	Kogia_breviceps|DCN|XP_058937145.1
DCN	XP_058937146.1	Kogia breviceps	131766639		360	excluded	extra_isoform_same_locus	XP_058937146.1 DCN [organism=Kogia breviceps] [GeneID=131766639]	Kogia_breviceps|DCN|XP_058937146.1
DCN	XP_066865953.1	Kogia breviceps	131766639		360	excluded	extra_isoform_same_locus	XP_066865953.1 DCN [organism=Kogia breviceps] [GeneID=131766639]	Kogia_breviceps|DCN|XP_066865953.1
DCN	XP_076776173.1	Arvicanthis niloticus	143436120		354	kept	representative	XP_076776173.1 Dcn [organism=Arvicanthis niloticus] [GeneID=143436120]	Arvicanthis_niloticus|DCN|XP_076776173.1
DCN	XP_076776174.1	Arvicanthis niloticus	143436120		354	excluded	extra_isoform_same_locus	XP_076776174.1 Dcn [organism=Arvicanthis niloticus] [GeneID=143436120]	Arvicanthis_niloticus|DCN|XP_076776174.1
DCN	XP_076776175.1	Arvicanthis niloticus	143436120		354	excluded	extra_isoform_same_locus	XP_076776175.1 Dcn [organism=Arvicanthis niloticus] [GeneID=143436120]	Arvicanthis_niloticus|DCN|XP_076776175.1
DCN	XP_081919817.1	Streptopelia decaocto	309445179		357	kept	representative	XP_081919817.1 DCN [organism=Streptopelia decaocto] [GeneID=309445179]	Streptopelia_decaocto|DCN|XP_081919817.1
DCN	XP_048463587.1	Rhincodon typus	109920536		350	kept	representative	XP_048463587.1 dcn [organism=Rhincodon typus] [GeneID=109920536]	Rhincodon_typus|DCN|XP_048463587.1
DCN	XP_048463588.1	Rhincodon typus	109920536		350	excluded	extra_isoform_same_locus	XP_048463588.1 dcn [organism=Rhincodon typus] [GeneID=109920536]	Rhincodon_typus|DCN|XP_048463588.1
DCN	XP_035193248.1	Oxyura jamaicensis	118173102		357	kept	representative	XP_035193248.1 DCN [organism=Oxyura jamaicensis] [GeneID=118173102]	Oxyura_jamaicensis|DCN|XP_035193248.1
DCN	XP_048404635.2	Stegostoma tigrinum	125460777		350	kept	representative	XP_048404635.2 dcn [organism=Stegostoma tigrinum] [GeneID=125460777]	Stegostoma_tigrinum|DCN|XP_048404635.2
DCN	XP_048404636.2	Stegostoma tigrinum	125460777		350	excluded	extra_isoform_same_locus	XP_048404636.2 dcn [organism=Stegostoma tigrinum] [GeneID=125460777]	Stegostoma_tigrinum|DCN|XP_048404636.2
DCN	XP_053505831.1	Ictalurus furcatus	128623018		365	kept	representative	XP_053505831.1 dcn [organism=Ictalurus furcatus] [GeneID=128623018]	Ictalurus_furcatus|DCN|XP_053505831.1
DCN	XP_056091721.1	Rhinichthys klamathensis goyatoka	130071119		370	kept	representative	XP_056091721.1 dcn [organism=Rhinichthys klamathensis goyatoka] [GeneID=130071119]	Rhinichthys_klamathensis_goyatoka|DCN|XP_056091721.1
DCN	XP_059702792.1	Haemorhous mexicanus	132327533		358	kept	representative	XP_059702792.1 DCN [organism=Haemorhous mexicanus] [GeneID=132327533]	Haemorhous_mexicanus|DCN|XP_059702792.1
DCN	XP_067247993.1	Chanodichthys erythropterus	137024419		373	kept	representative	XP_067247993.1 dcn [organism=Chanodichthys erythropterus] [GeneID=137024419]	Chanodichthys_erythropterus|DCN|XP_067247993.1
DCN	XP_067247994.1	Chanodichthys erythropterus	137024419		373	excluded	extra_isoform_same_locus	XP_067247994.1 dcn [organism=Chanodichthys erythropterus] [GeneID=137024419]	Chanodichthys_erythropterus|DCN|XP_067247994.1
DCN	XP_067247995.1	Chanodichthys erythropterus	137024419		373	excluded	extra_isoform_same_locus	XP_067247995.1 dcn [organism=Chanodichthys erythropterus] [GeneID=137024419]	Chanodichthys_erythropterus|DCN|XP_067247995.1
DCN	XP_067247996.1	Chanodichthys erythropterus	137024419		373	excluded	extra_isoform_same_locus	XP_067247996.1 dcn [organism=Chanodichthys erythropterus] [GeneID=137024419]	Chanodichthys_erythropterus|DCN|XP_067247996.1
DCN	XP_070848020.1	Chaetodon trifascialis	139350473		362	kept	representative	XP_070848020.1 dcn [organism=Chaetodon trifascialis] [GeneID=139350473]	Chaetodon_trifascialis|DCN|XP_070848020.1
DCN	XP_071279400.1	Agelaius tricolor	139588214		358	kept	representative	XP_071279400.1 DCN [organism=Agelaius tricolor] [GeneID=139588214]	Agelaius_tricolor|DCN|XP_071279400.1
DCN	XP_080449355.1	Anser brachyrhynchus	308195568		357	kept	representative	XP_080449355.1 DCN [organism=Anser brachyrhynchus] [GeneID=308195568]	Anser_brachyrhynchus|DCN|XP_080449355.1
DCN	XP_055094261.1	Symphalangus syndactylus	129460459		359	kept	representative	XP_055094261.1 DCN [organism=Symphalangus syndactylus] [GeneID=129460459]	Symphalangus_syndactylus|DCN|XP_055094261.1
DCN	XP_055094262.1	Symphalangus syndactylus	129460459		359	excluded	extra_isoform_same_locus	XP_055094262.1 DCN [organism=Symphalangus syndactylus] [GeneID=129460459]	Symphalangus_syndactylus|DCN|XP_055094262.1
DCN	XP_045323026.1	Leopardus geoffroyi	123592115		360	kept	representative	XP_045323026.1 DCN [organism=Leopardus geoffroyi] [GeneID=123592115]	Leopardus_geoffroyi|DCN|XP_045323026.1
DCN	XP_045323027.1	Leopardus geoffroyi	123592115		360	excluded	extra_isoform_same_locus	XP_045323027.1 DCN [organism=Leopardus geoffroyi] [GeneID=123592115]	Leopardus_geoffroyi|DCN|XP_045323027.1
DCN	XP_053572880.1	Bombina bombina	128662883		360	kept	representative	XP_053572880.1 DCN [organism=Bombina bombina] [GeneID=128662883]	Bombina_bombina|DCN|XP_053572880.1
DCN	XP_080247535.1	Falco punctatus	308065434	1	357	kept	representative	XP_080247535.1 DCN [organism=Falco punctatus] [GeneID=308065434] [isoform=1]	Falco_punctatus|DCN|XP_080247535.1
DCN	XP_080247536.1	Falco punctatus	308065434	1	357	excluded	extra_isoform_same_locus	XP_080247536.1 DCN [organism=Falco punctatus] [GeneID=308065434] [isoform=1]	Falco_punctatus|DCN|XP_080247536.1
DCN	XP_010222544.1	Tinamus guttatus	104576832		357	kept	representative	XP_010222544.1 DCN [organism=Tinamus guttatus] [GeneID=104576832]	Tinamus_guttatus|DCN|XP_010222544.1
DCN	XP_085878579.1	Filicampus tigris	147126661		363	kept	representative	XP_085878579.1 dcn [organism=Filicampus tigris] [GeneID=147126661]	Filicampus_tigris|DCN|XP_085878579.1
DCN	XP_039891364.1	Simochromis diagramma	120735775		358	kept	representative	XP_039891364.1 dcn [organism=Simochromis diagramma] [GeneID=120735775]	Simochromis_diagramma|DCN|XP_039891364.1
DCN	XP_062489529.1	Pezoporus occidentalis	134171409		357	kept	representative	XP_062489529.1 DCN [organism=Pezoporus occidentalis] [GeneID=134171409]	Pezoporus_occidentalis|DCN|XP_062489529.1
DCN	XP_074936770.1	Phalacrocorax aristotelis	142051525		357	kept	representative	XP_074936770.1 DCN [organism=Phalacrocorax aristotelis] [GeneID=142051525]	Phalacrocorax_aristotelis|DCN|XP_074936770.1
DCN	XP_076578661.1	Chaetodon auriga	143315091		362	kept	representative	XP_076578661.1 dcn [organism=Chaetodon auriga] [GeneID=143315091]	Chaetodon_auriga|DCN|XP_076578661.1
DCN	XP_004329269.1	Tursiops truncatus	101328056		360	kept	representative	XP_004329269.1 DCN [organism=Tursiops truncatus] [GeneID=101328056]	Tursiops_truncatus|DCN|XP_004329269.1
DCN	XP_019774182.1	Tursiops truncatus	101328056		360	excluded	extra_isoform_same_locus	XP_019774182.1 DCN [organism=Tursiops truncatus] [GeneID=101328056]	Tursiops_truncatus|DCN|XP_019774182.1
DCN	XP_001363160.3	Monodelphis domestica	100011570		212	excluded	relative_length	XP_001363160.3 DCN [organism=Monodelphis domestica] [GeneID=100011570]	Monodelphis_domestica|DCN|XP_001363160.3
DCN	XP_085188702.1	Monodelphis domestica	100011570		212	excluded	relative_length	XP_085188702.1 DCN [organism=Monodelphis domestica] [GeneID=100011570]	Monodelphis_domestica|DCN|XP_085188702.1
DCN	XP_041819596.1	Chelmon rostratus	121625544		362	kept	representative	XP_041819596.1 dcn [organism=Chelmon rostratus] [GeneID=121625544]	Chelmon_rostratus|DCN|XP_041819596.1
DCN	XP_021257302.1	Numida meleagris	110400880		357	kept	representative	XP_021257302.1 DCN [organism=Numida meleagris] [GeneID=110400880]	Numida_meleagris|DCN|XP_021257302.1
DCN	XP_021258134.1	Numida meleagris	110400880		357	excluded	extra_isoform_same_locus	XP_021258134.1 DCN [organism=Numida meleagris] [GeneID=110400880]	Numida_meleagris|DCN|XP_021258134.1
DCN	XP_043823043.1	Dromiciops gliroides	122728460		356	kept	representative	XP_043823043.1 DCN [organism=Dromiciops gliroides] [GeneID=122728460]	Dromiciops_gliroides|DCN|XP_043823043.1
DCN	XP_043823044.1	Dromiciops gliroides	122728460		356	excluded	extra_isoform_same_locus	XP_043823044.1 DCN [organism=Dromiciops gliroides] [GeneID=122728460]	Dromiciops_gliroides|DCN|XP_043823044.1
DCN	XP_059327511.1	Ammospiza nelsoni	132072942		358	kept	representative	XP_059327511.1 DCN [organism=Ammospiza nelsoni] [GeneID=132072942]	Ammospiza_nelsoni|DCN|XP_059327511.1
DCN	XP_075327800.1	Odontesthes bonariensis	142385290		362	kept	representative	XP_075327800.1 dcn [organism=Odontesthes bonariensis] [GeneID=142385290]	Odontesthes_bonariensis|DCN|XP_075327800.1
DCN	XP_084495380.1	Lepidochelys olivacea	311526343		357	kept	representative	XP_084495380.1 DCN [organism=Lepidochelys olivacea] [GeneID=311526343]	Lepidochelys_olivacea|DCN|XP_084495380.1
DCN	XP_005039583.1	Ficedula albicollis	101812548		358	kept	representative	XP_005039583.1 DCN [organism=Ficedula albicollis] [GeneID=101812548]	Ficedula_albicollis|DCN|XP_005039583.1
DCN	XP_005039584.1	Ficedula albicollis	101812548		358	excluded	extra_isoform_same_locus	XP_005039584.1 DCN [organism=Ficedula albicollis] [GeneID=101812548]	Ficedula_albicollis|DCN|XP_005039584.1
DCN	XP_054024050.1	Dryobates pubescens	104305167		357	kept	representative	XP_054024050.1 DCN [organism=Dryobates pubescens] [GeneID=104305167]	Dryobates_pubescens|DCN|XP_054024050.1
DCN	XP_054024051.1	Dryobates pubescens	104305167		357	excluded	extra_isoform_same_locus	XP_054024051.1 DCN [organism=Dryobates pubescens] [GeneID=104305167]	Dryobates_pubescens|DCN|XP_054024051.1
DCN	XP_040886202.1	Toxotes jaculatrix	121176244		362	kept	representative	XP_040886202.1 dcn [organism=Toxotes jaculatrix] [GeneID=121176244]	Toxotes_jaculatrix|DCN|XP_040886202.1
DCN	XP_005571903.1	Macaca fascicularis	101866144		359	kept	representative	XP_005571903.1 DCN [organism=Macaca fascicularis] [GeneID=101866144]	Macaca_fascicularis|DCN|XP_005571903.1
DCN	XP_005571904.1	Macaca fascicularis	101866144		359	excluded	extra_isoform_same_locus	XP_005571904.1 DCN [organism=Macaca fascicularis] [GeneID=101866144]	Macaca_fascicularis|DCN|XP_005571904.1
DCN	XP_009695679.1	Cariama cristata	104159466		212	excluded	relative_length	XP_009695679.1 DCN [organism=Cariama cristata] [GeneID=104159466]	Cariama_cristata|DCN|XP_009695679.1
DCN	XP_036920555.1	Sturnira hondurensis	118999925		363	kept	representative	XP_036920555.1 DCN [organism=Sturnira hondurensis] [GeneID=118999925]	Sturnira_hondurensis|DCN|XP_036920555.1
DCN	XP_036920556.1	Sturnira hondurensis	118999925		363	excluded	extra_isoform_same_locus	XP_036920556.1 DCN [organism=Sturnira hondurensis] [GeneID=118999925]	Sturnira_hondurensis|DCN|XP_036920556.1
DCN	XP_036920557.1	Sturnira hondurensis	118999925		363	excluded	extra_isoform_same_locus	XP_036920557.1 DCN [organism=Sturnira hondurensis] [GeneID=118999925]	Sturnira_hondurensis|DCN|XP_036920557.1
DCN	XP_030296174.1	Sparus aurata	115595630		362	kept	representative	XP_030296174.1 dcn [organism=Sparus aurata] [GeneID=115595630]	Sparus_aurata|DCN|XP_030296174.1
DCN	XP_030296175.1	Sparus aurata	115595630		362	excluded	extra_isoform_same_locus	XP_030296175.1 dcn [organism=Sparus aurata] [GeneID=115595630]	Sparus_aurata|DCN|XP_030296175.1
DCN	XP_035282507.1	Anguilla anguilla	118232065		364	kept	representative	XP_035282507.1 dcn [organism=Anguilla anguilla] [GeneID=118232065]	Anguilla_anguilla|DCN|XP_035282507.1
DCN	XP_024076144.1	Terrapene triunguis	112121345		356	kept	representative	XP_024076144.1 DCN [organism=Terrapene triunguis] [GeneID=112121345]	Terrapene_triunguis|DCN|XP_024076144.1
DCN	XP_053441070.1	Nycticebus coucang	128581824		358	kept	representative	XP_053441070.1 DCN [organism=Nycticebus coucang] [GeneID=128581824]	Nycticebus_coucang|DCN|XP_053441070.1
DCN	XP_053441071.1	Nycticebus coucang	128581824		358	excluded	extra_isoform_same_locus	XP_053441071.1 DCN [organism=Nycticebus coucang] [GeneID=128581824]	Nycticebus_coucang|DCN|XP_053441071.1
DCN	XP_053441072.1	Nycticebus coucang	128581824		358	excluded	extra_isoform_same_locus	XP_053441072.1 DCN [organism=Nycticebus coucang] [GeneID=128581824]	Nycticebus_coucang|DCN|XP_053441072.1
DCN	XP_012609333.1	Microcebus murinus	105865374		360	kept	representative	XP_012609333.1 DCN [organism=Microcebus murinus] [GeneID=105865374]	Microcebus_murinus|DCN|XP_012609333.1
DCN	XP_012609334.1	Microcebus murinus	105865374		360	excluded	extra_isoform_same_locus	XP_012609334.1 DCN [organism=Microcebus murinus] [GeneID=105865374]	Microcebus_murinus|DCN|XP_012609334.1
DCN	XP_030815278.1	Camarhynchus parvulus	115909804		358	kept	representative	XP_030815278.1 DCN [organism=Camarhynchus parvulus] [GeneID=115909804]	Camarhynchus_parvulus|DCN|XP_030815278.1
DCN	XP_047431092.1	Mugil cephalus	124999907		356	kept	representative	XP_047431092.1 dcn [organism=Mugil cephalus] [GeneID=124999907]	Mugil_cephalus|DCN|XP_047431092.1
DCN	XP_059042486.1	Mustela lutreola	131839253		360	kept	representative	XP_059042486.1 DCN [organism=Mustela lutreola] [GeneID=131839253]	Mustela_lutreola|DCN|XP_059042486.1
DCN	XP_059042487.1	Mustela lutreola	131839253		360	excluded	extra_isoform_same_locus	XP_059042487.1 DCN [organism=Mustela lutreola] [GeneID=131839253]	Mustela_lutreola|DCN|XP_059042487.1
DCN	XP_061124481.1	Syngnathus typhle	133145235		363	kept	representative	XP_061124481.1 dcn [organism=Syngnathus typhle] [GeneID=133145235]	Syngnathus_typhle|DCN|XP_061124481.1
DCN	XP_069485368.1	Ambystoma mexicanum	138514031		363	kept	representative	XP_069485368.1 DCN [organism=Ambystoma mexicanum] [GeneID=138514031]	Ambystoma_mexicanum|DCN|XP_069485368.1
DCN	XP_069485369.1	Ambystoma mexicanum	138514031		363	excluded	extra_isoform_same_locus	XP_069485369.1 DCN [organism=Ambystoma mexicanum] [GeneID=138514031]	Ambystoma_mexicanum|DCN|XP_069485369.1
DCN	XP_022350816.1	Enhydra lutris kenyoni	111142130		360	kept	representative	XP_022350816.1 LOC111142130 [organism=Enhydra lutris kenyoni] [GeneID=111142130]	Enhydra_lutris_kenyoni|DCN|XP_022350816.1
DCN	XP_022350817.1	Enhydra lutris kenyoni	111142130		360	excluded	extra_isoform_same_locus	XP_022350817.1 LOC111142130 [organism=Enhydra lutris kenyoni] [GeneID=111142130]	Enhydra_lutris_kenyoni|DCN|XP_022350817.1
DCN	XP_029457495.1	Rhinatrema bivittatum	115091365		362	kept	representative	XP_029457495.1 DCN [organism=Rhinatrema bivittatum] [GeneID=115091365]	Rhinatrema_bivittatum|DCN|XP_029457495.1
DCN	XP_019370401.1	Gavialis gangeticus	109295790		357	kept	representative	XP_019370401.1 DCN [organism=Gavialis gangeticus] [GeneID=109295790]	Gavialis_gangeticus|DCN|XP_019370401.1
DCN	NP_001009218.1	Ovis aries	443048		360	kept	representative	NP_001009218.1 DCN [organism=Ovis aries] [GeneID=443048]	Ovis_aries|DCN|NP_001009218.1
DCN	XP_012014711.1	Ovis aries	443048	X1	360	excluded	extra_isoform_same_locus	XP_012014711.1 DCN [organism=Ovis aries] [GeneID=443048] [isoform=X1]	Ovis_aries|DCN|XP_012014711.1
DCN	XP_010176859.1	Mesitornis unicolor	104536039		263	kept	representative	XP_010176859.1 DCN [organism=Mesitornis unicolor] [GeneID=104536039]	Mesitornis_unicolor|DCN|XP_010176859.1
DCN	XP_054910648.1	Poeciliopsis prolifica	129375530		360	kept	representative	XP_054910648.1 dcn [organism=Poeciliopsis prolifica] [GeneID=129375530]	Poeciliopsis_prolifica|DCN|XP_054910648.1
DCN	XP_065526166.1	Lathamus discolor	136009805		357	kept	representative	XP_065526166.1 DCN [organism=Lathamus discolor] [GeneID=136009805]	Lathamus_discolor|DCN|XP_065526166.1
DCN	XP_077327012.1	Lithobates pipiens	143961576		354	kept	representative	XP_077327012.1 DCN [organism=Lithobates pipiens] [GeneID=143961576]	Lithobates_pipiens|DCN|XP_077327012.1
DCN	XP_013803030.1	Apteryx mantelli	106488654		357	kept	representative	XP_013803030.1 DCN [organism=Apteryx mantelli] [GeneID=106488654]	Apteryx_mantelli|DCN|XP_013803030.1
DCN	XP_029062349.1	Monodon monoceros	114886018		360	kept	representative	XP_029062349.1 DCN [organism=Monodon monoceros] [GeneID=114886018]	Monodon_monoceros|DCN|XP_029062349.1
DCN	XP_029062350.1	Monodon monoceros	114886018		360	excluded	extra_isoform_same_locus	XP_029062350.1 DCN [organism=Monodon monoceros] [GeneID=114886018]	Monodon_monoceros|DCN|XP_029062350.1
DCN	XP_029062351.1	Monodon monoceros	114886018		360	excluded	extra_isoform_same_locus	XP_029062351.1 DCN [organism=Monodon monoceros] [GeneID=114886018]	Monodon_monoceros|DCN|XP_029062351.1
DCN	XP_038612780.1	Tachyglossus aculeatus	119937194		356	kept	representative	XP_038612780.1 DCN [organism=Tachyglossus aculeatus] [GeneID=119937194]	Tachyglossus_aculeatus|DCN|XP_038612780.1
DCN	XP_047644260.1	Phacochoerus africanus	125131553		360	kept	representative	XP_047644260.1 DCN [organism=Phacochoerus africanus] [GeneID=125131553]	Phacochoerus_africanus|DCN|XP_047644260.1
DCN	XP_047644261.1	Phacochoerus africanus	125131553		360	excluded	extra_isoform_same_locus	XP_047644261.1 DCN [organism=Phacochoerus africanus] [GeneID=125131553]	Phacochoerus_africanus|DCN|XP_047644261.1
DCN	XP_070804172.1	Pituophis catenifer annectens	139319967		354	kept	representative	XP_070804172.1 DCN [organism=Pituophis catenifer annectens] [GeneID=139319967]	Pituophis_catenifer_annectens|DCN|XP_070804172.1
DCN	XP_029317933.1	Cottoperca gobio	115028341		361	kept	representative	XP_029317933.1 dcn [organism=Cottoperca gobio] [GeneID=115028341]	Cottoperca_gobio|DCN|XP_029317933.1
DCN	XP_029317935.1	Cottoperca gobio	115028341		361	excluded	extra_isoform_same_locus	XP_029317935.1 dcn [organism=Cottoperca gobio] [GeneID=115028341]	Cottoperca_gobio|DCN|XP_029317935.1
DCN	XP_049892486.1	Epinephelus moara	126385033		362	kept	representative	XP_049892486.1 dcn [organism=Epinephelus moara] [GeneID=126385033]	Epinephelus_moara|DCN|XP_049892486.1
DCN	XP_057711598.1	Corythoichthys intestinalis	130928841		368	kept	representative	XP_057711598.1 dcn [organism=Corythoichthys intestinalis] [GeneID=130928841]	Corythoichthys_intestinalis|DCN|XP_057711598.1
DCN	XP_075886217.1	Nelusetta ayraudi	142890827		371	kept	representative	XP_075886217.1 dcn [organism=Nelusetta ayraudi] [GeneID=142890827]	Nelusetta_ayraudi|DCN|XP_075886217.1
DCN	XP_003783406.1	Otolemur garnettii	100945946		358	kept	representative	XP_003783406.1 DCN [organism=Otolemur garnettii] [GeneID=100945946]	Otolemur_garnettii|DCN|XP_003783406.1
DCN	XP_003783407.1	Otolemur garnettii	100945946		358	excluded	extra_isoform_same_locus	XP_003783407.1 DCN [organism=Otolemur garnettii] [GeneID=100945946]	Otolemur_garnettii|DCN|XP_003783407.1
DCN	XP_012656587.1	Otolemur garnettii	100945946		358	excluded	extra_isoform_same_locus	XP_012656587.1 DCN [organism=Otolemur garnettii] [GeneID=100945946]	Otolemur_garnettii|DCN|XP_012656587.1
DCN	XP_012656588.1	Otolemur garnettii	100945946		358	excluded	extra_isoform_same_locus	XP_012656588.1 DCN [organism=Otolemur garnettii] [GeneID=100945946]	Otolemur_garnettii|DCN|XP_012656588.1
DCN	XP_066405916.1	Molothrus aeneus	136556543		358	kept	representative	XP_066405916.1 DCN [organism=Molothrus aeneus] [GeneID=136556543]	Molothrus_aeneus|DCN|XP_066405916.1
DCN	XP_013859652.1	Austrofundulus limnaeus	106514779		362	kept	representative	XP_013859652.1 dcn [organism=Austrofundulus limnaeus] [GeneID=106514779]	Austrofundulus_limnaeus|DCN|XP_013859652.1
DCN	XP_017566800.1	Pygocentrus nattereri	108435457		379	kept	representative	XP_017566800.1 dcn [organism=Pygocentrus nattereri] [GeneID=108435457]	Pygocentrus_nattereri|DCN|XP_017566800.1
DCN	XP_026877387.2	Electrophorus electricus	113584581		365	kept	representative	XP_026877387.2 dcn [organism=Electrophorus electricus] [GeneID=113584581]	Electrophorus_electricus|DCN|XP_026877387.2
DCN	XP_085758559.1	Syngnathus leptorhynchus	147040030		363	kept	representative	XP_085758559.1 dcn [organism=Syngnathus leptorhynchus] [GeneID=147040030]	Syngnathus_leptorhynchus|DCN|XP_085758559.1
DCN	XP_049482036.1	Panthera uncia	125919406		360	kept	representative	XP_049482036.1 DCN [organism=Panthera uncia] [GeneID=125919406]	Panthera_uncia|DCN|XP_049482036.1
DCN	XP_049482037.1	Panthera uncia	125919406		360	excluded	extra_isoform_same_locus	XP_049482037.1 DCN [organism=Panthera uncia] [GeneID=125919406]	Panthera_uncia|DCN|XP_049482037.1
DCN	XP_021383676.1	Lonchura striata	110469361		358	kept	representative	XP_021383676.1 DCN [organism=Lonchura striata] [GeneID=110469361]	Lonchura_striata|DCN|XP_021383676.1
DCN	XP_006780829.1	Neolamprologus brichardi	102799063		357	kept	representative	XP_006780829.1 dcn [organism=Neolamprologus brichardi] [GeneID=102799063]	Neolamprologus_brichardi|DCN|XP_006780829.1
DCN	XP_035763092.1	Neolamprologus brichardi	102799063		357	excluded	extra_isoform_same_locus	XP_035763092.1 dcn [organism=Neolamprologus brichardi] [GeneID=102799063]	Neolamprologus_brichardi|DCN|XP_035763092.1
DCN	XP_029351053.1	Echeneis naucrates	115036828		363	kept	representative	XP_029351053.1 dcn [organism=Echeneis naucrates] [GeneID=115036828]	Echeneis_naucrates|DCN|XP_029351053.1
DCN	XP_083257121.1	Podarcis tiliguerta	310658692		357	kept	representative	XP_083257121.1 DCN [organism=Podarcis tiliguerta] [GeneID=310658692]	Podarcis_tiliguerta|DCN|XP_083257121.1
DCN	XP_062347432.1	Cinclus cinclus	134043287		358	kept	representative	XP_062347432.1 DCN [organism=Cinclus cinclus] [GeneID=134043287]	Cinclus_cinclus|DCN|XP_062347432.1
DCN	XP_062373780.1	Sardina pilchardus	134061950		375	kept	representative	XP_062373780.1 dcn [organism=Sardina pilchardus] [GeneID=134061950]	Sardina_pilchardus|DCN|XP_062373780.1
DCN	XP_069629502.1	Haliaeetus albicilla	104321207		357	kept	representative	XP_069629502.1 DCN [organism=Haliaeetus albicilla] [GeneID=104321207]	Haliaeetus_albicilla|DCN|XP_069629502.1
DCN	NP_571772.1	Danio rerio	64698		373	kept	representative	NP_571772.1 dcn [organism=Danio rerio] [GeneID=64698]	Danio_rerio|DCN|NP_571772.1
DCN	XP_087103664.1	Danio rerio	64698	X1	373	excluded	extra_isoform_same_locus	XP_087103664.1 dcn [organism=Danio rerio] [GeneID=64698] [isoform=X1]	Danio_rerio|DCN|XP_087103664.1
DCN	XP_087133930.1	Danio rerio	64698	X1	373	excluded	extra_isoform_same_locus	XP_087133930.1 dcn [organism=Danio rerio] [GeneID=64698] [isoform=X1]	Danio_rerio|DCN|XP_087133930.1
DCN	XP_010947738.1	Camelus bactrianus	105064493		360	kept	representative	XP_010947738.1 DCN [organism=Camelus bactrianus] [GeneID=105064493]	Camelus_bactrianus|DCN|XP_010947738.1
DCN	XP_010947740.1	Camelus bactrianus	105064493		360	excluded	extra_isoform_same_locus	XP_010947740.1 DCN [organism=Camelus bactrianus] [GeneID=105064493]	Camelus_bactrianus|DCN|XP_010947740.1
DCN	XP_032202676.1	Mustela erminea	116593027		360	kept	representative	XP_032202676.1 DCN [organism=Mustela erminea] [GeneID=116593027]	Mustela_erminea|DCN|XP_032202676.1
DCN	XP_032202677.1	Mustela erminea	116593027		360	excluded	extra_isoform_same_locus	XP_032202677.1 DCN [organism=Mustela erminea] [GeneID=116593027]	Mustela_erminea|DCN|XP_032202677.1
DCN	XP_059833624.1	Hypanus sabinus	132398350		350	kept	representative	XP_059833624.1 dcn [organism=Hypanus sabinus] [GeneID=132398350]	Hypanus_sabinus|DCN|XP_059833624.1
DCN	XP_062441127.1	Rhea pennata	134145560		357	kept	representative	XP_062441127.1 DCN [organism=Rhea pennata] [GeneID=134145560]	Rhea_pennata|DCN|XP_062441127.1
DCN	XP_077701906.1	Canis aureus	144282295		360	kept	representative	XP_077701906.1 DCN [organism=Canis aureus] [GeneID=144282295]	Canis_aureus|DCN|XP_077701906.1
DCN	XP_077701907.1	Canis aureus	144282295		360	excluded	extra_isoform_same_locus	XP_077701907.1 DCN [organism=Canis aureus] [GeneID=144282295]	Canis_aureus|DCN|XP_077701907.1
DCN	XP_077701908.1	Canis aureus	144282295		360	excluded	extra_isoform_same_locus	XP_077701908.1 DCN [organism=Canis aureus] [GeneID=144282295]	Canis_aureus|DCN|XP_077701908.1
DCN	XP_077701909.1	Canis aureus	144282295		360	excluded	extra_isoform_same_locus	XP_077701909.1 DCN [organism=Canis aureus] [GeneID=144282295]	Canis_aureus|DCN|XP_077701909.1
DCN	XP_034983123.2	Zootoca vivipara	118090898		358	kept	representative	XP_034983123.2 DCN [organism=Zootoca vivipara] [GeneID=118090898]	Zootoca_vivipara|DCN|XP_034983123.2
DCN	XP_034983124.2	Zootoca vivipara	118090898		358	excluded	extra_isoform_same_locus	XP_034983124.2 DCN [organism=Zootoca vivipara] [GeneID=118090898]	Zootoca_vivipara|DCN|XP_034983124.2
DCN	XP_042326267.1	Sceloporus undulatus	121932051		357	kept	representative	XP_042326267.1 DCN [organism=Sceloporus undulatus] [GeneID=121932051]	Sceloporus_undulatus|DCN|XP_042326267.1
DCN	XP_052524248.1	Tympanuchus pallidicinctus	128073404		357	kept	representative	XP_052524248.1 DCN [organism=Tympanuchus pallidicinctus] [GeneID=128073404]	Tympanuchus_pallidicinctus|DCN|XP_052524248.1
DCN	XP_080210471.1	Nesoenas mayeri	308046490		357	kept	representative	XP_080210471.1 DCN [organism=Nesoenas mayeri] [GeneID=308046490]	Nesoenas_mayeri|DCN|XP_080210471.1
DCN	XP_081977801.1	Larus argentatus	309469447		357	kept	representative	XP_081977801.1 DCN [organism=Larus argentatus] [GeneID=309469447]	Larus_argentatus|DCN|XP_081977801.1
DCN	XP_014936327.1	Acinonyx jubatus	106982669		360	kept	representative	XP_014936327.1 DCN [organism=Acinonyx jubatus] [GeneID=106982669]	Acinonyx_jubatus|DCN|XP_014936327.1
DCN	XP_014936328.1	Acinonyx jubatus	106982669		360	excluded	extra_isoform_same_locus	XP_014936328.1 DCN [organism=Acinonyx jubatus] [GeneID=106982669]	Acinonyx_jubatus|DCN|XP_014936328.1
DCN	XP_037551983.1	Nematolebias whitei	119428376		362	kept	representative	XP_037551983.1 dcn [organism=Nematolebias whitei] [GeneID=119428376]	Nematolebias_whitei|DCN|XP_037551983.1
DCN	XP_065743833.1	Phocoena phocoena	136131049		360	kept	representative	XP_065743833.1 DCN [organism=Phocoena phocoena] [GeneID=136131049]	Phocoena_phocoena|DCN|XP_065743833.1
DCN	XP_065743834.1	Phocoena phocoena	136131049		360	excluded	extra_isoform_same_locus	XP_065743834.1 DCN [organism=Phocoena phocoena] [GeneID=136131049]	Phocoena_phocoena|DCN|XP_065743834.1
DCN	XP_080666559.1	Martes martes	308347234	1	360	kept	representative	XP_080666559.1 DCN [organism=Martes martes] [GeneID=308347234] [isoform=1]	Martes_martes|DCN|XP_080666559.1
DCN	XP_080666560.1	Martes martes	308347234	1	360	excluded	extra_isoform_same_locus	XP_080666560.1 DCN [organism=Martes martes] [GeneID=308347234] [isoform=1]	Martes_martes|DCN|XP_080666560.1
DCN	XP_080666561.1	Martes martes	308347234	2	345	excluded	extra_isoform_same_locus	XP_080666561.1 DCN [organism=Martes martes] [GeneID=308347234] [isoform=2]	Martes_martes|DCN|XP_080666561.1
DCN	XP_080666562.1	Martes martes	308347234	2	345	excluded	extra_isoform_same_locus	XP_080666562.1 DCN [organism=Martes martes] [GeneID=308347234] [isoform=2]	Martes_martes|DCN|XP_080666562.1
DCN	XP_029019175.1	Betta splendens	114862729		352	kept	representative	XP_029019175.1 dcn [organism=Betta splendens] [GeneID=114862729]	Betta_splendens|DCN|XP_029019175.1
DCN	XP_030179228.1	Lynx canadensis	115519420		360	kept	representative	XP_030179228.1 DCN [organism=Lynx canadensis] [GeneID=115519420]	Lynx_canadensis|DCN|XP_030179228.1
DCN	XP_030179229.1	Lynx canadensis	115519420		360	excluded	extra_isoform_same_locus	XP_030179229.1 DCN [organism=Lynx canadensis] [GeneID=115519420]	Lynx_canadensis|DCN|XP_030179229.1
DCN	XP_048010789.1	Megalobrama amblycephala	125244685		373	kept	representative	XP_048010789.1 dcn [organism=Megalobrama amblycephala] [GeneID=125244685]	Megalobrama_amblycephala|DCN|XP_048010789.1
DCN	XP_048010791.1	Megalobrama amblycephala	125244685		373	excluded	extra_isoform_same_locus	XP_048010791.1 dcn [organism=Megalobrama amblycephala] [GeneID=125244685]	Megalobrama_amblycephala|DCN|XP_048010791.1
DCN	XP_075065491.1	Mixophyes fleayi	142152598		353	kept	representative	XP_075065491.1 DCN [organism=Mixophyes fleayi] [GeneID=142152598]	Mixophyes_fleayi|DCN|XP_075065491.1
DCN	XP_075065492.1	Mixophyes fleayi	142152598		353	excluded	extra_isoform_same_locus	XP_075065492.1 DCN [organism=Mixophyes fleayi] [GeneID=142152598]	Mixophyes_fleayi|DCN|XP_075065492.1
DCN	XP_080096310.1	Raja brachyura	145377350		350	kept	representative	XP_080096310.1 dcn [organism=Raja brachyura] [GeneID=145377350]	Raja_brachyura|DCN|XP_080096310.1
DCN	XP_082275178.1	Balaenoptera physalus	309640375	1	360	kept	representative	XP_082275178.1 DCN [organism=Balaenoptera physalus] [GeneID=309640375] [isoform=1]	Balaenoptera_physalus|DCN|XP_082275178.1
DCN	XP_082275179.1	Balaenoptera physalus	309640375	1	360	excluded	extra_isoform_same_locus	XP_082275179.1 DCN [organism=Balaenoptera physalus] [GeneID=309640375] [isoform=1]	Balaenoptera_physalus|DCN|XP_082275179.1
DCN	XP_083895346.1	Eutrigla gurnardus	311032445		371	kept	representative	XP_083895346.1 dcn [organism=Eutrigla gurnardus] [GeneID=311032445]	Eutrigla_gurnardus|DCN|XP_083895346.1
DCN	XP_026219776.1	Anabas testudineus	113164619		350	kept	representative	XP_026219776.1 dcn [organism=Anabas testudineus] [GeneID=113164619]	Anabas_testudineus|DCN|XP_026219776.1
DCN	XP_026219777.1	Anabas testudineus	113164619		350	excluded	extra_isoform_same_locus	XP_026219777.1 dcn [organism=Anabas testudineus] [GeneID=113164619]	Anabas_testudineus|DCN|XP_026219777.1
DCN	XP_038267747.1	Dermochelys coriacea	119859559		357	kept	representative	XP_038267747.1 DCN [organism=Dermochelys coriacea] [GeneID=119859559]	Dermochelys_coriacea|DCN|XP_038267747.1
DCN	XP_038636759.1	Scyliorhinus canicula	119955028	X1	379	excluded	extra_isoform_same_locus	XP_038636759.1 dcn [organism=Scyliorhinus canicula] [GeneID=119955028] [isoform=X1]	Scyliorhinus_canicula|DCN|XP_038636759.1
DCN	XP_038636760.1	Scyliorhinus canicula	119955028	X2	350	kept	representative	XP_038636760.1 dcn [organism=Scyliorhinus canicula] [GeneID=119955028] [isoform=X2]	Scyliorhinus_canicula|DCN|XP_038636760.1
DCN	XP_075810195.1	Microtus pennsylvanicus	142838580		362	kept	representative	XP_075810195.1 Dcn [organism=Microtus pennsylvanicus] [GeneID=142838580]	Microtus_pennsylvanicus|DCN|XP_075810195.1
DCN	XP_075810196.1	Microtus pennsylvanicus	142838580		362	excluded	extra_isoform_same_locus	XP_075810196.1 Dcn [organism=Microtus pennsylvanicus] [GeneID=142838580]	Microtus_pennsylvanicus|DCN|XP_075810196.1
DCN	XP_075810197.1	Microtus pennsylvanicus	142838580		362	excluded	extra_isoform_same_locus	XP_075810197.1 Dcn [organism=Microtus pennsylvanicus] [GeneID=142838580]	Microtus_pennsylvanicus|DCN|XP_075810197.1
DCN	XP_081863680.1	Phaethon aethereus	309411023		357	kept	representative	XP_081863680.1 DCN [organism=Phaethon aethereus] [GeneID=309411023]	Phaethon_aethereus|DCN|XP_081863680.1
DCN	XP_062851538.1	Trichomycterus rosablanca	134314766		365	kept	representative	XP_062851538.1 dcn [organism=Trichomycterus rosablanca] [GeneID=134314766]	Trichomycterus_rosablanca|DCN|XP_062851538.1
DCN	XP_073183664.1	Lepidochelys kempii	140905039		357	kept	representative	XP_073183664.1 DCN [organism=Lepidochelys kempii] [GeneID=140905039]	Lepidochelys_kempii|DCN|XP_073183664.1
DCN	XP_074482284.1	Sebastes fasciatus	141762199		360	kept	representative	XP_074482284.1 dcn [organism=Sebastes fasciatus] [GeneID=141762199]	Sebastes_fasciatus|DCN|XP_074482284.1
DCN	XP_074482285.1	Sebastes fasciatus	141762199		360	excluded	extra_isoform_same_locus	XP_074482285.1 dcn [organism=Sebastes fasciatus] [GeneID=141762199]	Sebastes_fasciatus|DCN|XP_074482285.1
DCN	XP_075200912.1	Anomaloglossus baeobatrachus	142303447		354	kept	representative	XP_075200912.1 DCN [organism=Anomaloglossus baeobatrachus] [GeneID=142303447]	Anomaloglossus_baeobatrachus|DCN|XP_075200912.1
DCN	XP_015270838.1	Gekko japonicus	107113941		356	kept	representative	XP_015270838.1 DCN [organism=Gekko japonicus] [GeneID=107113941]	Gekko_japonicus|DCN|XP_015270838.1
DCN	XP_015270840.1	Gekko japonicus	107113941		356	excluded	extra_isoform_same_locus	XP_015270840.1 DCN [organism=Gekko japonicus] [GeneID=107113941]	Gekko_japonicus|DCN|XP_015270840.1
DCN	XP_020455250.1	Monopterus albus	109959873		362	kept	representative	XP_020455250.1 dcn [organism=Monopterus albus] [GeneID=109959873]	Monopterus_albus|DCN|XP_020455250.1
DCN	XP_020455251.1	Monopterus albus	109959873		362	excluded	extra_isoform_same_locus	XP_020455251.1 dcn [organism=Monopterus albus] [GeneID=109959873]	Monopterus_albus|DCN|XP_020455251.1
DCN	XP_025782425.1	Puma concolor	112863512		360	kept	representative	XP_025782425.1 DCN [organism=Puma concolor] [GeneID=112863512]	Puma_concolor|DCN|XP_025782425.1
DCN	XP_086568799.1	Puma concolor	112863512		360	excluded	extra_isoform_same_locus	XP_086568799.1 DCN [organism=Puma concolor] [GeneID=112863512]	Puma_concolor|DCN|XP_086568799.1
DCN	XP_032767605.1	Rattus rattus	116908528		354	kept	representative	XP_032767605.1 Dcn [organism=Rattus rattus] [GeneID=116908528]	Rattus_rattus|DCN|XP_032767605.1
DCN	XP_013911965.1	Thamnophis sirtalis	106541142		354	kept	representative	XP_013911965.1 DCN [organism=Thamnophis sirtalis] [GeneID=106541142]	Thamnophis_sirtalis|DCN|XP_013911965.1
DCN	XP_080613801.1	Protomyctophum bolini	308311132		368	kept	representative	XP_080613801.1 dcn [organism=Protomyctophum bolini] [GeneID=308311132]	Protomyctophum_bolini|DCN|XP_080613801.1
DCN	XP_012324774.1	Aotus nancymaae	105728786		359	kept	representative	XP_012324774.1 DCN [organism=Aotus nancymaae] [GeneID=105728786]	Aotus_nancymaae|DCN|XP_012324774.1
DCN	XP_012324775.1	Aotus nancymaae	105728786		359	excluded	extra_isoform_same_locus	XP_012324775.1 DCN [organism=Aotus nancymaae] [GeneID=105728786]	Aotus_nancymaae|DCN|XP_012324775.1
DCN	XP_026778366.1	Pangasianodon hypophthalmus	113531704		361	kept	representative	XP_026778366.1 dcn [organism=Pangasianodon hypophthalmus] [GeneID=113531704]	Pangasianodon_hypophthalmus|DCN|XP_026778366.1
DCN	XP_063010984.1	Melospiza melodia melodia	134417565		358	kept	representative	XP_063010984.1 DCN [organism=Melospiza melodia melodia] [GeneID=134417565]	Melospiza_melodia_melodia|DCN|XP_063010984.1
DCN	XP_023263972.1	Seriola lalandi dorsalis	111656474		361	kept	representative	XP_023263972.1 dcn [organism=Seriola lalandi dorsalis] [GeneID=111656474]	Seriola_lalandi_dorsalis|DCN|XP_023263972.1
DCN	XP_031795422.1	Sarcophilus harrisii	100923094	X1	212	excluded	relative_length	XP_031795422.1 DCN [organism=Sarcophilus harrisii] [GeneID=100923094] [isoform=X1]	Sarcophilus_harrisii|DCN|XP_031795422.1
DCN	XP_031795423.1	Sarcophilus harrisii	100923094	X2	112	excluded	absolute_length	XP_031795423.1 DCN [organism=Sarcophilus harrisii] [GeneID=100923094] [isoform=X2]	Sarcophilus_harrisii|DCN|XP_031795423.1
DCN	XP_031795424.1	Sarcophilus harrisii	100923094	X2	112	excluded	absolute_length	XP_031795424.1 DCN [organism=Sarcophilus harrisii] [GeneID=100923094] [isoform=X2]	Sarcophilus_harrisii|DCN|XP_031795424.1
DCN	XP_031795425.1	Sarcophilus harrisii	100923094	X3	251	excluded	relative_length	XP_031795425.1 DCN [organism=Sarcophilus harrisii] [GeneID=100923094] [isoform=X3]	Sarcophilus_harrisii|DCN|XP_031795425.1
DCN	XP_017801590.2	Papio anubis	101018003		359	kept	representative	XP_017801590.2 DCN [organism=Papio anubis] [GeneID=101018003]	Papio_anubis|DCN|XP_017801590.2
DCN	XP_021778443.1	Papio anubis	101018003		359	excluded	extra_isoform_same_locus	XP_021778443.1 DCN [organism=Papio anubis] [GeneID=101018003]	Papio_anubis|DCN|XP_021778443.1
DCN	XP_021778444.1	Papio anubis	101018003		359	excluded	extra_isoform_same_locus	XP_021778444.1 DCN [organism=Papio anubis] [GeneID=101018003]	Papio_anubis|DCN|XP_021778444.1
DCN	XP_032620955.1	Chelonoidis abingdonii	116816088		356	kept	representative	XP_032620955.1 DCN [organism=Chelonoidis abingdonii] [GeneID=116816088]	Chelonoidis_abingdonii|DCN|XP_032620955.1
DCN	XP_045869070.1	Meles meles	123947118		360	kept	representative	XP_045869070.1 DCN [organism=Meles meles] [GeneID=123947118]	Meles_meles|DCN|XP_045869070.1
DCN	XP_045869071.1	Meles meles	123947118		360	excluded	extra_isoform_same_locus	XP_045869071.1 DCN [organism=Meles meles] [GeneID=123947118]	Meles_meles|DCN|XP_045869071.1
DCN	XP_045869072.1	Meles meles	123947118		360	excluded	extra_isoform_same_locus	XP_045869072.1 DCN [organism=Meles meles] [GeneID=123947118]	Meles_meles|DCN|XP_045869072.1
DCN	XP_045869073.1	Meles meles	123947118		360	excluded	extra_isoform_same_locus	XP_045869073.1 DCN [organism=Meles meles] [GeneID=123947118]	Meles_meles|DCN|XP_045869073.1
DCN	XP_080610077.1	Nannobrachium achirus	308308536		367	kept	representative	XP_080610077.1 dcn [organism=Nannobrachium achirus] [GeneID=308308536]	Nannobrachium_achirus|DCN|XP_080610077.1
DCN	XP_030675725.1	Nomascus leucogenys	100594075		359	kept	representative	XP_030675725.1 DCN [organism=Nomascus leucogenys] [GeneID=100594075]	Nomascus_leucogenys|DCN|XP_030675725.1
DCN	XP_030675726.1	Nomascus leucogenys	100594075		359	excluded	extra_isoform_same_locus	XP_030675726.1 DCN [organism=Nomascus leucogenys] [GeneID=100594075]	Nomascus_leucogenys|DCN|XP_030675726.1
DCN	XP_030675728.1	Nomascus leucogenys	100594075		359	excluded	extra_isoform_same_locus	XP_030675728.1 DCN [organism=Nomascus leucogenys] [GeneID=100594075]	Nomascus_leucogenys|DCN|XP_030675728.1
DCN	XP_005810786.1	Xiphophorus maculatus	102218997		360	kept	representative	XP_005810786.1 dcn [organism=Xiphophorus maculatus] [GeneID=102218997]	Xiphophorus_maculatus|DCN|XP_005810786.1
DCN	XP_070709731.1	Pempheris klunzingeri	139221710		362	kept	representative	XP_070709731.1 dcn [organism=Pempheris klunzingeri] [GeneID=139221710]	Pempheris_klunzingeri|DCN|XP_070709731.1
DCN	XP_006759412.1	Myotis davidii	102753206	X1	363	kept	representative	XP_006759412.1 DCN [organism=Myotis davidii] [GeneID=102753206] [isoform=X1]	Myotis_davidii|DCN|XP_006759412.1
DCN	XP_006759413.1	Myotis davidii	102753206	X1	363	excluded	extra_isoform_same_locus	XP_006759413.1 DCN [organism=Myotis davidii] [GeneID=102753206] [isoform=X1]	Myotis_davidii|DCN|XP_006759413.1
DCN	XP_015416557.1	Myotis davidii	102753206	X2	363	excluded	extra_isoform_same_locus	XP_015416557.1 DCN [organism=Myotis davidii] [GeneID=102753206] [isoform=X2]	Myotis_davidii|DCN|XP_015416557.1
DCN	XP_081782728.1	Podarcis melisellensis	309378478		357	kept	representative	XP_081782728.1 DCN [organism=Podarcis melisellensis] [GeneID=309378478]	Podarcis_melisellensis|DCN|XP_081782728.1
DCN	XP_036374140.1	Megalops cyprinoides	118770522		364	kept	representative	XP_036374140.1 dcn [organism=Megalops cyprinoides] [GeneID=118770522]	Megalops_cyprinoides|DCN|XP_036374140.1
DCN	XP_021029656.1	Mus caroli	110303084		354	kept	representative	XP_021029656.1 Dcn [organism=Mus caroli] [GeneID=110303084]	Mus_caroli|DCN|XP_021029656.1
DCN	XP_021029659.1	Mus caroli	110303084		354	excluded	extra_isoform_same_locus	XP_021029659.1 Dcn [organism=Mus caroli] [GeneID=110303084]	Mus_caroli|DCN|XP_021029659.1
DCN	XP_002823622.1	Pongo abelii	100434577		359	kept	representative	XP_002823622.1 DCN [organism=Pongo abelii] [GeneID=100434577]	Pongo_abelii|DCN|XP_002823622.1
DCN	XP_054383464.1	Pongo abelii	100434577		359	excluded	extra_isoform_same_locus	XP_054383464.1 DCN [organism=Pongo abelii] [GeneID=100434577]	Pongo_abelii|DCN|XP_054383464.1
DCN	XP_086002563.1	Fistularia commersonii	147233824		361	kept	representative	XP_086002563.1 dcn [organism=Fistularia commersonii] [GeneID=147233824]	Fistularia_commersonii|DCN|XP_086002563.1
DCN	XP_030404430.1	Gopherus evgoodei	115644352		356	kept	representative	XP_030404430.1 DCN [organism=Gopherus evgoodei] [GeneID=115644352]	Gopherus_evgoodei|DCN|XP_030404430.1
DCN	XP_032730097.1	Lontra canadensis	116877471		360	kept	representative	XP_032730097.1 DCN [organism=Lontra canadensis] [GeneID=116877471]	Lontra_canadensis|DCN|XP_032730097.1
DCN	XP_032730098.1	Lontra canadensis	116877471		360	excluded	extra_isoform_same_locus	XP_032730098.1 DCN [organism=Lontra canadensis] [GeneID=116877471]	Lontra_canadensis|DCN|XP_032730098.1
DCN	XP_032730099.1	Lontra canadensis	116877471		360	excluded	extra_isoform_same_locus	XP_032730099.1 DCN [organism=Lontra canadensis] [GeneID=116877471]	Lontra_canadensis|DCN|XP_032730099.1
DCN	XP_032730100.1	Lontra canadensis	116877471		360	excluded	extra_isoform_same_locus	XP_032730100.1 DCN [organism=Lontra canadensis] [GeneID=116877471]	Lontra_canadensis|DCN|XP_032730100.1
DCN	XP_080791465.1	Micromys minutus	308434882	1	354	kept	representative	XP_080791465.1 DCN [organism=Micromys minutus] [GeneID=308434882] [isoform=1]	Micromys_minutus|DCN|XP_080791465.1
DCN	XP_080791466.1	Micromys minutus	308434882	1	354	excluded	extra_isoform_same_locus	XP_080791466.1 DCN [organism=Micromys minutus] [GeneID=308434882] [isoform=1]	Micromys_minutus|DCN|XP_080791466.1
DCN	XP_080791467.1	Micromys minutus	308434882	1	354	excluded	extra_isoform_same_locus	XP_080791467.1 DCN [organism=Micromys minutus] [GeneID=308434882] [isoform=1]	Micromys_minutus|DCN|XP_080791467.1
DCN	XP_056703057.1	Euleptes europaea	130475324		356	kept	representative	XP_056703057.1 DCN [organism=Euleptes europaea] [GeneID=130475324]	Euleptes_europaea|DCN|XP_056703057.1
DCN	XP_067992239.2	Myxine glutinosa	137439909		375	kept	representative	XP_067992239.2 DCN [organism=Myxine glutinosa] [GeneID=137439909]	Myxine_glutinosa|DCN|XP_067992239.2
DCN	XP_079878563.1	Zeus faber	307246501		364	kept	representative	XP_079878563.1 dcn [organism=Zeus faber] [GeneID=307246501]	Zeus_faber|DCN|XP_079878563.1
DCN	XP_040004339.1	Xiphias gladius	120801417		361	kept	representative	XP_040004339.1 dcn [organism=Xiphias gladius] [GeneID=120801417]	Xiphias_gladius|DCN|XP_040004339.1
DCN	XP_074914251.1	Buteo buteo	142045037		357	kept	representative	XP_074914251.1 DCN [organism=Buteo buteo] [GeneID=142045037]	Buteo_buteo|DCN|XP_074914251.1
DCN	NP_001009082.1	Pan troglodytes	452120		359	kept	representative	NP_001009082.1 DCN [organism=Pan troglodytes] [GeneID=452120]	Pan_troglodytes|DCN|NP_001009082.1
DCN	XP_009424245.1	Pan troglodytes	452120	X1	359	excluded	extra_isoform_same_locus	XP_009424245.1 DCN [organism=Pan troglodytes] [GeneID=452120] [isoform=X1]	Pan_troglodytes|DCN|XP_009424245.1
DCN	XP_016778090.1	Pan troglodytes	452120	X1	359	excluded	extra_isoform_same_locus	XP_016778090.1 DCN [organism=Pan troglodytes] [GeneID=452120] [isoform=X1]	Pan_troglodytes|DCN|XP_016778090.1
DCN	XP_012878404.1	Dipodomys ordii	105990500		370	kept	representative	XP_012878404.1 Dcn [organism=Dipodomys ordii] [GeneID=105990500]	Dipodomys_ordii|DCN|XP_012878404.1
DCN	XP_012878409.1	Dipodomys ordii	105990500		370	excluded	extra_isoform_same_locus	XP_012878409.1 Dcn [organism=Dipodomys ordii] [GeneID=105990500]	Dipodomys_ordii|DCN|XP_012878409.1
DCN	XP_068573494.1	Cebidichthys violaceus	137877450		362	kept	representative	XP_068573494.1 dcn [organism=Cebidichthys violaceus] [GeneID=137877450]	Cebidichthys_violaceus|DCN|XP_068573494.1
DCN	XP_077663816.1	Eretmochelys imbricata	144259459	X1	357	kept	representative	XP_077663816.1 DCN [organism=Eretmochelys imbricata] [GeneID=144259459] [isoform=X1]	Eretmochelys_imbricata|DCN|XP_077663816.1
DCN	XP_077663818.1	Eretmochelys imbricata	144259459	X2	248	excluded	relative_length	XP_077663818.1 DCN [organism=Eretmochelys imbricata] [GeneID=144259459] [isoform=X2]	Eretmochelys_imbricata|DCN|XP_077663818.1
DCN	XP_077663819.1	Eretmochelys imbricata	144259459	X3	210	excluded	relative_length	XP_077663819.1 DCN [organism=Eretmochelys imbricata] [GeneID=144259459] [isoform=X3]	Eretmochelys_imbricata|DCN|XP_077663819.1
DCN	XP_077663820.1	Eretmochelys imbricata	144259459	X4	170	excluded	absolute_length	XP_077663820.1 DCN [organism=Eretmochelys imbricata] [GeneID=144259459] [isoform=X4]	Eretmochelys_imbricata|DCN|XP_077663820.1
DCN	XP_083429605.1	Podarcis filfolensis	310743302		357	kept	representative	XP_083429605.1 DCN [organism=Podarcis filfolensis] [GeneID=310743302]	Podarcis_filfolensis|DCN|XP_083429605.1
DCN	XP_084017382.1	Coregonus lavaretus	311129011		364	kept	representative	XP_084017382.1 dcn [organism=Coregonus lavaretus] [GeneID=311129011]	Coregonus_lavaretus|DCN|XP_084017382.1
DCN	XP_005480733.1	Zonotrichia albicollis	102063461		358	kept	representative	XP_005480733.1 DCN [organism=Zonotrichia albicollis] [GeneID=102063461]	Zonotrichia_albicollis|DCN|XP_005480733.1
DCN	XP_007123758.1	Physeter macrocephalus	102976387		360	kept	representative	XP_007123758.1 DCN [organism=Physeter macrocephalus] [GeneID=102976387]	Physeter_macrocephalus|DCN|XP_007123758.1
DCN	XP_028346232.1	Physeter macrocephalus	102976387		360	excluded	extra_isoform_same_locus	XP_028346232.1 DCN [organism=Physeter macrocephalus] [GeneID=102976387]	Physeter_macrocephalus|DCN|XP_028346232.1
DCN	XP_027593995.1	Pipra filicauda	113996865		358	kept	representative	XP_027593995.1 DCN [organism=Pipra filicauda] [GeneID=113996865]	Pipra_filicauda|DCN|XP_027593995.1
DCN	XP_059182089.1	Centropristis striata	131960838		363	kept	representative	XP_059182089.1 dcn [organism=Centropristis striata] [GeneID=131960838]	Centropristis_striata|DCN|XP_059182089.1
DCN	XP_059182090.1	Centropristis striata	131960838		363	excluded	extra_isoform_same_locus	XP_059182090.1 dcn [organism=Centropristis striata] [GeneID=131960838]	Centropristis_striata|DCN|XP_059182090.1
DCN	XP_007524307.1	Erinaceus europaeus	103114556		357	kept	representative	XP_007524307.1 DCN [organism=Erinaceus europaeus] [GeneID=103114556]	Erinaceus_europaeus|DCN|XP_007524307.1
DCN	XP_016044114.1	Erinaceus europaeus	103114556		357	excluded	extra_isoform_same_locus	XP_016044114.1 DCN [organism=Erinaceus europaeus] [GeneID=103114556]	Erinaceus_europaeus|DCN|XP_016044114.1
DCN	XP_016044115.1	Erinaceus europaeus	103114556		357	excluded	extra_isoform_same_locus	XP_016044115.1 DCN [organism=Erinaceus europaeus] [GeneID=103114556]	Erinaceus_europaeus|DCN|XP_016044115.1
DCN	XP_015256378.1	Cyprinodon variegatus	107101830		359	kept	representative	XP_015256378.1 dcn [organism=Cyprinodon variegatus] [GeneID=107101830]	Cyprinodon_variegatus|DCN|XP_015256378.1
DCN	XP_041934807.1	Alosa sapidissima	121697376		372	kept	representative	XP_041934807.1 dcn [organism=Alosa sapidissima] [GeneID=121697376]	Alosa_sapidissima|DCN|XP_041934807.1
DCN	XP_061617586.1	Phyllopteryx taeniolatus	133471739		369	kept	representative	XP_061617586.1 dcn [organism=Phyllopteryx taeniolatus] [GeneID=133471739]	Phyllopteryx_taeniolatus|DCN|XP_061617586.1
DCN	XP_068442493.1	Clinocottus analis	137791437		360	kept	representative	XP_068442493.1 dcn [organism=Clinocottus analis] [GeneID=137791437]	Clinocottus_analis|DCN|XP_068442493.1
DCN	XP_076861486.1	Brachyhypopomus gauderio	143514332		365	kept	representative	XP_076861486.1 dcn [organism=Brachyhypopomus gauderio] [GeneID=143514332]	Brachyhypopomus_gauderio|DCN|XP_076861486.1
DCN	XP_076861487.1	Brachyhypopomus gauderio	143514332		365	excluded	extra_isoform_same_locus	XP_076861487.1 dcn [organism=Brachyhypopomus gauderio] [GeneID=143514332]	Brachyhypopomus_gauderio|DCN|XP_076861487.1
DCN	XP_005421652.1	Geospiza fortis	102036134		358	kept	representative	XP_005421652.1 DCN [organism=Geospiza fortis] [GeneID=102036134]	Geospiza_fortis|DCN|XP_005421652.1
DCN	XP_062339522.1	Osmerus eperlanus	134037961		371	kept	representative	XP_062339522.1 dcn [organism=Osmerus eperlanus] [GeneID=134037961]	Osmerus_eperlanus|DCN|XP_062339522.1
DCN	XP_079674277.1	Gobio gobio	307127124	1	375	kept	representative	XP_079674277.1 dcn [organism=Gobio gobio] [GeneID=307127124] [isoform=1]	Gobio_gobio|DCN|XP_079674277.1
DCN	XP_079674278.1	Gobio gobio	307127124	1	375	excluded	extra_isoform_same_locus	XP_079674278.1 dcn [organism=Gobio gobio] [GeneID=307127124] [isoform=1]	Gobio_gobio|DCN|XP_079674278.1
DCN	XP_079674279.1	Gobio gobio	307127124	1	375	excluded	extra_isoform_same_locus	XP_079674279.1 dcn [organism=Gobio gobio] [GeneID=307127124] [isoform=1]	Gobio_gobio|DCN|XP_079674279.1
DCN	XP_079674280.1	Gobio gobio	307127124	1	375	excluded	extra_isoform_same_locus	XP_079674280.1 dcn [organism=Gobio gobio] [GeneID=307127124] [isoform=1]	Gobio_gobio|DCN|XP_079674280.1
DCN	XP_028809679.1	Denticeps clupeoides	114764315		378	kept	representative	XP_028809679.1 dcn [organism=Denticeps clupeoides] [GeneID=114764315]	Denticeps_clupeoides|DCN|XP_028809679.1
DCN	XP_029901824.1	Myripristis murdjan	115355245		363	kept	representative	XP_029901824.1 dcn [organism=Myripristis murdjan] [GeneID=115355245]	Myripristis_murdjan|DCN|XP_029901824.1
DCN	XP_009938401.1	Opisthocomus hoazin	104334470		357	kept	representative	XP_009938401.1 DCN [organism=Opisthocomus hoazin] [GeneID=104334470]	Opisthocomus_hoazin|DCN|XP_009938401.1
DCN	XP_072002652.1	Engystomops pustulosus	140126742		354	kept	representative	XP_072002652.1 DCN [organism=Engystomops pustulosus] [GeneID=140126742]	Engystomops_pustulosus|DCN|XP_072002652.1
DCN	XP_081450277.1	Giraffa tippelskirchi	145546659		363	kept	representative	XP_081450277.1 DCN [organism=Giraffa tippelskirchi] [GeneID=145546659]	Giraffa_tippelskirchi|DCN|XP_081450277.1
DCN	XP_081450278.1	Giraffa tippelskirchi	145546659		363	excluded	extra_isoform_same_locus	XP_081450278.1 DCN [organism=Giraffa tippelskirchi] [GeneID=145546659]	Giraffa_tippelskirchi|DCN|XP_081450278.1
DCN	XP_054609335.1	Dunckerocampus dactyliophorus	129168275		362	kept	representative	XP_054609335.1 dcn [organism=Dunckerocampus dactyliophorus] [GeneID=129168275]	Dunckerocampus_dactyliophorus|DCN|XP_054609335.1
DCN	XP_054609336.1	Dunckerocampus dactyliophorus	129168275		362	excluded	extra_isoform_same_locus	XP_054609336.1 dcn [organism=Dunckerocampus dactyliophorus] [GeneID=129168275]	Dunckerocampus_dactyliophorus|DCN|XP_054609336.1
DCN	XP_068162883.1	Antennarius striatus	137589205		362	kept	representative	XP_068162883.1 dcn [organism=Antennarius striatus] [GeneID=137589205]	Antennarius_striatus|DCN|XP_068162883.1
DCN	XP_077450169.1	Stigmatopora argus	144069014		368	kept	representative	XP_077450169.1 dcn [organism=Stigmatopora argus] [GeneID=144069014]	Stigmatopora_argus|DCN|XP_077450169.1
DCN	XP_083967444.1	Abramis brama	311080992	1	370	kept	representative	XP_083967444.1 dcn [organism=Abramis brama] [GeneID=311080992] [isoform=1]	Abramis_brama|DCN|XP_083967444.1
DCN	XP_083967445.1	Abramis brama	311080992	1	370	excluded	extra_isoform_same_locus	XP_083967445.1 dcn [organism=Abramis brama] [GeneID=311080992] [isoform=1]	Abramis_brama|DCN|XP_083967445.1
DCN	XP_006004204.1	Latimeria chalumnae	102354622		352	kept	representative	XP_006004204.1 DCN [organism=Latimeria chalumnae] [GeneID=102354622]	Latimeria_chalumnae|DCN|XP_006004204.1
DCN	XP_006004205.1	Latimeria chalumnae	102354622		352	excluded	extra_isoform_same_locus	XP_006004205.1 DCN [organism=Latimeria chalumnae] [GeneID=102354622]	Latimeria_chalumnae|DCN|XP_006004205.1
DCN	XP_036312249.1	Pipistrellus kuhlii	118729094		363	kept	representative	XP_036312249.1 DCN [organism=Pipistrellus kuhlii] [GeneID=118729094]	Pipistrellus_kuhlii|DCN|XP_036312249.1
DCN	XP_036312250.1	Pipistrellus kuhlii	118729094		363	excluded	extra_isoform_same_locus	XP_036312250.1 DCN [organism=Pipistrellus kuhlii] [GeneID=118729094]	Pipistrellus_kuhlii|DCN|XP_036312250.1
DCN	XP_053799939.1	Vidua chalybeata	128788726		358	kept	representative	XP_053799939.1 DCN [organism=Vidua chalybeata] [GeneID=128788726]	Vidua_chalybeata|DCN|XP_053799939.1
DCN	XP_059968156.1	Mesoplodon densirostris	132498485		360	kept	representative	XP_059968156.1 DCN [organism=Mesoplodon densirostris] [GeneID=132498485]	Mesoplodon_densirostris|DCN|XP_059968156.1
DCN	XP_059968157.1	Mesoplodon densirostris	132498485		360	excluded	extra_isoform_same_locus	XP_059968157.1 DCN [organism=Mesoplodon densirostris] [GeneID=132498485]	Mesoplodon_densirostris|DCN|XP_059968157.1
DCN	XP_005242716.1	Falco peregrinus	101923960		357	kept	representative	XP_005242716.1 DCN [organism=Falco peregrinus] [GeneID=101923960]	Falco_peregrinus|DCN|XP_005242716.1
DCN	XP_064275770.1	Passer domesticus	135300343		358	kept	representative	XP_064275770.1 DCN [organism=Passer domesticus] [GeneID=135300343]	Passer_domesticus|DCN|XP_064275770.1
DCN	XP_078530385.1	Lissotriton helveticus	144816419		361	kept	representative	XP_078530385.1 DCN [organism=Lissotriton helveticus] [GeneID=144816419]	Lissotriton_helveticus|DCN|XP_078530385.1
DCN	XP_006154883.1	Tupaia belangeri chinensis	102474976		360	kept	representative	XP_006154883.1 DCN [organism=Tupaia belangeri chinensis] [GeneID=102474976]	Tupaia_belangeri_chinensis|DCN|XP_006154883.1
DCN	XP_006154884.1	Tupaia belangeri chinensis	102474976		360	excluded	extra_isoform_same_locus	XP_006154884.1 DCN [organism=Tupaia belangeri chinensis] [GeneID=102474976]	Tupaia_belangeri_chinensis|DCN|XP_006154884.1
DCN	XP_072721249.1	Ciconia boyciana	140653256		357	kept	representative	XP_072721249.1 DCN [organism=Ciconia boyciana] [GeneID=140653256]	Ciconia_boyciana|DCN|XP_072721249.1
DCN	XP_072257340.1	Pyxicephalus adspersus	140323849		354	kept	representative	XP_072257340.1 DCN [organism=Pyxicephalus adspersus] [GeneID=140323849]	Pyxicephalus_adspersus|DCN|XP_072257340.1
DCN	XP_050843106.1	Serinus canaria	103813402		189	excluded	relative_length	XP_050843106.1 DCN [organism=Serinus canaria] [GeneID=103813402]	Serinus_canaria|DCN|XP_050843106.1
DCN	XP_082684492.1	Cygnus columbianus	309909454		357	kept	representative	XP_082684492.1 DCN [organism=Cygnus columbianus] [GeneID=309909454]	Cygnus_columbianus|DCN|XP_082684492.1
DCN	XP_059881331.1	Delphinus delphis	132433941		360	kept	representative	XP_059881331.1 DCN [organism=Delphinus delphis] [GeneID=132433941]	Delphinus_delphis|DCN|XP_059881331.1
DCN	XP_059881332.1	Delphinus delphis	132433941		360	excluded	extra_isoform_same_locus	XP_059881332.1 DCN [organism=Delphinus delphis] [GeneID=132433941]	Delphinus_delphis|DCN|XP_059881332.1
DCN	XP_059881333.1	Delphinus delphis	132433941		360	excluded	extra_isoform_same_locus	XP_059881333.1 DCN [organism=Delphinus delphis] [GeneID=132433941]	Delphinus_delphis|DCN|XP_059881333.1
DCN	XP_028426064.1	Perca flavescens	114549919		361	kept	representative	XP_028426064.1 dcn [organism=Perca flavescens] [GeneID=114549919]	Perca_flavescens|DCN|XP_028426064.1
DCN	XP_019947774.1	Paralichthys olivaceus	109632778		360	kept	representative	XP_019947774.1 dcn [organism=Paralichthys olivaceus] [GeneID=109632778]	Paralichthys_olivaceus|DCN|XP_019947774.1
DCN	XP_034718962.1	Etheostoma cragini	117938451		361	kept	representative	XP_034718962.1 dcn [organism=Etheostoma cragini] [GeneID=117938451]	Etheostoma_cragini|DCN|XP_034718962.1
DCN	XP_074683182.1	Strix aluco	141924507		357	kept	representative	XP_074683182.1 DCN [organism=Strix aluco] [GeneID=141924507]	Strix_aluco|DCN|XP_074683182.1
DCN	XP_078098686.1	Sander vitreus	144512028		361	kept	representative	XP_078098686.1 dcn [organism=Sander vitreus] [GeneID=144512028]	Sander_vitreus|DCN|XP_078098686.1
DCN	XP_035535010.1	Morone saxatilis	118340947		361	kept	representative	XP_035535010.1 dcn [organism=Morone saxatilis] [GeneID=118340947]	Morone_saxatilis|DCN|XP_035535010.1
DCN	XP_035535018.1	Morone saxatilis	118340947		361	excluded	extra_isoform_same_locus	XP_035535018.1 dcn [organism=Morone saxatilis] [GeneID=118340947]	Morone_saxatilis|DCN|XP_035535018.1
DCN	XP_070784980.1	Enoplosus armatus	139304953		357	kept	representative	XP_070784980.1 dcn [organism=Enoplosus armatus] [GeneID=139304953]	Enoplosus_armatus|DCN|XP_070784980.1
DCN	XP_023995776.1	Salvelinus sp. IW2-2015	112072627		364	kept	representative	XP_023995776.1 dcn [organism=Salvelinus sp. IW2-2015] [GeneID=112072627]	Salvelinus_sp._IW2-2015|DCN|XP_023995776.1
DCN	XP_004748610.1	Mustela putorius furo	101683638		360	kept	representative	XP_004748610.1 DCN [organism=Mustela putorius furo] [GeneID=101683638]	Mustela_putorius_furo|DCN|XP_004748610.1
DCN	XP_004748611.1	Mustela putorius furo	101683638		360	excluded	extra_isoform_same_locus	XP_004748611.1 DCN [organism=Mustela putorius furo] [GeneID=101683638]	Mustela_putorius_furo|DCN|XP_004748611.1
DCN	XP_057180600.1	Triplophysa rosa	130548107		377	kept	representative	XP_057180600.1 dcn [organism=Triplophysa rosa] [GeneID=130548107]	Triplophysa_rosa|DCN|XP_057180600.1
DCN	XP_069760394.1	Narcine bancroftii	138746227		350	kept	representative	XP_069760394.1 dcn [organism=Narcine bancroftii] [GeneID=138746227]	Narcine_bancroftii|DCN|XP_069760394.1
DCN	XP_069760395.1	Narcine bancroftii	138746227		350	excluded	extra_isoform_same_locus	XP_069760395.1 dcn [organism=Narcine bancroftii] [GeneID=138746227]	Narcine_bancroftii|DCN|XP_069760395.1
DCN	XP_005374507.1	Chinchilla lanigera	102019976		363	kept	representative	XP_005374507.1 Dcn [organism=Chinchilla lanigera] [GeneID=102019976]	Chinchilla_lanigera|DCN|XP_005374507.1
DCN	XP_005374508.1	Chinchilla lanigera	102019976		363	excluded	extra_isoform_same_locus	XP_005374508.1 Dcn [organism=Chinchilla lanigera] [GeneID=102019976]	Chinchilla_lanigera|DCN|XP_005374508.1
DCN	XP_012725166.2	Fundulus heteroclitus	105931159		362	kept	representative	XP_012725166.2 dcn [organism=Fundulus heteroclitus] [GeneID=105931159]	Fundulus_heteroclitus|DCN|XP_012725166.2
DCN	XP_012725167.2	Fundulus heteroclitus	105931159		362	excluded	extra_isoform_same_locus	XP_012725167.2 dcn [organism=Fundulus heteroclitus] [GeneID=105931159]	Fundulus_heteroclitus|DCN|XP_012725167.2
DCN	XP_035407782.1	Cygnus atratus	118250632		357	kept	representative	XP_035407782.1 DCN [organism=Cygnus atratus] [GeneID=118250632]	Cygnus_atratus|DCN|XP_035407782.1
DCN	XP_073507750.1	Phyllobates terribilis	141165764		354	kept	representative	XP_073507750.1 DCN [organism=Phyllobates terribilis] [GeneID=141165764]	Phyllobates_terribilis|DCN|XP_073507750.1
DCN	XP_086058104.1	Aulostomus chinensis	147262798		361	kept	representative	XP_086058104.1 dcn [organism=Aulostomus chinensis] [GeneID=147262798]	Aulostomus_chinensis|DCN|XP_086058104.1
DCN	XP_010006318.1	Chaetura pelagica	104397982		357	kept	representative	XP_010006318.1 DCN [organism=Chaetura pelagica] [GeneID=104397982]	Chaetura_pelagica|DCN|XP_010006318.1
DCN	XP_036977940.1	Acanthopagrus latus	119032631		363	kept	representative	XP_036977940.1 dcn [organism=Acanthopagrus latus] [GeneID=119032631]	Acanthopagrus_latus|DCN|XP_036977940.1
DCN	XP_036977941.1	Acanthopagrus latus	119032631		363	excluded	extra_isoform_same_locus	XP_036977941.1 dcn [organism=Acanthopagrus latus] [GeneID=119032631]	Acanthopagrus_latus|DCN|XP_036977941.1
DCN	XP_074000735.1	Numenius arquata	141462650		357	kept	representative	XP_074000735.1 DCN [organism=Numenius arquata] [GeneID=141462650]	Numenius_arquata|DCN|XP_074000735.1
DCN	XP_074000736.1	Numenius arquata	141462650		357	excluded	extra_isoform_same_locus	XP_074000736.1 DCN [organism=Numenius arquata] [GeneID=141462650]	Numenius_arquata|DCN|XP_074000736.1
DCN	XP_083384146.1	Silurus aristotelis	310718897	1	363	kept	representative	XP_083384146.1 dcn [organism=Silurus aristotelis] [GeneID=310718897] [isoform=1]	Silurus_aristotelis|DCN|XP_083384146.1
DCN	XP_083384147.1	Silurus aristotelis	310718897	1	363	excluded	extra_isoform_same_locus	XP_083384147.1 dcn [organism=Silurus aristotelis] [GeneID=310718897] [isoform=1]	Silurus_aristotelis|DCN|XP_083384147.1
DCN	XP_040090358.1	Oryx dammah	120858392		360	kept	representative	XP_040090358.1 DCN [organism=Oryx dammah] [GeneID=120858392]	Oryx_dammah|DCN|XP_040090358.1
DCN	XP_040090359.1	Oryx dammah	120858392		360	excluded	extra_isoform_same_locus	XP_040090359.1 DCN [organism=Oryx dammah] [GeneID=120858392]	Oryx_dammah|DCN|XP_040090359.1
DCN	XP_082521092.1	Grampus griseus	309829188	1	360	kept	representative	XP_082521092.1 DCN [organism=Grampus griseus] [GeneID=309829188] [isoform=1]	Grampus_griseus|DCN|XP_082521092.1
DCN	XP_082521093.1	Grampus griseus	309829188	1	360	excluded	extra_isoform_same_locus	XP_082521093.1 DCN [organism=Grampus griseus] [GeneID=309829188] [isoform=1]	Grampus_griseus|DCN|XP_082521093.1
DCN	XP_084362676.1	Aythya ferina	311430149		357	kept	representative	XP_084362676.1 DCN [organism=Aythya ferina] [GeneID=311430149]	Aythya_ferina|DCN|XP_084362676.1
DCN	XP_018541145.1	Lates calcarifer	108889260		362	kept	representative	XP_018541145.1 dcn [organism=Lates calcarifer] [GeneID=108889260]	Lates_calcarifer|DCN|XP_018541145.1
DCN	XP_024426818.1	Desmodus rotundus	112314445		361	kept	representative	XP_024426818.1 DCN [organism=Desmodus rotundus] [GeneID=112314445]	Desmodus_rotundus|DCN|XP_024426818.1
DCN	XP_024426872.1	Desmodus rotundus	112314445		361	excluded	extra_isoform_same_locus	XP_024426872.1 DCN [organism=Desmodus rotundus] [GeneID=112314445]	Desmodus_rotundus|DCN|XP_024426872.1
DCN	XP_062299845.1	Scomber scombrus	134004543		362	kept	representative	XP_062299845.1 dcn [organism=Scomber scombrus] [GeneID=134004543]	Scomber_scombrus|DCN|XP_062299845.1
DCN	XP_054299469.1	Pongo pygmaeus	129009898		359	kept	representative	XP_054299469.1 DCN [organism=Pongo pygmaeus] [GeneID=129009898]	Pongo_pygmaeus|DCN|XP_054299469.1
DCN	XP_054299470.1	Pongo pygmaeus	129009898		359	excluded	extra_isoform_same_locus	XP_054299470.1 DCN [organism=Pongo pygmaeus] [GeneID=129009898]	Pongo_pygmaeus|DCN|XP_054299470.1
DCN	XP_002752862.1	Callithrix jacchus	100405391		359	kept	representative	XP_002752862.1 DCN [organism=Callithrix jacchus] [GeneID=100405391]	Callithrix_jacchus|DCN|XP_002752862.1
DCN	XP_002752863.1	Callithrix jacchus	100405391		359	excluded	extra_isoform_same_locus	XP_002752863.1 DCN [organism=Callithrix jacchus] [GeneID=100405391]	Callithrix_jacchus|DCN|XP_002752863.1
DCN	XP_014911392.1	Poecilia latipinna	106961845		360	kept	representative	XP_014911392.1 dcn [organism=Poecilia latipinna] [GeneID=106961845]	Poecilia_latipinna|DCN|XP_014911392.1
DCN	XP_082351824.1	Vanellus vanellus	309681754		357	kept	representative	XP_082351824.1 DCN [organism=Vanellus vanellus] [GeneID=309681754]	Vanellus_vanellus|DCN|XP_082351824.1
DCN	XP_042549133.1	Dipodomys spectabilis	122119196		370	kept	representative	XP_042549133.1 Dcn [organism=Dipodomys spectabilis] [GeneID=122119196]	Dipodomys_spectabilis|DCN|XP_042549133.1
DCN	XP_042549134.1	Dipodomys spectabilis	122119196		370	excluded	extra_isoform_same_locus	XP_042549134.1 Dcn [organism=Dipodomys spectabilis] [GeneID=122119196]	Dipodomys_spectabilis|DCN|XP_042549134.1
DCN	XP_042549135.1	Dipodomys spectabilis	122119196		370	excluded	extra_isoform_same_locus	XP_042549135.1 Dcn [organism=Dipodomys spectabilis] [GeneID=122119196]	Dipodomys_spectabilis|DCN|XP_042549135.1
DCN	XP_044311700.1	Varanus komodoensis	123036482		355	kept	representative	XP_044311700.1 DCN [organism=Varanus komodoensis] [GeneID=123036482]	Varanus_komodoensis|DCN|XP_044311700.1
DCN	XP_079349890.1	Electrona antarctica	306916061		367	kept	representative	XP_079349890.1 dcn [organism=Electrona antarctica] [GeneID=306916061]	Electrona_antarctica|DCN|XP_079349890.1
DCN	XP_006749162.1	Leptonychotes weddellii	102727675	X1	360	kept	representative	XP_006749162.1 DCN [organism=Leptonychotes weddellii] [GeneID=102727675] [isoform=X1]	Leptonychotes_weddellii|DCN|XP_006749162.1
DCN	XP_006749163.1	Leptonychotes weddellii	102727675	X1	360	excluded	extra_isoform_same_locus	XP_006749163.1 DCN [organism=Leptonychotes weddellii] [GeneID=102727675] [isoform=X1]	Leptonychotes_weddellii|DCN|XP_006749163.1
DCN	XP_081678318.1	Leptonychotes weddellii	102727675	X2	299	excluded	extra_isoform_same_locus	XP_081678318.1 DCN [organism=Leptonychotes weddellii] [GeneID=102727675] [isoform=X2]	Leptonychotes_weddellii|DCN|XP_081678318.1
DCN	XP_008932902.1	Manacus vitellinus	103767501		358	kept	representative	XP_008932902.1 DCN [organism=Manacus vitellinus] [GeneID=103767501]	Manacus_vitellinus|DCN|XP_008932902.1
DCN	XP_044199489.1	Thunnus albacares	122975226		364	kept	representative	XP_044199489.1 dcn [organism=Thunnus albacares] [GeneID=122975226]	Thunnus_albacares|DCN|XP_044199489.1
DCN	XP_056196963.1	Falco biarmicus	130150253		357	kept	representative	XP_056196963.1 DCN [organism=Falco biarmicus] [GeneID=130150253]	Falco_biarmicus|DCN|XP_056196963.1
DCN	XP_076152764.1	Alosa pseudoharengus	143136133		372	kept	representative	XP_076152764.1 dcn [organism=Alosa pseudoharengus] [GeneID=143136133]	Alosa_pseudoharengus|DCN|XP_076152764.1
DCN	XP_077628316.1	Crocuta crocuta	144238401		360	kept	representative	XP_077628316.1 DCN [organism=Crocuta crocuta] [GeneID=144238401]	Crocuta_crocuta|DCN|XP_077628316.1
DCN	XP_077628317.1	Crocuta crocuta	144238401		360	excluded	extra_isoform_same_locus	XP_077628317.1 DCN [organism=Crocuta crocuta] [GeneID=144238401]	Crocuta_crocuta|DCN|XP_077628317.1
DCN	XP_085959223.1	Hippocampus guttulatus	147186204		363	kept	representative	XP_085959223.1 dcn [organism=Hippocampus guttulatus] [GeneID=147186204]	Hippocampus_guttulatus|DCN|XP_085959223.1
DCN	XP_010155459.1	Eurypyga helias	104513707		357	kept	representative	XP_010155459.1 DCN [organism=Eurypyga helias] [GeneID=104513707]	Eurypyga_helias|DCN|XP_010155459.1
DCN	XP_042803281.1	Panthera leo	122224907		360	kept	representative	XP_042803281.1 DCN [organism=Panthera leo] [GeneID=122224907]	Panthera_leo|DCN|XP_042803281.1
DCN	XP_042803282.1	Panthera leo	122224907		360	excluded	extra_isoform_same_locus	XP_042803282.1 DCN [organism=Panthera leo] [GeneID=122224907]	Panthera_leo|DCN|XP_042803282.1
DCN	XP_067998924.1	Melanerpes formicivorus	137443261		357	kept	representative	XP_067998924.1 DCN [organism=Melanerpes formicivorus] [GeneID=137443261]	Melanerpes_formicivorus|DCN|XP_067998924.1
DCN	XP_067998925.1	Melanerpes formicivorus	137443261		357	excluded	extra_isoform_same_locus	XP_067998925.1 DCN [organism=Melanerpes formicivorus] [GeneID=137443261]	Melanerpes_formicivorus|DCN|XP_067998925.1
DCN	XP_075407299.1	Tenrec ecaudatus	142449884		361	kept	representative	XP_075407299.1 DCN [organism=Tenrec ecaudatus] [GeneID=142449884]	Tenrec_ecaudatus|DCN|XP_075407299.1
DCN	XP_075407300.1	Tenrec ecaudatus	142449884		361	excluded	extra_isoform_same_locus	XP_075407300.1 DCN [organism=Tenrec ecaudatus] [GeneID=142449884]	Tenrec_ecaudatus|DCN|XP_075407300.1
DCN	XP_075407301.1	Tenrec ecaudatus	142449884		361	excluded	extra_isoform_same_locus	XP_075407301.1 DCN [organism=Tenrec ecaudatus] [GeneID=142449884]	Tenrec_ecaudatus|DCN|XP_075407301.1
DCN	XP_057234900.1	Malurus melanocephalus	130581037		358	kept	representative	XP_057234900.1 DCN [organism=Malurus melanocephalus] [GeneID=130581037]	Malurus_melanocephalus|DCN|XP_057234900.1
DCN	XP_035759418.1	Egretta garzetta	104134503		357	kept	representative	XP_035759418.1 DCN [organism=Egretta garzetta] [GeneID=104134503]	Egretta_garzetta|DCN|XP_035759418.1
DCN	XP_008398806.1	Poecilia reticulata	103459210		360	kept	representative	XP_008398806.1 dcn [organism=Poecilia reticulata] [GeneID=103459210]	Poecilia_reticulata|DCN|XP_008398806.1
DCN	XP_039617736.1	Polypterus senegalus	120534309		373	kept	representative	XP_039617736.1 dcn [organism=Polypterus senegalus] [GeneID=120534309]	Polypterus_senegalus|DCN|XP_039617736.1
DCN	XP_071358115.1	Trachinotus anak	139635069		369	kept	representative	XP_071358115.1 dcn [organism=Trachinotus anak] [GeneID=139635069]	Trachinotus_anak|DCN|XP_071358115.1
DCN	XP_078423877.1	Cetorhinus maximus	144696452		350	kept	representative	XP_078423877.1 dcn [organism=Cetorhinus maximus] [GeneID=144696452]	Cetorhinus_maximus|DCN|XP_078423877.1
DCN	XP_078423879.1	Cetorhinus maximus	144696452		350	excluded	extra_isoform_same_locus	XP_078423879.1 dcn [organism=Cetorhinus maximus] [GeneID=144696452]	Cetorhinus_maximus|DCN|XP_078423879.1
DCN	XP_078423880.1	Cetorhinus maximus	144696452		350	excluded	extra_isoform_same_locus	XP_078423880.1 dcn [organism=Cetorhinus maximus] [GeneID=144696452]	Cetorhinus_maximus|DCN|XP_078423880.1
DCN	XP_005733549.1	Pundamilia nyererei	102196544		358	kept	representative	XP_005733549.1 dcn [organism=Pundamilia nyererei] [GeneID=102196544]	Pundamilia_nyererei|DCN|XP_005733549.1
DCN	XP_009956886.1	Leptosomus discolor	104352289		357	kept	representative	XP_009956886.1 DCN [organism=Leptosomus discolor] [GeneID=104352289]	Leptosomus_discolor|DCN|XP_009956886.1
DCN	XP_034499557.1	Ailuropoda melanoleuca	100480546		337	kept	representative	XP_034499557.1 DCN [organism=Ailuropoda melanoleuca] [GeneID=100480546]	Ailuropoda_melanoleuca|DCN|XP_034499557.1
DCN	XP_054844209.1	Eublepharis macularius	129335577		356	kept	representative	XP_054844209.1 DCN [organism=Eublepharis macularius] [GeneID=129335577]	Eublepharis_macularius|DCN|XP_054844209.1
DCN	XP_053111932.1	Hemicordylus capensis	128327301		354	kept	representative	XP_053111932.1 DCN [organism=Hemicordylus capensis] [GeneID=128327301]	Hemicordylus_capensis|DCN|XP_053111932.1
DCN	XP_004548367.1	Maylandia zebra	101466608		358	kept	representative	XP_004548367.1 dcn [organism=Maylandia zebra] [GeneID=101466608]	Maylandia_zebra|DCN|XP_004548367.1
DCN	XP_005508377.1	Columba livia	102096442		357	kept	representative	XP_005508377.1 DCN [organism=Columba livia] [GeneID=102096442]	Columba_livia|DCN|XP_005508377.1
DCN	XP_021060723.1	Mus pahari	110326543		354	kept	representative	XP_021060723.1 Dcn [organism=Mus pahari] [GeneID=110326543]	Mus_pahari|DCN|XP_021060723.1
DCN	XP_021060724.1	Mus pahari	110326543		354	excluded	extra_isoform_same_locus	XP_021060724.1 Dcn [organism=Mus pahari] [GeneID=110326543]	Mus_pahari|DCN|XP_021060724.1
DCN	XP_029398190.1	Mus pahari	110326543		354	excluded	extra_isoform_same_locus	XP_029398190.1 Dcn [organism=Mus pahari] [GeneID=110326543]	Mus_pahari|DCN|XP_029398190.1
DCN	XP_046502268.1	Equus quagga	124230346		360	kept	representative	XP_046502268.1 DCN [organism=Equus quagga] [GeneID=124230346]	Equus_quagga|DCN|XP_046502268.1
DCN	XP_046502269.1	Equus quagga	124230346		360	excluded	extra_isoform_same_locus	XP_046502269.1 DCN [organism=Equus quagga] [GeneID=124230346]	Equus_quagga|DCN|XP_046502269.1
DCN	XP_061920812.1	Entelurus aequoreus	133661554		362	kept	representative	XP_061920812.1 dcn [organism=Entelurus aequoreus] [GeneID=133661554]	Entelurus_aequoreus|DCN|XP_061920812.1
DCN	XP_008141990.1	Eptesicus fuscus	103288055		363	kept	representative	XP_008141990.1 DCN [organism=Eptesicus fuscus] [GeneID=103288055]	Eptesicus_fuscus|DCN|XP_008141990.1
DCN	XP_008141991.1	Eptesicus fuscus	103288055		363	excluded	extra_isoform_same_locus	XP_008141991.1 DCN [organism=Eptesicus fuscus] [GeneID=103288055]	Eptesicus_fuscus|DCN|XP_008141991.1
DCN	XP_064306819.1	Phalacrocorax carbo	104051031		357	kept	representative	XP_064306819.1 DCN [organism=Phalacrocorax carbo] [GeneID=104051031]	Phalacrocorax_carbo|DCN|XP_064306819.1
DCN	XP_018415744.1	Nanorana parkeri	108790064		354	kept	representative	XP_018415744.1 DCN [organism=Nanorana parkeri] [GeneID=108790064]	Nanorana_parkeri|DCN|XP_018415744.1
DCN	XP_023788956.1	Cyanistes caeruleus	111933527		358	kept	representative	XP_023788956.1 DCN [organism=Cyanistes caeruleus] [GeneID=111933527]	Cyanistes_caeruleus|DCN|XP_023788956.1
DCN	XP_025295331.1	Canis lupus dingo	112654880		360	kept	representative	XP_025295331.1 DCN [organism=Canis lupus dingo] [GeneID=112654880]	Canis_lupus_dingo|DCN|XP_025295331.1
DCN	XP_025295332.1	Canis lupus dingo	112654880		360	excluded	extra_isoform_same_locus	XP_025295332.1 DCN [organism=Canis lupus dingo] [GeneID=112654880]	Canis_lupus_dingo|DCN|XP_025295332.1
DCN	XP_025295333.1	Canis lupus dingo	112654880		360	excluded	extra_isoform_same_locus	XP_025295333.1 DCN [organism=Canis lupus dingo] [GeneID=112654880]	Canis_lupus_dingo|DCN|XP_025295333.1
DCN	XP_048950539.1	Canis lupus dingo	112654880		360	excluded	extra_isoform_same_locus	XP_048950539.1 DCN [organism=Canis lupus dingo] [GeneID=112654880]	Canis_lupus_dingo|DCN|XP_048950539.1
DCN	XP_048950540.1	Canis lupus dingo	112654880		360	excluded	extra_isoform_same_locus	XP_048950540.1 DCN [organism=Canis lupus dingo] [GeneID=112654880]	Canis_lupus_dingo|DCN|XP_048950540.1
DCN	XP_048950541.1	Canis lupus dingo	112654880		360	excluded	extra_isoform_same_locus	XP_048950541.1 DCN [organism=Canis lupus dingo] [GeneID=112654880]	Canis_lupus_dingo|DCN|XP_048950541.1
DCN	XP_048950542.1	Canis lupus dingo	112654880		360	excluded	extra_isoform_same_locus	XP_048950542.1 DCN [organism=Canis lupus dingo] [GeneID=112654880]	Canis_lupus_dingo|DCN|XP_048950542.1
DCN	XP_048950543.1	Canis lupus dingo	112654880		360	excluded	extra_isoform_same_locus	XP_048950543.1 DCN [organism=Canis lupus dingo] [GeneID=112654880]	Canis_lupus_dingo|DCN|XP_048950543.1
DCN	XP_048950544.1	Canis lupus dingo	112654880		360	excluded	extra_isoform_same_locus	XP_048950544.1 DCN [organism=Canis lupus dingo] [GeneID=112654880]	Canis_lupus_dingo|DCN|XP_048950544.1
DCN	XP_048950545.1	Canis lupus dingo	112654880		360	excluded	extra_isoform_same_locus	XP_048950545.1 DCN [organism=Canis lupus dingo] [GeneID=112654880]	Canis_lupus_dingo|DCN|XP_048950545.1
DCN	XP_048950546.1	Canis lupus dingo	112654880		360	excluded	extra_isoform_same_locus	XP_048950546.1 DCN [organism=Canis lupus dingo] [GeneID=112654880]	Canis_lupus_dingo|DCN|XP_048950546.1
DCN	XP_048950547.1	Canis lupus dingo	112654880		360	excluded	extra_isoform_same_locus	XP_048950547.1 DCN [organism=Canis lupus dingo] [GeneID=112654880]	Canis_lupus_dingo|DCN|XP_048950547.1
DCN	XP_079039680.1	Pholis gunnellus	306713738		362	kept	representative	XP_079039680.1 dcn [organism=Pholis gunnellus] [GeneID=306713738]	Pholis_gunnellus|DCN|XP_079039680.1
DCN	XP_040451862.1	Falco naumanni	121089092		357	kept	representative	XP_040451862.1 DCN [organism=Falco naumanni] [GeneID=121089092]	Falco_naumanni|DCN|XP_040451862.1
DCN	XP_029858496.1	Aquila chrysaetos chrysaetos	115336104		357	kept	representative	XP_029858496.1 DCN [organism=Aquila chrysaetos chrysaetos] [GeneID=115336104]	Aquila_chrysaetos_chrysaetos|DCN|XP_029858496.1
DCN	XP_010382242.1	Rhinopithecus roxellana	104678612		359	kept	representative	XP_010382242.1 DCN [organism=Rhinopithecus roxellana] [GeneID=104678612]	Rhinopithecus_roxellana|DCN|XP_010382242.1
DCN	XP_010382243.1	Rhinopithecus roxellana	104678612		359	excluded	extra_isoform_same_locus	XP_010382243.1 DCN [organism=Rhinopithecus roxellana] [GeneID=104678612]	Rhinopithecus_roxellana|DCN|XP_010382243.1
DCN	XP_026554610.1	Pseudonaja textilis	113435171		354	kept	representative	XP_026554610.1 DCN [organism=Pseudonaja textilis] [GeneID=113435171]	Pseudonaja_textilis|DCN|XP_026554610.1
DCN	XP_004700456.1	Echinops telfairi	101661276		361	kept	representative	XP_004700456.1 DCN [organism=Echinops telfairi] [GeneID=101661276]	Echinops_telfairi|DCN|XP_004700456.1
DCN	XP_045146498.1	Echinops telfairi	101661276		361	excluded	extra_isoform_same_locus	XP_045146498.1 DCN [organism=Echinops telfairi] [GeneID=101661276]	Echinops_telfairi|DCN|XP_045146498.1
DCN	XP_031962221.1	Corvus moneduloides	116442831		358	kept	representative	XP_031962221.1 DCN [organism=Corvus moneduloides] [GeneID=116442831]	Corvus_moneduloides|DCN|XP_031962221.1
DCN	XP_037616620.1	Sebastes umbrosus	119482814		360	kept	representative	XP_037616620.1 dcn [organism=Sebastes umbrosus] [GeneID=119482814]	Sebastes_umbrosus|DCN|XP_037616620.1
DCN	XP_036614315.1	Trichosurus vulpecula	118849534		354	kept	representative	XP_036614315.1 DCN [organism=Trichosurus vulpecula] [GeneID=118849534]	Trichosurus_vulpecula|DCN|XP_036614315.1
DCN	XP_006889572.1	Elephantulus edwardii	102861618		360	kept	representative	XP_006889572.1 DCN [organism=Elephantulus edwardii] [GeneID=102861618]	Elephantulus_edwardii|DCN|XP_006889572.1
DCN	XP_006889573.1	Elephantulus edwardii	102861618		251	excluded	relative_length	XP_006889573.1 DCN [organism=Elephantulus edwardii] [GeneID=102861618]	Elephantulus_edwardii|DCN|XP_006889573.1
DCN	XP_006889574.1	Elephantulus edwardii	102861618		213	excluded	relative_length	XP_006889574.1 DCN [organism=Elephantulus edwardii] [GeneID=102861618]	Elephantulus_edwardii|DCN|XP_006889574.1
DCN	XP_006889575.1	Elephantulus edwardii	102861618		173	excluded	absolute_length	XP_006889575.1 DCN [organism=Elephantulus edwardii] [GeneID=102861618]	Elephantulus_edwardii|DCN|XP_006889575.1
DCN	XP_061871812.1	Colius striatus	104557242		357	kept	representative	XP_061871812.1 DCN [organism=Colius striatus] [GeneID=104557242]	Colius_striatus|DCN|XP_061871812.1
DCN	XP_028737033.1	Peromyscus leucopus	114701202		363	kept	representative	XP_028737033.1 Dcn [organism=Peromyscus leucopus] [GeneID=114701202]	Peromyscus_leucopus|DCN|XP_028737033.1
DCN	XP_028737034.1	Peromyscus leucopus	114701202		363	excluded	extra_isoform_same_locus	XP_028737034.1 Dcn [organism=Peromyscus leucopus] [GeneID=114701202]	Peromyscus_leucopus|DCN|XP_028737034.1
DCN	XP_041265755.1	Onychostruthus taczanowskii	121338639		358	kept	representative	XP_041265755.1 DCN [organism=Onychostruthus taczanowskii] [GeneID=121338639]	Onychostruthus_taczanowskii|DCN|XP_041265755.1
DCN	XP_041265757.1	Onychostruthus taczanowskii	121338639		358	excluded	extra_isoform_same_locus	XP_041265757.1 DCN [organism=Onychostruthus taczanowskii] [GeneID=121338639]	Onychostruthus_taczanowskii|DCN|XP_041265757.1
DCN	XP_081187991.1	Vipera berus	308670365		354	kept	representative	XP_081187991.1 DCN [organism=Vipera berus] [GeneID=308670365]	Vipera_berus|DCN|XP_081187991.1
DCN	XP_086775684.1	Lissotriton vulgaris	147751385		362	kept	representative	XP_086775684.1 DCN [organism=Lissotriton vulgaris] [GeneID=147751385]	Lissotriton_vulgaris|DCN|XP_086775684.1
DCN	XP_037003376.1	Artibeus jamaicensis	119050955		363	kept	representative	XP_037003376.1 DCN [organism=Artibeus jamaicensis] [GeneID=119050955]	Artibeus_jamaicensis|DCN|XP_037003376.1
DCN	XP_037003377.1	Artibeus jamaicensis	119050955		363	excluded	extra_isoform_same_locus	XP_037003377.1 DCN [organism=Artibeus jamaicensis] [GeneID=119050955]	Artibeus_jamaicensis|DCN|XP_037003377.1
DCN	XP_053514776.1	Artibeus jamaicensis	119050955		363	excluded	extra_isoform_same_locus	XP_053514776.1 DCN [organism=Artibeus jamaicensis] [GeneID=119050955]	Artibeus_jamaicensis|DCN|XP_053514776.1
DCN	XP_058660884.1	Ammospiza caudacuta	131557572		358	kept	representative	XP_058660884.1 DCN [organism=Ammospiza caudacuta] [GeneID=131557572]	Ammospiza_caudacuta|DCN|XP_058660884.1
DCN	XP_039524383.1	Pimephales promelas	120477056		370	kept	representative	XP_039524383.1 dcn [organism=Pimephales promelas] [GeneID=120477056]	Pimephales_promelas|DCN|XP_039524383.1
DCN	XP_050606033.1	Macaca thibetana thibetana	126931708		359	kept	representative	XP_050606033.1 DCN [organism=Macaca thibetana thibetana] [GeneID=126931708]	Macaca_thibetana_thibetana|DCN|XP_050606033.1
DCN	XP_050606034.1	Macaca thibetana thibetana	126931708		359	excluded	extra_isoform_same_locus	XP_050606034.1 DCN [organism=Macaca thibetana thibetana] [GeneID=126931708]	Macaca_thibetana_thibetana|DCN|XP_050606034.1
DCN	XP_050606035.1	Macaca thibetana thibetana	126931708		359	excluded	extra_isoform_same_locus	XP_050606035.1 DCN [organism=Macaca thibetana thibetana] [GeneID=126931708]	Macaca_thibetana_thibetana|DCN|XP_050606035.1
DCN	XP_069020922.1	Embiotoca jacksoni	138207536		362	kept	representative	XP_069020922.1 dcn [organism=Embiotoca jacksoni] [GeneID=138207536]	Embiotoca_jacksoni|DCN|XP_069020922.1
DCN	XP_018894072.1	Gorilla gorilla gorilla	101133609		359	kept	representative	XP_018894072.1 DCN [organism=Gorilla gorilla gorilla] [GeneID=101133609]	Gorilla_gorilla_gorilla|DCN|XP_018894072.1
DCN	XP_018894073.1	Gorilla gorilla gorilla	101133609		359	excluded	extra_isoform_same_locus	XP_018894073.1 DCN [organism=Gorilla gorilla gorilla] [GeneID=101133609]	Gorilla_gorilla_gorilla|DCN|XP_018894073.1
DCN	XP_047245938.1	Girardinichthys multiradiatus	124883083		362	kept	representative	XP_047245938.1 dcn [organism=Girardinichthys multiradiatus] [GeneID=124883083]	Girardinichthys_multiradiatus|DCN|XP_047245938.1
DCN	XP_058629236.1	Onychostoma macrolepis	131539004		373	kept	representative	XP_058629236.1 dcn [organism=Onychostoma macrolepis] [GeneID=131539004]	Onychostoma_macrolepis|DCN|XP_058629236.1
DCN	XP_058629237.1	Onychostoma macrolepis	131539004		373	excluded	extra_isoform_same_locus	XP_058629237.1 dcn [organism=Onychostoma macrolepis] [GeneID=131539004]	Onychostoma_macrolepis|DCN|XP_058629237.1
DCN	XP_058629238.1	Onychostoma macrolepis	131539004		373	excluded	extra_isoform_same_locus	XP_058629238.1 dcn [organism=Onychostoma macrolepis] [GeneID=131539004]	Onychostoma_macrolepis|DCN|XP_058629238.1
DCN	XP_058629239.1	Onychostoma macrolepis	131539004		373	excluded	extra_isoform_same_locus	XP_058629239.1 dcn [organism=Onychostoma macrolepis] [GeneID=131539004]	Onychostoma_macrolepis|DCN|XP_058629239.1
DCN	XP_084993537.1	Neolamprologus multifasciatus	146499495		357	kept	representative	XP_084993537.1 dcn [organism=Neolamprologus multifasciatus] [GeneID=146499495]	Neolamprologus_multifasciatus|DCN|XP_084993537.1
DCN	XP_022604772.1	Seriola dumerili	111224524		361	kept	representative	XP_022604772.1 dcn [organism=Seriola dumerili] [GeneID=111224524]	Seriola_dumerili|DCN|XP_022604772.1
DCN	XP_020862085.1	Phascolarctos cinereus	110221736		356	kept	representative	XP_020862085.1 DCN [organism=Phascolarctos cinereus] [GeneID=110221736]	Phascolarctos_cinereus|DCN|XP_020862085.1
DCN	XP_054487665.1	Agelaius phoeniceus	129119584		358	kept	representative	XP_054487665.1 DCN [organism=Agelaius phoeniceus] [GeneID=129119584]	Agelaius_phoeniceus|DCN|XP_054487665.1
DCN	XP_068046468.1	Anomalospiza imberbis	137474081		358	kept	representative	XP_068046468.1 DCN [organism=Anomalospiza imberbis] [GeneID=137474081]	Anomalospiza_imberbis|DCN|XP_068046468.1
DCN	XP_009972986.1	Tyto alba	104367535		357	kept	representative	XP_009972986.1 DCN [organism=Tyto alba] [GeneID=104367535]	Tyto_alba|DCN|XP_009972986.1
DCN	XP_037245433.1	Falco rusticolus	119148887		357	kept	representative	XP_037245433.1 DCN [organism=Falco rusticolus] [GeneID=119148887]	Falco_rusticolus|DCN|XP_037245433.1
DCN	XP_079479000.1	Phoxinus phoxinus	307003961	1	541	excluded	relative_length	XP_079479000.1 dcn [organism=Phoxinus phoxinus] [GeneID=307003961] [isoform=1]	Phoxinus_phoxinus|DCN|XP_079479000.1
DCN	XP_079479001.1	Phoxinus phoxinus	307003961	2	370	kept	representative	XP_079479001.1 dcn [organism=Phoxinus phoxinus] [GeneID=307003961] [isoform=2]	Phoxinus_phoxinus|DCN|XP_079479001.1
DCN	XP_049648160.1	Astur gentilis	126034462		357	kept	representative	XP_049648160.1 DCN [organism=Astur gentilis] [GeneID=126034462]	Astur_gentilis|DCN|XP_049648160.1
DCN	XP_044836474.1	Mauremys mutica	123344380		356	kept	representative	XP_044836474.1 DCN [organism=Mauremys mutica] [GeneID=123344380]	Mauremys_mutica|DCN|XP_044836474.1
DCN	XP_057598004.1	Hippopotamus amphibius kiboko	130856936		356	kept	representative	XP_057598004.1 DCN [organism=Hippopotamus amphibius kiboko] [GeneID=130856936]	Hippopotamus_amphibius_kiboko|DCN|XP_057598004.1
DCN	XP_057598005.1	Hippopotamus amphibius kiboko	130856936		356	excluded	extra_isoform_same_locus	XP_057598005.1 DCN [organism=Hippopotamus amphibius kiboko] [GeneID=130856936]	Hippopotamus_amphibius_kiboko|DCN|XP_057598005.1
DCN	XP_072233186.1	Leuresthes tenuis	140282599		362	kept	representative	XP_072233186.1 dcn [organism=Leuresthes tenuis] [GeneID=140282599]	Leuresthes_tenuis|DCN|XP_072233186.1
DCN	XP_020633071.3	Pogona vitticeps	110069841		357	kept	representative	XP_020633071.3 DCN [organism=Pogona vitticeps] [GeneID=110069841]	Pogona_vitticeps|DCN|XP_020633071.3
DCN	XP_061310583.1	Pezoporus flaviventris	133269895		357	kept	representative	XP_061310583.1 DCN [organism=Pezoporus flaviventris] [GeneID=133269895]	Pezoporus_flaviventris|DCN|XP_061310583.1
DCN	XP_007944314.1	Orycteropus afer afer	103201428		360	kept	representative	XP_007944314.1 DCN [organism=Orycteropus afer afer] [GeneID=103201428]	Orycteropus_afer_afer|DCN|XP_007944314.1
DCN	XP_009282633.1	Aptenodytes forsteri	103903206		357	kept	representative	XP_009282633.1 DCN [organism=Aptenodytes forsteri] [GeneID=103903206]	Aptenodytes_forsteri|DCN|XP_009282633.1
DCN	XP_085625044.1	Trachurus japonicus	146962556		361	kept	representative	XP_085625044.1 dcn [organism=Trachurus japonicus] [GeneID=146962556]	Trachurus_japonicus|DCN|XP_085625044.1
DCN	XP_025257792.1	Theropithecus gelada	112634490	X1	361	kept	representative	XP_025257792.1 DCN [organism=Theropithecus gelada] [GeneID=112634490] [isoform=X1]	Theropithecus_gelada|DCN|XP_025257792.1
DCN	XP_025257793.1	Theropithecus gelada	112634490	X2	250	excluded	relative_length	XP_025257793.1 DCN [organism=Theropithecus gelada] [GeneID=112634490] [isoform=X2]	Theropithecus_gelada|DCN|XP_025257793.1
DCN	XP_025257794.1	Theropithecus gelada	112634490	X3	212	excluded	relative_length	XP_025257794.1 DCN [organism=Theropithecus gelada] [GeneID=112634490] [isoform=X3]	Theropithecus_gelada|DCN|XP_025257794.1
DCN	XP_025257795.1	Theropithecus gelada	112634490	X3	212	excluded	relative_length	XP_025257795.1 DCN [organism=Theropithecus gelada] [GeneID=112634490] [isoform=X3]	Theropithecus_gelada|DCN|XP_025257795.1
DCN	XP_025257796.1	Theropithecus gelada	112634490	X4	172	excluded	absolute_length	XP_025257796.1 DCN [organism=Theropithecus gelada] [GeneID=112634490] [isoform=X4]	Theropithecus_gelada|DCN|XP_025257796.1
DCN	XP_025257797.1	Theropithecus gelada	112634490	X5	75	excluded	absolute_length	XP_025257797.1 DCN [organism=Theropithecus gelada] [GeneID=112634490] [isoform=X5]	Theropithecus_gelada|DCN|XP_025257797.1
DCN	XP_032026780.1	Hylobates moloch	116479082		359	kept	representative	XP_032026780.1 DCN [organism=Hylobates moloch] [GeneID=116479082]	Hylobates_moloch|DCN|XP_032026780.1
DCN	XP_032026781.1	Hylobates moloch	116479082		359	excluded	extra_isoform_same_locus	XP_032026781.1 DCN [organism=Hylobates moloch] [GeneID=116479082]	Hylobates_moloch|DCN|XP_032026781.1
DCN	XP_058281275.1	Hylobates moloch	116479082		359	excluded	extra_isoform_same_locus	XP_058281275.1 DCN [organism=Hylobates moloch] [GeneID=116479082]	Hylobates_moloch|DCN|XP_058281275.1
DCN	XP_034259134.1	Pantherophis guttatus	117655637		354	kept	representative	XP_034259134.1 DCN [organism=Pantherophis guttatus] [GeneID=117655637]	Pantherophis_guttatus|DCN|XP_034259134.1
DCN	XP_036154606.1	Myotis myotis	118650340		363	kept	representative	XP_036154606.1 DCN [organism=Myotis myotis] [GeneID=118650340]	Myotis_myotis|DCN|XP_036154606.1
DCN	XP_036154607.1	Myotis myotis	118650340		363	excluded	extra_isoform_same_locus	XP_036154607.1 DCN [organism=Myotis myotis] [GeneID=118650340]	Myotis_myotis|DCN|XP_036154607.1
DCN	XP_058597798.1	Neofelis nebulosa	131519112		360	kept	representative	XP_058597798.1 DCN [organism=Neofelis nebulosa] [GeneID=131519112]	Neofelis_nebulosa|DCN|XP_058597798.1
DCN	XP_058597800.1	Neofelis nebulosa	131519112		360	excluded	extra_isoform_same_locus	XP_058597800.1 DCN [organism=Neofelis nebulosa] [GeneID=131519112]	Neofelis_nebulosa|DCN|XP_058597800.1
DCN	XP_041833775.1	Melanotaenia boesemani	121634882	X1	397	excluded	extra_isoform_same_locus	XP_041833775.1 dcn [organism=Melanotaenia boesemani] [GeneID=121634882] [isoform=X1]	Melanotaenia_boesemani|DCN|XP_041833775.1
DCN	XP_041833776.1	Melanotaenia boesemani	121634882	X2	362	kept	representative	XP_041833776.1 dcn [organism=Melanotaenia boesemani] [GeneID=121634882] [isoform=X2]	Melanotaenia_boesemani|DCN|XP_041833776.1
DCN	XP_061271714.1	Bos javanicus	133247212		360	kept	representative	XP_061271714.1 DCN [organism=Bos javanicus] [GeneID=133247212]	Bos_javanicus|DCN|XP_061271714.1
DCN	XP_061271715.1	Bos javanicus	133247212		360	excluded	extra_isoform_same_locus	XP_061271715.1 DCN [organism=Bos javanicus] [GeneID=133247212]	Bos_javanicus|DCN|XP_061271715.1
DCN	XP_061271717.1	Bos javanicus	133247212		360	excluded	extra_isoform_same_locus	XP_061271717.1 DCN [organism=Bos javanicus] [GeneID=133247212]	Bos_javanicus|DCN|XP_061271717.1
DCN	XP_044133150.1	Bufo gargarizans	122925864		354	kept	representative	XP_044133150.1 DCN [organism=Bufo gargarizans] [GeneID=122925864]	Bufo_gargarizans|DCN|XP_044133150.1
DCN	XP_030334878.1	Strigops habroptila	115605117		357	kept	representative	XP_030334878.1 DCN [organism=Strigops habroptila] [GeneID=115605117]	Strigops_habroptila|DCN|XP_030334878.1
DCN	XP_046922771.1	Lynx rufus	124502243		360	kept	representative	XP_046922771.1 DCN [organism=Lynx rufus] [GeneID=124502243]	Lynx_rufus|DCN|XP_046922771.1
DCN	XP_041594367.1	Vulpes lagopus	121481228		360	kept	representative	XP_041594367.1 DCN [organism=Vulpes lagopus] [GeneID=121481228]	Vulpes_lagopus|DCN|XP_041594367.1
DCN	XP_041594368.1	Vulpes lagopus	121481228		360	excluded	extra_isoform_same_locus	XP_041594368.1 DCN [organism=Vulpes lagopus] [GeneID=121481228]	Vulpes_lagopus|DCN|XP_041594368.1
DCN	XP_069830316.1	Dendropsophus ebraccatus	138795218		354	kept	representative	XP_069830316.1 DCN [organism=Dendropsophus ebraccatus] [GeneID=138795218]	Dendropsophus_ebraccatus|DCN|XP_069830316.1
DCN	XP_010073375.1	Pterocles gutturalis	104462923		251	excluded	relative_length	XP_010073375.1 DCN [organism=Pterocles gutturalis] [GeneID=104462923]	Pterocles_gutturalis|DCN|XP_010073375.1
DCN	XP_043736985.1	Cervus elaphus	122680098		360	kept	representative	XP_043736985.1 DCN [organism=Cervus elaphus] [GeneID=122680098]	Cervus_elaphus|DCN|XP_043736985.1
DCN	XP_043736992.1	Cervus elaphus	122680098		360	excluded	extra_isoform_same_locus	XP_043736992.1 DCN [organism=Cervus elaphus] [GeneID=122680098]	Cervus_elaphus|DCN|XP_043736992.1
DCN	XP_083555573.1	Podarcis gaigeae	310825585		357	kept	representative	XP_083555573.1 DCN [organism=Podarcis gaigeae] [GeneID=310825585]	Podarcis_gaigeae|DCN|XP_083555573.1
DCN	XP_014819492.1	Calidris pugnax	106901354		357	kept	representative	XP_014819492.1 DCN [organism=Calidris pugnax] [GeneID=106901354]	Calidris_pugnax|DCN|XP_014819492.1
DCN	XP_071761688.1	Centroberyx gerrardi	139916648		363	kept	representative	XP_071761688.1 dcn [organism=Centroberyx gerrardi] [GeneID=139916648]	Centroberyx_gerrardi|DCN|XP_071761688.1
DCN	XP_032544231.1	Chiroxiphia lanceolata	116787075		358	kept	representative	XP_032544231.1 DCN [organism=Chiroxiphia lanceolata] [GeneID=116787075]	Chiroxiphia_lanceolata|DCN|XP_032544231.1
DCN	XP_014744501.1	Sturnus vulgaris	106860904		358	kept	representative	XP_014744501.1 DCN [organism=Sturnus vulgaris] [GeneID=106860904]	Sturnus_vulgaris|DCN|XP_014744501.1
DCN	XP_020509311.1	Labrus bergylta	109998780		361	kept	representative	XP_020509311.1 dcn [organism=Labrus bergylta] [GeneID=109998780]	Labrus_bergylta|DCN|XP_020509311.1
DCN	XP_028638875.1	Grammomys surdaster	114634454		354	kept	representative	XP_028638875.1 Dcn [organism=Grammomys surdaster] [GeneID=114634454]	Grammomys_surdaster|DCN|XP_028638875.1
DCN	XP_028638876.1	Grammomys surdaster	114634454		354	excluded	extra_isoform_same_locus	XP_028638876.1 Dcn [organism=Grammomys surdaster] [GeneID=114634454]	Grammomys_surdaster|DCN|XP_028638876.1
DCN	XP_052021495.1	Apodemus sylvaticus	127670935		354	kept	representative	XP_052021495.1 Dcn [organism=Apodemus sylvaticus] [GeneID=127670935]	Apodemus_sylvaticus|DCN|XP_052021495.1
DCN	XP_052021496.1	Apodemus sylvaticus	127670935		354	excluded	extra_isoform_same_locus	XP_052021496.1 Dcn [organism=Apodemus sylvaticus] [GeneID=127670935]	Apodemus_sylvaticus|DCN|XP_052021496.1
DCN	XP_071621545.1	Heliangelus exortis	139806174		357	kept	representative	XP_071621545.1 DCN [organism=Heliangelus exortis] [GeneID=139806174]	Heliangelus_exortis|DCN|XP_071621545.1
DCN	XP_007449165.1	Lipotes vexillifer	103076411	X1	360	kept	representative	XP_007449165.1 DCN [organism=Lipotes vexillifer] [GeneID=103076411] [isoform=X1]	Lipotes_vexillifer|DCN|XP_007449165.1
DCN	XP_007449166.1	Lipotes vexillifer	103076411	X2	360	excluded	extra_isoform_same_locus	XP_007449166.1 DCN [organism=Lipotes vexillifer] [GeneID=103076411] [isoform=X2]	Lipotes_vexillifer|DCN|XP_007449166.1
DCN	XP_007449167.1	Lipotes vexillifer	103076411	X3	360	excluded	extra_isoform_same_locus	XP_007449167.1 DCN [organism=Lipotes vexillifer] [GeneID=103076411] [isoform=X3]	Lipotes_vexillifer|DCN|XP_007449167.1
DCN	XP_007449168.1	Lipotes vexillifer	103076411	X4	251	excluded	relative_length	XP_007449168.1 DCN [organism=Lipotes vexillifer] [GeneID=103076411] [isoform=X4]	Lipotes_vexillifer|DCN|XP_007449168.1
DCN	XP_007449169.1	Lipotes vexillifer	103076411	X5	213	excluded	relative_length	XP_007449169.1 DCN [organism=Lipotes vexillifer] [GeneID=103076411] [isoform=X5]	Lipotes_vexillifer|DCN|XP_007449169.1
DCN	XP_048124342.1	Alosa alosa	125310742		372	kept	representative	XP_048124342.1 dcn [organism=Alosa alosa] [GeneID=125310742]	Alosa_alosa|DCN|XP_048124342.1
DCN	XP_066579726.1	Amia ocellicauda	136771360		356	kept	representative	XP_066579726.1 dcn [organism=Amia ocellicauda] [GeneID=136771360]	Amia_ocellicauda|DCN|XP_066579726.1
DCN	XP_066579727.1	Amia ocellicauda	136771360		356	excluded	extra_isoform_same_locus	XP_066579727.1 dcn [organism=Amia ocellicauda] [GeneID=136771360]	Amia_ocellicauda|DCN|XP_066579727.1
DCN	XP_021514527.1	Meriones unguiculatus	110562162		363	kept	representative	XP_021514527.1 Dcn [organism=Meriones unguiculatus] [GeneID=110562162]	Meriones_unguiculatus|DCN|XP_021514527.1
DCN	XP_021514528.1	Meriones unguiculatus	110562162		363	excluded	extra_isoform_same_locus	XP_021514528.1 Dcn [organism=Meriones unguiculatus] [GeneID=110562162]	Meriones_unguiculatus|DCN|XP_021514528.1
DCN	XP_009672852.1	Struthio camelus	104143836		357	kept	representative	XP_009672852.1 DCN [organism=Struthio camelus] [GeneID=104143836]	Struthio_camelus|DCN|XP_009672852.1
DCN	XP_079570523.1	Hyperoodon ampullatus	307060062		360	kept	representative	XP_079570523.1 DCN [organism=Hyperoodon ampullatus] [GeneID=307060062]	Hyperoodon_ampullatus|DCN|XP_079570523.1
DCN	XP_031169170.1	Sander lucioperca	116060001		361	kept	representative	XP_031169170.1 dcn [organism=Sander lucioperca] [GeneID=116060001]	Sander_lucioperca|DCN|XP_031169170.1
DCN	XP_003989159.1	Felis catus	101101236		360	kept	representative	XP_003989159.1 DCN [organism=Felis catus] [GeneID=101101236]	Felis_catus|DCN|XP_003989159.1
DCN	XP_003989160.1	Felis catus	101101236		360	excluded	extra_isoform_same_locus	XP_003989160.1 DCN [organism=Felis catus] [GeneID=101101236]	Felis_catus|DCN|XP_003989160.1
DCN	XP_032272591.1	Phoca vitulina	116639947		360	kept	representative	XP_032272591.1 DCN [organism=Phoca vitulina] [GeneID=116639947]	Phoca_vitulina|DCN|XP_032272591.1
DCN	XP_032272593.1	Phoca vitulina	116639947		360	excluded	extra_isoform_same_locus	XP_032272593.1 DCN [organism=Phoca vitulina] [GeneID=116639947]	Phoca_vitulina|DCN|XP_032272593.1
DCN	XP_060633315.2	Anolis sagrei	132776105		357	kept	representative	XP_060633315.2 DCN [organism=Anolis sagrei] [GeneID=132776105]	Anolis_sagrei|DCN|XP_060633315.2
DCN	XP_041873514.1	Corvus kubaryi	121659487		358	kept	representative	XP_041873514.1 DCN [organism=Corvus kubaryi] [GeneID=121659487]	Corvus_kubaryi|DCN|XP_041873514.1
DCN	XP_048214327.1	Perognathus longimembris pacificus	125360429		366	kept	representative	XP_048214327.1 Dcn [organism=Perognathus longimembris pacificus] [GeneID=125360429]	Perognathus_longimembris_pacificus|DCN|XP_048214327.1
DCN	XP_048214336.1	Perognathus longimembris pacificus	125360429		366	excluded	extra_isoform_same_locus	XP_048214336.1 Dcn [organism=Perognathus longimembris pacificus] [GeneID=125360429]	Perognathus_longimembris_pacificus|DCN|XP_048214336.1
DCN	XP_037099674.1	Syngnathus acus	119117493		363	kept	representative	XP_037099674.1 dcn [organism=Syngnathus acus] [GeneID=119117493]	Syngnathus_acus|DCN|XP_037099674.1
DCN	XP_037099675.1	Syngnathus acus	119117493		363	excluded	extra_isoform_same_locus	XP_037099675.1 dcn [organism=Syngnathus acus] [GeneID=119117493]	Syngnathus_acus|DCN|XP_037099675.1
DCN	XP_049739989.1	Elephas maximus indicus	126075861		360	kept	representative	XP_049739989.1 DCN [organism=Elephas maximus indicus] [GeneID=126075861]	Elephas_maximus_indicus|DCN|XP_049739989.1
DCN	XP_049739990.1	Elephas maximus indicus	126075861		360	excluded	extra_isoform_same_locus	XP_049739990.1 DCN [organism=Elephas maximus indicus] [GeneID=126075861]	Elephas_maximus_indicus|DCN|XP_049739990.1
DCN	XP_007165963.1	Balaenoptera acutorostrata	103020810		360	kept	representative	XP_007165963.1 DCN [organism=Balaenoptera acutorostrata] [GeneID=103020810]	Balaenoptera_acutorostrata|DCN|XP_007165963.1
DCN	XP_007165964.1	Balaenoptera acutorostrata	103020810		360	excluded	extra_isoform_same_locus	XP_007165964.1 DCN [organism=Balaenoptera acutorostrata] [GeneID=103020810]	Balaenoptera_acutorostrata|DCN|XP_007165964.1
DCN	XP_025914224.1	Apteryx rowi	112962369		357	kept	representative	XP_025914224.1 DCN [organism=Apteryx rowi] [GeneID=112962369]	Apteryx_rowi|DCN|XP_025914224.1
DCN	XP_067346520.1	Channa argus	137106718		358	kept	representative	XP_067346520.1 dcn [organism=Channa argus] [GeneID=137106718]	Channa_argus|DCN|XP_067346520.1
DCN	XP_017659917.1	Lepidothrix coronata	108492272		358	kept	representative	XP_017659917.1 DCN [organism=Lepidothrix coronata] [GeneID=108492272]	Lepidothrix_coronata|DCN|XP_017659917.1
DCN	XP_030712266.1	Globicephala melas	115853040		360	kept	representative	XP_030712266.1 DCN [organism=Globicephala melas] [GeneID=115853040]	Globicephala_melas|DCN|XP_030712266.1
DCN	XP_030712267.1	Globicephala melas	115853040		360	excluded	extra_isoform_same_locus	XP_030712267.1 DCN [organism=Globicephala melas] [GeneID=115853040]	Globicephala_melas|DCN|XP_030712267.1
DCN	XP_069902516.1	Globicephala melas	115853040		360	excluded	extra_isoform_same_locus	XP_069902516.1 DCN [organism=Globicephala melas] [GeneID=115853040]	Globicephala_melas|DCN|XP_069902516.1
DCN	XP_061768158.1	Nerophis ophidion	133560083		362	kept	representative	XP_061768158.1 dcn [organism=Nerophis ophidion] [GeneID=133560083]	Nerophis_ophidion|DCN|XP_061768158.1
DCN	XP_063073617.1	Engraulis encrasicolus	134464098		374	kept	representative	XP_063073617.1 dcn [organism=Engraulis encrasicolus] [GeneID=134464098]	Engraulis_encrasicolus|DCN|XP_063073617.1
DCN	XP_052495518.1	Budorcas taxicolor	128047380		360	kept	representative	XP_052495518.1 DCN [organism=Budorcas taxicolor] [GeneID=128047380]	Budorcas_taxicolor|DCN|XP_052495518.1
DCN	XP_052495519.1	Budorcas taxicolor	128047380		360	excluded	extra_isoform_same_locus	XP_052495519.1 DCN [organism=Budorcas taxicolor] [GeneID=128047380]	Budorcas_taxicolor|DCN|XP_052495519.1
DCN	XP_084202337.1	Pagrus pagrus	311252729		362	kept	representative	XP_084202337.1 dcn [organism=Pagrus pagrus] [GeneID=311252729]	Pagrus_pagrus|DCN|XP_084202337.1
DCN	XP_084339106.1	Micromesistius poutassou	311363053		364	kept	representative	XP_084339106.1 dcn [organism=Micromesistius poutassou] [GeneID=311363053]	Micromesistius_poutassou|DCN|XP_084339106.1
DCN	NP_001093704.1	Xenopus tropicalis	100101716		364	kept	representative	NP_001093704.1 dcn [organism=Xenopus tropicalis] [GeneID=100101716]	Xenopus_tropicalis|DCN|NP_001093704.1
DCN	XP_031753378.1	Xenopus tropicalis	100101716	X1	364	excluded	extra_isoform_same_locus	XP_031753378.1 dcn [organism=Xenopus tropicalis] [GeneID=100101716] [isoform=X1]	Xenopus_tropicalis|DCN|XP_031753378.1
DCN	XP_027758962.1	Empidonax traillii	114067608	X1	358	kept	representative	XP_027758962.1 DCN [organism=Empidonax traillii] [GeneID=114067608] [isoform=X1]	Empidonax_traillii|DCN|XP_027758962.1
DCN	XP_027758963.1	Empidonax traillii	114067608	X2	358	excluded	extra_isoform_same_locus	XP_027758963.1 DCN [organism=Empidonax traillii] [GeneID=114067608] [isoform=X2]	Empidonax_traillii|DCN|XP_027758963.1
DCN	XP_039918115.1	Hirundo rustica	120751795		358	kept	representative	XP_039918115.1 DCN [organism=Hirundo rustica] [GeneID=120751795]	Hirundo_rustica|DCN|XP_039918115.1
DCN	XP_055483950.1	Psammomys obesus	129691786		363	kept	representative	XP_055483950.1 Dcn [organism=Psammomys obesus] [GeneID=129691786]	Psammomys_obesus|DCN|XP_055483950.1
DCN	XP_055483951.1	Psammomys obesus	129691786		363	excluded	extra_isoform_same_locus	XP_055483951.1 Dcn [organism=Psammomys obesus] [GeneID=129691786]	Psammomys_obesus|DCN|XP_055483951.1
DCN	XP_060981631.1	Dama dama	133044230		360	kept	representative	XP_060981631.1 DCN [organism=Dama dama] [GeneID=133044230]	Dama_dama|DCN|XP_060981631.1
DCN	XP_060981636.1	Dama dama	133044230		360	excluded	extra_isoform_same_locus	XP_060981636.1 DCN [organism=Dama dama] [GeneID=133044230]	Dama_dama|DCN|XP_060981636.1
DCN	XP_019732653.1	Hippocampus comes	109520121		363	kept	representative	XP_019732653.1 dcn [organism=Hippocampus comes] [GeneID=109520121]	Hippocampus_comes|DCN|XP_019732653.1
DCN	XP_019732654.1	Hippocampus comes	109520121		363	excluded	extra_isoform_same_locus	XP_019732654.1 dcn [organism=Hippocampus comes] [GeneID=109520121]	Hippocampus_comes|DCN|XP_019732654.1
DCN	XP_028603653.2	Podarcis muralis	114606049		357	kept	representative	XP_028603653.2 DCN [organism=Podarcis muralis] [GeneID=114606049]	Podarcis_muralis|DCN|XP_028603653.2
DCN	XP_033989383.1	Trematomus bernacchii	117484966		367	kept	representative	XP_033989383.1 dcn [organism=Trematomus bernacchii] [GeneID=117484966]	Trematomus_bernacchii|DCN|XP_033989383.1
DCN	XP_061815823.1	Nerophis lumbriciformis	133606191		362	kept	representative	XP_061815823.1 dcn [organism=Nerophis lumbriciformis] [GeneID=133606191]	Nerophis_lumbriciformis|DCN|XP_061815823.1
DCN	XP_083614217.1	Protomyctophum parallelum	310853696		367	kept	representative	XP_083614217.1 dcn [organism=Protomyctophum parallelum] [GeneID=310853696]	Protomyctophum_parallelum|DCN|XP_083614217.1
DCN	XP_056131744.1	Lampris incognitus	130109056		364	kept	representative	XP_056131744.1 dcn [organism=Lampris incognitus] [GeneID=130109056]	Lampris_incognitus|DCN|XP_056131744.1
DCN	XP_067282901.1	Pseudorasbora parva	137048625		375	kept	representative	XP_067282901.1 dcn [organism=Pseudorasbora parva] [GeneID=137048625]	Pseudorasbora_parva|DCN|XP_067282901.1
DCN	XP_067282902.1	Pseudorasbora parva	137048625		375	excluded	extra_isoform_same_locus	XP_067282902.1 dcn [organism=Pseudorasbora parva] [GeneID=137048625]	Pseudorasbora_parva|DCN|XP_067282902.1
DCN	XP_009990014.1	Tauraco erythrolophus	104383529		357	kept	representative	XP_009990014.1 DCN [organism=Tauraco erythrolophus] [GeneID=104383529]	Tauraco_erythrolophus|DCN|XP_009990014.1
DCN	XP_061570946.1	Cololabis saira	133424395		362	kept	representative	XP_061570946.1 dcn [organism=Cololabis saira] [GeneID=133424395]	Cololabis_saira|DCN|XP_061570946.1
DCN	XP_008822117.1	Nannospalax galili	103726377		365	kept	representative	XP_008822117.1 Dcn [organism=Nannospalax galili] [GeneID=103726377]	Nannospalax_galili|DCN|XP_008822117.1
DCN	XP_008822127.1	Nannospalax galili	103726377		365	excluded	extra_isoform_same_locus	XP_008822127.1 Dcn [organism=Nannospalax galili] [GeneID=103726377]	Nannospalax_galili|DCN|XP_008822127.1
DCN	XP_012370640.1	Octodon degus	101574955		360	kept	representative	XP_012370640.1 Dcn [organism=Octodon degus] [GeneID=101574955]	Octodon_degus|DCN|XP_012370640.1
DCN	XP_023572137.1	Octodon degus	101574955		360	excluded	extra_isoform_same_locus	XP_023572137.1 Dcn [organism=Octodon degus] [GeneID=101574955]	Octodon_degus|DCN|XP_023572137.1
DCN	XP_043565839.1	Chiloscyllium plagiosum	122559819		350	kept	representative	XP_043565839.1 dcn [organism=Chiloscyllium plagiosum] [GeneID=122559819]	Chiloscyllium_plagiosum|DCN|XP_043565839.1
DCN	XP_050791712.1	Gopherus flavomarginatus	127042104		356	kept	representative	XP_050791712.1 DCN [organism=Gopherus flavomarginatus] [GeneID=127042104]	Gopherus_flavomarginatus|DCN|XP_050791712.1
DCN	XP_057878337.1	Melospiza georgiana	131082445		358	kept	representative	XP_057878337.1 DCN [organism=Melospiza georgiana] [GeneID=131082445]	Melospiza_georgiana|DCN|XP_057878337.1
DCN	XP_083763348.1	Microchirus variegatus	310941961		359	kept	representative	XP_083763348.1 dcn [organism=Microchirus variegatus] [GeneID=310941961]	Microchirus_variegatus|DCN|XP_083763348.1
DCN	XP_084902550.1	Lichenostomus cassidix	146443530		358	kept	representative	XP_084902550.1 DCN [organism=Lichenostomus cassidix] [GeneID=146443530]	Lichenostomus_cassidix|DCN|XP_084902550.1
DCN	XP_056604085.1	Triplophysa dalaica	130420650		374	kept	representative	XP_056604085.1 dcn [organism=Triplophysa dalaica] [GeneID=130420650]	Triplophysa_dalaica|DCN|XP_056604085.1
DCN	XP_022408179.1	Delphinapterus leucas	111163621		360	kept	representative	XP_022408179.1 DCN [organism=Delphinapterus leucas] [GeneID=111163621]	Delphinapterus_leucas|DCN|XP_022408179.1
DCN	XP_022408180.1	Delphinapterus leucas	111163621		360	excluded	extra_isoform_same_locus	XP_022408180.1 DCN [organism=Delphinapterus leucas] [GeneID=111163621]	Delphinapterus_leucas|DCN|XP_022408180.1
DCN	XP_069527223.1	Semicossyphus pulcher	138599440		360	kept	representative	XP_069527223.1 dcn [organism=Semicossyphus pulcher] [GeneID=138599440]	Semicossyphus_pulcher|DCN|XP_069527223.1
DCN	XP_012519468.1	Propithecus coquereli	105826105		213	excluded	relative_length	XP_012519468.1 DCN [organism=Propithecus coquereli] [GeneID=105826105]	Propithecus_coquereli|DCN|XP_012519468.1
DCN	XP_083677604.1	Anser anser	310893019		357	kept	representative	XP_083677604.1 DCN [organism=Anser anser] [GeneID=310893019]	Anser_anser|DCN|XP_083677604.1
DCN	XP_009865290.1	Apaloderma vittatum	104272089		359	kept	representative	XP_009865290.1 DCN [organism=Apaloderma vittatum] [GeneID=104272089]	Apaloderma_vittatum|DCN|XP_009865290.1
DCN	XP_045927969.1	Micropterus dolomieu	123984826		362	kept	representative	XP_045927969.1 dcn [organism=Micropterus dolomieu] [GeneID=123984826]	Micropterus_dolomieu|DCN|XP_045927969.1
DCN	XP_061523875.1	Phycodurus eques	133397245		369	kept	representative	XP_061523875.1 dcn [organism=Phycodurus eques] [GeneID=133397245]	Phycodurus_eques|DCN|XP_061523875.1
DCN	XP_066224746.1	Saccopteryx leptura	136394862		365	kept	representative	XP_066224746.1 DCN [organism=Saccopteryx leptura] [GeneID=136394862]	Saccopteryx_leptura|DCN|XP_066224746.1
DCN	XP_066224747.1	Saccopteryx leptura	136394862		365	excluded	extra_isoform_same_locus	XP_066224747.1 DCN [organism=Saccopteryx leptura] [GeneID=136394862]	Saccopteryx_leptura|DCN|XP_066224747.1
DCN	XP_068951243.1	Petaurus breviceps papuanus	138166677	X1	355	kept	representative	XP_068951243.1 DCN [organism=Petaurus breviceps papuanus] [GeneID=138166677] [isoform=X1]	Petaurus_breviceps_papuanus|DCN|XP_068951243.1
DCN	XP_068951244.1	Petaurus breviceps papuanus	138166677	X2	168	excluded	absolute_length	XP_068951244.1 DCN [organism=Petaurus breviceps papuanus] [GeneID=138166677] [isoform=X2]	Petaurus_breviceps_papuanus|DCN|XP_068951244.1
DCN	XP_068951245.1	Petaurus breviceps papuanus	138166677	X3	67	excluded	absolute_length	XP_068951245.1 DCN [organism=Petaurus breviceps papuanus] [GeneID=138166677] [isoform=X3]	Petaurus_breviceps_papuanus|DCN|XP_068951245.1
DCN	XP_072182607.1	Excalfactoria chinensis	140247133		357	kept	representative	XP_072182607.1 DCN [organism=Excalfactoria chinensis] [GeneID=140247133]	Excalfactoria_chinensis|DCN|XP_072182607.1
DCN	XP_010162379.1	Antrostomus carolinensis	104521937		110	excluded	absolute_length	XP_010162379.1 DCN [organism=Antrostomus carolinensis] [GeneID=104521937]	Antrostomus_carolinensis|DCN|XP_010162379.1
DCN	XP_083319155.1	Podarcis liolepis	310687644	1	357	kept	representative	XP_083319155.1 DCN [organism=Podarcis liolepis] [GeneID=310687644] [isoform=1]	Podarcis_liolepis|DCN|XP_083319155.1
DCN	XP_066489325.1	Tiliqua scincoides	136656852		354	kept	representative	XP_066489325.1 DCN [organism=Tiliqua scincoides] [GeneID=136656852]	Tiliqua_scincoides|DCN|XP_066489325.1
DCN	XP_068524165.1	Anas acuta	137848692		357	kept	representative	XP_068524165.1 DCN [organism=Anas acuta] [GeneID=137848692]	Anas_acuta|DCN|XP_068524165.1
DCN	XP_067415934.1	Emydura macquarii macquarii	137160882		359	kept	representative	XP_067415934.1 DCN [organism=Emydura macquarii macquarii] [GeneID=137160882]	Emydura_macquarii_macquarii|DCN|XP_067415934.1
DCN	XP_072914948.1	Hemitrygon akajei	140734621		350	kept	representative	XP_072914948.1 dcn [organism=Hemitrygon akajei] [GeneID=140734621]	Hemitrygon_akajei|DCN|XP_072914948.1
DCN	XP_080744172.1	Rhamphochromis sp. 'chilingali'	308400385		358	kept	representative	XP_080744172.1 dcn [organism=Rhamphochromis sp. 'chilingali'] [GeneID=308400385]	Rhamphochromis_sp._chilingali|DCN|XP_080744172.1
DCN	XP_051482980.1	Apus apus	127388026		357	kept	representative	XP_051482980.1 DCN [organism=Apus apus] [GeneID=127388026]	Apus_apus|DCN|XP_051482980.1
DCN	XP_012781783.2	Ochotona princeps	101536574		374	kept	representative	XP_012781783.2 DCN [organism=Ochotona princeps] [GeneID=101536574]	Ochotona_princeps|DCN|XP_012781783.2
DCN	XP_012781784.2	Ochotona princeps	101536574		374	excluded	extra_isoform_same_locus	XP_012781784.2 DCN [organism=Ochotona princeps] [GeneID=101536574]	Ochotona_princeps|DCN|XP_012781784.2
DCN	XP_051544264.1	Myxocyprinus asiaticus	127435105		377	kept	representative	XP_051544264.1 dcn [organism=Myxocyprinus asiaticus] [GeneID=127435105]	Myxocyprinus_asiaticus|DCN|XP_051544264.1
DCN	XP_083715634.1	Zosterops lateralis	310908453		358	kept	representative	XP_083715634.1 DCN [organism=Zosterops lateralis] [GeneID=310908453]	Zosterops_lateralis|DCN|XP_083715634.1
DCN	XP_081220081.1	Scardinius erythrophthalmus	308689875		370	kept	representative	XP_081220081.1 dcn [organism=Scardinius erythrophthalmus] [GeneID=308689875]	Scardinius_erythrophthalmus|DCN|XP_081220081.1
DCN	XP_032914850.1	Catharus ustulatus	116995879		358	kept	representative	XP_032914850.1 DCN [organism=Catharus ustulatus] [GeneID=116995879]	Catharus_ustulatus|DCN|XP_032914850.1
DCN	XP_069571877.1	Brachyistius frenatus	138631054		362	kept	representative	XP_069571877.1 dcn [organism=Brachyistius frenatus] [GeneID=138631054]	Brachyistius_frenatus|DCN|XP_069571877.1
DCN	XP_072528985.1	Salminus brasiliensis	140549340		361	kept	representative	XP_072528985.1 dcn [organism=Salminus brasiliensis] [GeneID=140549340]	Salminus_brasiliensis|DCN|XP_072528985.1
DCN	XP_074726829.1	Strix uralensis	141944318		357	kept	representative	XP_074726829.1 DCN [organism=Strix uralensis] [GeneID=141944318]	Strix_uralensis|DCN|XP_074726829.1
DCN	XP_029102977.1	Scleropages formosus	108931384		362	kept	representative	XP_029102977.1 dcn [organism=Scleropages formosus] [GeneID=108931384]	Scleropages_formosus|DCN|XP_029102977.1
DCN	XP_082206579.1	Balaenoptera borealis	309609225	1	360	kept	representative	XP_082206579.1 DCN [organism=Balaenoptera borealis] [GeneID=309609225] [isoform=1]	Balaenoptera_borealis|DCN|XP_082206579.1
DCN	XP_082206580.1	Balaenoptera borealis	309609225	1	360	excluded	extra_isoform_same_locus	XP_082206580.1 DCN [organism=Balaenoptera borealis] [GeneID=309609225] [isoform=1]	Balaenoptera_borealis|DCN|XP_082206580.1
DCN	XP_075967961.1	Anarhichas minor	142971196		362	kept	representative	XP_075967961.1 dcn [organism=Anarhichas minor] [GeneID=142971196]	Anarhichas_minor|DCN|XP_075967961.1
DCN	XP_085232017.1	Diplotaxodon limnothrissa	146615193		358	kept	representative	XP_085232017.1 dcn [organism=Diplotaxodon limnothrissa] [GeneID=146615193]	Diplotaxodon_limnothrissa|DCN|XP_085232017.1
DCN	XP_008685904.1	Ursus maritimus	103660083		360	kept	representative	XP_008685904.1 DCN [organism=Ursus maritimus] [GeneID=103660083]	Ursus_maritimus|DCN|XP_008685904.1
DCN	XP_008685905.1	Ursus maritimus	103660083		360	excluded	extra_isoform_same_locus	XP_008685905.1 DCN [organism=Ursus maritimus] [GeneID=103660083]	Ursus_maritimus|DCN|XP_008685905.1
DCN	XP_084304362.1	Borostomias antarcticus	311317196		369	kept	representative	XP_084304362.1 dcn [organism=Borostomias antarcticus] [GeneID=311317196]	Borostomias_antarcticus|DCN|XP_084304362.1
DCN	XP_003405300.1	Loxodonta africana	100658075		360	kept	representative	XP_003405300.1 DCN [organism=Loxodonta africana] [GeneID=100658075]	Loxodonta_africana|DCN|XP_003405300.1
DCN	XP_010597566.1	Loxodonta africana	100658075		360	excluded	extra_isoform_same_locus	XP_010597566.1 DCN [organism=Loxodonta africana] [GeneID=100658075]	Loxodonta_africana|DCN|XP_010597566.1
DCN	XP_009880904.1	Charadrius vociferus	104284287		357	kept	representative	XP_009880904.1 DCN [organism=Charadrius vociferus] [GeneID=104284287]	Charadrius_vociferus|DCN|XP_009880904.1
DCN	XP_072511657.1	Notamacropus eugenii	140534476		357	kept	representative	XP_072511657.1 DCN [organism=Notamacropus eugenii] [GeneID=140534476]	Notamacropus_eugenii|DCN|XP_072511657.1
DCN	XP_072511658.1	Notamacropus eugenii	140534476		357	excluded	extra_isoform_same_locus	XP_072511658.1 DCN [organism=Notamacropus eugenii] [GeneID=140534476]	Notamacropus_eugenii|DCN|XP_072511658.1
DCN	XP_072511659.1	Notamacropus eugenii	140534476		357	excluded	extra_isoform_same_locus	XP_072511659.1 DCN [organism=Notamacropus eugenii] [GeneID=140534476]	Notamacropus_eugenii|DCN|XP_072511659.1
DCN	XP_034019015.1	Thalassophryne amazonica	117503853		362	kept	representative	XP_034019015.1 dcn [organism=Thalassophryne amazonica] [GeneID=117503853]	Thalassophryne_amazonica|DCN|XP_034019015.1
DCN	XP_034019016.1	Thalassophryne amazonica	117503853		362	excluded	extra_isoform_same_locus	XP_034019016.1 dcn [organism=Thalassophryne amazonica] [GeneID=117503853]	Thalassophryne_amazonica|DCN|XP_034019016.1
DCN	XP_019597709.1	Rhinolophus sinicus	109452877		361	kept	representative	XP_019597709.1 DCN [organism=Rhinolophus sinicus] [GeneID=109452877]	Rhinolophus_sinicus|DCN|XP_019597709.1
DCN	XP_019597710.1	Rhinolophus sinicus	109452877		361	excluded	extra_isoform_same_locus	XP_019597710.1 DCN [organism=Rhinolophus sinicus] [GeneID=109452877]	Rhinolophus_sinicus|DCN|XP_019597710.1
DCN	XP_029811009.1	Suricata suricatta	115304815		360	kept	representative	XP_029811009.1 DCN [organism=Suricata suricatta] [GeneID=115304815]	Suricata_suricatta|DCN|XP_029811009.1
DCN	XP_029811010.1	Suricata suricatta	115304815		360	excluded	extra_isoform_same_locus	XP_029811010.1 DCN [organism=Suricata suricatta] [GeneID=115304815]	Suricata_suricatta|DCN|XP_029811010.1
DCN	XP_034382577.1	Cyclopterus lumpus	117726411		360	kept	representative	XP_034382577.1 dcn [organism=Cyclopterus lumpus] [GeneID=117726411]	Cyclopterus_lumpus|DCN|XP_034382577.1
DCN	XP_083791252.1	Echiichthys vipera	310962620		360	kept	representative	XP_083791252.1 dcn [organism=Echiichthys vipera] [GeneID=310962620]	Echiichthys_vipera|DCN|XP_083791252.1
DCN	XP_003927925.1	Saimiri boliviensis	101051601		359	kept	representative	XP_003927925.1 DCN [organism=Saimiri boliviensis] [GeneID=101051601]	Saimiri_boliviensis|DCN|XP_003927925.1
DCN	XP_003927926.1	Saimiri boliviensis	101051601		359	excluded	extra_isoform_same_locus	XP_003927926.1 DCN [organism=Saimiri boliviensis] [GeneID=101051601]	Saimiri_boliviensis|DCN|XP_003927926.1
DCN	XP_006084078.1	Myotis lucifugus	102422132		363	kept	representative	XP_006084078.1 DCN [organism=Myotis lucifugus] [GeneID=102422132]	Myotis_lucifugus|DCN|XP_006084078.1
DCN	XP_006084079.1	Myotis lucifugus	102422132		363	excluded	extra_isoform_same_locus	XP_006084079.1 DCN [organism=Myotis lucifugus] [GeneID=102422132]	Myotis_lucifugus|DCN|XP_006084079.1
DCN	XP_049639686.1	Suncus etruscus	126022734		362	kept	representative	XP_049639686.1 DCN [organism=Suncus etruscus] [GeneID=126022734]	Suncus_etruscus|DCN|XP_049639686.1
DCN	XP_049639687.1	Suncus etruscus	126022734		362	excluded	extra_isoform_same_locus	XP_049639687.1 DCN [organism=Suncus etruscus] [GeneID=126022734]	Suncus_etruscus|DCN|XP_049639687.1
DCN	XP_079310050.1	Barbatula barbatula	306892701		532	excluded	relative_length	XP_079310050.1 dcn [organism=Barbatula barbatula] [GeneID=306892701]	Barbatula_barbatula|DCN|XP_079310050.1
DCN	XP_084666420.1	Heloderma suspectum	146339822		355	kept	representative	XP_084666420.1 DCN [organism=Heloderma suspectum] [GeneID=146339822]	Heloderma_suspectum|DCN|XP_084666420.1
DCN	XP_084666421.1	Heloderma suspectum	146339822		355	excluded	extra_isoform_same_locus	XP_084666421.1 DCN [organism=Heloderma suspectum] [GeneID=146339822]	Heloderma_suspectum|DCN|XP_084666421.1
DCN	XP_084666422.1	Heloderma suspectum	146339822		355	excluded	extra_isoform_same_locus	XP_084666422.1 DCN [organism=Heloderma suspectum] [GeneID=146339822]	Heloderma_suspectum|DCN|XP_084666422.1
DCN	XP_084666423.1	Heloderma suspectum	146339822		355	excluded	extra_isoform_same_locus	XP_084666423.1 DCN [organism=Heloderma suspectum] [GeneID=146339822]	Heloderma_suspectum|DCN|XP_084666423.1
DCN	XP_032077796.1	Thamnophis elegans	116511739		354	kept	representative	XP_032077796.1 DCN [organism=Thamnophis elegans] [GeneID=116511739]	Thamnophis_elegans|DCN|XP_032077796.1
DCN	XP_039560006.1	Passer montanus	120499853		358	kept	representative	XP_039560006.1 DCN [organism=Passer montanus] [GeneID=120499853]	Passer_montanus|DCN|XP_039560006.1
DCN	XP_068415820.1	Eschrichtius robustus	137774635		360	kept	representative	XP_068415820.1 DCN [organism=Eschrichtius robustus] [GeneID=137774635]	Eschrichtius_robustus|DCN|XP_068415820.1
DCN	XP_068415821.1	Eschrichtius robustus	137774635		360	excluded	extra_isoform_same_locus	XP_068415821.1 DCN [organism=Eschrichtius robustus] [GeneID=137774635]	Eschrichtius_robustus|DCN|XP_068415821.1
DCN	XP_052609149.1	Peromyscus californicus insignis	128119716		363	kept	representative	XP_052609149.1 Dcn [organism=Peromyscus californicus insignis] [GeneID=128119716]	Peromyscus_californicus_insignis|DCN|XP_052609149.1
DCN	XP_052609150.1	Peromyscus californicus insignis	128119716		363	excluded	extra_isoform_same_locus	XP_052609150.1 Dcn [organism=Peromyscus californicus insignis] [GeneID=128119716]	Peromyscus_californicus_insignis|DCN|XP_052609150.1
DCN	XP_083547831.1	Argentina silus	310820163		361	kept	representative	XP_083547831.1 dcn [organism=Argentina silus] [GeneID=310820163]	Argentina_silus|DCN|XP_083547831.1
DCN	NP_001177380.1	Mus musculus	13179		354	kept	representative	NP_001177380.1 Dcn [organism=Mus musculus] [GeneID=13179]	Mus_musculus|DCN|NP_001177380.1
DCN	NP_031859.1	Mus musculus	13179		354	excluded	extra_isoform_same_locus	NP_031859.1 Dcn [organism=Mus musculus] [GeneID=13179]	Mus_musculus|DCN|NP_031859.1
DCN	NP_001003228.1	Canis lupus familiaris	403904		360	kept	representative	NP_001003228.1 DCN [organism=Canis lupus familiaris] [GeneID=403904]	Canis_lupus_familiaris|DCN|NP_001003228.1
DCN	XP_038543096.1	Canis lupus familiaris	403904	X1	360	excluded	extra_isoform_same_locus	XP_038543096.1 DCN [organism=Canis lupus familiaris] [GeneID=403904] [isoform=X1]	Canis_lupus_familiaris|DCN|XP_038543096.1
DCN	XP_038543097.1	Canis lupus familiaris	403904	X1	360	excluded	extra_isoform_same_locus	XP_038543097.1 DCN [organism=Canis lupus familiaris] [GeneID=403904] [isoform=X1]	Canis_lupus_familiaris|DCN|XP_038543097.1
DCN	XP_038543098.1	Canis lupus familiaris	403904	X1	360	excluded	extra_isoform_same_locus	XP_038543098.1 DCN [organism=Canis lupus familiaris] [GeneID=403904] [isoform=X1]	Canis_lupus_familiaris|DCN|XP_038543098.1
DCN	XP_038543099.1	Canis lupus familiaris	403904	X1	360	excluded	extra_isoform_same_locus	XP_038543099.1 DCN [organism=Canis lupus familiaris] [GeneID=403904] [isoform=X1]	Canis_lupus_familiaris|DCN|XP_038543099.1
DCN	XP_041636594.1	Cheilinus undulatus	121505384		360	kept	representative	XP_041636594.1 dcn [organism=Cheilinus undulatus] [GeneID=121505384]	Cheilinus_undulatus|DCN|XP_041636594.1
DCN	XP_055972584.1	Sorex fumeus	130025859		362	kept	representative	XP_055972584.1 DCN [organism=Sorex fumeus] [GeneID=130025859]	Sorex_fumeus|DCN|XP_055972584.1
DCN	XP_055972585.1	Sorex fumeus	130025859		362	excluded	extra_isoform_same_locus	XP_055972585.1 DCN [organism=Sorex fumeus] [GeneID=130025859]	Sorex_fumeus|DCN|XP_055972585.1
DCN	XP_055972586.1	Sorex fumeus	130025859		362	excluded	extra_isoform_same_locus	XP_055972586.1 DCN [organism=Sorex fumeus] [GeneID=130025859]	Sorex_fumeus|DCN|XP_055972586.1
DCN	XP_055972587.1	Sorex fumeus	130025859		362	excluded	extra_isoform_same_locus	XP_055972587.1 DCN [organism=Sorex fumeus] [GeneID=130025859]	Sorex_fumeus|DCN|XP_055972587.1
DCN	XP_079150749.1	Melanostigma gelatinosum	306795916		362	kept	representative	XP_079150749.1 dcn [organism=Melanostigma gelatinosum] [GeneID=306795916]	Melanostigma_gelatinosum|DCN|XP_079150749.1
DCN	XP_082110592.1	Pelophylax lessonae	309553362		354	kept	representative	XP_082110592.1 DCN [organism=Pelophylax lessonae] [GeneID=309553362]	Pelophylax_lessonae|DCN|XP_082110592.1
DCN	XP_006029352.1	Alligator sinensis	102385126		357	kept	representative	XP_006029352.1 DCN [organism=Alligator sinensis] [GeneID=102385126]	Alligator_sinensis|DCN|XP_006029352.1
DCN	XP_017267178.1	Kryptolebias marmoratus	108233308		362	kept	representative	XP_017267178.1 dcn [organism=Kryptolebias marmoratus] [GeneID=108233308]	Kryptolebias_marmoratus|DCN|XP_017267178.1
DCN	XP_053270894.1	Pleuronectes platessa	128428690		360	kept	representative	XP_053270894.1 dcn [organism=Pleuronectes platessa] [GeneID=128428690]	Pleuronectes_platessa|DCN|XP_053270894.1
DCN	XP_080706955.1	Sprattus sprattus	308374869		373	kept	representative	XP_080706955.1 dcn [organism=Sprattus sprattus] [GeneID=308374869]	Sprattus_sprattus|DCN|XP_080706955.1
DCN	XP_028673239.1	Erpetoichthys calabaricus	114663580		370	kept	representative	XP_028673239.1 dcn [organism=Erpetoichthys calabaricus] [GeneID=114663580]	Erpetoichthys_calabaricus|DCN|XP_028673239.1
DCN	XP_035003098.1	Hippoglossus stenolepis	118101436		359	kept	representative	XP_035003098.1 dcn [organism=Hippoglossus stenolepis] [GeneID=118101436]	Hippoglossus_stenolepis|DCN|XP_035003098.1
DCN	XP_033930581.1	Pseudochaenichthys georgianus	117439012		367	kept	representative	XP_033930581.1 dcn [organism=Pseudochaenichthys georgianus] [GeneID=117439012]	Pseudochaenichthys_georgianus|DCN|XP_033930581.1
DCN	XP_079092098.1	Taurulus bubalis	306752235	1	361	kept	representative	XP_079092098.1 dcn [organism=Taurulus bubalis] [GeneID=306752235] [isoform=1]	Taurulus_bubalis|DCN|XP_079092098.1
DCN	XP_079092099.1	Taurulus bubalis	306752235	1	361	excluded	extra_isoform_same_locus	XP_079092099.1 dcn [organism=Taurulus bubalis] [GeneID=306752235] [isoform=1]	Taurulus_bubalis|DCN|XP_079092099.1
DCN	XP_082136985.1	Coloeus monedula	309572520		358	kept	representative	XP_082136985.1 DCN [organism=Coloeus monedula] [GeneID=309572520]	Coloeus_monedula|DCN|XP_082136985.1
DCN	XP_063303185.1	Pelobates fuscus	134602330		356	kept	representative	XP_063303185.1 DCN [organism=Pelobates fuscus] [GeneID=134602330]	Pelobates_fuscus|DCN|XP_063303185.1
DCN	XP_065698519.1	Patagioenas fasciata	136103932		357	kept	representative	XP_065698519.1 DCN [organism=Patagioenas fasciata] [GeneID=136103932]	Patagioenas_fasciata|DCN|XP_065698519.1
DCN	XP_002186636.1	Taeniopygia guttata	100222483		358	kept	representative	XP_002186636.1 DCN [organism=Taeniopygia guttata] [GeneID=100222483]	Taeniopygia_guttata|DCN|XP_002186636.1
DCN	XP_060512774.1	Panthera onca	132693973		360	kept	representative	XP_060512774.1 DCN [organism=Panthera onca] [GeneID=132693973]	Panthera_onca|DCN|XP_060512774.1
DCN	XP_060512775.1	Panthera onca	132693973		360	excluded	extra_isoform_same_locus	XP_060512775.1 DCN [organism=Panthera onca] [GeneID=132693973]	Panthera_onca|DCN|XP_060512775.1
DCN	XP_074430959.1	Larus michahellis	141738837		357	kept	representative	XP_074430959.1 DCN [organism=Larus michahellis] [GeneID=141738837]	Larus_michahellis|DCN|XP_074430959.1
DCN	XP_010830373.1	Bison bison bison	104982631		360	kept	representative	XP_010830373.1 DCN [organism=Bison bison bison] [GeneID=104982631]	Bison_bison_bison|DCN|XP_010830373.1
DCN	XP_010830374.1	Bison bison bison	104982631		360	excluded	extra_isoform_same_locus	XP_010830374.1 DCN [organism=Bison bison bison] [GeneID=104982631]	Bison_bison_bison|DCN|XP_010830374.1
DCN	XP_080484936.1	Psittacula echo	308226783		357	kept	representative	XP_080484936.1 DCN [organism=Psittacula echo] [GeneID=308226783]	Psittacula_echo|DCN|XP_080484936.1
DCN	XP_015668376.1	Protobothrops mucrosquamatus	107284773		354	kept	representative	XP_015668376.1 DCN [organism=Protobothrops mucrosquamatus] [GeneID=107284773]	Protobothrops_mucrosquamatus|DCN|XP_015668376.1
DCN	XP_053718255.1	Synchiropus splendidus	128757180		360	kept	representative	XP_053718255.1 dcn [organism=Synchiropus splendidus] [GeneID=128757180]	Synchiropus_splendidus|DCN|XP_053718255.1
DCN	XP_053718257.1	Synchiropus splendidus	128757180		360	excluded	extra_isoform_same_locus	XP_053718257.1 dcn [organism=Synchiropus splendidus] [GeneID=128757180]	Synchiropus_splendidus|DCN|XP_053718257.1
DCN	NP_001266536.1	Oreochromis niloticus	100534402		359	kept	representative	NP_001266536.1 dcn [organism=Oreochromis niloticus] [GeneID=100534402]	Oreochromis_niloticus|DCN|NP_001266536.1
DCN	XP_023686879.2	Paramormyrops kingsleyae	111853797		365	kept	representative	XP_023686879.2 dcn [organism=Paramormyrops kingsleyae] [GeneID=111853797]	Paramormyrops_kingsleyae|DCN|XP_023686879.2
DCN	XP_072565353.1	Paramormyrops kingsleyae	111853797		365	excluded	extra_isoform_same_locus	XP_072565353.1 dcn [organism=Paramormyrops kingsleyae] [GeneID=111853797]	Paramormyrops_kingsleyae|DCN|XP_072565353.1
DCN	XP_042746288.1	Lagopus leucura	122190387		357	kept	representative	XP_042746288.1 DCN [organism=Lagopus leucura] [GeneID=122190387]	Lagopus_leucura|DCN|XP_042746288.1
DCN	XP_053262820.1	Podarcis raffonei	128422628		357	kept	representative	XP_053262820.1 DCN [organism=Podarcis raffonei] [GeneID=128422628]	Podarcis_raffonei|DCN|XP_053262820.1
DCN	XP_037369782.1	Talpa occidentalis	119247439		363	kept	representative	XP_037369782.1 DCN [organism=Talpa occidentalis] [GeneID=119247439]	Talpa_occidentalis|DCN|XP_037369782.1
DCN	XP_037369783.1	Talpa occidentalis	119247439		363	excluded	extra_isoform_same_locus	XP_037369783.1 DCN [organism=Talpa occidentalis] [GeneID=119247439]	Talpa_occidentalis|DCN|XP_037369783.1
DCN	XP_037369784.1	Talpa occidentalis	119247439		363	excluded	extra_isoform_same_locus	XP_037369784.1 DCN [organism=Talpa occidentalis] [GeneID=119247439]	Talpa_occidentalis|DCN|XP_037369784.1
DCN	XP_074127245.1	Sminthopsis crassicaudata	141544704		364	kept	representative	XP_074127245.1 DCN [organism=Sminthopsis crassicaudata] [GeneID=141544704]	Sminthopsis_crassicaudata|DCN|XP_074127245.1
DCN	XP_074127246.1	Sminthopsis crassicaudata	141544704		364	excluded	extra_isoform_same_locus	XP_074127246.1 DCN [organism=Sminthopsis crassicaudata] [GeneID=141544704]	Sminthopsis_crassicaudata|DCN|XP_074127246.1
DCN	XP_074127247.1	Sminthopsis crassicaudata	141544704		364	excluded	extra_isoform_same_locus	XP_074127247.1 DCN [organism=Sminthopsis crassicaudata] [GeneID=141544704]	Sminthopsis_crassicaudata|DCN|XP_074127247.1
DCN	XP_074127249.1	Sminthopsis crassicaudata	141544704		364	excluded	extra_isoform_same_locus	XP_074127249.1 DCN [organism=Sminthopsis crassicaudata] [GeneID=141544704]	Sminthopsis_crassicaudata|DCN|XP_074127249.1
DCN	XP_074127250.1	Sminthopsis crassicaudata	141544704		364	excluded	extra_isoform_same_locus	XP_074127250.1 DCN [organism=Sminthopsis crassicaudata] [GeneID=141544704]	Sminthopsis_crassicaudata|DCN|XP_074127250.1
DCN	XP_074127251.1	Sminthopsis crassicaudata	141544704		364	excluded	extra_isoform_same_locus	XP_074127251.1 DCN [organism=Sminthopsis crassicaudata] [GeneID=141544704]	Sminthopsis_crassicaudata|DCN|XP_074127251.1
DCN	XP_074127252.1	Sminthopsis crassicaudata	141544704		364	excluded	extra_isoform_same_locus	XP_074127252.1 DCN [organism=Sminthopsis crassicaudata] [GeneID=141544704]	Sminthopsis_crassicaudata|DCN|XP_074127252.1
DCN	XP_074127253.1	Sminthopsis crassicaudata	141544704		364	excluded	extra_isoform_same_locus	XP_074127253.1 DCN [organism=Sminthopsis crassicaudata] [GeneID=141544704]	Sminthopsis_crassicaudata|DCN|XP_074127253.1
DCN	XP_074127254.1	Sminthopsis crassicaudata	141544704		364	excluded	extra_isoform_same_locus	XP_074127254.1 DCN [organism=Sminthopsis crassicaudata] [GeneID=141544704]	Sminthopsis_crassicaudata|DCN|XP_074127254.1
DCN	XP_030071079.1	Microcaecilia unicolor	115478023		360	kept	representative	XP_030071079.1 DCN [organism=Microcaecilia unicolor] [GeneID=115478023]	Microcaecilia_unicolor|DCN|XP_030071079.1
DCN	XP_045635853.1	Ursus americanus	123780775		360	kept	representative	XP_045635853.1 DCN [organism=Ursus americanus] [GeneID=123780775]	Ursus_americanus|DCN|XP_045635853.1
DCN	XP_045635855.1	Ursus americanus	123780775		360	excluded	extra_isoform_same_locus	XP_045635855.1 DCN [organism=Ursus americanus] [GeneID=123780775]	Ursus_americanus|DCN|XP_045635855.1
DCN	XP_045635856.1	Ursus americanus	123780775		360	excluded	extra_isoform_same_locus	XP_045635856.1 DCN [organism=Ursus americanus] [GeneID=123780775]	Ursus_americanus|DCN|XP_045635856.1
DCN	XP_079161360.1	Erithacus rubecula	306801823		358	kept	representative	XP_079161360.1 DCN [organism=Erithacus rubecula] [GeneID=306801823]	Erithacus_rubecula|DCN|XP_079161360.1
DCN	XP_008501447.2	Calypte anna	103536972		357	kept	representative	XP_008501447.2 DCN [organism=Calypte anna] [GeneID=103536972]	Calypte_anna|DCN|XP_008501447.2
DCN	XP_051911515.1	Hippocampus zosterae	127593845		363	kept	representative	XP_051911515.1 dcn [organism=Hippocampus zosterae] [GeneID=127593845]	Hippocampus_zosterae|DCN|XP_051911515.1
DCN	XP_059101172.1	Peromyscus eremicus	131894863		363	kept	representative	XP_059101172.1 Dcn [organism=Peromyscus eremicus] [GeneID=131894863]	Peromyscus_eremicus|DCN|XP_059101172.1
DCN	XP_059101173.1	Peromyscus eremicus	131894863		363	excluded	extra_isoform_same_locus	XP_059101173.1 Dcn [organism=Peromyscus eremicus] [GeneID=131894863]	Peromyscus_eremicus|DCN|XP_059101173.1
DCN	XP_066524690.1	Hoplias malabaricus	136694791		363	kept	representative	XP_066524690.1 dcn [organism=Hoplias malabaricus] [GeneID=136694791]	Hoplias_malabaricus|DCN|XP_066524690.1
DCN	XP_005068074.1	Mesocricetus auratus	101835832		362	kept	representative	XP_005068074.1 Dcn [organism=Mesocricetus auratus] [GeneID=101835832]	Mesocricetus_auratus|DCN|XP_005068074.1
DCN	XP_012967280.1	Mesocricetus auratus	101835832		362	excluded	extra_isoform_same_locus	XP_012967280.1 Dcn [organism=Mesocricetus auratus] [GeneID=101835832]	Mesocricetus_auratus|DCN|XP_012967280.1
DCN	XP_040610928.1	Mesocricetus auratus	101835832		362	excluded	extra_isoform_same_locus	XP_040610928.1 Dcn [organism=Mesocricetus auratus] [GeneID=101835832]	Mesocricetus_auratus|DCN|XP_040610928.1
DCN	XP_035970378.1	Halichoerus grypus	118549889		360	kept	representative	XP_035970378.1 DCN [organism=Halichoerus grypus] [GeneID=118549889]	Halichoerus_grypus|DCN|XP_035970378.1
DCN	XP_035970379.1	Halichoerus grypus	118549889		360	excluded	extra_isoform_same_locus	XP_035970379.1 DCN [organism=Halichoerus grypus] [GeneID=118549889]	Halichoerus_grypus|DCN|XP_035970379.1
DCN	XP_077356929.1	Festucalex cinctus	144003984		363	kept	representative	XP_077356929.1 dcn [organism=Festucalex cinctus] [GeneID=144003984]	Festucalex_cinctus|DCN|XP_077356929.1
DCN	XP_010019197.1	Nestor notabilis	104410659		288	kept	representative	XP_010019197.1 DCN [organism=Nestor notabilis] [GeneID=104410659]	Nestor_notabilis|DCN|XP_010019197.1
DCN	XP_040836844.1	Ochotona curzoniae	121156925	X1	370	kept	representative	XP_040836844.1 DCN [organism=Ochotona curzoniae] [GeneID=121156925] [isoform=X1]	Ochotona_curzoniae|DCN|XP_040836844.1
DCN	XP_040836852.1	Ochotona curzoniae	121156925	X1	370	excluded	extra_isoform_same_locus	XP_040836852.1 DCN [organism=Ochotona curzoniae] [GeneID=121156925] [isoform=X1]	Ochotona_curzoniae|DCN|XP_040836852.1
DCN	XP_040836856.1	Ochotona curzoniae	121156925	X2	261	excluded	extra_isoform_same_locus	XP_040836856.1 DCN [organism=Ochotona curzoniae] [GeneID=121156925] [isoform=X2]	Ochotona_curzoniae|DCN|XP_040836856.1
DCN	XP_040836861.1	Ochotona curzoniae	121156925	X3	223	excluded	relative_length	XP_040836861.1 DCN [organism=Ochotona curzoniae] [GeneID=121156925] [isoform=X3]	Ochotona_curzoniae|DCN|XP_040836861.1
DCN	XP_027516359.1	Corapipo altera	113955269		358	kept	representative	XP_027516359.1 DCN [organism=Corapipo altera] [GeneID=113955269]	Corapipo_altera|DCN|XP_027516359.1
DCN	XP_062915781.1	Mobula hypostoma	134352386		350	kept	representative	XP_062915781.1 dcn [organism=Mobula hypostoma] [GeneID=134352386]	Mobula_hypostoma|DCN|XP_062915781.1
DCN	XP_062915782.1	Mobula hypostoma	134352386		350	excluded	extra_isoform_same_locus	XP_062915782.1 dcn [organism=Mobula hypostoma] [GeneID=134352386]	Mobula_hypostoma|DCN|XP_062915782.1
DCN	XP_029969257.1	Salarias fasciatus	115404171		362	kept	representative	XP_029969257.1 dcn [organism=Salarias fasciatus] [GeneID=115404171]	Salarias_fasciatus|DCN|XP_029969257.1
DCN	XP_034091738.1	Gymnodraco acuticeps	117559165		366	kept	representative	XP_034091738.1 dcn [organism=Gymnodraco acuticeps] [GeneID=117559165]	Gymnodraco_acuticeps|DCN|XP_034091738.1
DCN	XP_034091739.1	Gymnodraco acuticeps	117559165		366	excluded	extra_isoform_same_locus	XP_034091739.1 dcn [organism=Gymnodraco acuticeps] [GeneID=117559165]	Gymnodraco_acuticeps|DCN|XP_034091739.1
DCN	XP_048357906.1	Sphaerodactylus townsendi	125435660		356	kept	representative	XP_048357906.1 DCN [organism=Sphaerodactylus townsendi] [GeneID=125435660]	Sphaerodactylus_townsendi|DCN|XP_048357906.1
DCN	XP_024610185.1	Neophocaena asiaeorientalis asiaeorientalis	112405846		360	kept	representative	XP_024610185.1 DCN [organism=Neophocaena asiaeorientalis asiaeorientalis] [GeneID=112405846]	Neophocaena_asiaeorientalis_asiaeorientalis|DCN|XP_024610185.1
DCN	XP_024610186.1	Neophocaena asiaeorientalis asiaeorientalis	112405846		360	excluded	extra_isoform_same_locus	XP_024610186.1 DCN [organism=Neophocaena asiaeorientalis asiaeorientalis] [GeneID=112405846]	Neophocaena_asiaeorientalis_asiaeorientalis|DCN|XP_024610186.1
DCN	XP_022045834.1	Acanthochromis polyacanthus	110948557		362	kept	representative	XP_022045834.1 dcn [organism=Acanthochromis polyacanthus] [GeneID=110948557]	Acanthochromis_polyacanthus|DCN|XP_022045834.1
