gene	accession	species	length	status	reason	old_header	new_header
LUM	XP_071279401.1	GeneID=139588215	343	kept	representative	XP_071279401.1 LUM [organism=Agelaius tricolor] [GeneID=139588215]	GeneID_139588215|LUM|XP_071279401.1
LUM	XP_082597142.1	GeneID=309869621	337	kept	representative	XP_082597142.1 LUM [organism=Mustela nivalis] [GeneID=309869621]	GeneID_309869621|LUM|XP_082597142.1
LUM	XP_077566159.1	GeneID=144181495	341	kept	representative	XP_077566159.1 lum [organism=Stigmatopora nigra] [GeneID=144181495]	GeneID_144181495|LUM|XP_077566159.1
LUM	XP_048274713.1	GeneID=125390001	339	kept	representative	XP_048274713.1 Lum [organism=Myodes glareolus] [GeneID=125390001]	GeneID_125390001|LUM|XP_048274713.1
LUM	XP_048357891.1	GeneID=125435652	351	kept	representative	XP_048357891.1 LUM [organism=Sphaerodactylus townsendi] [GeneID=125435652]	GeneID_125435652|LUM|XP_048357891.1
LUM	XP_048357892.1	GeneID=125435652	351	excluded	extra_isoform_same_species	XP_048357892.1 LUM [organism=Sphaerodactylus townsendi] [GeneID=125435652]	GeneID_125435652|LUM|XP_048357892.1
LUM	XP_060939375.1	GeneID=133015756	343	kept	representative	XP_060939375.1 lum [organism=Limanda limanda] [GeneID=133015756]	GeneID_133015756|LUM|XP_060939375.1
LUM	XP_075456558.1	GeneID=142495240	350	kept	representative	XP_075456558.1 LUM [organism=Ascaphus truei] [GeneID=142495240]	GeneID_142495240|LUM|XP_075456558.1
LUM	XP_005068078.1	GeneID=101836594	338	kept	representative	XP_005068078.1 Lum [organism=Mesocricetus auratus] [GeneID=101836594]	GeneID_101836594|LUM|XP_005068078.1
LUM	XP_072002651.1	GeneID=140126741	346	kept	representative	XP_072002651.1 LUM [organism=Engystomops pustulosus] [GeneID=140126741]	GeneID_140126741|LUM|XP_072002651.1
LUM	XP_085243062.1	GeneID=146649923	342	kept	representative	XP_085243062.1 lum [organism=Rhamphochromis longiceps] [GeneID=146649923]	GeneID_146649923|LUM|XP_085243062.1
LUM	XP_080614101.1	isoform=1	344	excluded	extra_isoform_same_species	XP_080614101.1 lum [organism=Protomyctophum bolini] [GeneID=308311308] [isoform=1]	isoform_1|LUM|XP_080614101.1
LUM	XP_080614102.1	isoform=1	344	excluded	extra_isoform_same_species	XP_080614102.1 lum [organism=Protomyctophum bolini] [GeneID=308311308] [isoform=1]	isoform_1|LUM|XP_080614102.1
LUM	XP_072721239.1	GeneID=140653250	343	kept	representative	XP_072721239.1 LUM [organism=Ciconia boyciana] [GeneID=140653250]	GeneID_140653250|LUM|XP_072721239.1
LUM	XP_030404431.1	GeneID=115644353	349	kept	representative	XP_030404431.1 LUM [organism=Gopherus evgoodei] [GeneID=115644353]	GeneID_115644353|LUM|XP_030404431.1
LUM	XP_006197955.1	GeneID=102527096	339	kept	representative	XP_006197955.1 LUM [organism=Vicugna pacos] [GeneID=102527096]	GeneID_102527096|LUM|XP_006197955.1
LUM	XP_057878839.1	GeneID=131082746	343	kept	representative	XP_057878839.1 LUM [organism=Melospiza georgiana] [GeneID=131082746]	GeneID_131082746|LUM|XP_057878839.1
LUM	XP_045409219.1	GeneID=123639457	338	kept	representative	XP_045409219.1 LUM [organism=Lemur catta] [GeneID=123639457]	GeneID_123639457|LUM|XP_045409219.1
LUM	XP_079190950.1	GeneID=306817715	342	kept	representative	XP_079190950.1 lum [organism=Symphodus melops] [GeneID=306817715]	GeneID_306817715|LUM|XP_079190950.1
LUM	XP_004083108.1	GeneID=101170317	342	kept	representative	XP_004083108.1 lum [organism=Oryzias latipes] [GeneID=101170317]	GeneID_101170317|LUM|XP_004083108.1
LUM	XP_011489464.1	GeneID=101170317	342	excluded	extra_isoform_same_species	XP_011489464.1 lum [organism=Oryzias latipes] [GeneID=101170317]	GeneID_101170317|LUM|XP_011489464.1
LUM	XP_017404096.1	GeneID=108317903	338	kept	representative	XP_017404096.1 LUM [organism=Cebus imitator] [GeneID=108317903]	GeneID_108317903|LUM|XP_017404096.1
LUM	XP_034628510.1	GeneID=117878434	349	kept	representative	XP_034628510.1 LUM [organism=Trachemys scripta elegans] [GeneID=117878434]	GeneID_117878434|LUM|XP_034628510.1
LUM	XP_040090360.1	GeneID=120858393	342	kept	representative	XP_040090360.1 LUM [organism=Oryx dammah] [GeneID=120858393]	GeneID_120858393|LUM|XP_040090360.1
LUM	XP_040090361.1	GeneID=120858393	342	excluded	extra_isoform_same_species	XP_040090361.1 LUM [organism=Oryx dammah] [GeneID=120858393]	GeneID_120858393|LUM|XP_040090361.1
LUM	XP_046502236.1	GeneID=124230328	341	kept	representative	XP_046502236.1 LUM [organism=Equus quagga] [GeneID=124230328]	GeneID_124230328|LUM|XP_046502236.1
LUM	XP_006889571.1	GeneID=102861202	339	kept	representative	XP_006889571.1 LUM [organism=Elephantulus edwardii] [GeneID=102861202]	GeneID_102861202|LUM|XP_006889571.1
LUM	XP_009880905.1	GeneID=104284288	343	kept	representative	XP_009880905.1 LUM [organism=Charadrius vociferus] [GeneID=104284288]	GeneID_104284288|LUM|XP_009880905.1
LUM	XP_081814974.1	isoform=1	343	excluded	extra_isoform_same_species	XP_081814974.1 LUM [organism=Natrix helvetica] [GeneID=309395066] [isoform=1]	isoform_1|LUM|XP_081814974.1
LUM	XP_081814975.1	isoform=1	343	excluded	extra_isoform_same_species	XP_081814975.1 LUM [organism=Natrix helvetica] [GeneID=309395066] [isoform=1]	isoform_1|LUM|XP_081814975.1
LUM	XP_017582160.1	GeneID=103624989	343	kept	representative	XP_017582160.1 LUM [organism=Corvus brachyrhynchos] [GeneID=103624989]	GeneID_103624989|LUM|XP_017582160.1
LUM	XP_013859659.1	GeneID=106514782	341	kept	representative	XP_013859659.1 lum [organism=Austrofundulus limnaeus] [GeneID=106514782]	GeneID_106514782|LUM|XP_013859659.1
LUM	XP_079389378.1	GeneID=306944667	343	kept	representative	XP_079389378.1 LUM [organism=Tetrao urogallus] [GeneID=306944667]	GeneID_306944667|LUM|XP_079389378.1
LUM	XP_010795529.1	GeneID=104967713	342	kept	representative	XP_010795529.1 lum [organism=Notothenia coriiceps] [GeneID=104967713]	GeneID_104967713|LUM|XP_010795529.1
LUM	XP_009672853.1	GeneID=104143837	343	kept	representative	XP_009672853.1 LUM [organism=Struthio camelus] [GeneID=104143837]	GeneID_104143837|LUM|XP_009672853.1
LUM	XP_074840092.1	GeneID=142007373	349	kept	representative	XP_074840092.1 LUM [organism=Carettochelys insculpta] [GeneID=142007373]	GeneID_142007373|LUM|XP_074840092.1
LUM	XP_076861483.1	GeneID=143514331	340	kept	representative	XP_076861483.1 lum [organism=Brachyhypopomus gauderio] [GeneID=143514331]	GeneID_143514331|LUM|XP_076861483.1
LUM	XP_076861485.1	GeneID=143514331	340	excluded	extra_isoform_same_species	XP_076861485.1 lum [organism=Brachyhypopomus gauderio] [GeneID=143514331]	GeneID_143514331|LUM|XP_076861485.1
LUM	XP_081068054.1	GeneID=308596733	349	kept	representative	XP_081068054.1 LUM [organism=Podarcis bocagei] [GeneID=308596733]	GeneID_308596733|LUM|XP_081068054.1
LUM	XP_083968185.1	isoform=1	344	excluded	extra_isoform_same_species	XP_083968185.1 lum [organism=Abramis brama] [GeneID=311081509] [isoform=1]	isoform_1|LUM|XP_083968185.1
LUM	XP_083968186.1	isoform=1	344	excluded	extra_isoform_same_species	XP_083968186.1 lum [organism=Abramis brama] [GeneID=311081509] [isoform=1]	isoform_1|LUM|XP_083968186.1
LUM	XP_056311719.1	GeneID=130223046	343	kept	representative	XP_056311719.1 lum [organism=Danio aesculapii] [GeneID=130223046]	GeneID_130223046|LUM|XP_056311719.1
LUM	XP_079161285.1	GeneID=306801786	343	kept	representative	XP_079161285.1 LUM [organism=Erithacus rubecula] [GeneID=306801786]	GeneID_306801786|LUM|XP_079161285.1
LUM	XP_004053712.3	GeneID=101132998	338	kept	representative	XP_004053712.3 LUM [organism=Gorilla gorilla gorilla] [GeneID=101132998]	GeneID_101132998|LUM|XP_004053712.3
LUM	XP_084650244.1	GeneID=311604345	340	kept	representative	XP_084650244.1 LUM [organism=Acomys minous] [GeneID=311604345]	GeneID_311604345|LUM|XP_084650244.1
LUM	XP_046879110.1	GeneID=124469701	339	kept	representative	XP_046879110.1 lum [organism=Hypomesus transpacificus] [GeneID=124469701]	GeneID_124469701|LUM|XP_046879110.1
LUM	XP_046879111.1	GeneID=124469701	339	excluded	extra_isoform_same_species	XP_046879111.1 lum [organism=Hypomesus transpacificus] [GeneID=124469701]	GeneID_124469701|LUM|XP_046879111.1
LUM	XP_059328258.1	GeneID=132073309	343	kept	representative	XP_059328258.1 LUM [organism=Ammospiza nelsoni] [GeneID=132073309]	GeneID_132073309|LUM|XP_059328258.1
LUM	XP_065140938.2	GeneID=135774889	343	kept	representative	XP_065140938.2 lum [organism=Paramisgurnus dabryanus] [GeneID=135774889]	GeneID_135774889|LUM|XP_065140938.2
LUM	XP_078479182.1	GeneID=144740202	342	kept	representative	XP_078479182.1 LUM [organism=Lampetra planeri] [GeneID=144740202]	GeneID_144740202|LUM|XP_078479182.1
LUM	XP_075810605.1	GeneID=142838834	338	kept	representative	XP_075810605.1 Lum [organism=Microtus pennsylvanicus] [GeneID=142838834]	GeneID_142838834|LUM|XP_075810605.1
LUM	XP_030576550.1	GeneID=115773775	342	kept	representative	XP_030576550.1 lum [organism=Archocentrus centrarchus] [GeneID=115773775]	GeneID_115773775|LUM|XP_030576550.1
LUM	XP_030576551.1	GeneID=115773775	342	excluded	extra_isoform_same_species	XP_030576551.1 lum [organism=Archocentrus centrarchus] [GeneID=115773775]	GeneID_115773775|LUM|XP_030576551.1
LUM	XP_051487157.1	GeneID=127390051	343	kept	representative	XP_051487157.1 LUM [organism=Apus apus] [GeneID=127390051]	GeneID_127390051|LUM|XP_051487157.1
LUM	XP_041935069.1	GeneID=121697569	340	kept	representative	XP_041935069.1 lum [organism=Alosa sapidissima] [GeneID=121697569]	GeneID_121697569|LUM|XP_041935069.1
LUM	XP_028307284.1	GeneID=114466046	342	kept	representative	XP_028307284.1 lum [organism=Gouania willdenowi] [GeneID=114466046]	GeneID_114466046|LUM|XP_028307284.1
LUM	XP_036025819.1	GeneID=118571042	338	kept	representative	XP_036025819.1 Lum [organism=Onychomys torridus] [GeneID=118571042]	GeneID_118571042|LUM|XP_036025819.1
LUM	XP_078530386.1	GeneID=144816435	356	kept	representative	XP_078530386.1 LUM [organism=Lissotriton helveticus] [GeneID=144816435]	GeneID_144816435|LUM|XP_078530386.1
LUM	XP_064198740.1	GeneID=135258941	346	kept	representative	XP_064198740.1 lum [organism=Anguilla rostrata] [GeneID=135258941]	GeneID_135258941|LUM|XP_064198740.1
LUM	XP_056372388.1	GeneID=130267086	343	kept	representative	XP_056372388.1 LUM [organism=Oenanthe melanoleuca] [GeneID=130267086]	GeneID_130267086|LUM|XP_056372388.1
LUM	XP_076776176.1	GeneID=143436121	338	kept	representative	XP_076776176.1 Lum [organism=Arvicanthis niloticus] [GeneID=143436121]	GeneID_143436121|LUM|XP_076776176.1
LUM	XP_083385073.1	GeneID=310719341	341	kept	representative	XP_083385073.1 lum [organism=Silurus aristotelis] [GeneID=310719341]	GeneID_310719341|LUM|XP_083385073.1
LUM	XP_043736973.1	GeneID=122680093	342	kept	representative	XP_043736973.1 LUM [organism=Cervus elaphus] [GeneID=122680093]	GeneID_122680093|LUM|XP_043736973.1
LUM	XP_068573491.1	isoform=X1	374	excluded	extra_isoform_same_species	XP_068573491.1 lum [organism=Cebidichthys violaceus] [GeneID=137877449] [isoform=X1]	isoform_X1|LUM|XP_068573491.1
LUM	XP_068573493.1	isoform=X2	342	kept	representative	XP_068573493.1 lum [organism=Cebidichthys violaceus] [GeneID=137877449] [isoform=X2]	isoform_X2|LUM|XP_068573493.1
LUM	XP_027899837.1	GeneID=114161025	342	kept	representative	XP_027899837.1 lum [organism=Xiphophorus couchianus] [GeneID=114161025]	GeneID_114161025|LUM|XP_027899837.1
LUM	XP_027899838.1	GeneID=114161025	342	excluded	extra_isoform_same_species	XP_027899838.1 lum [organism=Xiphophorus couchianus] [GeneID=114161025]	GeneID_114161025|LUM|XP_027899838.1
LUM	XP_025738385.1	GeneID=112831221	338	kept	representative	XP_025738385.1 LUM [organism=Callorhinus ursinus] [GeneID=112831221]	GeneID_112831221|LUM|XP_025738385.1
LUM	XP_033076985.1	GeneID=117089639	338	kept	representative	XP_033076985.1 LUM [organism=Trachypithecus francoisi] [GeneID=117089639]	GeneID_117089639|LUM|XP_033076985.1
LUM	XP_079878677.1	isoform=1	342	kept	representative	XP_079878677.1 lum [organism=Zeus faber] [GeneID=307246581] [isoform=1]	isoform_1|LUM|XP_079878677.1
LUM	XP_079878678.1	isoform=1	342	excluded	extra_isoform_same_species	XP_079878678.1 lum [organism=Zeus faber] [GeneID=307246581] [isoform=1]	isoform_1|LUM|XP_079878678.1
LUM	XP_026877388.3	GeneID=113584582	339	kept	representative	XP_026877388.3 lum [organism=Electrophorus electricus] [GeneID=113584582]	GeneID_113584582|LUM|XP_026877388.3
LUM	XP_026877389.3	GeneID=113584582	339	excluded	extra_isoform_same_species	XP_026877389.3 lum [organism=Electrophorus electricus] [GeneID=113584582]	GeneID_113584582|LUM|XP_026877389.3
LUM	XP_081579814.1	GeneID=113584582	339	excluded	extra_isoform_same_species	XP_081579814.1 lum [organism=Electrophorus electricus] [GeneID=113584582]	GeneID_113584582|LUM|XP_081579814.1
LUM	XP_081579815.1	GeneID=113584582	339	excluded	extra_isoform_same_species	XP_081579815.1 lum [organism=Electrophorus electricus] [GeneID=113584582]	GeneID_113584582|LUM|XP_081579815.1
LUM	XP_004417999.1	GeneID=101404920	340	kept	representative	XP_004417999.1 LOC101404920 [organism=Ceratotherium simum simum] [GeneID=101404920]	GeneID_101404920|LUM|XP_004417999.1
LUM	XP_004700460.1	GeneID=101662217	340	kept	representative	XP_004700460.1 LUM [organism=Echinops telfairi] [GeneID=101662217]	GeneID_101662217|LUM|XP_004700460.1
LUM	XP_053833756.1	GeneID=128807397	343	kept	representative	XP_053833756.1 LUM [organism=Vidua macroura] [GeneID=128807397]	GeneID_128807397|LUM|XP_053833756.1
LUM	XP_082136109.1	GeneID=309572014	343	kept	representative	XP_082136109.1 LUM [organism=Coloeus monedula] [GeneID=309572014]	GeneID_309572014|LUM|XP_082136109.1
LUM	XP_048012244.1	isoform=X1	380	excluded	extra_isoform_same_species	XP_048012244.1 lum [organism=Megalobrama amblycephala] [GeneID=125245620] [isoform=X1]	isoform_X1|LUM|XP_048012244.1
LUM	XP_048012245.1	isoform=X2	344	excluded	extra_isoform_same_species	XP_048012245.1 lum [organism=Megalobrama amblycephala] [GeneID=125245620] [isoform=X2]	isoform_X2|LUM|XP_048012245.1
LUM	XP_030006460.1	GeneID=115430528	342	kept	representative	XP_030006460.1 lum [organism=Sphaeramia orbicularis] [GeneID=115430528]	GeneID_115430528|LUM|XP_030006460.1
LUM	XP_073336737.1	GeneID=141008325	342	kept	representative	XP_073336737.1 lum [organism=Pagrus major] [GeneID=141008325]	GeneID_141008325|LUM|XP_073336737.1
LUM	XP_016390487.1	GeneID=107725655	344	kept	representative	XP_016390487.1 lum [organism=Sinocyclocheilus rhinocerous] [GeneID=107725655]	GeneID_107725655|LUM|XP_016390487.1
LUM	XP_022604773.1	GeneID=111224525	342	kept	representative	XP_022604773.1 lum [organism=Seriola dumerili] [GeneID=111224525]	GeneID_111224525|LUM|XP_022604773.1
LUM	XP_008822141.1	GeneID=103726385	338	kept	representative	XP_008822141.1 Lum [organism=Nannospalax galili] [GeneID=103726385]	GeneID_103726385|LUM|XP_008822141.1
LUM	XP_042803280.1	GeneID=122224906	339	kept	representative	XP_042803280.1 LUM [organism=Panthera leo] [GeneID=122224906]	GeneID_122224906|LUM|XP_042803280.1
LUM	XP_071761731.1	GeneID=139916669	342	kept	representative	XP_071761731.1 lum [organism=Centroberyx gerrardi] [GeneID=139916669]	GeneID_139916669|LUM|XP_071761731.1
LUM	XP_002927504.1	GeneID=100467113	338	kept	representative	XP_002927504.1 LUM [organism=Ailuropoda melanoleuca] [GeneID=100467113]	GeneID_100467113|LUM|XP_002927504.1
LUM	XP_019732657.1	GeneID=109520123	342	kept	representative	XP_019732657.1 lum [organism=Hippocampus comes] [GeneID=109520123]	GeneID_109520123|LUM|XP_019732657.1
LUM	XP_037617022.1	GeneID=119483066	342	kept	representative	XP_037617022.1 lum [organism=Sebastes umbrosus] [GeneID=119483066]	GeneID_119483066|LUM|XP_037617022.1
LUM	XP_056425362.1	GeneID=130367003	345	kept	representative	XP_056425362.1 LUM [organism=Hyla sarda] [GeneID=130367003]	GeneID_130367003|LUM|XP_056425362.1
LUM	XP_061523879.1	GeneID=133397248	342	kept	representative	XP_061523879.1 lum [organism=Phycodurus eques] [GeneID=133397248]	GeneID_133397248|LUM|XP_061523879.1
LUM	XP_008685901.1	GeneID=103660080	338	kept	representative	XP_008685901.1 LUM [organism=Ursus maritimus] [GeneID=103660080]	GeneID_103660080|LUM|XP_008685901.1
LUM	XP_042672134.1	GeneID=122159042	346	kept	representative	XP_042672134.1 LUM [organism=Centrocercus urophasianus] [GeneID=122159042]	GeneID_122159042|LUM|XP_042672134.1
LUM	XP_085878573.1	GeneID=147126662	342	kept	representative	XP_085878573.1 lum [organism=Filicampus tigris] [GeneID=147126662]	GeneID_147126662|LUM|XP_085878573.1
LUM	XP_056878831.1	isoform=X1	410	excluded	extra_isoform_same_species	XP_056878831.1 lum [organism=Takifugu flavidus] [GeneID=130519417] [isoform=X1]	isoform_X1|LUM|XP_056878831.1
LUM	XP_056878832.1	isoform=X2	342	excluded	extra_isoform_same_species	XP_056878832.1 lum [organism=Takifugu flavidus] [GeneID=130519417] [isoform=X2]	isoform_X2|LUM|XP_056878832.1
LUM	XP_079407747.1	GeneID=306959498	342	kept	representative	XP_079407747.1 lum [organism=Gobius niger] [GeneID=306959498]	GeneID_306959498|LUM|XP_079407747.1
LUM	XP_009462197.1	GeneID=104011645	343	kept	representative	XP_009462197.1 LUM [organism=Nipponia nippon] [GeneID=104011645]	GeneID_104011645|LUM|XP_009462197.1
LUM	XP_084263305.1	GeneID=311289313	344	kept	representative	XP_084263305.1 lum [organism=Rutilus rutilus] [GeneID=311289313]	GeneID_311289313|LUM|XP_084263305.1
LUM	XP_066447606.1	GeneID=136611715	346	kept	representative	XP_066447606.1 LUM [organism=Eleutherodactylus coqui] [GeneID=136611715]	GeneID_136611715|LUM|XP_066447606.1
LUM	XP_029317394.1	GeneID=115028113	342	kept	representative	XP_029317394.1 lum [organism=Cottoperca gobio] [GeneID=115028113]	GeneID_115028113|LUM|XP_029317394.1
LUM	XP_029317396.1	GeneID=115028113	342	excluded	extra_isoform_same_species	XP_029317396.1 lum [organism=Cottoperca gobio] [GeneID=115028113]	GeneID_115028113|LUM|XP_029317396.1
LUM	XP_024076131.2	GeneID=112121334	349	kept	representative	XP_024076131.2 LUM [organism=Terrapene triunguis] [GeneID=112121334]	GeneID_112121334|LUM|XP_024076131.2
LUM	XP_031613669.1	GeneID=116334392	342	kept	representative	XP_031613669.1 lum [organism=Oreochromis aureus] [GeneID=116334392]	GeneID_116334392|LUM|XP_031613669.1
LUM	XP_031613678.1	GeneID=116334392	342	excluded	extra_isoform_same_species	XP_031613678.1 lum [organism=Oreochromis aureus] [GeneID=116334392]	GeneID_116334392|LUM|XP_031613678.1
LUM	XP_010132060.1	GeneID=104491349	343	kept	representative	XP_010132060.1 LUM [organism=Buceros rhinoceros silvestris] [GeneID=104491349]	GeneID_104491349|LUM|XP_010132060.1
LUM	XP_053438567.1	GeneID=128580575	338	kept	representative	XP_053438567.1 LUM [organism=Nycticebus coucang] [GeneID=128580575]	GeneID_128580575|LUM|XP_053438567.1
LUM	XP_054436166.1	GeneID=129075942	339	kept	representative	XP_054436166.1 LUM [organism=Pteronotus mesoamericanus] [GeneID=129075942]	GeneID_129075942|LUM|XP_054436166.1
LUM	XP_029521496.2	isoform=X1	474	excluded	relative_length	XP_029521496.2 lum [organism=Oncorhynchus nerka] [GeneID=115132916] [isoform=X1]	isoform_X1|LUM|XP_029521496.2
LUM	XP_029521497.1	isoform=X2	360	excluded	extra_isoform_same_species	XP_029521497.1 lum [organism=Oncorhynchus nerka] [GeneID=115132916] [isoform=X2]	isoform_X2|LUM|XP_029521497.1
LUM	XP_029521498.1	isoform=X3	342	kept	representative	XP_029521498.1 lum [organism=Oncorhynchus nerka] [GeneID=115132916] [isoform=X3]	isoform_X3|LUM|XP_029521498.1
LUM	XP_040347184.1	GeneID=121040638	339	kept	representative	XP_040347184.1 LUM [organism=Herpailurus yagouaroundi] [GeneID=121040638]	GeneID_121040638|LUM|XP_040347184.1
LUM	XP_077327015.1	GeneID=143961580	347	kept	representative	XP_077327015.1 LUM [organism=Lithobates pipiens] [GeneID=143961580]	GeneID_143961580|LUM|XP_077327015.1
LUM	XP_028388565.1	GeneID=114513450	339	kept	representative	XP_028388565.1 LUM [organism=Phyllostomus discolor] [GeneID=114513450]	GeneID_114513450|LUM|XP_028388565.1
LUM	XP_028673251.1	GeneID=114663590	343	kept	representative	XP_028673251.1 lum [organism=Erpetoichthys calabaricus] [GeneID=114663590]	GeneID_114663590|LUM|XP_028673251.1
LUM	XP_032972447.1	GeneID=117028222	339	kept	representative	XP_032972447.1 LUM [organism=Rhinolophus ferrumequinum] [GeneID=117028222]	GeneID_117028222|LUM|XP_032972447.1
LUM	XP_056197356.1	GeneID=130150419	343	kept	representative	XP_056197356.1 LUM [organism=Falco biarmicus] [GeneID=130150419]	GeneID_130150419|LUM|XP_056197356.1
LUM	XP_066039461.1	GeneID=136289491	343	kept	representative	XP_066039461.1 LUM [organism=Chamaea fasciata] [GeneID=136289491]	GeneID_136289491|LUM|XP_066039461.1
LUM	XP_006154882.1	GeneID=102474556	341	kept	representative	XP_006154882.1 LUM [organism=Tupaia belangeri chinensis] [GeneID=102474556]	GeneID_102474556|LUM|XP_006154882.1
LUM	XP_010176857.1	GeneID=104536037	343	kept	representative	XP_010176857.1 LUM [organism=Mesitornis unicolor] [GeneID=104536037]	GeneID_104536037|LUM|XP_010176857.1
LUM	XP_041265726.1	GeneID=121338626	343	kept	representative	XP_041265726.1 LUM [organism=Onychostruthus taczanowskii] [GeneID=121338626]	GeneID_121338626|LUM|XP_041265726.1
LUM	XP_010126524.2	GeneID=104485768	343	kept	representative	XP_010126524.2 LUM [organism=Chlamydotis macqueenii] [GeneID=104485768]	GeneID_104485768|LUM|XP_010126524.2
LUM	XP_032026779.1	GeneID=116479081	338	kept	representative	XP_032026779.1 LUM [organism=Hylobates moloch] [GeneID=116479081]	GeneID_116479081|LUM|XP_032026779.1
LUM	XP_032272354.1	GeneID=116639813	338	kept	representative	XP_032272354.1 LUM [organism=Phoca vitulina] [GeneID=116639813]	GeneID_116639813|LUM|XP_032272354.1
LUM	XP_010830372.1	GeneID=104982630	342	kept	representative	XP_010830372.1 LUM [organism=Bison bison bison] [GeneID=104982630]	GeneID_104982630|LUM|XP_010830372.1
LUM	XP_019947778.1	GeneID=109632781	342	kept	representative	XP_019947778.1 lum [organism=Paralichthys olivaceus] [GeneID=109632781]	GeneID_109632781|LUM|XP_019947778.1
LUM	XP_032914738.1	GeneID=116995826	343	kept	representative	XP_032914738.1 LUM [organism=Catharus ustulatus] [GeneID=116995826]	GeneID_116995826|LUM|XP_032914738.1
LUM	XP_035003368.1	GeneID=118101571	342	kept	representative	XP_035003368.1 lum [organism=Hippoglossus stenolepis] [GeneID=118101571]	GeneID_118101571|LUM|XP_035003368.1
LUM	XP_036747360.1	GeneID=118915530	339	kept	representative	XP_036747360.1 LUM [organism=Manis pentadactyla] [GeneID=118915530]	GeneID_118915530|LUM|XP_036747360.1
LUM	XP_076015119.1	GeneID=143007600	341	kept	representative	XP_076015119.1 lum [organism=Genypterus blacodes] [GeneID=143007600]	GeneID_143007600|LUM|XP_076015119.1
LUM	XP_082097029.1	GeneID=309542244	349	kept	representative	XP_082097029.1 LUM [organism=Podarcis vaucheri] [GeneID=309542244]	GeneID_309542244|LUM|XP_082097029.1
LUM	XP_023788947.1	GeneID=111933523	343	kept	representative	XP_023788947.1 LUM [organism=Cyanistes caeruleus] [GeneID=111933523]	GeneID_111933523|LUM|XP_023788947.1
LUM	XP_075407302.1	GeneID=142449887	340	kept	representative	XP_075407302.1 LUM [organism=Tenrec ecaudatus] [GeneID=142449887]	GeneID_142449887|LUM|XP_075407302.1
LUM	XP_077121540.1	GeneID=143776247	345	kept	representative	XP_077121540.1 LUM [organism=Ranitomeya variabilis] [GeneID=143776247]	GeneID_143776247|LUM|XP_077121540.1
LUM	XP_003783408.1	GeneID=100946463	339	kept	representative	XP_003783408.1 LUM [organism=Otolemur garnettii] [GeneID=100946463]	GeneID_100946463|LUM|XP_003783408.1
LUM	XP_067553622.1	GeneID=137202260	340	kept	representative	XP_067553622.1 LUM [organism=Pseudorca crassidens] [GeneID=137202260]	GeneID_137202260|LUM|XP_067553622.1
LUM	XP_036920554.1	GeneID=118999924	340	kept	representative	XP_036920554.1 LUM [organism=Sturnira hondurensis] [GeneID=118999924]	GeneID_118999924|LUM|XP_036920554.1
LUM	XP_010412115.1	GeneID=104698439	343	kept	representative	XP_010412115.1 LUM [organism=Corvus cornix cornix] [GeneID=104698439]	GeneID_104698439|LUM|XP_010412115.1
LUM	XP_034382180.1	GeneID=117726172	342	kept	representative	XP_034382180.1 lum [organism=Cyclopterus lumpus] [GeneID=117726172]	GeneID_117726172|LUM|XP_034382180.1
LUM	XP_034382181.1	GeneID=117726172	342	excluded	extra_isoform_same_species	XP_034382181.1 lum [organism=Cyclopterus lumpus] [GeneID=117726172]	GeneID_117726172|LUM|XP_034382181.1
LUM	XP_040886419.1	GeneID=121176426	342	kept	representative	XP_040886419.1 lum [organism=Toxotes jaculatrix] [GeneID=121176426]	GeneID_121176426|LUM|XP_040886419.1
LUM	XP_003989158.1	GeneID=101100982	339	kept	representative	XP_003989158.1 LUM [organism=Felis catus] [GeneID=101100982]	GeneID_101100982|LUM|XP_003989158.1
LUM	XP_080938696.1	GeneID=308512878	339	kept	representative	XP_080938696.1 LUM [organism=Myotis nattereri] [GeneID=308512878]	GeneID_308512878|LUM|XP_080938696.1
LUM	XP_010728933.2	GeneID=104918779	342	kept	representative	XP_010728933.2 lum [organism=Larimichthys crocea] [GeneID=104918779]	GeneID_104918779|LUM|XP_010728933.2
LUM	XP_071621561.1	GeneID=139806187	343	kept	representative	XP_071621561.1 LUM [organism=Heliangelus exortis] [GeneID=139806187]	GeneID_139806187|LUM|XP_071621561.1
LUM	XP_035193279.1	GeneID=118173120	343	kept	representative	XP_035193279.1 LUM [organism=Oxyura jamaicensis] [GeneID=118173120]	GeneID_118173120|LUM|XP_035193279.1
LUM	XP_005679869.1	GeneID=102176393	342	kept	representative	XP_005679869.1 LUM [organism=Capra hircus] [GeneID=102176393]	GeneID_102176393|LUM|XP_005679869.1
LUM	XP_017903107.1	GeneID=102176393	342	excluded	extra_isoform_same_species	XP_017903107.1 LUM [organism=Capra hircus] [GeneID=102176393]	GeneID_102176393|LUM|XP_017903107.1
LUM	XP_029019740.1	GeneID=114863075	344	kept	representative	XP_029019740.1 lum [organism=Betta splendens] [GeneID=114863075]	GeneID_114863075|LUM|XP_029019740.1
LUM	XP_029019741.1	GeneID=114863075	344	excluded	extra_isoform_same_species	XP_029019741.1 lum [organism=Betta splendens] [GeneID=114863075]	GeneID_114863075|LUM|XP_029019741.1
LUM	XP_073694283.1	GeneID=141333221	344	kept	representative	XP_073694283.1 lum [organism=Garra rufa] [GeneID=141333221]	GeneID_141333221|LUM|XP_073694283.1
LUM	XP_073694284.1	GeneID=141333221	344	excluded	extra_isoform_same_species	XP_073694284.1 lum [organism=Garra rufa] [GeneID=141333221]	GeneID_141333221|LUM|XP_073694284.1
LUM	XP_067437679.1	GeneID=137175738	342	kept	representative	XP_067437679.1 lum [organism=Thunnus thynnus] [GeneID=137175738]	GeneID_137175738|LUM|XP_067437679.1
LUM	XP_027698314.1	GeneID=114028269	341	kept	representative	XP_027698314.1 LUM [organism=Vombatus ursinus] [GeneID=114028269]	GeneID_114028269|LUM|XP_027698314.1
LUM	XP_030179227.1	GeneID=115519419	339	kept	representative	XP_030179227.1 LUM [organism=Lynx canadensis] [GeneID=115519419]	GeneID_115519419|LUM|XP_030179227.1
LUM	XP_063164992.1	GeneID=134501270	345	kept	representative	XP_063164992.1 LUM [organism=Candoia aspera] [GeneID=134501270]	GeneID_134501270|LUM|XP_063164992.1
LUM	XP_007449170.1	GeneID=103077415	340	kept	representative	XP_007449170.1 LUM [organism=Lipotes vexillifer] [GeneID=103077415]	GeneID_103077415|LUM|XP_007449170.1
LUM	XP_076967702.1	GeneID=143642781	341	kept	representative	XP_076967702.1 LUM [organism=Tamandua tetradactyla] [GeneID=143642781]	GeneID_143642781|LUM|XP_076967702.1
LUM	XP_030815216.1	GeneID=115909781	343	kept	representative	XP_030815216.1 LUM [organism=Camarhynchus parvulus] [GeneID=115909781]	GeneID_115909781|LUM|XP_030815216.1
LUM	XP_041832842.1	GeneID=121634346	342	kept	representative	XP_041832842.1 lum [organism=Melanotaenia boesemani] [GeneID=121634346]	GeneID_121634346|LUM|XP_041832842.1
LUM	XP_059968792.1	GeneID=132498753	340	kept	representative	XP_059968792.1 LUM [organism=Mesoplodon densirostris] [GeneID=132498753]	GeneID_132498753|LUM|XP_059968792.1
LUM	XP_074757577.1	GeneID=141958631	343	kept	representative	XP_074757577.1 LUM [organism=Athene noctua] [GeneID=141958631]	GeneID_141958631|LUM|XP_074757577.1
LUM	XP_079570731.1	GeneID=307060186	340	kept	representative	XP_079570731.1 LUM [organism=Hyperoodon ampullatus] [GeneID=307060186]	GeneID_307060186|LUM|XP_079570731.1
LUM	XP_005733550.1	GeneID=102196827	342	kept	representative	XP_005733550.1 lum [organism=Pundamilia nyererei] [GeneID=102196827]	GeneID_102196827|LUM|XP_005733550.1
LUM	XP_037318324.1	isoform=X2	342	excluded	extra_isoform_same_species	XP_037318324.1 lum [organism=Pungitius pungitius] [GeneID=119211481] [isoform=X2]	isoform_X2|LUM|XP_037318324.1
LUM	XP_037318325.1	isoform=X2	342	excluded	extra_isoform_same_species	XP_037318325.1 lum [organism=Pungitius pungitius] [GeneID=119211481] [isoform=X2]	isoform_X2|LUM|XP_037318325.1
LUM	XP_062415875.1	isoform=X1	348	excluded	extra_isoform_same_species	XP_062415875.1 lum [organism=Pungitius pungitius] [GeneID=119211481] [isoform=X1]	isoform_X1|LUM|XP_062415875.1
LUM	XP_057933167.2	isoform=X1	431	excluded	extra_isoform_same_species	XP_057933167.2 lum [organism=Doryrhamphus excisus] [GeneID=131132026] [isoform=X1]	isoform_X1|LUM|XP_057933167.2
LUM	XP_078645258.1	isoform=X2	363	excluded	extra_isoform_same_species	XP_078645258.1 lum [organism=Doryrhamphus excisus] [GeneID=131132026] [isoform=X2]	isoform_X2|LUM|XP_078645258.1
LUM	XP_081219841.1	GeneID=308689780	344	kept	representative	XP_081219841.1 lum [organism=Scardinius erythrophthalmus] [GeneID=308689780]	GeneID_308689780|LUM|XP_081219841.1
LUM	XP_009987102.1	GeneID=104371291	292	kept	representative	XP_009987102.1 LUM [organism=Tauraco erythrolophus] [GeneID=104371291]	GeneID_104371291|LUM|XP_009987102.1
LUM	XP_014911397.1	GeneID=106961848	342	kept	representative	XP_014911397.1 lum [organism=Poecilia latipinna] [GeneID=106961848]	GeneID_106961848|LUM|XP_014911397.1
LUM	XP_029061370.1	GeneID=114885551	340	kept	representative	XP_029061370.1 LUM [organism=Monodon monoceros] [GeneID=114885551]	GeneID_114885551|LUM|XP_029061370.1
LUM	XP_035407703.1	GeneID=118250561	343	kept	representative	XP_035407703.1 LUM [organism=Cygnus atratus] [GeneID=118250561]	GeneID_118250561|LUM|XP_035407703.1
LUM	XP_080347915.1	isoform=1	342	excluded	extra_isoform_same_species	XP_080347915.1 lum [organism=Lipophrys pholis] [GeneID=308127039] [isoform=1]	isoform_1|LUM|XP_080347915.1
LUM	XP_080347916.1	isoform=1	342	excluded	extra_isoform_same_species	XP_080347916.1 lum [organism=Lipophrys pholis] [GeneID=308127039] [isoform=1]	isoform_1|LUM|XP_080347916.1
LUM	XP_055252010.1	GeneID=129536872	342	kept	representative	XP_055252010.1 LUM [organism=Moschus berezovskii] [GeneID=129536872]	GeneID_129536872|LUM|XP_055252010.1
LUM	XP_027535660.1	GeneID=113965879	343	kept	representative	XP_027535660.1 LUM [organism=Neopelma chrysocephalum] [GeneID=113965879]	GeneID_113965879|LUM|XP_027535660.1
LUM	XP_080792164.1	GeneID=308435355	338	kept	representative	XP_080792164.1 LUM [organism=Micromys minutus] [GeneID=308435355]	GeneID_308435355|LUM|XP_080792164.1
LUM	XP_040009547.1	GeneID=120804265	342	kept	representative	XP_040009547.1 lum [organism=Xiphias gladius] [GeneID=120804265]	GeneID_120804265|LUM|XP_040009547.1
LUM	XP_046275352.1	GeneID=124075788	338	kept	representative	XP_046275352.1 Lum [organism=Marmota monax] [GeneID=124075788]	GeneID_124075788|LUM|XP_046275352.1
LUM	XP_037702206.1	GeneID=119541922	341	kept	representative	XP_037702206.1 LUM [organism=Choloepus didactylus] [GeneID=119541922]	GeneID_119541922|LUM|XP_037702206.1
LUM	XP_019597716.1	GeneID=109452882	339	kept	representative	XP_019597716.1 LUM [organism=Rhinolophus sinicus] [GeneID=109452882]	GeneID_109452882|LUM|XP_019597716.1
LUM	XP_036978395.1	GeneID=119032878	342	kept	representative	XP_036978395.1 lum [organism=Acanthopagrus latus] [GeneID=119032878]	GeneID_119032878|LUM|XP_036978395.1
LUM	XP_037245803.1	GeneID=119149055	343	kept	representative	XP_037245803.1 LUM [organism=Falco rusticolus] [GeneID=119149055]	GeneID_119149055|LUM|XP_037245803.1
LUM	XP_085509141.1	GeneID=146855317	356	kept	representative	XP_085509141.1 LUM [organism=Triturus cristatus] [GeneID=146855317]	GeneID_146855317|LUM|XP_085509141.1
LUM	XP_048404637.1	GeneID=125460779	342	kept	representative	XP_048404637.1 lum [organism=Stegostoma tigrinum] [GeneID=125460779]	GeneID_125460779|LUM|XP_048404637.1
LUM	XP_078996551.1	GeneID=306661429	338	kept	representative	XP_078996551.1 LUM [organism=Sciurus vulgaris] [GeneID=306661429]	GeneID_306661429|LUM|XP_078996551.1
LUM	XP_011360071.1	GeneID=105293237	339	kept	representative	XP_011360071.1 LUM [organism=Pteropus vampyrus] [GeneID=105293237]	GeneID_105293237|LUM|XP_011360071.1
LUM	XP_084381160.1	GeneID=311439404	343	kept	representative	XP_084381160.1 LUM [organism=Aythya ferina] [GeneID=311439404]	GeneID_311439404|LUM|XP_084381160.1
LUM	XP_005874706.1	GeneID=102260931	339	kept	representative	XP_005874706.1 LUM [organism=Myotis brandtii] [GeneID=102260931]	GeneID_102260931|LUM|XP_005874706.1
LUM	XP_058424661.1	GeneID=131421821	340	kept	representative	XP_058424661.1 LUM [organism=Diceros bicornis minor] [GeneID=131421821]	GeneID_131421821|LUM|XP_058424661.1
LUM	XP_070803489.1	GeneID=139319500	345	kept	representative	XP_070803489.1 LUM [organism=Pituophis catenifer annectens] [GeneID=139319500]	GeneID_139319500|LUM|XP_070803489.1
LUM	XP_059539750.1	GeneID=132228006	339	kept	representative	XP_059539750.1 LUM [organism=Myotis daubentonii] [GeneID=132228006]	GeneID_132228006|LUM|XP_059539750.1
LUM	XP_048124086.1	GeneID=125310577	340	kept	representative	XP_048124086.1 lum [organism=Alosa alosa] [GeneID=125310577]	GeneID_125310577|LUM|XP_048124086.1
LUM	XP_043823850.1	GeneID=122729196	341	kept	representative	XP_043823850.1 LUM [organism=Dromiciops gliroides] [GeneID=122729196]	GeneID_122729196|LUM|XP_043823850.1
LUM	XP_070848021.1	GeneID=139350474	342	kept	representative	XP_070848021.1 lum [organism=Chaetodon trifascialis] [GeneID=139350474]	GeneID_139350474|LUM|XP_070848021.1
LUM	XP_029969842.1	GeneID=115404579	342	kept	representative	XP_029969842.1 lum [organism=Salarias fasciatus] [GeneID=115404579]	GeneID_115404579|LUM|XP_029969842.1
LUM	XP_008947544.1	GeneID=103781570	312	kept	representative	XP_008947544.1 LUM [organism=Merops nubicus] [GeneID=103781570]	GeneID_103781570|LUM|XP_008947544.1
LUM	XP_075583706.1	GeneID=104027917	343	kept	representative	XP_075583706.1 LUM [organism=Pelecanus crispus] [GeneID=104027917]	GeneID_104027917|LUM|XP_075583706.1
LUM	XP_030197212.1	isoform=X1	349	excluded	extra_isoform_same_species	XP_030197212.1 lum [organism=Gadus morhua] [GeneID=115531967] [isoform=X1]	isoform_X1|LUM|XP_030197212.1
LUM	XP_030197213.1	isoform=X2	346	excluded	extra_isoform_same_species	XP_030197213.1 lum [organism=Gadus morhua] [GeneID=115531967] [isoform=X2]	isoform_X2|LUM|XP_030197213.1
LUM	XP_030197214.1	isoform=X2	346	excluded	extra_isoform_same_species	XP_030197214.1 lum [organism=Gadus morhua] [GeneID=115531967] [isoform=X2]	isoform_X2|LUM|XP_030197214.1
LUM	XP_033845660.1	GeneID=117391844	342	kept	representative	XP_033845660.1 lum [organism=Periophthalmus magnuspinnatus] [GeneID=117391844]	GeneID_117391844|LUM|XP_033845660.1
LUM	XP_065505940.1	GeneID=135997351	343	kept	representative	XP_065505940.1 LUM [organism=Caloenas nicobarica] [GeneID=135997351]	GeneID_135997351|LUM|XP_065505940.1
LUM	XP_065505947.1	GeneID=135997351	343	excluded	extra_isoform_same_species	XP_065505947.1 LUM [organism=Caloenas nicobarica] [GeneID=135997351]	GeneID_135997351|LUM|XP_065505947.1
LUM	XP_065743282.1	GeneID=136130655	340	kept	representative	XP_065743282.1 LUM [organism=Phocoena phocoena] [GeneID=136130655]	GeneID_136130655|LUM|XP_065743282.1
LUM	XP_006989095.2	GeneID=102924889	338	kept	representative	XP_006989095.2 Lum [organism=Peromyscus maniculatus bairdii] [GeneID=102924889]	GeneID_102924889|LUM|XP_006989095.2
LUM	XP_048867348.1	isoform=X1	417	excluded	extra_isoform_same_species	XP_048867348.1 lum [organism=Brienomyrus brachyistius] [GeneID=125740400] [isoform=X1]	isoform_X1|LUM|XP_048867348.1
LUM	XP_048867356.1	isoform=X2	342	excluded	extra_isoform_same_species	XP_048867356.1 lum [organism=Brienomyrus brachyistius] [GeneID=125740400] [isoform=X2]	isoform_X2|LUM|XP_048867356.1
LUM	XP_048867366.1	isoform=X2	342	excluded	extra_isoform_same_species	XP_048867366.1 lum [organism=Brienomyrus brachyistius] [GeneID=125740400] [isoform=X2]	isoform_X2|LUM|XP_048867366.1
LUM	XP_043877852.1	GeneID=122766763	342	kept	representative	XP_043877852.1 lum [organism=Solea senegalensis] [GeneID=122766763]	GeneID_122766763|LUM|XP_043877852.1
LUM	XP_044853344.1	GeneID=123354953	349	kept	representative	XP_044853344.1 LUM [organism=Mauremys mutica] [GeneID=123354953]	GeneID_123354953|LUM|XP_044853344.1
LUM	XP_032445607.1	GeneID=116736873	342	kept	representative	XP_032445607.1 lum [organism=Xiphophorus hellerii] [GeneID=116736873]	GeneID_116736873|LUM|XP_032445607.1
LUM	XP_032445608.1	GeneID=116736873	342	excluded	extra_isoform_same_species	XP_032445608.1 lum [organism=Xiphophorus hellerii] [GeneID=116736873]	GeneID_116736873|LUM|XP_032445608.1
LUM	XP_043302579.1	GeneID=122427288	342	kept	representative	XP_043302579.1 LUM [organism=Cervus canadensis] [GeneID=122427288]	GeneID_122427288|LUM|XP_043302579.1
LUM	XP_062931786.1	GeneID=134360857	339	kept	representative	XP_062931786.1 LUM [organism=Cynocephalus volans] [GeneID=134360857]	GeneID_134360857|LUM|XP_062931786.1
LUM	XP_009558225.1	GeneID=104058421	343	kept	representative	XP_009558225.1 LUM [organism=Cuculus canorus] [GeneID=104058421]	GeneID_104058421|LUM|XP_009558225.1
LUM	XP_007893500.1	GeneID=103179837	340	kept	representative	XP_007893500.1 lum [organism=Callorhinchus milii] [GeneID=103179837]	GeneID_103179837|LUM|XP_007893500.1
LUM	XP_068257389.1	GeneID=137663765	343	kept	representative	XP_068257389.1 LUM [organism=Nyctibius grandis] [GeneID=137663765]	GeneID_137663765|LUM|XP_068257389.1
LUM	XP_085624947.1	GeneID=146962555	342	kept	representative	XP_085624947.1 lum [organism=Trachurus japonicus] [GeneID=146962555]	GeneID_146962555|LUM|XP_085624947.1
LUM	XP_005930292.1	GeneID=102291245	342	kept	representative	XP_005930292.1 lum [organism=Haplochromis burtoni] [GeneID=102291245]	GeneID_102291245|LUM|XP_005930292.1
LUM	XP_051746818.1	GeneID=127510816	344	kept	representative	XP_051746818.1 lum [organism=Ctenopharyngodon idella] [GeneID=127510816]	GeneID_127510816|LUM|XP_051746818.1
LUM	XP_084149405.1	GeneID=311213341	343	kept	representative	XP_084149405.1 LUM [organism=Netta rufina] [GeneID=311213341]	GeneID_311213341|LUM|XP_084149405.1
LUM	XP_079478508.1	isoform=1	344	excluded	extra_isoform_same_species	XP_079478508.1 lum [organism=Phoxinus phoxinus] [GeneID=307003669] [isoform=1]	isoform_1|LUM|XP_079478508.1
LUM	XP_079478509.1	isoform=1	344	excluded	extra_isoform_same_species	XP_079478509.1 lum [organism=Phoxinus phoxinus] [GeneID=307003669] [isoform=1]	isoform_1|LUM|XP_079478509.1
LUM	XP_021030605.1	GeneID=110303742	338	kept	representative	XP_021030605.1 Lum [organism=Mus caroli] [GeneID=110303742]	GeneID_110303742|LUM|XP_021030605.1
LUM	XP_035759420.1	GeneID=104134504	343	kept	representative	XP_035759420.1 LUM [organism=Egretta garzetta] [GeneID=104134504]	GeneID_104134504|LUM|XP_035759420.1
LUM	XP_509260.3	GeneID=452119	338	kept	representative	XP_509260.3 LUM [organism=Pan troglodytes] [GeneID=452119]	GeneID_452119|LUM|XP_509260.3
LUM	XP_037003378.1	GeneID=119050956	339	kept	representative	XP_037003378.1 LUM [organism=Artibeus jamaicensis] [GeneID=119050956]	GeneID_119050956|LUM|XP_037003378.1
LUM	XP_064898589.1	GeneID=102096263	343	kept	representative	XP_064898589.1 LUM [organism=Columba livia] [GeneID=102096263]	GeneID_102096263|LUM|XP_064898589.1
LUM	XP_004845036.1	GeneID=101724760	337	kept	representative	XP_004845036.1 Lum [organism=Heterocephalus glaber] [GeneID=101724760]	GeneID_101724760|LUM|XP_004845036.1
LUM	XP_027785950.1	GeneID=114088495	338	kept	representative	XP_027785950.1 Lum [organism=Marmota flaviventris] [GeneID=114088495]	GeneID_114088495|LUM|XP_027785950.1
LUM	XP_060633316.2	GeneID=132776106	348	kept	representative	XP_060633316.2 LUM [organism=Anolis sagrei] [GeneID=132776106]	GeneID_132776106|LUM|XP_060633316.2
LUM	XP_075967962.1	GeneID=142971197	342	kept	representative	XP_075967962.1 lum [organism=Anarhichas minor] [GeneID=142971197]	GeneID_142971197|LUM|XP_075967962.1
LUM	XP_035970382.1	GeneID=118549890	338	kept	representative	XP_035970382.1 LUM [organism=Halichoerus grypus] [GeneID=118549890]	GeneID_118549890|LUM|XP_035970382.1
LUM	XP_026962973.1	isoform=X1	375	excluded	extra_isoform_same_species	XP_026962973.1 LUM [organism=Aethalodelphis obliquidens] [GeneID=113620820] [isoform=X1]	isoform_X1|LUM|XP_026962973.1
LUM	XP_026962974.1	isoform=X2	340	excluded	extra_isoform_same_species	XP_026962974.1 LUM [organism=Aethalodelphis obliquidens] [GeneID=113620820] [isoform=X2]	isoform_X2|LUM|XP_026962974.1
LUM	XP_010155471.1	GeneID=104513716	347	kept	representative	XP_010155471.1 LUM [organism=Eurypyga helias] [GeneID=104513716]	GeneID_104513716|LUM|XP_010155471.1
LUM	XP_024414839.1	GeneID=112303441	339	kept	representative	XP_024414839.1 LUM [organism=Desmodus rotundus] [GeneID=112303441]	GeneID_112303441|LUM|XP_024414839.1
LUM	XP_036723173.1	GeneID=118902670	339	kept	representative	XP_036723173.1 LUM [organism=Balaenoptera musculus] [GeneID=118902670]	GeneID_118902670|LUM|XP_036723173.1
LUM	XP_036723175.1	GeneID=118902670	339	excluded	extra_isoform_same_species	XP_036723175.1 LUM [organism=Balaenoptera musculus] [GeneID=118902670]	GeneID_118902670|LUM|XP_036723175.1
LUM	XP_084430020.1	GeneID=311508904	342	kept	representative	XP_084430020.1 lum [organism=Chelon labrosus] [GeneID=311508904]	GeneID_311508904|LUM|XP_084430020.1
LUM	XP_077195144.1	GeneID=143838143	350	kept	representative	XP_077195144.1 LUM [organism=Paroedura picta] [GeneID=143838143]	GeneID_143838143|LUM|XP_077195144.1
LUM	XP_039198235.1	GeneID=120307478	344	kept	representative	XP_039198235.1 LUM [organism=Crotalus tigris] [GeneID=120307478]	GeneID_120307478|LUM|XP_039198235.1
LUM	XP_046185058.1	isoform=X1	474	excluded	relative_length	XP_046185058.1 lum [organism=Oncorhynchus gorbuscha] [GeneID=124014280] [isoform=X1]	isoform_X1|LUM|XP_046185058.1
LUM	XP_046185059.1	isoform=X2	342	excluded	extra_isoform_same_species	XP_046185059.1 lum [organism=Oncorhynchus gorbuscha] [GeneID=124014280] [isoform=X2]	isoform_X2|LUM|XP_046185059.1
LUM	XP_049482035.1	GeneID=125919405	339	kept	representative	XP_049482035.1 LUM [organism=Panthera uncia] [GeneID=125919405]	GeneID_125919405|LUM|XP_049482035.1
LUM	XP_005374506.1	GeneID=102019658	337	kept	representative	XP_005374506.1 Lum [organism=Chinchilla lanigera] [GeneID=102019658]	GeneID_102019658|LUM|XP_005374506.1
LUM	XP_032055705.1	GeneID=116496607	343	kept	representative	XP_032055705.1 LUM [organism=Aythya fuligula] [GeneID=116496607]	GeneID_116496607|LUM|XP_032055705.1
LUM	XP_034019318.1	GeneID=117504067	342	kept	representative	XP_034019318.1 lum [organism=Thalassophryne amazonica] [GeneID=117504067]	GeneID_117504067|LUM|XP_034019318.1
LUM	XP_031205927.1	GeneID=116076338	336	kept	representative	XP_031205927.1 Lum [organism=Mastomys coucha] [GeneID=116076338]	GeneID_116076338|LUM|XP_031205927.1
LUM	XP_078272717.1	GeneID=144603411	340	kept	representative	XP_078272717.1 lum [organism=Rhinoraja longicauda] [GeneID=144603411]	GeneID_144603411|LUM|XP_078272717.1
LUM	XP_078272718.1	GeneID=144603411	340	excluded	extra_isoform_same_species	XP_078272718.1 lum [organism=Rhinoraja longicauda] [GeneID=144603411]	GeneID_144603411|LUM|XP_078272718.1
LUM	XP_078272719.1	GeneID=144603411	340	excluded	extra_isoform_same_species	XP_078272719.1 lum [organism=Rhinoraja longicauda] [GeneID=144603411]	GeneID_144603411|LUM|XP_078272719.1
LUM	XP_078272720.1	GeneID=144603411	340	excluded	extra_isoform_same_species	XP_078272720.1 lum [organism=Rhinoraja longicauda] [GeneID=144603411]	GeneID_144603411|LUM|XP_078272720.1
LUM	XP_006759415.1	GeneID=102753852	339	kept	representative	XP_006759415.1 LUM [organism=Myotis davidii] [GeneID=102753852]	GeneID_102753852|LUM|XP_006759415.1
LUM	XP_045221624.2	GeneID=101865625	338	kept	representative	XP_045221624.2 LUM [organism=Macaca fascicularis] [GeneID=101865625]	GeneID_101865625|LUM|XP_045221624.2
LUM	XP_067247140.1	isoform=X1	380	excluded	extra_isoform_same_species	XP_067247140.1 lum [organism=Chanodichthys erythropterus] [GeneID=137023919] [isoform=X1]	isoform_X1|LUM|XP_067247140.1
LUM	XP_067247141.1	isoform=X2	344	excluded	extra_isoform_same_species	XP_067247141.1 lum [organism=Chanodichthys erythropterus] [GeneID=137023919] [isoform=X2]	isoform_X2|LUM|XP_067247141.1
LUM	XP_085231912.1	GeneID=146615192	342	kept	representative	XP_085231912.1 lum [organism=Diplotaxodon limnothrissa] [GeneID=146615192]	GeneID_146615192|LUM|XP_085231912.1
LUM	XP_005810785.1	GeneID=102218732	342	kept	representative	XP_005810785.1 lum [organism=Xiphophorus maculatus] [GeneID=102218732]	GeneID_102218732|LUM|XP_005810785.1
LUM	XP_023205724.1	GeneID=102218732	342	excluded	extra_isoform_same_species	XP_023205724.1 lum [organism=Xiphophorus maculatus] [GeneID=102218732]	GeneID_102218732|LUM|XP_023205724.1
LUM	XP_036157264.1	GeneID=118651803	339	kept	representative	XP_036157264.1 LUM [organism=Myotis myotis] [GeneID=118651803]	GeneID_118651803|LUM|XP_036157264.1
LUM	XP_041873517.1	GeneID=121659489	343	kept	representative	XP_041873517.1 LUM [organism=Corvus kubaryi] [GeneID=121659489]	GeneID_121659489|LUM|XP_041873517.1
LUM	XP_058629240.1	GeneID=131539005	344	kept	representative	XP_058629240.1 lum [organism=Onychostoma macrolepis] [GeneID=131539005]	GeneID_131539005|LUM|XP_058629240.1
LUM	XP_004006300.1	GeneID=101112967	342	kept	representative	XP_004006300.1 LUM [organism=Ovis aries] [GeneID=101112967]	GeneID_101112967|LUM|XP_004006300.1
LUM	XP_012029466.1	GeneID=101112967	342	excluded	extra_isoform_same_species	XP_012029466.1 LUM [organism=Ovis aries] [GeneID=101112967]	GeneID_101112967|LUM|XP_012029466.1
LUM	XP_005039582.1	GeneID=101812345	343	kept	representative	XP_005039582.1 LUM [organism=Ficedula albicollis] [GeneID=101812345]	GeneID_101812345|LUM|XP_005039582.1
LUM	XP_006131134.1	GeneID=102454740	349	kept	representative	XP_006131134.1 LUM [organism=Pelodiscus sinensis] [GeneID=102454740]	GeneID_102454740|LUM|XP_006131134.1
LUM	XP_017506868.1	GeneID=108391666	339	kept	representative	XP_017506868.1 LUM [organism=Manis javanica] [GeneID=108391666]	GeneID_108391666|LUM|XP_017506868.1
LUM	XP_063303188.1	GeneID=134602332	349	kept	representative	XP_063303188.1 LUM [organism=Pelobates fuscus] [GeneID=134602332]	GeneID_134602332|LUM|XP_063303188.1
LUM	XP_054683922.1	GeneID=129207261	343	kept	representative	XP_054683922.1 LUM [organism=Grus americana] [GeneID=129207261]	GeneID_129207261|LUM|XP_054683922.1
LUM	XP_062347434.1	GeneID=134043288	343	kept	representative	XP_062347434.1 LUM [organism=Cinclus cinclus] [GeneID=134043288]	GeneID_134043288|LUM|XP_062347434.1
LUM	XP_067110234.1	GeneID=136959905	339	kept	representative	XP_067110234.1 lum [organism=Osmerus mordax] [GeneID=136959905]	GeneID_136959905|LUM|XP_067110234.1
LUM	XP_080374316.1	isoform=1	349	excluded	extra_isoform_same_species	XP_080374316.1 lum [organism=Blennius ocellaris] [GeneID=308146400] [isoform=1]	isoform_1|LUM|XP_080374316.1
LUM	XP_080374317.1	isoform=2	345	excluded	extra_isoform_same_species	XP_080374317.1 lum [organism=Blennius ocellaris] [GeneID=308146400] [isoform=2]	isoform_2|LUM|XP_080374317.1
LUM	XP_080374318.1	isoform=3	342	kept	representative	XP_080374318.1 lum [organism=Blennius ocellaris] [GeneID=308146400] [isoform=3]	isoform_3|LUM|XP_080374318.1
LUM	XP_080374319.1	isoform=3	342	excluded	extra_isoform_same_species	XP_080374319.1 lum [organism=Blennius ocellaris] [GeneID=308146400] [isoform=3]	isoform_3|LUM|XP_080374319.1
LUM	NP_001230268.1	GeneID=100152607	341	kept	representative	NP_001230268.1 LUM [organism=Sus scrofa] [GeneID=100152607]	GeneID_100152607|LUM|NP_001230268.1
LUM	XP_045686496.1	GeneID=123813497	339	kept	representative	XP_045686496.1 LUM [organism=Phyllostomus hastatus] [GeneID=123813497]	GeneID_123813497|LUM|XP_045686496.1
LUM	XP_080247537.1	GeneID=308065435	343	kept	representative	XP_080247537.1 LUM [organism=Falco punctatus] [GeneID=308065435]	GeneID_308065435|LUM|XP_080247537.1
LUM	XP_023140515.1	GeneID=111578139	342	kept	representative	XP_023140515.1 lum [organism=Amphiprion ocellaris] [GeneID=111578139]	GeneID_111578139|LUM|XP_023140515.1
LUM	XP_070709760.1	GeneID=139221738	341	kept	representative	XP_070709760.1 lum [organism=Pempheris klunzingeri] [GeneID=139221738]	GeneID_139221738|LUM|XP_070709760.1
LUM	XP_070709761.1	GeneID=139221738	341	excluded	extra_isoform_same_species	XP_070709761.1 lum [organism=Pempheris klunzingeri] [GeneID=139221738]	GeneID_139221738|LUM|XP_070709761.1
LUM	XP_070709762.1	GeneID=139221738	341	excluded	extra_isoform_same_species	XP_070709762.1 lum [organism=Pempheris klunzingeri] [GeneID=139221738]	GeneID_139221738|LUM|XP_070709762.1
LUM	XP_083548108.1	isoform=1	340	excluded	extra_isoform_same_species	XP_083548108.1 lum [organism=Argentina silus] [GeneID=310820383] [isoform=1]	isoform_1|LUM|XP_083548108.1
LUM	XP_083548109.1	isoform=1	340	excluded	extra_isoform_same_species	XP_083548109.1 lum [organism=Argentina silus] [GeneID=310820383] [isoform=1]	isoform_1|LUM|XP_083548109.1
LUM	XP_050964452.1	GeneID=127164518	344	kept	representative	XP_050964452.1 lum [organism=Labeo rohita] [GeneID=127164518]	GeneID_127164518|LUM|XP_050964452.1
LUM	XP_069084899.1	isoform=X1	367	excluded	extra_isoform_same_species	XP_069084899.1 LUM [organism=Pleurodeles waltl] [GeneID=138287869] [isoform=X1]	isoform_X1|LUM|XP_069084899.1
LUM	XP_069084900.1	isoform=X2	355	excluded	extra_isoform_same_species	XP_069084900.1 LUM [organism=Pleurodeles waltl] [GeneID=138287869] [isoform=X2]	isoform_X2|LUM|XP_069084900.1
LUM	XP_007123754.1	GeneID=102975417	340	kept	representative	XP_007123754.1 LUM [organism=Physeter macrocephalus] [GeneID=102975417]	GeneID_102975417|LUM|XP_007123754.1
LUM	XP_007123755.1	GeneID=102975417	340	excluded	extra_isoform_same_species	XP_007123755.1 LUM [organism=Physeter macrocephalus] [GeneID=102975417]	GeneID_102975417|LUM|XP_007123755.1
LUM	XP_065807600.1	GeneID=109998779	341	kept	representative	XP_065807600.1 lum [organism=Labrus bergylta] [GeneID=109998779]	GeneID_109998779|LUM|XP_065807600.1
LUM	XP_066175361.1	GeneID=136361393	343	kept	representative	XP_066175361.1 LUM [organism=Sylvia atricapilla] [GeneID=136361393]	GeneID_136361393|LUM|XP_066175361.1
LUM	NP_001011006.1	GeneID=496415	353	kept	representative	NP_001011006.1 lum [organism=Xenopus tropicalis] [GeneID=496415]	GeneID_496415|LUM|NP_001011006.1
LUM	XP_025782633.1	GeneID=112863685	339	kept	representative	XP_025782633.1 LUM [organism=Puma concolor] [GeneID=112863685]	GeneID_112863685|LUM|XP_025782633.1
LUM	XP_034984208.1	GeneID=118091381	349	kept	representative	XP_034984208.1 LUM [organism=Zootoca vivipara] [GeneID=118091381]	GeneID_118091381|LUM|XP_034984208.1
LUM	XP_026252941.2	GeneID=113188707	338	kept	representative	XP_026252941.2 Lum [organism=Urocitellus parryii] [GeneID=113188707]	GeneID_113188707|LUM|XP_026252941.2
LUM	XP_053719076.1	GeneID=128757645	342	kept	representative	XP_053719076.1 lum [organism=Synchiropus splendidus] [GeneID=128757645]	GeneID_128757645|LUM|XP_053719076.1
LUM	XP_067998921.1	GeneID=137443260	343	kept	representative	XP_067998921.1 LUM [organism=Melanerpes formicivorus] [GeneID=137443260]	GeneID_137443260|LUM|XP_067998921.1
LUM	XP_067998923.1	GeneID=137443260	343	excluded	extra_isoform_same_species	XP_067998923.1 LUM [organism=Melanerpes formicivorus] [GeneID=137443260]	GeneID_137443260|LUM|XP_067998923.1
LUM	XP_068163217.1	GeneID=137589390	342	kept	representative	XP_068163217.1 lum [organism=Antennarius striatus] [GeneID=137589390]	GeneID_137589390|LUM|XP_068163217.1
LUM	XP_057596388.1	GeneID=130856324	340	kept	representative	XP_057596388.1 LUM [organism=Hippopotamus amphibius kiboko] [GeneID=130856324]	GeneID_130856324|LUM|XP_057596388.1
LUM	XP_065790264.1	GeneID=136167042	342	kept	representative	XP_065790264.1 LUM [organism=Muntiacus reevesi] [GeneID=136167042]	GeneID_136167042|LUM|XP_065790264.1
LUM	XP_070785077.1	GeneID=139305039	342	kept	representative	XP_070785077.1 lum [organism=Enoplosus armatus] [GeneID=139305039]	GeneID_139305039|LUM|XP_070785077.1
LUM	XP_083429608.1	GeneID=310743304	349	kept	representative	XP_083429608.1 LUM [organism=Podarcis filfolensis] [GeneID=310743304]	GeneID_310743304|LUM|XP_083429608.1
LUM	XP_084061646.1	GeneID=311153577	343	kept	representative	XP_084061646.1 LUM [organism=Fringilla coelebs] [GeneID=311153577]	GeneID_311153577|LUM|XP_084061646.1
LUM	XP_007059262.1	GeneID=102934774	348	kept	representative	XP_007059262.1 LUM [organism=Chelonia mydas] [GeneID=102934774]	GeneID_102934774|LUM|XP_007059262.1
LUM	XP_017566798.1	GeneID=108435456	341	kept	representative	XP_017566798.1 lum [organism=Pygocentrus nattereri] [GeneID=108435456]	GeneID_108435456|LUM|XP_017566798.1
LUM	XP_017566799.1	GeneID=108435456	341	excluded	extra_isoform_same_species	XP_017566799.1 lum [organism=Pygocentrus nattereri] [GeneID=108435456]	GeneID_108435456|LUM|XP_017566799.1
LUM	XP_021256098.1	GeneID=110400296	343	kept	representative	XP_021256098.1 LUM [organism=Numida meleagris] [GeneID=110400296]	GeneID_110400296|LUM|XP_021256098.1
LUM	XP_064275769.1	GeneID=135300341	343	kept	representative	XP_064275769.1 LUM [organism=Passer domesticus] [GeneID=135300341]	GeneID_135300341|LUM|XP_064275769.1
LUM	XP_064306809.1	GeneID=135313210	343	kept	representative	XP_064306809.1 LUM [organism=Phalacrocorax carbo] [GeneID=135313210]	GeneID_135313210|LUM|XP_064306809.1
LUM	XP_059182224.1	GeneID=131960974	341	kept	representative	XP_059182224.1 lum [organism=Centropristis striata] [GeneID=131960974]	GeneID_131960974|LUM|XP_059182224.1
LUM	XP_085865616.1	GeneID=147106407	343	kept	representative	XP_085865616.1 lum [organism=Somniosus microcephalus] [GeneID=147106407]	GeneID_147106407|LUM|XP_085865616.1
LUM	XP_039096165.1	GeneID=120237082	339	kept	representative	XP_039096165.1 LUM [organism=Hyaena hyaena] [GeneID=120237082]	GeneID_120237082|LUM|XP_039096165.1
LUM	XP_004285164.1	isoform=X2	340	excluded	extra_isoform_same_species	XP_004285164.1 LUM [organism=Orcinus orca] [GeneID=101280544] [isoform=X2]	isoform_X2|LUM|XP_004285164.1
LUM	XP_033271367.1	isoform=X1	375	excluded	extra_isoform_same_species	XP_033271367.1 LUM [organism=Orcinus orca] [GeneID=101280544] [isoform=X1]	isoform_X1|LUM|XP_033271367.1
LUM	XP_008523916.1	GeneID=103554581	341	kept	representative	XP_008523916.1 LUM [organism=Equus przewalskii] [GeneID=103554581]	GeneID_103554581|LUM|XP_008523916.1
LUM	XP_076709319.1	GeneID=143397149	338	kept	representative	XP_076709319.1 Lum [organism=Callospermophilus lateralis] [GeneID=143397149]	GeneID_143397149|LUM|XP_076709319.1
LUM	XP_012519450.1	GeneID=105826087	289	kept	representative	XP_012519450.1 LUM [organism=Propithecus coquereli] [GeneID=105826087]	GeneID_105826087|LUM|XP_012519450.1
LUM	XP_004650228.1	GeneID=101607972	338	kept	representative	XP_004650228.1 Lum [organism=Jaculus jaculus] [GeneID=101607972]	GeneID_101607972|LUM|XP_004650228.1
LUM	XP_011887068.1	GeneID=105572759	338	kept	representative	XP_011887068.1 LUM [organism=Cercocebus atys] [GeneID=105572759]	GeneID_105572759|LUM|XP_011887068.1
LUM	XP_030712269.1	GeneID=115853042	340	kept	representative	XP_030712269.1 LUM [organism=Globicephala melas] [GeneID=115853042]	GeneID_115853042|LUM|XP_030712269.1
LUM	XP_032544677.1	GeneID=116787296	343	kept	representative	XP_032544677.1 LUM [organism=Chiroxiphia lanceolata] [GeneID=116787296]	GeneID_116787296|LUM|XP_032544677.1
LUM	XP_048691561.1	GeneID=125630107	348	kept	representative	XP_048691561.1 LUM [organism=Caretta caretta] [GeneID=125630107]	GeneID_125630107|LUM|XP_048691561.1
LUM	XP_055483871.1	GeneID=129691714	338	kept	representative	XP_055483871.1 Lum [organism=Psammomys obesus] [GeneID=129691714]	GeneID_129691714|LUM|XP_055483871.1
LUM	XP_049616588.1	GeneID=125992053	341	kept	representative	XP_049616588.1 lum [organism=Syngnathus scovelli] [GeneID=125992053]	GeneID_125992053|LUM|XP_049616588.1
LUM	XP_051625969.1	GeneID=127461863	343	kept	representative	XP_051625969.1 LUM [organism=Manacus candei] [GeneID=127461863]	GeneID_127461863|LUM|XP_051625969.1
LUM	XP_061815821.2	GeneID=133606189	342	kept	representative	XP_061815821.2 lum [organism=Nerophis lumbriciformis] [GeneID=133606189]	GeneID_133606189|LUM|XP_061815821.2
LUM	XP_067282905.1	GeneID=137048627	344	kept	representative	XP_067282905.1 lum [organism=Pseudorasbora parva] [GeneID=137048627]	GeneID_137048627|LUM|XP_067282905.1
LUM	XP_042322394.1	GeneID=121930302	349	kept	representative	XP_042322394.1 LUM [organism=Sceloporus undulatus] [GeneID=121930302]	GeneID_121930302|LUM|XP_042322394.1
LUM	XP_046920763.1	GeneID=124500946	339	kept	representative	XP_046920763.1 LUM [organism=Lynx rufus] [GeneID=124500946]	GeneID_124500946|LUM|XP_046920763.1
LUM	XP_048790615.1	GeneID=125688463	344	kept	representative	XP_048790615.1 LUM [organism=Lagopus muta] [GeneID=125688463]	GeneID_125688463|LUM|XP_048790615.1
LUM	XP_079047745.1	GeneID=306718971	343	kept	representative	XP_079047745.1 LUM [organism=Caprimulgus europaeus] [GeneID=306718971]	GeneID_306718971|LUM|XP_079047745.1
LUM	XP_052021072.1	GeneID=127670679	338	kept	representative	XP_052021072.1 Lum [organism=Apodemus sylvaticus] [GeneID=127670679]	GeneID_127670679|LUM|XP_052021072.1
LUM	XP_060885796.1	GeneID=132956390	341	kept	representative	XP_060885796.1 lum [organism=Labrus mixtus] [GeneID=132956390]	GeneID_132956390|LUM|XP_060885796.1
LUM	XP_045866615.1	GeneID=123945783	338	kept	representative	XP_045866615.1 LUM [organism=Meles meles] [GeneID=123945783]	GeneID_123945783|LUM|XP_045866615.1
LUM	XP_055422365.1	GeneID=129641758	342	kept	representative	XP_055422365.1 LUM [organism=Bubalus kerabau] [GeneID=129641758]	GeneID_129641758|LUM|XP_055422365.1
LUM	XP_084110771.1	GeneID=311184551	339	kept	representative	XP_084110771.1 LUM [organism=Talpa europaea] [GeneID=311184551]	GeneID_311184551|LUM|XP_084110771.1
LUM	XP_061570948.1	GeneID=133424396	342	kept	representative	XP_061570948.1 lum [organism=Cololabis saira] [GeneID=133424396]	GeneID_133424396|LUM|XP_061570948.1
LUM	XP_033471145.2	GeneID=117249533	342	kept	representative	XP_033471145.2 lum [organism=Epinephelus lanceolatus] [GeneID=117249533]	GeneID_117249533|LUM|XP_033471145.2
LUM	XP_007564138.1	GeneID=103146239	342	kept	representative	XP_007564138.1 lum [organism=Poecilia formosa] [GeneID=103146239]	GeneID_103146239|LUM|XP_007564138.1
LUM	XP_010982168.1	GeneID=105092213	339	kept	representative	XP_010982168.1 LUM [organism=Camelus dromedarius] [GeneID=105092213]	GeneID_105092213|LUM|XP_010982168.1
LUM	XP_059260642.1	GeneID=132020522	337	kept	representative	XP_059260642.1 LUM [organism=Mustela nigripes] [GeneID=132020522]	GeneID_132020522|LUM|XP_059260642.1
LUM	XP_010222555.1	GeneID=104576844	343	kept	representative	XP_010222555.1 LUM [organism=Tinamus guttatus] [GeneID=104576844]	GeneID_104576844|LUM|XP_010222555.1
LUM	XP_010222562.1	GeneID=104576844	343	excluded	extra_isoform_same_species	XP_010222562.1 LUM [organism=Tinamus guttatus] [GeneID=104576844]	GeneID_104576844|LUM|XP_010222562.1
LUM	XP_080610085.1	GeneID=308308543	343	kept	representative	XP_080610085.1 lum [organism=Nannobrachium achirus] [GeneID=308308543]	GeneID_308308543|LUM|XP_080610085.1
LUM	XP_009958153.1	GeneID=104353302	343	kept	representative	XP_009958153.1 LUM [organism=Leptosomus discolor] [GeneID=104353302]	GeneID_104353302|LUM|XP_009958153.1
LUM	XP_030071080.1	GeneID=115478024	350	kept	representative	XP_030071080.1 LUM [organism=Microcaecilia unicolor] [GeneID=115478024]	GeneID_115478024|LUM|XP_030071080.1
LUM	XP_030071081.1	GeneID=115478024	350	excluded	extra_isoform_same_species	XP_030071081.1 LUM [organism=Microcaecilia unicolor] [GeneID=115478024]	GeneID_115478024|LUM|XP_030071081.1
LUM	XP_047644263.1	GeneID=125131555	341	kept	representative	XP_047644263.1 LUM [organism=Phacochoerus africanus] [GeneID=125131555]	GeneID_125131555|LUM|XP_047644263.1
LUM	XP_075716213.1	GeneID=142751123	346	kept	representative	XP_075716213.1 LUM [organism=Rhinoderma darwinii] [GeneID=142751123]	GeneID_142751123|LUM|XP_075716213.1
LUM	XP_080488768.1	GeneID=308228973	343	kept	representative	XP_080488768.1 LUM [organism=Psittacula echo] [GeneID=308228973]	GeneID_308228973|LUM|XP_080488768.1
LUM	XP_082275200.1	isoform=1	339	excluded	extra_isoform_same_species	XP_082275200.1 LUM [organism=Balaenoptera physalus] [GeneID=309640381] [isoform=1]	isoform_1|LUM|XP_082275200.1
LUM	XP_082275201.1	isoform=1	339	excluded	extra_isoform_same_species	XP_082275201.1 LUM [organism=Balaenoptera physalus] [GeneID=309640381] [isoform=1]	isoform_1|LUM|XP_082275201.1
LUM	XP_083318648.1	GeneID=310687461	349	kept	representative	XP_083318648.1 LUM [organism=Podarcis liolepis] [GeneID=310687461]	GeneID_310687461|LUM|XP_083318648.1
LUM	XP_003823450.1	GeneID=100970142	338	kept	representative	XP_003823450.1 LUM [organism=Pan paniscus] [GeneID=100970142]	GeneID_100970142|LUM|XP_003823450.1
LUM	XP_077090560.1	GeneID=143741901	344	kept	representative	XP_077090560.1 lum [organism=Siphateles boraxobius] [GeneID=143741901]	GeneID_143741901|LUM|XP_077090560.1
LUM	XP_041072072.1	GeneID=121293263	343	kept	representative	XP_041072072.1 lum [organism=Carcharodon carcharias] [GeneID=121293263]	GeneID_121293263|LUM|XP_041072072.1
LUM	XP_041072073.1	GeneID=121293263	343	excluded	extra_isoform_same_species	XP_041072073.1 lum [organism=Carcharodon carcharias] [GeneID=121293263]	GeneID_121293263|LUM|XP_041072073.1
LUM	XP_075352989.1	GeneID=142407399	343	kept	representative	XP_075352989.1 LUM [organism=Mycteria americana] [GeneID=142407399]	GeneID_142407399|LUM|XP_075352989.1
LUM	XP_080707360.1	GeneID=308375166	391	kept	representative	XP_080707360.1 lum [organism=Sprattus sprattus] [GeneID=308375166]	GeneID_308375166|LUM|XP_080707360.1
LUM	XP_003972837.1	isoform=X2	342	excluded	extra_isoform_same_species	XP_003972837.1 lum [organism=Takifugu rubripes] [GeneID=101063156] [isoform=X2]	isoform_X2|LUM|XP_003972837.1
LUM	XP_029707506.1	isoform=X1	410	excluded	extra_isoform_same_species	XP_029707506.1 lum [organism=Takifugu rubripes] [GeneID=101063156] [isoform=X1]	isoform_X1|LUM|XP_029707506.1
LUM	XP_006009488.1	GeneID=102354554	345	kept	representative	XP_006009488.1 LUM [organism=Latimeria chalumnae] [GeneID=102354554]	GeneID_102354554|LUM|XP_006009488.1
LUM	XP_067907276.1	GeneID=137379794	339	kept	representative	XP_067907276.1 lum [organism=Heterodontus francisci] [GeneID=137379794]	GeneID_137379794|LUM|XP_067907276.1
LUM	XP_026723754.1	GeneID=113491198	343	kept	representative	XP_026723754.1 LUM [organism=Athene cunicularia] [GeneID=113491198]	GeneID_113491198|LUM|XP_026723754.1
LUM	XP_003444990.1	GeneID=100692073	342	kept	representative	XP_003444990.1 lum [organism=Oreochromis niloticus] [GeneID=100692073]	GeneID_100692073|LUM|XP_003444990.1
LUM	XP_005451657.1	GeneID=100692073	342	excluded	extra_isoform_same_species	XP_005451657.1 lum [organism=Oreochromis niloticus] [GeneID=100692073]	GeneID_100692073|LUM|XP_005451657.1
LUM	XP_008932903.1	GeneID=103767502	343	kept	representative	XP_008932903.1 LUM [organism=Manacus vitellinus] [GeneID=103767502]	GeneID_103767502|LUM|XP_008932903.1
LUM	XP_084304366.1	GeneID=311317200	341	kept	representative	XP_084304366.1 lum [organism=Borostomias antarcticus] [GeneID=311317200]	GeneID_311317200|LUM|XP_084304366.1
LUM	XP_068524177.1	GeneID=137848698	343	kept	representative	XP_068524177.1 LUM [organism=Anas acuta] [GeneID=137848698]	GeneID_137848698|LUM|XP_068524177.1
LUM	XP_003906991.1	GeneID=101017408	338	kept	representative	XP_003906991.1 LUM [organism=Papio anubis] [GeneID=101017408]	GeneID_101017408|LUM|XP_003906991.1
LUM	XP_077701905.1	GeneID=144282294	338	kept	representative	XP_077701905.1 LUM [organism=Canis aureus] [GeneID=144282294]	GeneID_144282294|LUM|XP_077701905.1
LUM	XP_030626073.1	GeneID=115808750	340	kept	representative	XP_030626073.1 lum [organism=Chanos chanos] [GeneID=115808750]	GeneID_115808750|LUM|XP_030626073.1
LUM	XP_042577930.1	GeneID=109071499	344	kept	representative	XP_042577930.1 lum [organism=Cyprinus carpio] [GeneID=109071499]	GeneID_109071499|LUM|XP_042577930.1
LUM	XP_061768156.1	GeneID=133560080	342	kept	representative	XP_061768156.1 lum [organism=Nerophis ophidion] [GeneID=133560080]	GeneID_133560080|LUM|XP_061768156.1
LUM	XP_061768157.1	GeneID=133560080	342	excluded	extra_isoform_same_species	XP_061768157.1 lum [organism=Nerophis ophidion] [GeneID=133560080]	GeneID_133560080|LUM|XP_061768157.1
LUM	XP_074681517.1	GeneID=141923786	343	kept	representative	XP_074681517.1 LUM [organism=Strix aluco] [GeneID=141923786]	GeneID_141923786|LUM|XP_074681517.1
LUM	XP_029617503.1	isoform=X1	360	excluded	extra_isoform_same_species	XP_029617503.1 lum [organism=Salmo trutta] [GeneID=115199089] [isoform=X1]	isoform_X1|LUM|XP_029617503.1
LUM	XP_029617504.1	isoform=X2	342	excluded	extra_isoform_same_species	XP_029617504.1 lum [organism=Salmo trutta] [GeneID=115199089] [isoform=X2]	isoform_X2|LUM|XP_029617504.1
LUM	XP_005279204.1	GeneID=101934538	349	kept	representative	XP_005279204.1 LUM [organism=Chrysemys picta bellii] [GeneID=101934538]	GeneID_101934538|LUM|XP_005279204.1
LUM	XP_005147993.1	GeneID=101871446	343	kept	representative	XP_005147993.1 LUM [organism=Melopsittacus undulatus] [GeneID=101871446]	GeneID_101871446|LUM|XP_005147993.1
LUM	XP_056434254.1	isoform=X1	349	excluded	extra_isoform_same_species	XP_056434254.1 lum [organism=Gadus chalcogrammus] [GeneID=130372321] [isoform=X1]	isoform_X1|LUM|XP_056434254.1
LUM	XP_056434256.1	isoform=X2	346	excluded	extra_isoform_same_species	XP_056434256.1 lum [organism=Gadus chalcogrammus] [GeneID=130372321] [isoform=X2]	isoform_X2|LUM|XP_056434256.1
LUM	XP_056434257.1	isoform=X2	346	excluded	extra_isoform_same_species	XP_056434257.1 lum [organism=Gadus chalcogrammus] [GeneID=130372321] [isoform=X2]	isoform_X2|LUM|XP_056434257.1
LUM	XP_062299862.1	GeneID=134004554	342	kept	representative	XP_062299862.1 lum [organism=Scomber scombrus] [GeneID=134004554]	GeneID_134004554|LUM|XP_062299862.1
LUM	XP_009084920.1	GeneID=103813404	343	kept	representative	XP_009084920.1 LUM [organism=Serinus canaria] [GeneID=103813404]	GeneID_103813404|LUM|XP_009084920.1
LUM	XP_041330277.1	GeneID=121357221	343	kept	representative	XP_041330277.1 LUM [organism=Pyrgilauda ruficollis] [GeneID=121357221]	GeneID_121357221|LUM|XP_041330277.1
LUM	XP_041521628.1	GeneID=121457055	338	kept	representative	XP_041521628.1 Lum [organism=Microtus oregoni] [GeneID=121457055]	GeneID_121457055|LUM|XP_041521628.1
LUM	XP_068951241.1	isoform=X1	361	excluded	extra_isoform_same_species	XP_068951241.1 LUM [organism=Petaurus breviceps papuanus] [GeneID=138166676] [isoform=X1]	isoform_X1|LUM|XP_068951241.1
LUM	XP_068951242.1	isoform=X2	341	excluded	extra_isoform_same_species	XP_068951242.1 LUM [organism=Petaurus breviceps papuanus] [GeneID=138166676] [isoform=X2]	isoform_X2|LUM|XP_068951242.1
LUM	XP_081785307.1	GeneID=309379754	349	kept	representative	XP_081785307.1 LUM [organism=Podarcis melisellensis] [GeneID=309379754]	GeneID_309379754|LUM|XP_081785307.1
LUM	XP_083515914.1	GeneID=310797420	342	kept	representative	XP_083515914.1 lum [organism=Poromitra crassiceps] [GeneID=310797420]	GeneID_310797420|LUM|XP_083515914.1
LUM	XP_036374297.1	GeneID=118770642	348	kept	representative	XP_036374297.1 lum [organism=Megalops cyprinoides] [GeneID=118770642]	GeneID_118770642|LUM|XP_036374297.1
LUM	XP_038244064.1	GeneID=119850218	349	kept	representative	XP_038244064.1 LUM [organism=Dermochelys coriacea] [GeneID=119850218]	GeneID_119850218|LUM|XP_038244064.1
LUM	XP_061920810.1	isoform=X1	437	excluded	extra_isoform_same_species	XP_061920810.1 lum [organism=Entelurus aequoreus] [GeneID=133661552] [isoform=X1]	isoform_X1|LUM|XP_061920810.1
LUM	XP_061920811.1	isoform=X2	342	excluded	extra_isoform_same_species	XP_061920811.1 lum [organism=Entelurus aequoreus] [GeneID=133661552] [isoform=X2]	isoform_X2|LUM|XP_061920811.1
LUM	XP_079849598.1	GeneID=307225558	349	kept	representative	XP_079849598.1 LUM [organism=Podarcis cretensis] [GeneID=307225558]	GeneID_307225558|LUM|XP_079849598.1
LUM	XP_051544270.1	GeneID=127435108	344	kept	representative	XP_051544270.1 lum [organism=Myxocyprinus asiaticus] [GeneID=127435108]	GeneID_127435108|LUM|XP_051544270.1
LUM	XP_057711599.1	GeneID=130928842	342	kept	representative	XP_057711599.1 lum [organism=Corythoichthys intestinalis] [GeneID=130928842]	GeneID_130928842|LUM|XP_057711599.1
LUM	XP_061663010.1	GeneID=133493562	342	kept	representative	XP_061663010.1 lum [organism=Syngnathoides biaculeatus] [GeneID=133493562]	GeneID_133493562|LUM|XP_061663010.1
LUM	XP_040413608.1	GeneID=121070468	343	kept	representative	XP_040413608.1 LUM [organism=Cygnus olor] [GeneID=121070468]	GeneID_121070468|LUM|XP_040413608.1
LUM	XP_054910646.1	GeneID=129375529	342	kept	representative	XP_054910646.1 lum [organism=Poeciliopsis prolifica] [GeneID=129375529]	GeneID_129375529|LUM|XP_054910646.1
LUM	XP_054910647.1	GeneID=129375529	342	excluded	extra_isoform_same_species	XP_054910647.1 lum [organism=Poeciliopsis prolifica] [GeneID=129375529]	GeneID_129375529|LUM|XP_054910647.1
LUM	XP_066113863.1	GeneID=136324627	344	kept	representative	XP_066113863.1 LUM [organism=Saccopteryx bilineata] [GeneID=136324627]	GeneID_136324627|LUM|XP_066113863.1
LUM	XP_040452259.1	GeneID=121089239	343	kept	representative	XP_040452259.1 LUM [organism=Falco naumanni] [GeneID=121089239]	GeneID_121089239|LUM|XP_040452259.1
LUM	XP_084489365.1	GeneID=311523358	348	kept	representative	XP_084489365.1 LUM [organism=Lepidochelys olivacea] [GeneID=311523358]	GeneID_311523358|LUM|XP_084489365.1
LUM	XP_051248424.1	GeneID=127358906	409	kept	representative	XP_051248424.1 lum [organism=Dicentrarchus labrax] [GeneID=127358906]	GeneID_127358906|LUM|XP_051248424.1
LUM	XP_084186314.1	isoform=1	342	excluded	extra_isoform_same_species	XP_084186314.1 lum [organism=Notolepis coatsorum] [GeneID=311241384] [isoform=1]	isoform_1|LUM|XP_084186314.1
LUM	XP_084186315.1	isoform=1	342	excluded	extra_isoform_same_species	XP_084186315.1 lum [organism=Notolepis coatsorum] [GeneID=311241384] [isoform=1]	isoform_1|LUM|XP_084186315.1
LUM	XP_084186316.1	isoform=1	342	excluded	extra_isoform_same_species	XP_084186316.1 lum [organism=Notolepis coatsorum] [GeneID=311241384] [isoform=1]	isoform_1|LUM|XP_084186316.1
LUM	XP_032503109.1	GeneID=116761336	340	kept	representative	XP_032503109.1 LUM [organism=Phocoena sinus] [GeneID=116761336]	GeneID_116761336|LUM|XP_032503109.1
LUM	XP_032503110.1	GeneID=116761336	340	excluded	extra_isoform_same_species	XP_032503110.1 LUM [organism=Phocoena sinus] [GeneID=116761336]	GeneID_116761336|LUM|XP_032503110.1
LUM	XP_084131977.1	GeneID=311201465	343	kept	representative	XP_084131977.1 LUM [organism=Gallinula chloropus] [GeneID=311201465]	GeneID_311201465|LUM|XP_084131977.1
LUM	XP_037369788.1	GeneID=119247441	339	kept	representative	XP_037369788.1 LUM [organism=Talpa occidentalis] [GeneID=119247441]	GeneID_119247441|LUM|XP_037369788.1
LUM	XP_064010991.1	GeneID=135181662	343	kept	representative	XP_064010991.1 LUM [organism=Pogoniulus pusillus] [GeneID=135181662]	GeneID_135181662|LUM|XP_064010991.1
LUM	XP_082522797.1	GeneID=309830227	340	kept	representative	XP_082522797.1 LUM [organism=Grampus griseus] [GeneID=309830227]	GeneID_309830227|LUM|XP_082522797.1
LUM	XP_083823304.1	isoform=1	343	excluded	extra_isoform_same_species	XP_083823304.1 LUM [organism=Clangula hyemalis] [GeneID=310983530] [isoform=1]	isoform_1|LUM|XP_083823304.1
LUM	XP_083823305.1	isoform=2	314	excluded	extra_isoform_same_species	XP_083823305.1 LUM [organism=Clangula hyemalis] [GeneID=310983530] [isoform=2]	isoform_2|LUM|XP_083823305.1
LUM	XP_008066899.1	GeneID=103271256	338	kept	representative	XP_008066899.1 LUM [organism=Carlito syrichta] [GeneID=103271256]	GeneID_103271256|LUM|XP_008066899.1
LUM	XP_080668038.1	GeneID=308348073	337	kept	representative	XP_080668038.1 LUM [organism=Martes martes] [GeneID=308348073]	GeneID_308348073|LUM|XP_080668038.1
LUM	XP_080986896.1	GeneID=308554049	339	kept	representative	XP_080986896.1 LUM [organism=Miniopterus schreibersii] [GeneID=308554049]	GeneID_308554049|LUM|XP_080986896.1
LUM	XP_081286859.1	GeneID=308724036	343	kept	representative	XP_081286859.1 LUM [organism=Grus grus] [GeneID=308724036]	GeneID_308724036|LUM|XP_081286859.1
LUM	XP_083716269.1	GeneID=310908779	343	kept	representative	XP_083716269.1 LUM [organism=Zosterops lateralis] [GeneID=310908779]	GeneID_310908779|LUM|XP_083716269.1
LUM	XP_035474853.2	GeneID=118291063	404	kept	representative	XP_035474853.2 lum [organism=Scophthalmus maximus] [GeneID=118291063]	GeneID_118291063|LUM|XP_035474853.2
LUM	XP_047599067.1	GeneID=125107737	337	kept	representative	XP_047599067.1 LUM [organism=Lutra lutra] [GeneID=125107737]	GeneID_125107737|LUM|XP_047599067.1
LUM	XP_003405299.2	GeneID=100657786	340	kept	representative	XP_003405299.2 LUM [organism=Loxodonta africana] [GeneID=100657786]	GeneID_100657786|LUM|XP_003405299.2
LUM	XP_032893920.1	GeneID=116984005	341	kept	representative	XP_032893920.1 lum [organism=Amblyraja radiata] [GeneID=116984005]	GeneID_116984005|LUM|XP_032893920.1
LUM	XP_032893921.1	GeneID=116984005	341	excluded	extra_isoform_same_species	XP_032893921.1 lum [organism=Amblyraja radiata] [GeneID=116984005]	GeneID_116984005|LUM|XP_032893921.1
LUM	XP_083763317.1	GeneID=310941936	340	kept	representative	XP_083763317.1 lum [organism=Microchirus variegatus] [GeneID=310941936]	GeneID_310941936|LUM|XP_083763317.1
LUM	XP_010310655.2	GeneID=104643141	343	kept	representative	XP_010310655.2 LUM [organism=Balearica regulorum gibbericeps] [GeneID=104643141]	GeneID_104643141|LUM|XP_010310655.2
LUM	XP_039891365.1	GeneID=120735776	342	kept	representative	XP_039891365.1 lum [organism=Simochromis diagramma] [GeneID=120735776]	GeneID_120735776|LUM|XP_039891365.1
LUM	XP_039891366.1	GeneID=120735776	342	excluded	extra_isoform_same_species	XP_039891366.1 lum [organism=Simochromis diagramma] [GeneID=120735776]	GeneID_120735776|LUM|XP_039891366.1
LUM	XP_039891367.1	GeneID=120735776	342	excluded	extra_isoform_same_species	XP_039891367.1 lum [organism=Simochromis diagramma] [GeneID=120735776]	GeneID_120735776|LUM|XP_039891367.1
LUM	XP_039891368.1	GeneID=120735776	342	excluded	extra_isoform_same_species	XP_039891368.1 lum [organism=Simochromis diagramma] [GeneID=120735776]	GeneID_120735776|LUM|XP_039891368.1
LUM	XP_053798915.1	GeneID=128788125	343	kept	representative	XP_053798915.1 LUM [organism=Vidua chalybeata] [GeneID=128788125]	GeneID_128788125|LUM|XP_053798915.1
LUM	XP_075065490.1	GeneID=142152596	345	kept	representative	XP_075065490.1 LUM [organism=Mixophyes fleayi] [GeneID=142152596]	GeneID_142152596|LUM|XP_075065490.1
LUM	XP_067415193.1	GeneID=137160528	350	kept	representative	XP_067415193.1 LUM [organism=Emydura macquarii macquarii] [GeneID=137160528]	GeneID_137160528|LUM|XP_067415193.1
LUM	XP_068611383.1	GeneID=137910865	342	kept	representative	XP_068611383.1 lum [organism=Brachionichthys hirsutus] [GeneID=137910865]	GeneID_137910865|LUM|XP_068611383.1
LUM	NP_001002059.1	GeneID=415149	344	kept	representative	NP_001002059.1 lum [organism=Danio rerio] [GeneID=415149]	GeneID_415149|LUM|NP_001002059.1
LUM	XP_009069683.1	GeneID=103799136	343	kept	representative	XP_009069683.1 LUM [organism=Acanthisitta chloris] [GeneID=103799136]	GeneID_103799136|LUM|XP_009069683.1
LUM	XP_024610139.1	GeneID=112405813	340	kept	representative	XP_024610139.1 LUM [organism=Neophocaena asiaeorientalis asiaeorientalis] [GeneID=112405813]	GeneID_112405813|LUM|XP_024610139.1
LUM	XP_024610140.1	GeneID=112405813	340	excluded	extra_isoform_same_species	XP_024610140.1 LUM [organism=Neophocaena asiaeorientalis asiaeorientalis] [GeneID=112405813]	GeneID_112405813|LUM|XP_024610140.1
LUM	XP_005012436.1	GeneID=101801762	343	kept	representative	XP_005012436.1 LUM [organism=Anas platyrhynchos] [GeneID=101801762]	GeneID_101801762|LUM|XP_005012436.1
LUM	XP_015815431.3	GeneID=107385817	343	kept	representative	XP_015815431.3 lum [organism=Nothobranchius furzeri] [GeneID=107385817]	GeneID_107385817|LUM|XP_015815431.3
LUM	XP_080219591.1	GeneID=308052825	343	kept	representative	XP_080219591.1 LUM [organism=Nesoenas mayeri] [GeneID=308052825]	GeneID_308052825|LUM|XP_080219591.1
LUM	XP_007944312.1	GeneID=103201427	339	kept	representative	XP_007944312.1 LUM [organism=Orycteropus afer afer] [GeneID=103201427]	GeneID_103201427|LUM|XP_007944312.1
LUM	XP_056604086.1	GeneID=130420651	342	kept	representative	XP_056604086.1 lum [organism=Triplophysa dalaica] [GeneID=130420651]	GeneID_130420651|LUM|XP_056604086.1
LUM	XP_056604087.1	GeneID=130420651	342	excluded	extra_isoform_same_species	XP_056604087.1 lum [organism=Triplophysa dalaica] [GeneID=130420651]	GeneID_130420651|LUM|XP_056604087.1
LUM	XP_056604088.1	GeneID=130420651	342	excluded	extra_isoform_same_species	XP_056604088.1 lum [organism=Triplophysa dalaica] [GeneID=130420651]	GeneID_130420651|LUM|XP_056604088.1
LUM	XP_014744552.1	GeneID=106860935	343	kept	representative	XP_014744552.1 LUM [organism=Sturnus vulgaris] [GeneID=106860935]	GeneID_106860935|LUM|XP_014744552.1
LUM	XP_041717331.1	GeneID=121549607	342	kept	representative	XP_041717331.1 lum [organism=Coregonus clupeaformis] [GeneID=121549607]	GeneID_121549607|LUM|XP_041717331.1
LUM	XP_045068808.1	GeneID=121549607	342	excluded	extra_isoform_same_species	XP_045068808.1 lum [organism=Coregonus clupeaformis] [GeneID=121549607]	GeneID_121549607|LUM|XP_045068808.1
LUM	XP_066224748.1	GeneID=136394863	344	kept	representative	XP_066224748.1 LUM [organism=Saccopteryx leptura] [GeneID=136394863]	GeneID_136394863|LUM|XP_066224748.1
LUM	XP_079793155.1	isoform=1	340	excluded	extra_isoform_same_species	XP_079793155.1 LUM [organism=Stenella coeruleoalba] [GeneID=307194141] [isoform=1]	isoform_1|LUM|XP_079793155.1
LUM	XP_079793156.1	isoform=1	340	excluded	extra_isoform_same_species	XP_079793156.1 LUM [organism=Stenella coeruleoalba] [GeneID=307194141] [isoform=1]	isoform_1|LUM|XP_079793156.1
LUM	XP_003475879.1	GeneID=100732503	340	kept	representative	XP_003475879.1 Lum [organism=Cavia porcellus] [GeneID=100732503]	GeneID_100732503|LUM|XP_003475879.1
LUM	XP_072565340.1	isoform=X1	413	excluded	extra_isoform_same_species	XP_072565340.1 lum [organism=Paramormyrops kingsleyae] [GeneID=111853821] [isoform=X1]	isoform_X1|LUM|XP_072565340.1
LUM	XP_072565346.1	isoform=X2	343	excluded	extra_isoform_same_species	XP_072565346.1 lum [organism=Paramormyrops kingsleyae] [GeneID=111853821] [isoform=X2]	isoform_X2|LUM|XP_072565346.1
LUM	XP_006029353.1	GeneID=102385370	342	kept	representative	XP_006029353.1 LUM [organism=Alligator sinensis] [GeneID=102385370]	GeneID_102385370|LUM|XP_006029353.1
LUM	XP_075327801.1	GeneID=142385291	342	kept	representative	XP_075327801.1 lum [organism=Odontesthes bonariensis] [GeneID=142385291]	GeneID_142385291|LUM|XP_075327801.1
LUM	XP_080743391.1	GeneID=308399853	342	kept	representative	XP_080743391.1 lum [organism=Rhamphochromis sp. 'chilingali'] [GeneID=308399853]	GeneID_308399853|LUM|XP_080743391.1
LUM	XP_045318578.1	GeneID=123589958	339	kept	representative	XP_045318578.1 LUM [organism=Leopardus geoffroyi] [GeneID=123589958]	GeneID_123589958|LUM|XP_045318578.1
LUM	XP_045318580.1	GeneID=123589958	339	excluded	extra_isoform_same_species	XP_045318580.1 LUM [organism=Leopardus geoffroyi] [GeneID=123589958]	GeneID_123589958|LUM|XP_045318580.1
LUM	XP_015270832.1	GeneID=107113938	350	kept	representative	XP_015270832.1 LUM [organism=Gekko japonicus] [GeneID=107113938]	GeneID_107113938|LUM|XP_015270832.1
LUM	XP_015270833.1	GeneID=107113938	350	excluded	extra_isoform_same_species	XP_015270833.1 LUM [organism=Gekko japonicus] [GeneID=107113938]	GeneID_107113938|LUM|XP_015270833.1
LUM	XP_084202362.1	GeneID=311252742	342	kept	representative	XP_084202362.1 lum [organism=Pagrus pagrus] [GeneID=311252742]	GeneID_311252742|LUM|XP_084202362.1
LUM	NP_001310144.1	GeneID=107311489	343	kept	representative	NP_001310144.1 LUM [organism=Coturnix japonica] [GeneID=107311489]	GeneID_107311489|LUM|NP_001310144.1
LUM	XP_036257297.1	GeneID=118698239	343	kept	representative	XP_036257297.1 LUM [organism=Molothrus ater] [GeneID=118698239]	GeneID_118698239|LUM|XP_036257297.1
LUM	XP_010382244.1	GeneID=104678614	338	kept	representative	XP_010382244.1 LUM [organism=Rhinopithecus roxellana] [GeneID=104678614]	GeneID_104678614|LUM|XP_010382244.1
LUM	XP_010560163.1	GeneID=104828278	343	kept	representative	XP_010560163.1 LUM [organism=Haliaeetus leucocephalus] [GeneID=104828278]	GeneID_104828278|LUM|XP_010560163.1
LUM	XP_032746671.1	GeneID=116889995	338	kept	representative	XP_032746671.1 Lum [organism=Rattus rattus] [GeneID=116889995]	GeneID_116889995|LUM|XP_032746671.1
LUM	XP_082111447.1	GeneID=309553852	347	kept	representative	XP_082111447.1 LUM [organism=Pelophylax lessonae] [GeneID=309553852]	GeneID_309553852|LUM|XP_082111447.1
LUM	XP_017723859.1	GeneID=108527221	338	kept	representative	XP_017723859.1 LUM [organism=Rhinopithecus bieti] [GeneID=108527221]	GeneID_108527221|LUM|XP_017723859.1
LUM	XP_040264696.1	GeneID=120979805	346	kept	representative	XP_040264696.1 LUM [organism=Bufo bufo] [GeneID=120979805]	GeneID_120979805|LUM|XP_040264696.1
LUM	XP_020782351.1	GeneID=110161854	342	kept	representative	XP_020782351.1 lum [organism=Boleophthalmus pectinirostris] [GeneID=110161854]	GeneID_110161854|LUM|XP_020782351.1
LUM	XP_034091679.1	GeneID=117559123	342	kept	representative	XP_034091679.1 lum [organism=Gymnodraco acuticeps] [GeneID=117559123]	GeneID_117559123|LUM|XP_034091679.1
LUM	XP_056703078.1	GeneID=130475343	351	kept	representative	XP_056703078.1 LUM [organism=Euleptes europaea] [GeneID=130475343]	GeneID_130475343|LUM|XP_056703078.1
LUM	XP_056703079.1	GeneID=130475343	351	excluded	extra_isoform_same_species	XP_056703079.1 LUM [organism=Euleptes europaea] [GeneID=130475343]	GeneID_130475343|LUM|XP_056703079.1
LUM	XP_072257339.1	GeneID=140323848	348	kept	representative	XP_072257339.1 LUM [organism=Pyxicephalus adspersus] [GeneID=140323848]	GeneID_140323848|LUM|XP_072257339.1
LUM	XP_019400796.1	GeneID=109316871	342	kept	representative	XP_019400796.1 LUM [organism=Crocodylus porosus] [GeneID=109316871]	GeneID_109316871|LUM|XP_019400796.1
LUM	XP_065599229.1	GeneID=136052785	343	kept	representative	XP_065599229.1 LUM [organism=Cyrtonyx montezumae] [GeneID=136052785]	GeneID_136052785|LUM|XP_065599229.1
LUM	XP_065599230.1	GeneID=136052785	343	excluded	extra_isoform_same_species	XP_065599230.1 LUM [organism=Cyrtonyx montezumae] [GeneID=136052785]	GeneID_136052785|LUM|XP_065599230.1
LUM	XP_071375287.1	GeneID=139643894	342	kept	representative	XP_071375287.1 lum [organism=Centroberyx affinis] [GeneID=139643894]	GeneID_139643894|LUM|XP_071375287.1
LUM	XP_003202173.3	GeneID=100543036	343	kept	representative	XP_003202173.3 LUM [organism=Meleagris gallopavo] [GeneID=100543036]	GeneID_100543036|LUM|XP_003202173.3
LUM	XP_086125644.1	GeneID=147310307	342	kept	representative	XP_086125644.1 lum [organism=Aulonocara sp. 'chitande type north' Nkhata Bay] [GeneID=147310307]	GeneID_147310307|LUM|XP_086125644.1
LUM	XP_026554620.1	GeneID=113435182	345	kept	representative	XP_026554620.1 LUM [organism=Pseudonaja textilis] [GeneID=113435182]	GeneID_113435182|LUM|XP_026554620.1
LUM	XP_054023811.1	GeneID=104305169	343	kept	representative	XP_054023811.1 LUM [organism=Dryobates pubescens] [GeneID=104305169]	GeneID_104305169|LUM|XP_054023811.1
LUM	XP_034259136.1	GeneID=117655639	345	kept	representative	XP_034259136.1 LUM [organism=Pantherophis guttatus] [GeneID=117655639]	GeneID_117655639|LUM|XP_034259136.1
LUM	XP_080561271.1	GeneID=308269758	338	kept	representative	XP_080561271.1 LUM [organism=Muscardinus avellanarius] [GeneID=308269758]	GeneID_308269758|LUM|XP_080561271.1
LUM	XP_049422687.1	GeneID=125882835	342	kept	representative	XP_049422687.1 lum [organism=Epinephelus fuscoguttatus] [GeneID=125882835]	GeneID_125882835|LUM|XP_049422687.1
LUM	XP_055192638.1	GeneID=129517022	338	kept	representative	XP_055192638.1 LUM [organism=Nyctereutes procyonoides] [GeneID=129517022]	GeneID_129517022|LUM|XP_055192638.1
LUM	XP_059702794.1	GeneID=132327534	343	kept	representative	XP_059702794.1 LUM [organism=Haemorhous mexicanus] [GeneID=132327534]	GeneID_132327534|LUM|XP_059702794.1
LUM	XP_072629144.1	GeneID=140602850	338	kept	representative	XP_072629144.1 LUM [organism=Canis lupus baileyi] [GeneID=140602850]	GeneID_140602850|LUM|XP_072629144.1
LUM	XP_005910152.1	GeneID=102279626	342	kept	representative	XP_005910152.1 LUM [organism=Bos mutus] [GeneID=102279626]	GeneID_102279626|LUM|XP_005910152.1
LUM	XP_070227031.1	GeneID=102279626	342	excluded	extra_isoform_same_species	XP_070227031.1 LUM [organism=Bos mutus] [GeneID=102279626]	GeneID_102279626|LUM|XP_070227031.1
LUM	XP_038612905.1	GeneID=119937289	349	kept	representative	XP_038612905.1 LUM [organism=Tachyglossus aculeatus] [GeneID=119937289]	GeneID_119937289|LUM|XP_038612905.1
LUM	XP_038612906.1	GeneID=119937289	349	excluded	extra_isoform_same_species	XP_038612906.1 LUM [organism=Tachyglossus aculeatus] [GeneID=119937289]	GeneID_119937289|LUM|XP_038612906.1
LUM	XP_047431514.1	GeneID=125000162	342	kept	representative	XP_047431514.1 lum [organism=Mugil cephalus] [GeneID=125000162]	GeneID_125000162|LUM|XP_047431514.1
LUM	XP_054608720.1	GeneID=129167997	342	kept	representative	XP_054608720.1 lum [organism=Dunckerocampus dactyliophorus] [GeneID=129167997]	GeneID_129167997|LUM|XP_054608720.1
LUM	XP_079350511.1	isoform=1	344	excluded	extra_isoform_same_species	XP_079350511.1 lum [organism=Electrona antarctica] [GeneID=306916497] [isoform=1]	isoform_1|LUM|XP_079350511.1
LUM	XP_079350512.1	isoform=1	344	excluded	extra_isoform_same_species	XP_079350512.1 lum [organism=Electrona antarctica] [GeneID=306916497] [isoform=1]	isoform_1|LUM|XP_079350512.1
LUM	XP_023078865.1	isoform=X1	338	excluded	extra_isoform_same_species	XP_023078865.1 LUM [organism=Piliocolobus tephrosceles] [GeneID=111549872] [isoform=X1]	isoform_X1|LUM|XP_023078865.1
LUM	XP_023078922.1	isoform=X2	290	excluded	extra_isoform_same_species	XP_023078922.1 LUM [organism=Piliocolobus tephrosceles] [GeneID=111549872] [isoform=X2]	isoform_X2|LUM|XP_023078922.1
LUM	XP_023078995.1	isoform=X3	289	excluded	extra_isoform_same_species	XP_023078995.1 LUM [organism=Piliocolobus tephrosceles] [GeneID=111549872] [isoform=X3]	isoform_X3|LUM|XP_023078995.1
LUM	NP_001075249.1	GeneID=100009681	341	kept	representative	NP_001075249.1 LUM [organism=Equus caballus] [GeneID=100009681]	GeneID_100009681|LUM|NP_001075249.1
LUM	XP_006923884.1	GeneID=102886614	339	kept	representative	XP_006923884.1 LUM [organism=Pteropus alecto] [GeneID=102886614]	GeneID_102886614|LUM|XP_006923884.1
LUM	XP_036108105.1	GeneID=118624171	341	kept	representative	XP_036108105.1 LUM [organism=Molossus molossus] [GeneID=118624171]	GeneID_118624171|LUM|XP_036108105.1
LUM	XP_037099676.1	GeneID=119117494	341	kept	representative	XP_037099676.1 lum [organism=Syngnathus acus] [GeneID=119117494]	GeneID_119117494|LUM|XP_037099676.1
LUM	XP_029102973.1	isoform=X1	360	excluded	extra_isoform_same_species	XP_029102973.1 lum [organism=Scleropages formosus] [GeneID=114909268] [isoform=X1]	isoform_X1|LUM|XP_029102973.1
LUM	XP_029102974.1	isoform=X2	343	excluded	extra_isoform_same_species	XP_029102974.1 lum [organism=Scleropages formosus] [GeneID=114909268] [isoform=X2]	isoform_X2|LUM|XP_029102974.1
LUM	XP_011844305.1	isoform=X1	338	excluded	extra_isoform_same_species	XP_011844305.1 LUM [organism=Mandrillus leucophaeus] [GeneID=105545869] [isoform=X1]	isoform_X1|LUM|XP_011844305.1
LUM	XP_011844306.1	isoform=X2	338	excluded	extra_isoform_same_species	XP_011844306.1 LUM [organism=Mandrillus leucophaeus] [GeneID=105545869] [isoform=X2]	isoform_X2|LUM|XP_011844306.1
LUM	XP_011844307.1	isoform=X1	338	excluded	extra_isoform_same_species	XP_011844307.1 LUM [organism=Mandrillus leucophaeus] [GeneID=105545869] [isoform=X1]	isoform_X1|LUM|XP_011844307.1
LUM	XP_011844308.1	isoform=X3	289	excluded	extra_isoform_same_species	XP_011844308.1 LUM [organism=Mandrillus leucophaeus] [GeneID=105545869] [isoform=X3]	isoform_X3|LUM|XP_011844308.1
LUM	XP_066579813.1	GeneID=136771413	342	kept	representative	XP_066579813.1 lum [organism=Amia ocellicauda] [GeneID=136771413]	GeneID_136771413|LUM|XP_066579813.1
LUM	XP_066579814.1	GeneID=136771413	342	excluded	extra_isoform_same_species	XP_066579814.1 lum [organism=Amia ocellicauda] [GeneID=136771413]	GeneID_136771413|LUM|XP_066579814.1
LUM	XP_066579815.1	GeneID=136771413	342	excluded	extra_isoform_same_species	XP_066579815.1 lum [organism=Amia ocellicauda] [GeneID=136771413]	GeneID_136771413|LUM|XP_066579815.1
LUM	XP_015208177.1	GeneID=107078028	344	kept	representative	XP_015208177.1 lum [organism=Lepisosteus oculatus] [GeneID=107078028]	GeneID_107078028|LUM|XP_015208177.1
LUM	XP_047724331.1	GeneID=125171184	339	kept	representative	XP_047724331.1 LUM [organism=Prionailurus viverrinus] [GeneID=125171184]	GeneID_125171184|LUM|XP_047724331.1
LUM	XP_086775683.1	GeneID=147751383	356	kept	representative	XP_086775683.1 LUM [organism=Lissotriton vulgaris] [GeneID=147751383]	GeneID_147751383|LUM|XP_086775683.1
LUM	XP_080276873.1	isoform=1	343	excluded	extra_isoform_same_species	XP_080276873.1 lum [organism=Gymnoscopelus braueri] [GeneID=308079319] [isoform=1]	isoform_1|LUM|XP_080276873.1
LUM	XP_080276874.1	isoform=1	343	excluded	extra_isoform_same_species	XP_080276874.1 lum [organism=Gymnoscopelus braueri] [GeneID=308079319] [isoform=1]	isoform_1|LUM|XP_080276874.1
LUM	XP_081166594.1	GeneID=308658036	338	kept	representative	XP_081166594.1 LUM [organism=Spermophilus citellus] [GeneID=308658036]	GeneID_308658036|LUM|XP_081166594.1
LUM	XP_063783707.1	GeneID=134932851	346	kept	representative	XP_063783707.1 LUM [organism=Pseudophryne corroboree] [GeneID=134932851]	GeneID_134932851|LUM|XP_063783707.1
LUM	XP_007259064.3	GeneID=103047128	341	kept	representative	XP_007259064.3 lum [organism=Astyanax mexicanus] [GeneID=103047128]	GeneID_103047128|LUM|XP_007259064.3
LUM	XP_049330972.1	GeneID=103047128	341	excluded	extra_isoform_same_species	XP_049330972.1 lum [organism=Astyanax mexicanus] [GeneID=103047128]	GeneID_103047128|LUM|XP_049330972.1
LUM	XP_049330973.1	GeneID=103047128	341	excluded	extra_isoform_same_species	XP_049330973.1 lum [organism=Astyanax mexicanus] [GeneID=103047128]	GeneID_103047128|LUM|XP_049330973.1
LUM	XP_049330974.1	GeneID=103047128	341	excluded	extra_isoform_same_species	XP_049330974.1 lum [organism=Astyanax mexicanus] [GeneID=103047128]	GeneID_103047128|LUM|XP_049330974.1
LUM	XP_033989528.1	GeneID=117485041	342	kept	representative	XP_033989528.1 lum [organism=Trematomus bernacchii] [GeneID=117485041]	GeneID_117485041|LUM|XP_033989528.1
LUM	XP_035535029.1	GeneID=118340965	342	kept	representative	XP_035535029.1 lum [organism=Morone saxatilis] [GeneID=118340965]	GeneID_118340965|LUM|XP_035535029.1
LUM	XP_031456345.1	GeneID=116233513	343	kept	representative	XP_031456345.1 LUM [organism=Phasianus colchicus] [GeneID=116233513]	GeneID_116233513|LUM|XP_031456345.1
LUM	XP_049639689.1	GeneID=126022737	343	kept	representative	XP_049639689.1 LUM [organism=Suncus etruscus] [GeneID=126022737]	GeneID_126022737|LUM|XP_049639689.1
LUM	XP_061061135.1	GeneID=133100742	340	kept	representative	XP_061061135.1 LUM [organism=Eubalaena glacialis] [GeneID=133100742]	GeneID_133100742|LUM|XP_061061135.1
LUM	XP_061061137.1	GeneID=133100742	340	excluded	extra_isoform_same_species	XP_061061137.1 LUM [organism=Eubalaena glacialis] [GeneID=133100742]	GeneID_133100742|LUM|XP_061061137.1
LUM	XP_072914950.1	GeneID=140734624	342	kept	representative	XP_072914950.1 lum [organism=Hemitrygon akajei] [GeneID=140734624]	GeneID_140734624|LUM|XP_072914950.1
LUM	XP_072914951.1	GeneID=140734624	342	excluded	extra_isoform_same_species	XP_072914951.1 lum [organism=Hemitrygon akajei] [GeneID=140734624]	GeneID_140734624|LUM|XP_072914951.1
LUM	XP_032202678.1	GeneID=116593028	337	kept	representative	XP_032202678.1 LUM [organism=Mustela erminea] [GeneID=116593028]	GeneID_116593028|LUM|XP_032202678.1
LUM	XP_034718970.1	GeneID=117938456	343	kept	representative	XP_034718970.1 lum [organism=Etheostoma cragini] [GeneID=117938456]	GeneID_117938456|LUM|XP_034718970.1
LUM	XP_072511656.1	GeneID=140534475	341	kept	representative	XP_072511656.1 LUM [organism=Notamacropus eugenii] [GeneID=140534475]	GeneID_140534475|LUM|XP_072511656.1
LUM	XP_006180835.1	GeneID=102519636	339	kept	representative	XP_006180835.1 LUM [organism=Camelus ferus] [GeneID=102519636]	GeneID_102519636|LUM|XP_006180835.1
LUM	XP_039648237.1	GeneID=120553660	342	kept	representative	XP_039648237.1 lum [organism=Perca fluviatilis] [GeneID=120553660]	GeneID_120553660|LUM|XP_039648237.1
LUM	XP_041113145.1	GeneID=121319612	340	kept	representative	XP_041113145.1 lum [organism=Polyodon spathula] [GeneID=121319612]	GeneID_121319612|LUM|XP_041113145.1
LUM	XP_014844937.1	GeneID=106919222	342	kept	representative	XP_014844937.1 lum [organism=Poecilia mexicana] [GeneID=106919222]	GeneID_106919222|LUM|XP_014844937.1
LUM	XP_026355696.1	GeneID=113256178	338	kept	representative	XP_026355696.1 LUM [organism=Ursus arctos] [GeneID=113256178]	GeneID_113256178|LUM|XP_026355696.1
LUM	XP_048073878.1	GeneID=113256178	338	excluded	extra_isoform_same_species	XP_048073878.1 LUM [organism=Ursus arctos] [GeneID=113256178]	GeneID_113256178|LUM|XP_048073878.1
LUM	XP_044533907.1	GeneID=123249016	341	kept	representative	XP_044533907.1 LUM [organism=Gracilinanus agilis] [GeneID=123249016]	GeneID_123249016|LUM|XP_044533907.1
LUM	XP_026216977.1	GeneID=113162930	342	kept	representative	XP_026216977.1 lum [organism=Anabas testudineus] [GeneID=113162930]	GeneID_113162930|LUM|XP_026216977.1
LUM	XP_006780832.1	GeneID=102799822	342	kept	representative	XP_006780832.1 lum [organism=Neolamprologus brichardi] [GeneID=102799822]	GeneID_102799822|LUM|XP_006780832.1
LUM	XP_006780833.1	GeneID=102799822	342	excluded	extra_isoform_same_species	XP_006780833.1 lum [organism=Neolamprologus brichardi] [GeneID=102799822]	GeneID_102799822|LUM|XP_006780833.1
LUM	XP_044311355.1	GeneID=123036287	349	kept	representative	XP_044311355.1 LUM [organism=Varanus komodoensis] [GeneID=123036287]	GeneID_123036287|LUM|XP_044311355.1
LUM	XP_086002548.1	GeneID=147233823	342	kept	representative	XP_086002548.1 lum [organism=Fistularia commersonii] [GeneID=147233823]	GeneID_147233823|LUM|XP_086002548.1
LUM	XP_045927972.1	GeneID=123984829	343	kept	representative	XP_045927972.1 lum [organism=Micropterus dolomieu] [GeneID=123984829]	GeneID_123984829|LUM|XP_045927972.1
LUM	XP_061495568.1	GeneID=133390627	349	kept	representative	XP_061495568.1 LUM [organism=Rhineura floridana] [GeneID=133390627]	GeneID_133390627|LUM|XP_061495568.1
LUM	XP_061495569.1	GeneID=133390627	349	excluded	extra_isoform_same_species	XP_061495569.1 LUM [organism=Rhineura floridana] [GeneID=133390627]	GeneID_133390627|LUM|XP_061495569.1
LUM	XP_069527551.1	GeneID=138599695	342	kept	representative	XP_069527551.1 lum [organism=Semicossyphus pulcher] [GeneID=138599695]	GeneID_138599695|LUM|XP_069527551.1
LUM	XP_005358187.1	GeneID=101991196	338	kept	representative	XP_005358187.1 Lum [organism=Microtus ochrogaster] [GeneID=101991196]	GeneID_101991196|LUM|XP_005358187.1
LUM	XP_009319598.1	GeneID=103914641	343	kept	representative	XP_009319598.1 LUM [organism=Pygoscelis adeliae] [GeneID=103914641]	GeneID_103914641|LUM|XP_009319598.1
LUM	XP_007524306.1	isoform=X2	338	excluded	extra_isoform_same_species	XP_007524306.1 LUM [organism=Erinaceus europaeus] [GeneID=103114555] [isoform=X2]	isoform_X2|LUM|XP_007524306.1
LUM	XP_060051499.1	isoform=X1	347	excluded	extra_isoform_same_species	XP_060051499.1 LUM [organism=Erinaceus europaeus] [GeneID=103114555] [isoform=X1]	isoform_X1|LUM|XP_060051499.1
LUM	XP_032153389.1	GeneID=116564403	338	kept	representative	XP_032153389.1 LUM [organism=Sapajus apella] [GeneID=116564403]	GeneID_116564403|LUM|XP_032153389.1
LUM	XP_058481513.1	GeneID=131456862	342	kept	representative	XP_058481513.1 lum [organism=Solea solea] [GeneID=131456862]	GeneID_131456862|LUM|XP_058481513.1
LUM	XP_037552011.1	GeneID=119428404	342	kept	representative	XP_037552011.1 lum [organism=Nematolebias whitei] [GeneID=119428404]	GeneID_119428404|LUM|XP_037552011.1
LUM	XP_069705931.1	GeneID=138716657	343	kept	representative	XP_069705931.1 LUM [organism=Phaenicophaeus curvirostris] [GeneID=138716657]	GeneID_138716657|LUM|XP_069705931.1
LUM	XP_028809680.1	GeneID=114764316	340	kept	representative	XP_028809680.1 lum [organism=Denticeps clupeoides] [GeneID=114764316]	GeneID_114764316|LUM|XP_028809680.1
LUM	XP_082493069.1	GeneID=309812795	340	kept	representative	XP_082493069.1 LUM [organism=Mesoplodon mirus] [GeneID=309812795]	GeneID_309812795|LUM|XP_082493069.1
LUM	XP_074914085.1	GeneID=142044956	343	kept	representative	XP_074914085.1 LUM [organism=Buteo buteo] [GeneID=142044956]	GeneID_142044956|LUM|XP_074914085.1
LUM	XP_060101157.1	GeneID=132576219	351	kept	representative	XP_060101157.1 LUM [organism=Heteronotia binoei] [GeneID=132576219]	GeneID_132576219|LUM|XP_060101157.1
LUM	XP_060101158.1	GeneID=132576219	351	excluded	extra_isoform_same_species	XP_060101158.1 LUM [organism=Heteronotia binoei] [GeneID=132576219]	GeneID_132576219|LUM|XP_060101158.1
LUM	XP_060101159.1	GeneID=132576219	351	excluded	extra_isoform_same_species	XP_060101159.1 LUM [organism=Heteronotia binoei] [GeneID=132576219]	GeneID_132576219|LUM|XP_060101159.1
LUM	XP_084902535.1	GeneID=146443529	343	kept	representative	XP_084902535.1 LUM [organism=Lichenostomus cassidix] [GeneID=146443529]	GeneID_146443529|LUM|XP_084902535.1
LUM	XP_004602884.1	GeneID=101554191	342	kept	representative	XP_004602884.1 LUM [organism=Sorex araneus] [GeneID=101554191]	GeneID_101554191|LUM|XP_004602884.1
LUM	XP_034528880.1	GeneID=117804677	342	kept	representative	XP_034528880.1 lum [organism=Notolabrus celidotus] [GeneID=117804677]	GeneID_117804677|LUM|XP_034528880.1
LUM	XP_056091723.1	GeneID=130071120	344	kept	representative	XP_056091723.1 lum [organism=Rhinichthys klamathensis goyatoka] [GeneID=130071120]	GeneID_130071120|LUM|XP_056091723.1
LUM	XP_056091724.1	GeneID=130071120	344	excluded	extra_isoform_same_species	XP_056091724.1 lum [organism=Rhinichthys klamathensis goyatoka] [GeneID=130071120]	GeneID_130071120|LUM|XP_056091724.1
LUM	XP_044199901.1	GeneID=122975507	342	kept	representative	XP_044199901.1 lum [organism=Thunnus albacares] [GeneID=122975507]	GeneID_122975507|LUM|XP_044199901.1
LUM	XP_085960072.1	GeneID=147186205	342	kept	representative	XP_085960072.1 lum [organism=Hippocampus guttulatus] [GeneID=147186205]	GeneID_147186205|LUM|XP_085960072.1
LUM	XP_041595028.1	GeneID=121481600	338	kept	representative	XP_041595028.1 LUM [organism=Vulpes lagopus] [GeneID=121481600]	GeneID_121481600|LUM|XP_041595028.1
LUM	XP_076152763.1	GeneID=143136131	340	kept	representative	XP_076152763.1 lum [organism=Alosa pseudoharengus] [GeneID=143136131]	GeneID_143136131|LUM|XP_076152763.1
LUM	XP_079631154.1	GeneID=307101706	339	kept	representative	XP_079631154.1 LUM [organism=Cnephaeus nilssonii] [GeneID=307101706]	GeneID_307101706|LUM|XP_079631154.1
LUM	XP_080880249.1	GeneID=308486904	349	kept	representative	XP_080880249.1 LUM [organism=Podarcis pityusensis] [GeneID=308486904]	GeneID_308486904|LUM|XP_080880249.1
LUM	XP_038352174.1	GeneID=482599	338	kept	representative	XP_038352174.1 LUM [organism=Canis lupus familiaris] [GeneID=482599]	GeneID_482599|LUM|XP_038352174.1
LUM	XP_038414561.1	GeneID=482599	338	excluded	extra_isoform_same_species	XP_038414561.1 LUM [organism=Canis lupus familiaris] [GeneID=482599]	GeneID_482599|LUM|XP_038414561.1
LUM	XP_038478461.1	GeneID=482599	338	excluded	extra_isoform_same_species	XP_038478461.1 LUM [organism=Canis lupus familiaris] [GeneID=482599]	GeneID_482599|LUM|XP_038478461.1
LUM	XP_038544147.1	GeneID=482599	338	excluded	extra_isoform_same_species	XP_038544147.1 LUM [organism=Canis lupus familiaris] [GeneID=482599]	GeneID_482599|LUM|XP_038544147.1
LUM	XP_539716.1	GeneID=482599	338	excluded	extra_isoform_same_species	XP_539716.1 LUM [organism=Canis lupus familiaris] [GeneID=482599]	GeneID_482599|LUM|XP_539716.1
LUM	XP_043565840.1	GeneID=122559820	342	kept	representative	XP_043565840.1 lum [organism=Chiloscyllium plagiosum] [GeneID=122559820]	GeneID_122559820|LUM|XP_043565840.1
LUM	XP_050602526.1	GeneID=126929997	338	kept	representative	XP_050602526.1 LUM [organism=Macaca thibetana thibetana] [GeneID=126929997]	GeneID_126929997|LUM|XP_050602526.1
LUM	XP_040845503.1	GeneID=121162516	338	kept	representative	XP_040845503.1 LUM [organism=Ochotona curzoniae] [GeneID=121162516]	GeneID_121162516|LUM|XP_040845503.1
LUM	XP_058661028.1	GeneID=131557660	343	kept	representative	XP_058661028.1 LUM [organism=Ammospiza caudacuta] [GeneID=131557660]	GeneID_131557660|LUM|XP_058661028.1
LUM	XP_058936896.1	GeneID=131766517	340	kept	representative	XP_058936896.1 LUM [organism=Kogia breviceps] [GeneID=131766517]	GeneID_131766517|LUM|XP_058936896.1
LUM	XP_074725515.1	GeneID=141943751	343	kept	representative	XP_074725515.1 LUM [organism=Strix uralensis] [GeneID=141943751]	GeneID_141943751|LUM|XP_074725515.1
LUM	XP_027016207.1	GeneID=113651596	341	kept	representative	XP_027016207.1 lum [organism=Tachysurus fulvidraco] [GeneID=113651596]	GeneID_113651596|LUM|XP_027016207.1
LUM	XP_027016208.1	GeneID=113651596	341	excluded	extra_isoform_same_species	XP_027016208.1 lum [organism=Tachysurus fulvidraco] [GeneID=113651596]	GeneID_113651596|LUM|XP_027016208.1
LUM	XP_025259424.1	isoform=X1	338	excluded	extra_isoform_same_species	XP_025259424.1 LUM [organism=Theropithecus gelada] [GeneID=112635478] [isoform=X1]	isoform_X1|LUM|XP_025259424.1
LUM	XP_025259425.1	isoform=X2	290	excluded	extra_isoform_same_species	XP_025259425.1 LUM [organism=Theropithecus gelada] [GeneID=112635478] [isoform=X2]	isoform_X2|LUM|XP_025259425.1
LUM	XP_025259426.1	isoform=X3	289	excluded	extra_isoform_same_species	XP_025259426.1 LUM [organism=Theropithecus gelada] [GeneID=112635478] [isoform=X3]	isoform_X3|LUM|XP_025259426.1
LUM	XP_042549063.1	GeneID=122119154	339	kept	representative	XP_042549063.1 Lum [organism=Dipodomys spectabilis] [GeneID=122119154]	GeneID_122119154|LUM|XP_042549063.1
LUM	XP_044042679.1	GeneID=122871533	342	kept	representative	XP_044042679.1 lum [organism=Siniperca chuatsi] [GeneID=122871533]	GeneID_122871533|LUM|XP_044042679.1
LUM	XP_057234901.1	GeneID=130581039	343	kept	representative	XP_057234901.1 LUM [organism=Malurus melanocephalus] [GeneID=130581039]	GeneID_130581039|LUM|XP_057234901.1
LUM	XP_083675988.1	GeneID=310892303	343	kept	representative	XP_083675988.1 LUM [organism=Anser anser] [GeneID=310892303]	GeneID_310892303|LUM|XP_083675988.1
LUM	NP_001124646.1	GeneID=100171487	338	kept	representative	NP_001124646.1 LUM [organism=Pongo abelii] [GeneID=100171487]	GeneID_100171487|LUM|NP_001124646.1
LUM	XP_046730343.1	GeneID=124401862	341	kept	representative	XP_046730343.1 lum [organism=Silurus meridionalis] [GeneID=124401862]	GeneID_124401862|LUM|XP_046730343.1
LUM	XP_067855421.1	GeneID=137334558	343	kept	representative	XP_067855421.1 lum [organism=Heptranchias perlo] [GeneID=137334558]	GeneID_137334558|LUM|XP_067855421.1
LUM	XP_078423881.1	GeneID=144696453	343	kept	representative	XP_078423881.1 lum [organism=Cetorhinus maximus] [GeneID=144696453]	GeneID_144696453|LUM|XP_078423881.1
LUM	XP_078423882.1	GeneID=144696453	343	excluded	extra_isoform_same_species	XP_078423882.1 lum [organism=Cetorhinus maximus] [GeneID=144696453]	GeneID_144696453|LUM|XP_078423882.1
LUM	XP_078423883.1	GeneID=144696453	343	excluded	extra_isoform_same_species	XP_078423883.1 lum [organism=Cetorhinus maximus] [GeneID=144696453]	GeneID_144696453|LUM|XP_078423883.1
LUM	XP_042566071.1	GeneID=105897589	340	kept	representative	XP_042566071.1 lum [organism=Clupea harengus] [GeneID=105897589]	GeneID_105897589|LUM|XP_042566071.1
LUM	XP_052609151.1	GeneID=128119717	338	kept	representative	XP_052609151.1 Lum [organism=Peromyscus californicus insignis] [GeneID=128119717]	GeneID_128119717|LUM|XP_052609151.1
LUM	XP_076577867.1	GeneID=143314689	342	kept	representative	XP_076577867.1 lum [organism=Chaetodon auriga] [GeneID=143314689]	GeneID_143314689|LUM|XP_076577867.1
LUM	XP_002752864.1	GeneID=100406248	338	kept	representative	XP_002752864.1 LUM [organism=Callithrix jacchus] [GeneID=100406248]	GeneID_100406248|LUM|XP_002752864.1
LUM	XP_027593997.1	GeneID=113996866	343	kept	representative	XP_027593997.1 LUM [organism=Pipra filicauda] [GeneID=113996866]	GeneID_113996866|LUM|XP_027593997.1
LUM	XP_039376631.1	GeneID=120395890	349	kept	representative	XP_039376631.1 LUM [organism=Mauremys reevesii] [GeneID=120395890]	GeneID_120395890|LUM|XP_039376631.1
LUM	XP_080047450.1	isoform=X1	356	excluded	extra_isoform_same_species	XP_080047450.1 lum [organism=Carcharhinus amblyrhynchos] [GeneID=145344272] [isoform=X1]	isoform_X1|LUM|XP_080047450.1
LUM	XP_080047451.1	isoform=X2	341	excluded	extra_isoform_same_species	XP_080047451.1 lum [organism=Carcharhinus amblyrhynchos] [GeneID=145344272] [isoform=X2]	isoform_X2|LUM|XP_080047451.1
LUM	XP_080916870.1	GeneID=308502667	339	kept	representative	XP_080916870.1 LUM [organism=Rhinolophus hipposideros] [GeneID=308502667]	GeneID_308502667|LUM|XP_080916870.1
LUM	XP_008579757.1	GeneID=103597666	339	kept	representative	XP_008579757.1 LUM [organism=Galeopterus variegatus] [GeneID=103597666]	GeneID_103597666|LUM|XP_008579757.1
LUM	XP_023263980.1	GeneID=111656480	342	kept	representative	XP_023263980.1 lum [organism=Seriola lalandi dorsalis] [GeneID=111656480]	GeneID_111656480|LUM|XP_023263980.1
LUM	XP_005519477.1	GeneID=102112857	343	kept	representative	XP_005519477.1 LUM [organism=Pseudopodoces humilis] [GeneID=102112857]	GeneID_102112857|LUM|XP_005519477.1
LUM	XP_010006317.1	GeneID=104397981	344	kept	representative	XP_010006317.1 LUM [organism=Chaetura pelagica] [GeneID=104397981]	GeneID_104397981|LUM|XP_010006317.1
LUM	XP_081870207.1	GeneID=309416723	343	kept	representative	XP_081870207.1 LUM [organism=Phaethon aethereus] [GeneID=309416723]	GeneID_309416723|LUM|XP_081870207.1
LUM	XP_011789011.1	isoform=X1	338	excluded	extra_isoform_same_species	XP_011789011.1 LUM [organism=Colobus angolensis palliatus] [GeneID=105505701] [isoform=X1]	isoform_X1|LUM|XP_011789011.1
LUM	XP_011789020.1	isoform=X2	290	excluded	extra_isoform_same_species	XP_011789020.1 LUM [organism=Colobus angolensis palliatus] [GeneID=105505701] [isoform=X2]	isoform_X2|LUM|XP_011789020.1
LUM	XP_011789027.1	isoform=X3	289	excluded	extra_isoform_same_species	XP_011789027.1 LUM [organism=Colobus angolensis palliatus] [GeneID=105505701] [isoform=X3]	isoform_X3|LUM|XP_011789027.1
LUM	NP_112312.1	GeneID=81682	338	kept	representative	NP_112312.1 Lum [organism=Rattus norvegicus] [GeneID=81682]	GeneID_81682|LUM|NP_112312.1
LUM	XP_063120368.1	isoform=X1	363	excluded	extra_isoform_same_species	XP_063120368.1 Lum [organism=Rattus norvegicus] [GeneID=81682] [isoform=X1]	isoform_X1|LUM|XP_063120368.1
LUM	XP_081187188.1	isoform=1	344	excluded	extra_isoform_same_species	XP_081187188.1 LUM [organism=Vipera berus] [GeneID=308669978] [isoform=1]	isoform_1|LUM|XP_081187188.1
LUM	XP_081187189.1	isoform=1	344	excluded	extra_isoform_same_species	XP_081187189.1 LUM [organism=Vipera berus] [GeneID=308669978] [isoform=1]	isoform_1|LUM|XP_081187189.1
LUM	XP_082023072.1	isoform=1	344	excluded	extra_isoform_same_species	XP_082023072.1 lum [organism=Leuciscus leuciscus] [GeneID=309496817] [isoform=1]	isoform_1|LUM|XP_082023072.1
LUM	XP_082023073.1	isoform=1	344	excluded	extra_isoform_same_species	XP_082023073.1 lum [organism=Leuciscus leuciscus] [GeneID=309496817] [isoform=1]	isoform_1|LUM|XP_082023073.1
LUM	XP_028737032.1	GeneID=114701201	338	kept	representative	XP_028737032.1 Lum [organism=Peromyscus leucopus] [GeneID=114701201]	GeneID_114701201|LUM|XP_028737032.1
LUM	XP_042367243.1	GeneID=121961357	342	kept	representative	XP_042367243.1 lum [organism=Plectropomus leopardus] [GeneID=121961357]	GeneID_121961357|LUM|XP_042367243.1
LUM	XP_056224108.1	GeneID=130163767	433	kept	representative	XP_056224108.1 lum [organism=Seriola aureovittata] [GeneID=130163767]	GeneID_130163767|LUM|XP_056224108.1
LUM	XP_005421650.1	GeneID=102035855	343	kept	representative	XP_005421650.1 LUM [organism=Geospiza fortis] [GeneID=102035855]	GeneID_102035855|LUM|XP_005421650.1
LUM	XP_085293410.1	GeneID=146689610	342	kept	representative	XP_085293410.1 lum [organism=Copadichromis virginalis] [GeneID=146689610]	GeneID_146689610|LUM|XP_085293410.1
LUM	XP_027398980.1	GeneID=113893289	342	kept	representative	XP_027398980.1 LUM [organism=Bos indicus x Bos taurus] [GeneID=113893289]	GeneID_113893289|LUM|XP_027398980.1
LUM	XP_027398981.1	GeneID=113893289	342	excluded	extra_isoform_same_species	XP_027398981.1 LUM [organism=Bos indicus x Bos taurus] [GeneID=113893289]	GeneID_113893289|LUM|XP_027398981.1
LUM	XP_009695682.1	GeneID=104159468	343	kept	representative	XP_009695682.1 LUM [organism=Cariama cristata] [GeneID=104159468]	GeneID_104159468|LUM|XP_009695682.1
LUM	XP_061124482.1	GeneID=133145236	341	kept	representative	XP_061124482.1 lum [organism=Syngnathus typhle] [GeneID=133145236]	GeneID_133145236|LUM|XP_061124482.1
LUM	XP_040030756.1	isoform=X2	341	excluded	extra_isoform_same_species	XP_040030756.1 lum [organism=Gasterosteus aculeatus] [GeneID=120818066] [isoform=X2]	isoform_X2|LUM|XP_040030756.1
LUM	XP_040030757.1	isoform=X2	341	excluded	extra_isoform_same_species	XP_040030757.1 lum [organism=Gasterosteus aculeatus] [GeneID=120818066] [isoform=X2]	isoform_X2|LUM|XP_040030757.1
LUM	XP_040030758.1	isoform=X2	341	excluded	extra_isoform_same_species	XP_040030758.1 lum [organism=Gasterosteus aculeatus] [GeneID=120818066] [isoform=X2]	isoform_X2|LUM|XP_040030758.1
LUM	XP_077956471.1	isoform=X1	391	excluded	extra_isoform_same_species	XP_077956471.1 lum [organism=Gasterosteus aculeatus] [GeneID=120818066] [isoform=X1]	isoform_X1|LUM|XP_077956471.1
LUM	XP_077956473.1	isoform=X2	341	excluded	extra_isoform_same_species	XP_077956473.1 lum [organism=Gasterosteus aculeatus] [GeneID=120818066] [isoform=X2]	isoform_X2|LUM|XP_077956473.1
LUM	XP_062374368.1	GeneID=134062397	340	kept	representative	XP_062374368.1 lum [organism=Sardina pilchardus] [GeneID=134062397]	GeneID_134062397|LUM|XP_062374368.1
LUM	XP_051910989.1	GeneID=127593528	342	kept	representative	XP_051910989.1 lum [organism=Hippocampus zosterae] [GeneID=127593528]	GeneID_127593528|LUM|XP_051910989.1
LUM	XP_075198553.1	GeneID=142301430	346	kept	representative	XP_075198553.1 LUM [organism=Anomaloglossus baeobatrachus] [GeneID=142301430]	GeneID_142301430|LUM|XP_075198553.1
LUM	XP_019301960.1	GeneID=109265314	339	kept	representative	XP_019301960.1 LUM [organism=Panthera pardus] [GeneID=109265314]	GeneID_109265314|LUM|XP_019301960.1
LUM	XP_039917271.1	GeneID=120751457	343	kept	representative	XP_039917271.1 LUM [organism=Hirundo rustica] [GeneID=120751457]	GeneID_120751457|LUM|XP_039917271.1
LUM	XP_019815901.2	GeneID=109558969	342	kept	representative	XP_019815901.2 LUM [organism=Bos indicus] [GeneID=109558969]	GeneID_109558969|LUM|XP_019815901.2
LUM	XP_070645040.1	GeneID=109558969	342	excluded	extra_isoform_same_species	XP_070645040.1 LUM [organism=Bos indicus] [GeneID=109558969]	GeneID_109558969|LUM|XP_070645040.1
LUM	XP_074127221.1	GeneID=141544696	341	kept	representative	XP_074127221.1 LUM [organism=Sminthopsis crassicaudata] [GeneID=141544696]	GeneID_141544696|LUM|XP_074127221.1
LUM	XP_014696750.1	GeneID=106831192	341	kept	representative	XP_014696750.1 LUM [organism=Equus asinus] [GeneID=106831192]	GeneID_106831192|LUM|XP_014696750.1
LUM	XP_082706393.1	GeneID=309968795	340	kept	representative	XP_082706393.1 LUM [organism=Leucopleurus acutus] [GeneID=309968795]	GeneID_309968795|LUM|XP_082706393.1
LUM	XP_060759704.1	GeneID=132870153	343	kept	representative	XP_060759704.1 lum [organism=Neoarius graeffei] [GeneID=132870153]	GeneID_132870153|LUM|XP_060759704.1
LUM	XP_060759705.1	GeneID=132870153	343	excluded	extra_isoform_same_species	XP_060759705.1 lum [organism=Neoarius graeffei] [GeneID=132870153]	GeneID_132870153|LUM|XP_060759705.1
LUM	XP_060981622.1	GeneID=133044208	342	kept	representative	XP_060981622.1 LUM [organism=Dama dama] [GeneID=133044208]	GeneID_133044208|LUM|XP_060981622.1
LUM	XP_012324776.1	GeneID=105728787	338	kept	representative	XP_012324776.1 LUM [organism=Aotus nancymaae] [GeneID=105728787]	GeneID_105728787|LUM|XP_012324776.1
LUM	XP_033930701.1	GeneID=117439082	341	kept	representative	XP_033930701.1 lum [organism=Pseudochaenichthys georgianus] [GeneID=117439082]	GeneID_117439082|LUM|XP_033930701.1
LUM	XP_083613587.1	isoform=1	344	excluded	extra_isoform_same_species	XP_083613587.1 lum [organism=Protomyctophum parallelum] [GeneID=310853217] [isoform=1]	isoform_1|LUM|XP_083613587.1
LUM	XP_083613588.1	isoform=1	344	excluded	extra_isoform_same_species	XP_083613588.1 lum [organism=Protomyctophum parallelum] [GeneID=310853217] [isoform=1]	isoform_1|LUM|XP_083613588.1
LUM	XP_083613589.1	isoform=1	344	excluded	extra_isoform_same_species	XP_083613589.1 lum [organism=Protomyctophum parallelum] [GeneID=310853217] [isoform=1]	isoform_1|LUM|XP_083613589.1
LUM	XP_028603658.1	GeneID=114606051	349	kept	representative	XP_028603658.1 LUM [organism=Podarcis muralis] [GeneID=114606051]	GeneID_114606051|LUM|XP_028603658.1
LUM	XP_082167216.1	GeneID=309590122	343	kept	representative	XP_082167216.1 LUM [organism=Platalea leucorodia] [GeneID=309590122]	GeneID_309590122|LUM|XP_082167216.1
LUM	XP_044136442.1	GeneID=122928040	346	kept	representative	XP_044136442.1 LUM [organism=Bufo gargarizans] [GeneID=122928040]	GeneID_122928040|LUM|XP_044136442.1
LUM	XP_084666424.1	GeneID=146339824	347	kept	representative	XP_084666424.1 LUM [organism=Heloderma suspectum] [GeneID=146339824]	GeneID_146339824|LUM|XP_084666424.1
LUM	XP_031963174.1	GeneID=116443239	343	kept	representative	XP_031963174.1 LUM [organism=Corvus moneduloides] [GeneID=116443239]	GeneID_116443239|LUM|XP_031963174.1
LUM	XP_053270809.1	GeneID=128428615	341	kept	representative	XP_053270809.1 lum [organism=Pleuronectes platessa] [GeneID=128428615]	GeneID_128428615|LUM|XP_053270809.1
LUM	XP_038171059.1	GeneID=119803709	338	kept	representative	XP_038171059.1 Lum [organism=Arvicola amphibius] [GeneID=119803709]	GeneID_119803709|LUM|XP_038171059.1
LUM	XP_081914026.1	GeneID=309442246	343	kept	representative	XP_081914026.1 LUM [organism=Streptopelia decaocto] [GeneID=309442246]	GeneID_309442246|LUM|XP_081914026.1
LUM	XP_007432540.1	GeneID=103061447	345	kept	representative	XP_007432540.1 LUM [organism=Python bivittatus] [GeneID=103061447]	GeneID_103061447|LUM|XP_007432540.1
LUM	XP_082343495.1	GeneID=309675144	343	kept	representative	XP_082343495.1 LUM [organism=Vanellus vanellus] [GeneID=309675144]	GeneID_309675144|LUM|XP_082343495.1
LUM	XP_022408181.1	GeneID=111163623	340	kept	representative	XP_022408181.1 LUM [organism=Delphinapterus leucas] [GeneID=111163623]	GeneID_111163623|LUM|XP_022408181.1
LUM	XP_022408182.1	GeneID=111163623	340	excluded	extra_isoform_same_species	XP_022408182.1 LUM [organism=Delphinapterus leucas] [GeneID=111163623]	GeneID_111163623|LUM|XP_022408182.1
LUM	XP_066406354.1	GeneID=136556853	343	kept	representative	XP_066406354.1 LUM [organism=Molothrus aeneus] [GeneID=136556853]	GeneID_136556853|LUM|XP_066406354.1
LUM	XP_068442494.1	GeneID=137791438	342	kept	representative	XP_068442494.1 lum [organism=Clinocottus analis] [GeneID=137791438]	GeneID_137791438|LUM|XP_068442494.1
LUM	XP_068442495.1	GeneID=137791438	342	excluded	extra_isoform_same_species	XP_068442495.1 lum [organism=Clinocottus analis] [GeneID=137791438]	GeneID_137791438|LUM|XP_068442495.1
LUM	XP_020767019.1	GeneID=110149031	342	kept	representative	XP_020767019.1 LUM [organism=Odocoileus virginianus] [GeneID=110149031]	GeneID_110149031|LUM|XP_020767019.1
LUM	XP_039724955.1	GeneID=120607279	339	kept	representative	XP_039724955.1 LUM [organism=Pteropus medius] [GeneID=120607279]	GeneID_120607279|LUM|XP_039724955.1
LUM	XP_079119043.1	GeneID=306773174	342	kept	representative	XP_079119043.1 lum [organism=Telmatherina bonti] [GeneID=306773174]	GeneID_306773174|LUM|XP_079119043.1
LUM	XP_059790716.1	GeneID=132372645	339	kept	representative	XP_059790716.1 LUM [organism=Balaenoptera ricei] [GeneID=132372645]	GeneID_132372645|LUM|XP_059790716.1
LUM	XP_059790717.1	GeneID=132372645	339	excluded	extra_isoform_same_species	XP_059790717.1 LUM [organism=Balaenoptera ricei] [GeneID=132372645]	GeneID_132372645|LUM|XP_059790717.1
LUM	XP_053883877.1	GeneID=128837065	349	kept	representative	XP_053883877.1 LUM [organism=Malaclemys terrapin pileata] [GeneID=128837065]	GeneID_128837065|LUM|XP_053883877.1
LUM	XP_010201603.1	GeneID=104558634	343	kept	representative	XP_010201603.1 LUM [organism=Colius striatus] [GeneID=104558634]	GeneID_104558634|LUM|XP_010201603.1
LUM	XP_017266947.1	GeneID=108233175	375	kept	representative	XP_017266947.1 lum [organism=Kryptolebias marmoratus] [GeneID=108233175]	GeneID_108233175|LUM|XP_017266947.1
LUM	XP_018415745.1	GeneID=108790065	347	kept	representative	XP_018415745.1 LUM [organism=Nanorana parkeri] [GeneID=108790065]	GeneID_108790065|LUM|XP_018415745.1
LUM	XP_020037975.1	GeneID=109698284	339	kept	representative	XP_020037975.1 Lum [organism=Castor canadensis] [GeneID=109698284]	GeneID_109698284|LUM|XP_020037975.1
LUM	XP_063010985.1	GeneID=134417566	343	kept	representative	XP_063010985.1 LUM [organism=Melospiza melodia melodia] [GeneID=134417566]	GeneID_134417566|LUM|XP_063010985.1
LUM	XP_081443481.1	GeneID=145544440	342	kept	representative	XP_081443481.1 LUM [organism=Giraffa tippelskirchi] [GeneID=145544440]	GeneID_145544440|LUM|XP_081443481.1
LUM	XP_081104520.1	GeneID=308624766	340	kept	representative	XP_081104520.1 LUM [organism=Mesoplodon bidens] [GeneID=308624766]	GeneID_308624766|LUM|XP_081104520.1
LUM	XP_081733682.1	GeneID=309350588	349	kept	representative	XP_081733682.1 LUM [organism=Podarcis erhardii] [GeneID=309350588]	GeneID_309350588|LUM|XP_081733682.1
LUM	XP_081890181.1	GeneID=309428911	343	kept	representative	XP_081890181.1 LUM [organism=Branta canadensis] [GeneID=309428911]	GeneID_309428911|LUM|XP_081890181.1
LUM	XP_052524805.1	GeneID=128073692	346	kept	representative	XP_052524805.1 LUM [organism=Tympanuchus pallidicinctus] [GeneID=128073692]	GeneID_128073692|LUM|XP_052524805.1
LUM	XP_059894082.1	isoform=X1	349	excluded	extra_isoform_same_species	XP_059894082.1 lum [organism=Gadus macrocephalus] [GeneID=132447392] [isoform=X1]	isoform_X1|LUM|XP_059894082.1
LUM	XP_059894083.1	isoform=X2	346	excluded	extra_isoform_same_species	XP_059894083.1 lum [organism=Gadus macrocephalus] [GeneID=132447392] [isoform=X2]	isoform_X2|LUM|XP_059894083.1
LUM	XP_084993541.1	GeneID=146499494	342	kept	representative	XP_084993541.1 lum [organism=Neolamprologus multifasciatus] [GeneID=146499494]	GeneID_146499494|LUM|XP_084993541.1
LUM	XP_084993542.1	GeneID=146499494	342	excluded	extra_isoform_same_species	XP_084993542.1 lum [organism=Neolamprologus multifasciatus] [GeneID=146499494]	GeneID_146499494|LUM|XP_084993542.1
LUM	XP_084566833.1	GeneID=146306885	342	kept	representative	XP_084566833.1 lum [organism=Lutjanus erythropterus] [GeneID=146306885]	GeneID_146306885|LUM|XP_084566833.1
LUM	XP_042648572.1	GeneID=104367534	343	kept	representative	XP_042648572.1 LUM [organism=Tyto alba] [GeneID=104367534]	GeneID_104367534|LUM|XP_042648572.1
LUM	XP_060745791.1	GeneID=132859163	342	kept	representative	XP_060745791.1 lum [organism=Tachysurus vachellii] [GeneID=132859163]	GeneID_132859163|LUM|XP_060745791.1
LUM	XP_060745792.1	GeneID=132859163	342	excluded	extra_isoform_same_species	XP_060745792.1 lum [organism=Tachysurus vachellii] [GeneID=132859163]	GeneID_132859163|LUM|XP_060745792.1
LUM	XP_032602118.2	GeneID=100225377	343	kept	representative	XP_032602118.2 LUM [organism=Taeniopygia guttata] [GeneID=100225377]	GeneID_100225377|LUM|XP_032602118.2
LUM	XP_010885686.2	GeneID=105020391	342	kept	representative	XP_010885686.2 lum [organism=Esox lucius] [GeneID=105020391]	GeneID_105020391|LUM|XP_010885686.2
LUM	XP_086255042.1	isoform=X1	437	excluded	extra_isoform_same_species	XP_086255042.1 LUM [organism=Bos grunniens] [GeneID=147371392] [isoform=X1]	isoform_X1|LUM|XP_086255042.1
LUM	XP_086255043.1	isoform=X2	378	excluded	extra_isoform_same_species	XP_086255043.1 LUM [organism=Bos grunniens] [GeneID=147371392] [isoform=X2]	isoform_X2|LUM|XP_086255043.1
LUM	XP_086255044.1	isoform=X3	358	excluded	extra_isoform_same_species	XP_086255044.1 LUM [organism=Bos grunniens] [GeneID=147371392] [isoform=X3]	isoform_X3|LUM|XP_086255044.1
LUM	XP_086255045.1	isoform=X4	342	kept	representative	XP_086255045.1 LUM [organism=Bos grunniens] [GeneID=147371392] [isoform=X4]	isoform_X4|LUM|XP_086255045.1
LUM	XP_053169908.1	GeneID=128353246	342	kept	representative	XP_053169908.1 lum [organism=Scomber japonicus] [GeneID=128353246]	GeneID_128353246|LUM|XP_053169908.1
LUM	XP_058273220.1	GeneID=131370134	341	kept	representative	XP_058273220.1 lum [organism=Hemibagrus wyckioides] [GeneID=131370134]	GeneID_131370134|LUM|XP_058273220.1
LUM	XP_062989879.1	GeneID=134403542	349	kept	representative	XP_062989879.1 LUM [organism=Elgaria multicarinata webbii] [GeneID=134403542]	GeneID_134403542|LUM|XP_062989879.1
LUM	XP_034434463.1	GeneID=117757420	342	kept	representative	XP_034434463.1 lum [organism=Hippoglossus hippoglossus] [GeneID=117757420]	GeneID_117757420|LUM|XP_034434463.1
LUM	NP_001263286.1	GeneID=417891	343	kept	representative	NP_001263286.1 LUM [organism=Gallus gallus] [GeneID=417891]	GeneID_417891|LUM|NP_001263286.1
LUM	XP_053111935.1	GeneID=128327303	349	kept	representative	XP_053111935.1 LUM [organism=Hemicordylus capensis] [GeneID=128327303]	GeneID_128327303|LUM|XP_053111935.1
LUM	XP_053111936.1	GeneID=128327303	349	excluded	extra_isoform_same_species	XP_053111936.1 LUM [organism=Hemicordylus capensis] [GeneID=128327303]	GeneID_128327303|LUM|XP_053111936.1
LUM	XP_053111937.1	GeneID=128327303	349	excluded	extra_isoform_same_species	XP_053111937.1 LUM [organism=Hemicordylus capensis] [GeneID=128327303]	GeneID_128327303|LUM|XP_053111937.1
LUM	XP_053111938.1	GeneID=128327303	349	excluded	extra_isoform_same_species	XP_053111938.1 LUM [organism=Hemicordylus capensis] [GeneID=128327303]	GeneID_128327303|LUM|XP_053111938.1
LUM	XP_031169174.1	GeneID=116060003	342	kept	representative	XP_031169174.1 lum [organism=Sander lucioperca] [GeneID=116060003]	GeneID_116060003|LUM|XP_031169174.1
LUM	XP_072311195.1	GeneID=140368174	340	kept	representative	XP_072311195.1 lum [organism=Eucyclogobius newberryi] [GeneID=140368174]	GeneID_140368174|LUM|XP_072311195.1
LUM	XP_074807236.1	GeneID=141986548	348	kept	representative	XP_074807236.1 LUM [organism=Natator depressus] [GeneID=141986548]	GeneID_141986548|LUM|XP_074807236.1
LUM	XP_010631651.1	GeneID=104868550	337	kept	representative	XP_010631651.1 Lum [organism=Fukomys damarensis] [GeneID=104868550]	GeneID_104868550|LUM|XP_010631651.1
LUM	XP_021543193.1	GeneID=110578004	338	kept	representative	XP_021543193.1 LUM [organism=Neomonachus schauinslandi] [GeneID=110578004]	GeneID_110578004|LUM|XP_021543193.1
LUM	XP_015338433.1	GeneID=107140018	338	kept	representative	XP_015338433.1 Lum [organism=Marmota marmota marmota] [GeneID=107140018]	GeneID_107140018|LUM|XP_015338433.1
LUM	XP_050756913.1	GeneID=127019043	343	kept	representative	XP_050756913.1 LUM [organism=Gymnogyps californianus] [GeneID=127019043]	GeneID_127019043|LUM|XP_050756913.1
LUM	XP_082651175.1	GeneID=309896619	343	kept	representative	XP_082651175.1 LUM [organism=Cygnus columbianus] [GeneID=309896619]	GeneID_309896619|LUM|XP_082651175.1
LUM	XP_053364794.1	GeneID=128534398	343	kept	representative	XP_053364794.1 lum [organism=Clarias gariepinus] [GeneID=128534398]	GeneID_128534398|LUM|XP_053364794.1
LUM	XP_008398802.2	GeneID=103459206	342	kept	representative	XP_008398802.2 lum [organism=Poecilia reticulata] [GeneID=103459206]	GeneID_103459206|LUM|XP_008398802.2
LUM	XP_005324490.1	GeneID=101975592	338	kept	representative	XP_005324490.1 Lum [organism=Ictidomys tridecemlineatus] [GeneID=101975592]	GeneID_101975592|LUM|XP_005324490.1
LUM	XP_048214348.1	GeneID=125360441	339	kept	representative	XP_048214348.1 Lum [organism=Perognathus longimembris pacificus] [GeneID=125360441]	GeneID_125360441|LUM|XP_048214348.1
LUM	XP_082206581.1	isoform=1	339	excluded	extra_isoform_same_species	XP_082206581.1 LUM [organism=Balaenoptera borealis] [GeneID=309609226] [isoform=1]	isoform_1|LUM|XP_082206581.1
LUM	XP_082206582.1	isoform=1	339	excluded	extra_isoform_same_species	XP_082206582.1 LUM [organism=Balaenoptera borealis] [GeneID=309609226] [isoform=1]	isoform_1|LUM|XP_082206582.1
LUM	XP_010285731.1	GeneID=104621043	343	kept	representative	XP_010285731.1 LUM [organism=Phaethon lepturus] [GeneID=104621043]	GeneID_104621043|LUM|XP_010285731.1
LUM	XP_084558080.1	GeneID=146276233	339	kept	representative	XP_084558080.1 lum [organism=Hypomesus nipponensis] [GeneID=146276233]	GeneID_146276233|LUM|XP_084558080.1
LUM	XP_043417988.1	GeneID=122472473	339	kept	representative	XP_043417988.1 LUM [organism=Prionailurus bengalensis] [GeneID=122472473]	GeneID_122472473|LUM|XP_043417988.1
LUM	XP_043417989.1	GeneID=122472473	339	excluded	extra_isoform_same_species	XP_043417989.1 LUM [organism=Prionailurus bengalensis] [GeneID=122472473]	GeneID_122472473|LUM|XP_043417989.1
LUM	XP_054071338.1	GeneID=128915254	343	kept	representative	XP_054071338.1 LUM [organism=Rissa tridactyla] [GeneID=128915254]	GeneID_128915254|LUM|XP_054071338.1
LUM	XP_058047247.1	GeneID=131202354	345	kept	representative	XP_058047247.1 LUM [organism=Ahaetulla prasina] [GeneID=131202354]	GeneID_131202354|LUM|XP_058047247.1
LUM	XP_064511542.1	GeneID=135414570	343	kept	representative	XP_064511542.1 LUM [organism=Pseudopipra pipra] [GeneID=135414570]	GeneID_135414570|LUM|XP_064511542.1
LUM	XP_009810306.1	GeneID=104253156	343	kept	representative	XP_009810306.1 LUM [organism=Gavia stellata] [GeneID=104253156]	GeneID_104253156|LUM|XP_009810306.1
LUM	XP_066490098.1	GeneID=136657268	348	kept	representative	XP_066490098.1 LUM [organism=Tiliqua scincoides] [GeneID=136657268]	GeneID_136657268|LUM|XP_066490098.1
LUM	XP_072233627.1	GeneID=140282931	342	kept	representative	XP_072233627.1 lum [organism=Leuresthes tenuis] [GeneID=140282931]	GeneID_140282931|LUM|XP_072233627.1
LUM	XP_007085676.1	GeneID=102952168	339	kept	representative	XP_007085676.1 LUM [organism=Panthera tigris] [GeneID=102952168]	GeneID_102952168|LUM|XP_007085676.1
LUM	XP_013802896.1	GeneID=106488583	343	kept	representative	XP_013802896.1 LUM [organism=Apteryx mantelli] [GeneID=106488583]	GeneID_106488583|LUM|XP_013802896.1
LUM	XP_051886279.1	GeneID=127578373	342	kept	representative	XP_051886279.1 lum [organism=Pristis pectinata] [GeneID=127578373]	GeneID_127578373|LUM|XP_051886279.1
LUM	XP_051886281.1	GeneID=127578373	342	excluded	extra_isoform_same_species	XP_051886281.1 lum [organism=Pristis pectinata] [GeneID=127578373]	GeneID_127578373|LUM|XP_051886281.1
LUM	XP_051886282.1	GeneID=127578373	342	excluded	extra_isoform_same_species	XP_051886282.1 lum [organism=Pristis pectinata] [GeneID=127578373]	GeneID_127578373|LUM|XP_051886282.1
LUM	XP_077034877.1	GeneID=129119746	343	kept	representative	XP_077034877.1 LUM [organism=Agelaius phoeniceus] [GeneID=129119746]	GeneID_129119746|LUM|XP_077034877.1
LUM	XP_026778367.1	GeneID=113531706	341	kept	representative	XP_026778367.1 lum [organism=Pangasianodon hypophthalmus] [GeneID=113531706]	GeneID_113531706|LUM|XP_026778367.1
LUM	XP_069346274.1	GeneID=138396618	338	kept	representative	XP_069346274.1 LUM [organism=Eulemur rufifrons] [GeneID=138396618]	GeneID_138396618|LUM|XP_069346274.1
LUM	XP_006063015.1	GeneID=102402291	342	kept	representative	XP_006063015.1 LUM [organism=Bubalus bubalis] [GeneID=102402291]	GeneID_102402291|LUM|XP_006063015.1
LUM	XP_029811605.1	GeneID=115305475	339	kept	representative	XP_029811605.1 LUM [organism=Suricata suricatta] [GeneID=115305475]	GeneID_115305475|LUM|XP_029811605.1
LUM	XP_012878822.1	GeneID=105990847	339	kept	representative	XP_012878822.1 Lum [organism=Dipodomys ordii] [GeneID=105990847]	GeneID_105990847|LUM|XP_012878822.1
LUM	XP_051857061.1	GeneID=127564519	341	kept	representative	XP_051857061.1 LUM [organism=Antechinus flavipes] [GeneID=127564519]	GeneID_127564519|LUM|XP_051857061.1
LUM	XP_052496414.1	GeneID=128048005	342	kept	representative	XP_052496414.1 LUM [organism=Budorcas taxicolor] [GeneID=128048005]	GeneID_128048005|LUM|XP_052496414.1
LUM	XP_052496415.1	GeneID=128048005	342	excluded	extra_isoform_same_species	XP_052496415.1 LUM [organism=Budorcas taxicolor] [GeneID=128048005]	GeneID_128048005|LUM|XP_052496415.1
LUM	XP_017659966.1	GeneID=108492295	343	kept	representative	XP_017659966.1 LUM [organism=Lepidothrix coronata] [GeneID=108492295]	GeneID_108492295|LUM|XP_017659966.1
LUM	XP_033807669.1	GeneID=117363671	346	kept	representative	XP_033807669.1 LUM [organism=Geotrypetes seraphini] [GeneID=117363671]	GeneID_117363671|LUM|XP_033807669.1
LUM	XP_033807670.1	GeneID=117363671	346	excluded	extra_isoform_same_species	XP_033807670.1 LUM [organism=Geotrypetes seraphini] [GeneID=117363671]	GeneID_117363671|LUM|XP_033807670.1
LUM	XP_045728823.1	GeneID=123843443	338	kept	representative	XP_045728823.1 LUM [organism=Mirounga angustirostris] [GeneID=123843443]	GeneID_123843443|LUM|XP_045728823.1
LUM	XP_005480732.1	GeneID=102063284	343	kept	representative	XP_005480732.1 LUM [organism=Zonotrichia albicollis] [GeneID=102063284]	GeneID_102063284|LUM|XP_005480732.1
LUM	XP_063073626.1	GeneID=134464106	344	kept	representative	XP_063073626.1 lum [organism=Engraulis encrasicolus] [GeneID=134464106]	GeneID_134464106|LUM|XP_063073626.1
LUM	XP_079672824.1	isoform=1	344	excluded	extra_isoform_same_species	XP_079672824.1 lum [organism=Gobio gobio] [GeneID=307126247] [isoform=1]	isoform_1|LUM|XP_079672824.1
LUM	XP_079672825.1	isoform=1	344	excluded	extra_isoform_same_species	XP_079672825.1 lum [organism=Gobio gobio] [GeneID=307126247] [isoform=1]	isoform_1|LUM|XP_079672825.1
LUM	XP_038636707.1	GeneID=119954996	339	kept	representative	XP_038636707.1 lum [organism=Scyliorhinus canicula] [GeneID=119954996]	GeneID_119954996|LUM|XP_038636707.1
LUM	XP_038636708.1	GeneID=119954996	339	excluded	extra_isoform_same_species	XP_038636708.1 lum [organism=Scyliorhinus canicula] [GeneID=119954996]	GeneID_119954996|LUM|XP_038636708.1
LUM	XP_079255156.1	isoform=1	344	excluded	extra_isoform_same_species	XP_079255156.1 lum [organism=Barbus barbus] [GeneID=306858465] [isoform=1]	isoform_1|LUM|XP_079255156.1
LUM	XP_079255157.1	isoform=1	344	excluded	extra_isoform_same_species	XP_079255157.1 lum [organism=Barbus barbus] [GeneID=306858465] [isoform=1]	isoform_1|LUM|XP_079255157.1
LUM	XP_031363514.1	GeneID=110469362	343	kept	representative	XP_031363514.1 LUM [organism=Lonchura striata] [GeneID=110469362]	GeneID_110469362|LUM|XP_031363514.1
LUM	XP_080517432.1	GeneID=308244928	340	kept	representative	XP_080517432.1 LUM [organism=Plecotus auritus] [GeneID=308244928]	GeneID_308244928|LUM|XP_080517432.1
LUM	XP_008501435.1	GeneID=103536962	343	kept	representative	XP_008501435.1 LUM [organism=Calypte anna] [GeneID=103536962]	GeneID_103536962|LUM|XP_008501435.1
LUM	XP_026183228.1	GeneID=113142424	342	kept	representative	XP_026183228.1 lum [organism=Mastacembelus armatus] [GeneID=113142424]	GeneID_113142424|LUM|XP_026183228.1
LUM	XP_026183230.1	GeneID=113142424	342	excluded	extra_isoform_same_species	XP_026183230.1 lum [organism=Mastacembelus armatus] [GeneID=113142424]	GeneID_113142424|LUM|XP_026183230.1
LUM	XP_085758968.1	GeneID=147040029	341	kept	representative	XP_085758968.1 lum [organism=Syngnathus leptorhynchus] [GeneID=147040029]	GeneID_147040029|LUM|XP_085758968.1
LUM	XP_053262824.1	GeneID=128422630	349	kept	representative	XP_053262824.1 LUM [organism=Podarcis raffonei] [GeneID=128422630]	GeneID_128422630|LUM|XP_053262824.1
LUM	XP_028426525.1	GeneID=114550144	342	kept	representative	XP_028426525.1 lum [organism=Perca flavescens] [GeneID=114550144]	GeneID_114550144|LUM|XP_028426525.1
LUM	XP_047245126.1	GeneID=124882686	342	kept	representative	XP_047245126.1 lum [organism=Girardinichthys multiradiatus] [GeneID=124882686]	GeneID_124882686|LUM|XP_047245126.1
LUM	XP_057613971.1	GeneID=130866499	338	kept	representative	XP_057613971.1 Lum [organism=Chionomys nivalis] [GeneID=130866499]	GeneID_130866499|LUM|XP_057613971.1
LUM	XP_005242715.1	GeneID=101923786	343	kept	representative	XP_005242715.1 LUM [organism=Falco peregrinus] [GeneID=101923786]	GeneID_101923786|LUM|XP_005242715.1
LUM	XP_036617986.1	GeneID=118852367	340	kept	representative	XP_036617986.1 LUM [organism=Trichosurus vulpecula] [GeneID=118852367]	GeneID_118852367|LUM|XP_036617986.1
LUM	XP_054301075.1	GeneID=129010612	338	kept	representative	XP_054301075.1 LUM [organism=Pongo pygmaeus] [GeneID=129010612]	GeneID_129010612|LUM|XP_054301075.1
LUM	XP_003259698.1	GeneID=100595797	338	kept	representative	XP_003259698.1 LUM [organism=Nomascus leucogenys] [GeneID=100595797]	GeneID_100595797|LUM|XP_003259698.1
LUM	XP_009577915.1	GeneID=104078105	343	kept	representative	XP_009577915.1 LUM [organism=Fulmarus glacialis] [GeneID=104078105]	GeneID_104078105|LUM|XP_009577915.1
LUM	XP_010162378.1	GeneID=104521935	292	kept	representative	XP_010162378.1 LUM [organism=Antrostomus carolinensis] [GeneID=104521935]	GeneID_104521935|LUM|XP_010162378.1
LUM	XP_004548368.1	GeneID=101466877	342	kept	representative	XP_004548368.1 lum [organism=Maylandia zebra] [GeneID=101466877]	GeneID_101466877|LUM|XP_004548368.1
LUM	NP_001182609.1	GeneID=100008665	338	kept	representative	NP_001182609.1 LUM [organism=Oryctolagus cuniculus] [GeneID=100008665]	GeneID_100008665|LUM|NP_001182609.1
LUM	XP_069907360.1	isoform=X1	338	excluded	extra_isoform_same_species	XP_069907360.1 LUM [organism=Oryctolagus cuniculus] [GeneID=100008665] [isoform=X1]	isoform_X1|LUM|XP_069907360.1
LUM	XP_069907361.1	isoform=X1	338	excluded	extra_isoform_same_species	XP_069907361.1 LUM [organism=Oryctolagus cuniculus] [GeneID=100008665] [isoform=X1]	isoform_X1|LUM|XP_069907361.1
LUM	XP_056281280.1	isoform=X1	375	excluded	extra_isoform_same_species	XP_056281280.1 lum [organism=Pseudoliparis swirei] [GeneID=130200772] [isoform=X1]	isoform_X1|LUM|XP_056281280.1
LUM	XP_056281281.1	isoform=X2	374	excluded	extra_isoform_same_species	XP_056281281.1 lum [organism=Pseudoliparis swirei] [GeneID=130200772] [isoform=X2]	isoform_X2|LUM|XP_056281281.1
LUM	XP_006870782.1	GeneID=102818549	339	kept	representative	XP_006870782.1 LUM [organism=Chrysochloris asiatica] [GeneID=102818549]	GeneID_102818549|LUM|XP_006870782.1
LUM	XP_078098814.1	GeneID=144512112	342	kept	representative	XP_078098814.1 lum [organism=Sander vitreus] [GeneID=144512112]	GeneID_144512112|LUM|XP_078098814.1
LUM	XP_025914234.1	GeneID=112962376	343	kept	representative	XP_025914234.1 LUM [organism=Apteryx rowi] [GeneID=112962376]	GeneID_112962376|LUM|XP_025914234.1
LUM	XP_017349669.1	GeneID=108279748	341	kept	representative	XP_017349669.1 lum [organism=Ictalurus punctatus] [GeneID=108279748]	GeneID_108279748|LUM|XP_017349669.1
LUM	XP_017349670.1	GeneID=108279748	341	excluded	extra_isoform_same_species	XP_017349670.1 lum [organism=Ictalurus punctatus] [GeneID=108279748]	GeneID_108279748|LUM|XP_017349670.1
LUM	XP_043093892.1	GeneID=122343473	343	kept	representative	XP_043093892.1 lum [organism=Puntigrus tetrazona] [GeneID=122343473]	GeneID_122343473|LUM|XP_043093892.1
LUM	XP_077663821.1	GeneID=144259460	348	kept	representative	XP_077663821.1 LUM [organism=Eretmochelys imbricata] [GeneID=144259460]	GeneID_144259460|LUM|XP_077663821.1
LUM	XP_008141995.1	GeneID=103288056	339	kept	representative	XP_008141995.1 LUM [organism=Eptesicus fuscus] [GeneID=103288056]	GeneID_103288056|LUM|XP_008141995.1
LUM	XP_054574776.1	GeneID=103288056	339	excluded	extra_isoform_same_species	XP_054574776.1 LUM [organism=Eptesicus fuscus] [GeneID=103288056]	GeneID_103288056|LUM|XP_054574776.1
LUM	XP_026004168.1	GeneID=113009809	342	kept	representative	XP_026004168.1 lum [organism=Astatotilapia calliptera] [GeneID=113009809]	GeneID_113009809|LUM|XP_026004168.1
LUM	XP_059101432.1	GeneID=131895051	338	kept	representative	XP_059101432.1 Lum [organism=Peromyscus eremicus] [GeneID=131895051]	GeneID_131895051|LUM|XP_059101432.1
LUM	XP_061617587.1	GeneID=133471740	342	kept	representative	XP_061617587.1 lum [organism=Phyllopteryx taeniolatus] [GeneID=133471740]	GeneID_133471740|LUM|XP_061617587.1
LUM	XP_062238959.1	GeneID=133948897	341	kept	representative	XP_062238959.1 lum [organism=Platichthys flesus] [GeneID=133948897]	GeneID_133948897|LUM|XP_062238959.1
LUM	XP_074482058.1	isoform=X1	376	excluded	extra_isoform_same_species	XP_074482058.1 lum [organism=Sebastes fasciatus] [GeneID=141762093] [isoform=X1]	isoform_X1|LUM|XP_074482058.1
LUM	XP_074482059.1	isoform=X2	375	excluded	extra_isoform_same_species	XP_074482059.1 lum [organism=Sebastes fasciatus] [GeneID=141762093] [isoform=X2]	isoform_X2|LUM|XP_074482059.1
LUM	XP_030296608.1	GeneID=115595900	342	kept	representative	XP_030296608.1 lum [organism=Sparus aurata] [GeneID=115595900]	GeneID_115595900|LUM|XP_030296608.1
LUM	XP_030296609.1	GeneID=115595900	342	excluded	extra_isoform_same_species	XP_030296609.1 lum [organism=Sparus aurata] [GeneID=115595900]	GeneID_115595900|LUM|XP_030296609.1
LUM	XP_049739992.1	GeneID=126075863	340	kept	representative	XP_049739992.1 LUM [organism=Elephas maximus indicus] [GeneID=126075863]	GeneID_126075863|LUM|XP_049739992.1
LUM	XP_060020675.1	GeneID=132528686	340	kept	representative	XP_060020675.1 LUM [organism=Lagenorhynchus albirostris] [GeneID=132528686]	GeneID_132528686|LUM|XP_060020675.1
LUM	XP_070757626.1	GeneID=139281371	341	kept	representative	XP_070757626.1 lum [organism=Pristiophorus japonicus] [GeneID=139281371]	GeneID_139281371|LUM|XP_070757626.1
LUM	XP_070976708.1	GeneID=139378435	342	kept	representative	XP_070976708.1 lum [organism=Oncorhynchus clarkii lewisi] [GeneID=139378435]	GeneID_139378435|LUM|XP_070976708.1
LUM	XP_070976709.1	GeneID=139378435	342	excluded	extra_isoform_same_species	XP_070976709.1 lum [organism=Oncorhynchus clarkii lewisi] [GeneID=139378435]	GeneID_139378435|LUM|XP_070976709.1
LUM	XP_054480701.1	GeneID=129112571	342	kept	representative	XP_054480701.1 lum [organism=Anoplopoma fimbria] [GeneID=129112571]	GeneID_129112571|LUM|XP_054480701.1
LUM	XP_047407787.1	GeneID=124984047	338	kept	representative	XP_047407787.1 Lum [organism=Sciurus carolinensis] [GeneID=124984047]	GeneID_124984047|LUM|XP_047407787.1
LUM	XP_029457496.1	GeneID=115091366	350	kept	representative	XP_029457496.1 LUM [organism=Rhinatrema bivittatum] [GeneID=115091366]	GeneID_115091366|LUM|XP_029457496.1
LUM	XP_011743023.1	GeneID=105483741	338	kept	representative	XP_011743023.1 LUM [organism=Macaca nemestrina] [GeneID=105483741]	GeneID_105483741|LUM|XP_011743023.1
LUM	XP_075886235.1	GeneID=142890836	342	kept	representative	XP_075886235.1 lum [organism=Nelusetta ayraudi] [GeneID=142890836]	GeneID_142890836|LUM|XP_075886235.1
LUM	XP_074024924.1	GeneID=141479579	343	kept	representative	XP_074024924.1 LUM [organism=Numenius arquata] [GeneID=141479579]	GeneID_141479579|LUM|XP_074024924.1
LUM	XP_075130573.1	GeneID=142203597	346	kept	representative	XP_075130573.1 LUM [organism=Leptodactylus fuscus] [GeneID=142203597]	GeneID_142203597|LUM|XP_075130573.1
LUM	XP_079150788.1	isoform=1	342	excluded	extra_isoform_same_species	XP_079150788.1 lum [organism=Melanostigma gelatinosum] [GeneID=306795936] [isoform=1]	isoform_1|LUM|XP_079150788.1
LUM	XP_079150789.1	isoform=1	342	excluded	extra_isoform_same_species	XP_079150789.1 lum [organism=Melanostigma gelatinosum] [GeneID=306795936] [isoform=1]	isoform_1|LUM|XP_079150789.1
LUM	XP_028638936.1	GeneID=114634496	338	kept	representative	XP_028638936.1 Lum [organism=Grammomys surdaster] [GeneID=114634496]	GeneID_114634496|LUM|XP_028638936.1
LUM	XP_032620940.1	GeneID=116816085	349	kept	representative	XP_032620940.1 LUM [organism=Chelonoidis abingdonii] [GeneID=116816085]	GeneID_116816085|LUM|XP_032620940.1
LUM	XP_050180120.1	GeneID=126644611	343	kept	representative	XP_050180120.1 LUM [organism=Myiozetetes cayanensis] [GeneID=126644611]	GeneID_126644611|LUM|XP_050180120.1
LUM	XP_063761707.1	GeneID=134879240	342	kept	representative	XP_063761707.1 lum [organism=Eleginops maclovinus] [GeneID=134879240]	GeneID_134879240|LUM|XP_063761707.1
LUM	XP_081678316.1	GeneID=102748605	338	kept	representative	XP_081678316.1 LUM [organism=Leptonychotes weddellii] [GeneID=102748605]	GeneID_102748605|LUM|XP_081678316.1
LUM	XP_083791371.1	isoform=1	341	excluded	extra_isoform_same_species	XP_083791371.1 lum [organism=Echiichthys vipera] [GeneID=310962707] [isoform=1]	isoform_1|LUM|XP_083791371.1
LUM	XP_083791372.1	isoform=1	341	excluded	extra_isoform_same_species	XP_083791372.1 lum [organism=Echiichthys vipera] [GeneID=310962707] [isoform=1]	isoform_1|LUM|XP_083791372.1
LUM	NP_032550.2	GeneID=17022	338	kept	representative	NP_032550.2 Lum [organism=Mus musculus] [GeneID=17022]	GeneID_17022|LUM|NP_032550.2
LUM	XP_083557973.1	GeneID=310826688	349	kept	representative	XP_083557973.1 LUM [organism=Podarcis gaigeae] [GeneID=310826688]	GeneID_310826688|LUM|XP_083557973.1
LUM	XP_019488452.1	GeneID=109376783	339	kept	representative	XP_019488452.1 LUM [organism=Hipposideros armiger] [GeneID=109376783]	GeneID_109376783|LUM|XP_019488452.1
LUM	XP_019488453.1	GeneID=109376783	339	excluded	extra_isoform_same_species	XP_019488453.1 LUM [organism=Hipposideros armiger] [GeneID=109376783]	GeneID_109376783|LUM|XP_019488453.1
LUM	XP_083906196.1	isoform=1	343	excluded	extra_isoform_same_species	XP_083906196.1 lum [organism=Gymnoscopelus microlampas] [GeneID=311040009] [isoform=1]	isoform_1|LUM|XP_083906196.1
LUM	XP_083906197.1	isoform=1	343	excluded	extra_isoform_same_species	XP_083906197.1 lum [organism=Gymnoscopelus microlampas] [GeneID=311040009] [isoform=1]	isoform_1|LUM|XP_083906197.1
LUM	XP_003771065.1	GeneID=100922835	341	kept	representative	XP_003771065.1 LUM [organism=Sarcophilus harrisii] [GeneID=100922835]	GeneID_100922835|LUM|XP_003771065.1
LUM	XP_031793588.1	GeneID=100922835	341	excluded	extra_isoform_same_species	XP_031793588.1 LUM [organism=Sarcophilus harrisii] [GeneID=100922835]	GeneID_100922835|LUM|XP_031793588.1
LUM	XP_008002421.1	GeneID=103238849	338	kept	representative	XP_008002421.1 LUM [organism=Chlorocebus sabaeus] [GeneID=103238849]	GeneID_103238849|LUM|XP_008002421.1
LUM	XP_079040381.1	isoform=1	342	excluded	extra_isoform_same_species	XP_079040381.1 lum [organism=Pholis gunnellus] [GeneID=306714275] [isoform=1]	isoform_1|LUM|XP_079040381.1
LUM	XP_079040382.1	isoform=1	342	excluded	extra_isoform_same_species	XP_079040382.1 lum [organism=Pholis gunnellus] [GeneID=306714275] [isoform=1]	isoform_1|LUM|XP_079040382.1
LUM	XP_035281031.1	GeneID=118231386	346	kept	representative	XP_035281031.1 lum [organism=Anguilla anguilla] [GeneID=118231386]	GeneID_118231386|LUM|XP_035281031.1
LUM	XP_035281032.1	GeneID=118231386	346	excluded	extra_isoform_same_species	XP_035281032.1 lum [organism=Anguilla anguilla] [GeneID=118231386]	GeneID_118231386|LUM|XP_035281032.1
LUM	XP_003503922.1	GeneID=100755861	338	kept	representative	XP_003503922.1 Lum [organism=Cricetulus griseus] [GeneID=100755861]	GeneID_100755861|LUM|XP_003503922.1
LUM	XP_027249933.1	GeneID=100755861	338	excluded	extra_isoform_same_species	XP_027249933.1 Lum [organism=Cricetulus griseus] [GeneID=100755861]	GeneID_100755861|LUM|XP_027249933.1
LUM	XP_025848002.1	GeneID=112914903	338	kept	representative	XP_025848002.1 LUM [organism=Vulpes vulpes] [GeneID=112914903]	GeneID_112914903|LUM|XP_025848002.1
LUM	XP_027961276.1	GeneID=114211016	338	kept	representative	XP_027961276.1 LUM [organism=Eumetopias jubatus] [GeneID=114211016]	GeneID_114211016|LUM|XP_027961276.1
LUM	XP_061271711.1	GeneID=133247209	342	kept	representative	XP_061271711.1 LUM [organism=Bos javanicus] [GeneID=133247209]	GeneID_133247209|LUM|XP_061271711.1
LUM	XP_061271713.1	GeneID=133247209	342	excluded	extra_isoform_same_species	XP_061271713.1 LUM [organism=Bos javanicus] [GeneID=133247209]	GeneID_133247209|LUM|XP_061271713.1
LUM	XP_004748612.1	GeneID=101684107	337	kept	representative	XP_004748612.1 LUM [organism=Mustela putorius furo] [GeneID=101684107]	GeneID_101684107|LUM|XP_004748612.1
LUM	XP_052411274.1	GeneID=127956979	344	kept	representative	XP_052411274.1 lum [organism=Carassius gibelio] [GeneID=127956979]	GeneID_127956979|LUM|XP_052411274.1
LUM	XP_066525238.1	GeneID=136695215	344	kept	representative	XP_066525238.1 lum [organism=Hoplias malabaricus] [GeneID=136695215]	GeneID_136695215|LUM|XP_066525238.1
LUM	XP_029351009.1	GeneID=115036797	342	kept	representative	XP_029351009.1 lum [organism=Echeneis naucrates] [GeneID=115036797]	GeneID_115036797|LUM|XP_029351009.1
LUM	XP_004459881.1	GeneID=101445777	341	kept	representative	XP_004459881.1 LUM [organism=Dasypus novemcinctus] [GeneID=101445777]	GeneID_101445777|LUM|XP_004459881.1
LUM	XP_076190483.1	GeneID=143158426	343	kept	representative	XP_076190483.1 LUM [organism=Aptenodytes patagonicus] [GeneID=143158426]	GeneID_143158426|LUM|XP_076190483.1
LUM	NP_001253256.1	GeneID=709830	338	kept	representative	NP_001253256.1 LUM [organism=Macaca mulatta] [GeneID=709830]	GeneID_709830|LUM|NP_001253256.1
LUM	XP_027751155.1	GeneID=114063216	343	kept	representative	XP_027751155.1 LUM [organism=Empidonax traillii] [GeneID=114063216]	GeneID_114063216|LUM|XP_027751155.1
LUM	XP_039617735.1	GeneID=120534308	343	kept	representative	XP_039617735.1 lum [organism=Polypterus senegalus] [GeneID=120534308]	GeneID_120534308|LUM|XP_039617735.1
LUM	XP_016070770.1	GeneID=107538931	339	kept	representative	XP_016070770.1 LUM [organism=Miniopterus natalensis] [GeneID=107538931]	GeneID_107538931|LUM|XP_016070770.1
LUM	XP_025959918.1	GeneID=112985491	343	kept	representative	XP_025959918.1 LUM [organism=Dromaius novaehollandiae] [GeneID=112985491]	GeneID_112985491|LUM|XP_025959918.1
LUM	XP_055047055.2	GeneID=129432586	341	kept	representative	XP_055047055.2 lum [organism=Misgurnus anguillicaudatus] [GeneID=129432586]	GeneID_129432586|LUM|XP_055047055.2
LUM	XP_073724442.1	GeneID=129432586	341	excluded	extra_isoform_same_species	XP_073724442.1 lum [organism=Misgurnus anguillicaudatus] [GeneID=129432586]	GeneID_129432586|LUM|XP_073724442.1
LUM	XP_074082668.1	GeneID=141515191	340	kept	representative	XP_074082668.1 LUM [organism=Macrotis lagotis] [GeneID=141515191]	GeneID_141515191|LUM|XP_074082668.1
LUM	XP_004415614.1	GeneID=101364068	338	kept	representative	XP_004415614.1 LUM [organism=Odobenus rosmarus divergens] [GeneID=101364068]	GeneID_101364068|LUM|XP_004415614.1
LUM	XP_073410379.1	GeneID=141058115	346	kept	representative	XP_073410379.1 LUM [organism=Dendrobates tinctorius] [GeneID=141058115]	GeneID_141058115|LUM|XP_073410379.1
LUM	XP_081954728.1	GeneID=309461860	343	kept	representative	XP_081954728.1 LUM [organism=Larus argentatus] [GeneID=309461860]	GeneID_309461860|LUM|XP_081954728.1
LUM	XP_004623841.1	GeneID=101574552	338	kept	representative	XP_004623841.1 Lum [organism=Octodon degus] [GeneID=101574552]	GeneID_101574552|LUM|XP_004623841.1
LUM	XP_023572116.1	GeneID=101574552	338	excluded	extra_isoform_same_species	XP_023572116.1 Lum [organism=Octodon degus] [GeneID=101574552]	GeneID_101574552|LUM|XP_023572116.1
LUM	XP_014936329.1	GeneID=106982670	339	kept	representative	XP_014936329.1 LUM [organism=Acinonyx jubatus] [GeneID=106982670]	GeneID_106982670|LUM|XP_014936329.1
LUM	XP_059881330.1	GeneID=132433940	340	kept	representative	XP_059881330.1 LUM [organism=Delphinus delphis] [GeneID=132433940]	GeneID_132433940|LUM|XP_059881330.1
LUM	XP_077400917.1	GeneID=144035244	342	kept	representative	XP_077400917.1 lum [organism=Vanacampus margaritifer] [GeneID=144035244]	GeneID_144035244|LUM|XP_077400917.1
LUM	XP_021060770.1	GeneID=110326576	338	kept	representative	XP_021060770.1 Lum [organism=Mus pahari] [GeneID=110326576]	GeneID_110326576|LUM|XP_021060770.1
LUM	XP_042259496.1	GeneID=121890921	342	kept	representative	XP_042259496.1 lum [organism=Thunnus maccoyii] [GeneID=121890921]	GeneID_121890921|LUM|XP_042259496.1
LUM	XP_068856083.1	GeneID=138102259	343	kept	representative	XP_068856083.1 LUM [organism=Aphelocoma coerulescens] [GeneID=138102259]	GeneID_138102259|LUM|XP_068856083.1
LUM	XP_079511582.1	GeneID=307022611	342	kept	representative	XP_079511582.1 lum [organism=Notothenia rossii] [GeneID=307022611]	GeneID_307022611|LUM|XP_079511582.1
LUM	XP_082609144.1	GeneID=309874638	343	kept	representative	XP_082609144.1 LUM [organism=Aythya marila] [GeneID=309874638]	GeneID_309874638|LUM|XP_082609144.1
LUM	XP_054845403.1	GeneID=129336300	351	kept	representative	XP_054845403.1 LUM [organism=Eublepharis macularius] [GeneID=129336300]	GeneID_129336300|LUM|XP_054845403.1
LUM	XP_054845404.1	GeneID=129336300	351	excluded	extra_isoform_same_species	XP_054845404.1 LUM [organism=Eublepharis macularius] [GeneID=129336300]	GeneID_129336300|LUM|XP_054845404.1
LUM	XP_073507749.1	GeneID=141165763	346	kept	representative	XP_073507749.1 LUM [organism=Phyllobates terribilis] [GeneID=141165763]	GeneID_141165763|LUM|XP_073507749.1
LUM	XP_003221093.1	isoform=X2	349	excluded	extra_isoform_same_species	XP_003221093.1 lum [organism=Anolis carolinensis] [GeneID=100561888] [isoform=X2]	isoform_X2|LUM|XP_003221093.1
LUM	XP_016849239.1	isoform=X1	380	excluded	extra_isoform_same_species	XP_016849239.1 lum [organism=Anolis carolinensis] [GeneID=100561888] [isoform=X1]	isoform_X1|LUM|XP_016849239.1
LUM	XP_027519113.1	GeneID=113956582	343	kept	representative	XP_027519113.1 LUM [organism=Corapipo altera] [GeneID=113956582]	GeneID_113956582|LUM|XP_027519113.1
LUM	XP_042746428.1	GeneID=122190484	344	kept	representative	XP_042746428.1 LUM [organism=Lagopus leucura] [GeneID=122190484]	GeneID_122190484|LUM|XP_042746428.1
LUM	XP_027449191.2	GeneID=113921920	338	kept	representative	XP_027449191.2 LUM [organism=Zalophus californianus] [GeneID=113921920]	GeneID_113921920|LUM|XP_027449191.2
LUM	XP_008277095.1	GeneID=103355178	340	kept	representative	XP_008277095.1 lum [organism=Stegastes partitus] [GeneID=103355178]	GeneID_103355178|LUM|XP_008277095.1
LUM	XP_029902245.1	GeneID=115355534	342	kept	representative	XP_029902245.1 lum [organism=Myripristis murdjan] [GeneID=115355534]	GeneID_115355534|LUM|XP_029902245.1
LUM	XP_029902246.1	GeneID=115355534	342	excluded	extra_isoform_same_species	XP_029902246.1 lum [organism=Myripristis murdjan] [GeneID=115355534]	GeneID_115355534|LUM|XP_029902246.1
LUM	XP_084339559.1	GeneID=311363483	346	kept	representative	XP_084339559.1 lum [organism=Micromesistius poutassou] [GeneID=311363483]	GeneID_311363483|LUM|XP_084339559.1
LUM	XP_012609332.1	GeneID=105865373	338	kept	representative	XP_012609332.1 LUM [organism=Microcebus murinus] [GeneID=105865373]	GeneID_105865373|LUM|XP_012609332.1
LUM	XP_055094212.1	GeneID=129460435	338	kept	representative	XP_055094212.1 LUM [organism=Symphalangus syndactylus] [GeneID=129460435]	GeneID_129460435|LUM|XP_055094212.1
LUM	XP_019370400.1	GeneID=109295788	342	kept	representative	XP_019370400.1 LUM [organism=Gavialis gangeticus] [GeneID=109295788]	GeneID_109295788|LUM|XP_019370400.1
LUM	XP_036313535.1	GeneID=118729999	341	kept	representative	XP_036313535.1 LUM [organism=Pipistrellus kuhlii] [GeneID=118729999]	GeneID_118729999|LUM|XP_036313535.1
LUM	XP_049991499.1	GeneID=126497488	338	kept	representative	XP_049991499.1 Lum [organism=Alexandromys fortis] [GeneID=126497488]	GeneID_126497488|LUM|XP_049991499.1
LUM	XP_065279704.1	GeneID=135895522	349	kept	representative	XP_065279704.1 LUM [organism=Emys orbicularis] [GeneID=135895522]	GeneID_135895522|LUM|XP_065279704.1
LUM	XP_024139728.1	GeneID=112153610	342	kept	representative	XP_024139728.1 lum [organism=Oryzias melastigma] [GeneID=112153610]	GeneID_112153610|LUM|XP_024139728.1
LUM	XP_013911966.1	GeneID=106541143	344	kept	representative	XP_013911966.1 LUM [organism=Thamnophis sirtalis] [GeneID=106541143]	GeneID_106541143|LUM|XP_013911966.1
LUM	XP_013911967.1	GeneID=106541143	344	excluded	extra_isoform_same_species	XP_013911967.1 LUM [organism=Thamnophis sirtalis] [GeneID=106541143]	GeneID_106541143|LUM|XP_013911967.1
LUM	XP_025891299.1	GeneID=112944136	343	kept	representative	XP_025891299.1 LUM [organism=Nothoprocta perdicaria] [GeneID=112944136]	GeneID_112944136|LUM|XP_025891299.1
LUM	XP_068128875.1	GeneID=137561476	353	kept	representative	XP_068128875.1 LUM [organism=Hyperolius riggenbachi] [GeneID=137561476]	GeneID_137561476|LUM|XP_068128875.1
LUM	XP_077450141.1	GeneID=144069002	342	kept	representative	XP_077450141.1 lum [organism=Stigmatopora argus] [GeneID=144069002]	GeneID_144069002|LUM|XP_077450141.1
LUM	XP_084734967.1	GeneID=311619990	341	kept	representative	XP_084734967.1 LUM [organism=Pipistrellus hanaki] [GeneID=311619990]	GeneID_311619990|LUM|XP_084734967.1
LUM	XP_050995695.1	GeneID=127183656	340	kept	representative	XP_050995695.1 Lum [organism=Acomys russatus] [GeneID=127183656]	GeneID_127183656|LUM|XP_050995695.1
LUM	XP_053572882.1	GeneID=128662884	351	kept	representative	XP_053572882.1 LUM [organism=Bombina bombina] [GeneID=128662884]	GeneID_128662884|LUM|XP_053572882.1
LUM	XP_084018249.1	GeneID=311129715	342	kept	representative	XP_084018249.1 lum [organism=Coregonus lavaretus] [GeneID=311129715]	GeneID_311129715|LUM|XP_084018249.1
LUM	XP_062059120.1	GeneID=133768517	338	kept	representative	XP_062059120.1 LUM [organism=Lepus europaeus] [GeneID=133768517]	GeneID_133768517|LUM|XP_062059120.1
LUM	XP_069436770.1	GeneID=138435708	342	kept	representative	XP_069436770.1 LUM [organism=Ovis canadensis] [GeneID=138435708]	GeneID_138435708|LUM|XP_069436770.1
LUM	XP_072341047.1	GeneID=140396374	341	kept	representative	XP_072341047.1 lum [organism=Scyliorhinus torazame] [GeneID=140396374]	GeneID_140396374|LUM|XP_072341047.1
LUM	XP_083257385.1	GeneID=310658869	349	kept	representative	XP_083257385.1 LUM [organism=Podarcis tiliguerta] [GeneID=310658869]	GeneID_310658869|LUM|XP_083257385.1
LUM	XP_010336786.1	GeneID=101051281	338	kept	representative	XP_010336786.1 LUM [organism=Saimiri boliviensis] [GeneID=101051281]	GeneID_101051281|LUM|XP_010336786.1
LUM	XP_062339530.1	GeneID=134037967	339	kept	representative	XP_062339530.1 lum [organism=Osmerus eperlanus] [GeneID=134037967]	GeneID_134037967|LUM|XP_062339530.1
LUM	XP_062339531.1	GeneID=134037967	339	excluded	extra_isoform_same_species	XP_062339531.1 lum [organism=Osmerus eperlanus] [GeneID=134037967]	GeneID_134037967|LUM|XP_062339531.1
LUM	XP_077628362.1	GeneID=144238431	339	kept	representative	XP_077628362.1 LUM [organism=Crocuta crocuta] [GeneID=144238431]	GeneID_144238431|LUM|XP_077628362.1
LUM	XP_039523530.1	GeneID=120476533	344	kept	representative	XP_039523530.1 lum [organism=Pimephales promelas] [GeneID=120476533]	GeneID_120476533|LUM|XP_039523530.1
LUM	XP_058597801.1	GeneID=131519114	339	kept	representative	XP_058597801.1 LUM [organism=Neofelis nebulosa] [GeneID=131519114]	GeneID_131519114|LUM|XP_058597801.1
LUM	XP_068417406.1	GeneID=137775437	339	kept	representative	XP_068417406.1 LUM [organism=Eschrichtius robustus] [GeneID=137775437]	GeneID_137775437|LUM|XP_068417406.1
LUM	XP_068417407.1	GeneID=137775437	339	excluded	extra_isoform_same_species	XP_068417407.1 LUM [organism=Eschrichtius robustus] [GeneID=137775437]	GeneID_137775437|LUM|XP_068417407.1
LUM	XP_069571878.1	GeneID=138631055	342	kept	representative	XP_069571878.1 lum [organism=Brachyistius frenatus] [GeneID=138631055]	GeneID_138631055|LUM|XP_069571878.1
LUM	XP_069571879.1	GeneID=138631055	342	excluded	extra_isoform_same_species	XP_069571879.1 lum [organism=Brachyistius frenatus] [GeneID=138631055]	GeneID_138631055|LUM|XP_069571879.1
LUM	XP_083894487.1	GeneID=311031838	341	kept	representative	XP_083894487.1 lum [organism=Eutrigla gurnardus] [GeneID=311031838]	GeneID_311031838|LUM|XP_083894487.1
LUM	XP_006258420.1	GeneID=102565796	342	kept	representative	XP_006258420.1 LUM [organism=Alligator mississippiensis] [GeneID=102565796]	GeneID_102565796|LUM|XP_006258420.1
LUM	XP_018541159.1	GeneID=108889272	342	kept	representative	XP_018541159.1 lum [organism=Lates calcarifer] [GeneID=108889272]	GeneID_108889272|LUM|XP_018541159.1
LUM	XP_041637310.1	GeneID=121505824	342	kept	representative	XP_041637310.1 lum [organism=Cheilinus undulatus] [GeneID=121505824]	GeneID_121505824|LUM|XP_041637310.1
LUM	XP_055973045.1	GeneID=130026310	343	kept	representative	XP_055973045.1 LUM [organism=Sorex fumeus] [GeneID=130026310]	GeneID_130026310|LUM|XP_055973045.1
LUM	XP_001368917.2	GeneID=100014644	341	kept	representative	XP_001368917.2 LUM [organism=Monodelphis domestica] [GeneID=100014644]	GeneID_100014644|LUM|XP_001368917.2
LUM	XP_064587666.1	GeneID=135457186	343	kept	representative	XP_064587666.1 LUM [organism=Zonotrichia leucophrys gambelii] [GeneID=135457186]	GeneID_135457186|LUM|XP_064587666.1
LUM	XP_014819474.1	GeneID=106901345	343	kept	representative	XP_014819474.1 LUM [organism=Calidris pugnax] [GeneID=106901345]	GeneID_106901345|LUM|XP_014819474.1
LUM	XP_061109122.1	GeneID=133135843	346	kept	representative	XP_061109122.1 lum [organism=Conger conger] [GeneID=133135843]	GeneID_133135843|LUM|XP_061109122.1
LUM	XP_043963646.1	GeneID=122826167	342	kept	representative	XP_043963646.1 lum [organism=Gambusia affinis] [GeneID=122826167]	GeneID_122826167|LUM|XP_043963646.1
LUM	XP_022045811.1	GeneID=110948546	342	kept	representative	XP_022045811.1 lum [organism=Acanthochromis polyacanthus] [GeneID=110948546]	GeneID_110948546|LUM|XP_022045811.1
LUM	XP_051812402.1	GeneID=110948546	342	excluded	extra_isoform_same_species	XP_051812402.1 lum [organism=Acanthochromis polyacanthus] [GeneID=110948546]	GeneID_110948546|LUM|XP_051812402.1
LUM	XP_033019243.1	GeneID=117054475	349	kept	representative	XP_033019243.1 LUM [organism=Lacerta agilis] [GeneID=117054475]	GeneID_117054475|LUM|XP_033019243.1
LUM	XP_004384256.1	GeneID=101347194	340	kept	representative	XP_004384256.1 LUM [organism=Trichechus manatus latirostris] [GeneID=101347194]	GeneID_101347194|LUM|XP_004384256.1
LUM	XP_071406039.1	GeneID=139669447	343	kept	representative	XP_071406039.1 LUM [organism=Pithys albifrons albifrons] [GeneID=139669447]	GeneID_139669447|LUM|XP_071406039.1
LUM	XP_010019195.1	GeneID=104410658	303	kept	representative	XP_010019195.1 LUM [organism=Nestor notabilis] [GeneID=104410658]	GeneID_104410658|LUM|XP_010019195.1
LUM	XP_069485367.1	GeneID=138514030	352	kept	representative	XP_069485367.1 LUM [organism=Ambystoma mexicanum] [GeneID=138514030]	GeneID_138514030|LUM|XP_069485367.1
LUM	XP_079724395.1	GeneID=307156757	344	kept	representative	XP_079724395.1 lum [organism=Squalius cephalus] [GeneID=307156757]	GeneID_307156757|LUM|XP_079724395.1
LUM	XP_022350752.1	GeneID=111142093	337	kept	representative	XP_022350752.1 LOC111142093 [organism=Enhydra lutris kenyoni] [GeneID=111142093]	GeneID_111142093|LUM|XP_022350752.1
LUM	XP_079612226.1	GeneID=307089695	346	kept	representative	XP_079612226.1 lum [organism=Pollachius pollachius] [GeneID=307089695]	GeneID_307089695|LUM|XP_079612226.1
LUM	XP_015668387.1	GeneID=107284784	344	kept	representative	XP_015668387.1 LUM [organism=Protobothrops mucrosquamatus] [GeneID=107284784]	GeneID_107284784|LUM|XP_015668387.1
LUM	XP_004330174.1	isoform=X2	340	excluded	extra_isoform_same_species	XP_004330174.1 LUM [organism=Tursiops truncatus] [GeneID=101328149] [isoform=X2]	isoform_X2|LUM|XP_004330174.1
LUM	XP_019774278.1	isoform=X1	375	excluded	extra_isoform_same_species	XP_019774278.1 LUM [organism=Tursiops truncatus] [GeneID=101328149] [isoform=X1]	isoform_X1|LUM|XP_019774278.1
LUM	XP_026549460.1	GeneID=113431340	345	kept	representative	XP_026549460.1 LUM [organism=Notechis scutatus] [GeneID=113431340]	GeneID_113431340|LUM|XP_026549460.1
LUM	XP_069620470.1	GeneID=138675815	345	kept	representative	XP_069620470.1 LUM [organism=Ranitomeya imitator] [GeneID=138675815]	GeneID_138675815|LUM|XP_069620470.1
LUM	XP_015256382.1	GeneID=107101834	342	kept	representative	XP_015256382.1 lum [organism=Cyprinodon variegatus] [GeneID=107101834]	GeneID_107101834|LUM|XP_015256382.1
LUM	XP_015256383.1	GeneID=107101834	342	excluded	extra_isoform_same_species	XP_015256383.1 lum [organism=Cyprinodon variegatus] [GeneID=107101834]	GeneID_107101834|LUM|XP_015256383.1
LUM	XP_051062251.1	GeneID=127237884	341	kept	representative	XP_051062251.1 Lum [organism=Phodopus roborovskii] [GeneID=127237884]	GeneID_127237884|LUM|XP_051062251.1
LUM	XP_073476289.1	GeneID=141132128	347	kept	representative	XP_073476289.1 LUM [organism=Aquarana catesbeiana] [GeneID=141132128]	GeneID_141132128|LUM|XP_073476289.1
LUM	XP_049892633.1	GeneID=126385130	342	kept	representative	XP_049892633.1 lum [organism=Epinephelus moara] [GeneID=126385130]	GeneID_126385130|LUM|XP_049892633.1
LUM	XP_012725172.2	GeneID=105931161	342	kept	representative	XP_012725172.2 lum [organism=Fundulus heteroclitus] [GeneID=105931161]	GeneID_105931161|LUM|XP_012725172.2
LUM	XP_021519150.1	GeneID=110565732	338	kept	representative	XP_021519150.1 Lum [organism=Meriones unguiculatus] [GeneID=110565732]	GeneID_110565732|LUM|XP_021519150.1
LUM	XP_046235558.1	GeneID=124053979	342	kept	representative	XP_046235558.1 lum [organism=Scatophagus argus] [GeneID=124053979]	GeneID_124053979|LUM|XP_046235558.1
LUM	XP_008313748.1	GeneID=103382667	342	kept	representative	XP_008313748.1 lum [organism=Cynoglossus semilaevis] [GeneID=103382667]	GeneID_103382667|LUM|XP_008313748.1
LUM	XP_009922102.2	GeneID=104321206	343	kept	representative	XP_009922102.2 LUM [organism=Haliaeetus albicilla] [GeneID=104321206]	GeneID_104321206|LUM|XP_009922102.2
LUM	XP_020633090.2	GeneID=110069850	349	kept	representative	XP_020633090.2 LUM [organism=Pogona vitticeps] [GeneID=110069850]	GeneID_110069850|LUM|XP_020633090.2
LUM	XP_070263693.1	GeneID=139005307	339	kept	representative	XP_070263693.1 LUM [organism=Myotis yumanensis] [GeneID=139005307]	GeneID_139005307|LUM|XP_070263693.1
LUM	XP_069845842.1	GeneID=138805135	339	kept	representative	XP_069845842.1 Lum [organism=Dipodomys merriami] [GeneID=138805135]	GeneID_138805135|LUM|XP_069845842.1
LUM	XP_077356235.1	GeneID=144003642	342	kept	representative	XP_077356235.1 lum [organism=Festucalex cinctus] [GeneID=144003642]	GeneID_144003642|LUM|XP_077356235.1
LUM	NP_002336.1	GeneID=4060	338	kept	representative	NP_002336.1 LUM [organism=Homo sapiens] [GeneID=4060]	GeneID_4060|LUM|NP_002336.1
LUM	XP_043943789.1	GeneID=122815388	348	kept	representative	XP_043943789.1 LUM [organism=Protopterus annectens] [GeneID=122815388]	GeneID_122815388|LUM|XP_043943789.1
LUM	XP_043943791.1	GeneID=122815388	348	excluded	extra_isoform_same_species	XP_043943791.1 LUM [organism=Protopterus annectens] [GeneID=122815388]	GeneID_122815388|LUM|XP_043943791.1
LUM	XP_004583149.2	GeneID=101536326	338	kept	representative	XP_004583149.2 LUM [organism=Ochotona princeps] [GeneID=101536326]	GeneID_101536326|LUM|XP_004583149.2
LUM	XP_053318384.1	GeneID=128490511	351	kept	representative	XP_053318384.1 LUM [organism=Spea bombifrons] [GeneID=128490511]	GeneID_128490511|LUM|XP_053318384.1
LUM	XP_041819799.1	GeneID=121625673	342	kept	representative	XP_041819799.1 lum [organism=Chelmon rostratus] [GeneID=121625673]	GeneID_121625673|LUM|XP_041819799.1
LUM	XP_044084253.1	GeneID=122892142	337	kept	representative	XP_044084253.1 LUM [organism=Neogale vison] [GeneID=122892142]	GeneID_122892142|LUM|XP_044084253.1
LUM	XP_019329012.1	GeneID=103903307	343	kept	representative	XP_019329012.1 LUM [organism=Aptenodytes forsteri] [GeneID=103903307]	GeneID_103903307|LUM|XP_019329012.1
LUM	XP_010947741.1	GeneID=105064494	339	kept	representative	XP_010947741.1 LUM [organism=Camelus bactrianus] [GeneID=105064494]	GeneID_105064494|LUM|XP_010947741.1
LUM	XP_025294902.1	GeneID=112654548	338	kept	representative	XP_025294902.1 LUM [organism=Canis lupus dingo] [GeneID=112654548]	GeneID_112654548|LUM|XP_025294902.1
LUM	XP_032730096.1	GeneID=116877470	337	kept	representative	XP_032730096.1 LUM [organism=Lontra canadensis] [GeneID=116877470]	GeneID_116877470|LUM|XP_032730096.1
LUM	XP_020455107.1	isoform=X1	402	excluded	extra_isoform_same_species	XP_020455107.1 lum [organism=Monopterus albus] [GeneID=109959801] [isoform=X1]	isoform_X1|LUM|XP_020455107.1
LUM	XP_020455108.1	isoform=X2	378	excluded	extra_isoform_same_species	XP_020455108.1 lum [organism=Monopterus albus] [GeneID=109959801] [isoform=X2]	isoform_X2|LUM|XP_020455108.1
LUM	XP_032360517.1	GeneID=116672774	343	kept	representative	XP_032360517.1 lum [organism=Etheostoma spectabile] [GeneID=116672774]	GeneID_116672774|LUM|XP_032360517.1
LUM	XP_085108537.1	GeneID=146555639	342	kept	representative	XP_085108537.1 lum [organism=Mchenga conophoros] [GeneID=146555639]	GeneID_146555639|LUM|XP_085108537.1
LUM	XP_080096315.1	GeneID=145377353	341	kept	representative	XP_080096315.1 lum [organism=Raja brachyura] [GeneID=145377353]	GeneID_145377353|LUM|XP_080096315.1
LUM	XP_080096316.1	GeneID=145377353	341	excluded	extra_isoform_same_species	XP_080096316.1 lum [organism=Raja brachyura] [GeneID=145377353]	GeneID_145377353|LUM|XP_080096316.1
LUM	XP_082365704.1	GeneID=309691704	342	kept	representative	XP_082365704.1 lum [organism=Aulonocara stuartgranti] [GeneID=309691704]	GeneID_309691704|LUM|XP_082365704.1
LUM	XP_071358467.1	GeneID=139635245	342	kept	representative	XP_071358467.1 lum [organism=Trachinotus anak] [GeneID=139635245]	GeneID_139635245|LUM|XP_071358467.1
LUM	XP_071358468.1	GeneID=139635245	342	excluded	extra_isoform_same_species	XP_071358468.1 lum [organism=Trachinotus anak] [GeneID=139635245]	GeneID_139635245|LUM|XP_071358468.1
LUM	XP_078075758.1	isoform=X1	361	excluded	extra_isoform_same_species	XP_078075758.1 lum [organism=Mustelus asterias] [GeneID=144498470] [isoform=X1]	isoform_X1|LUM|XP_078075758.1
LUM	XP_078075760.1	isoform=X1	361	excluded	extra_isoform_same_species	XP_078075760.1 lum [organism=Mustelus asterias] [GeneID=144498470] [isoform=X1]	isoform_X1|LUM|XP_078075760.1
LUM	XP_078075761.1	isoform=X2	341	excluded	extra_isoform_same_species	XP_078075761.1 lum [organism=Mustelus asterias] [GeneID=144498470] [isoform=X2]	isoform_X2|LUM|XP_078075761.1
LUM	XP_078075762.1	isoform=X2	341	excluded	extra_isoform_same_species	XP_078075762.1 lum [organism=Mustelus asterias] [GeneID=144498470] [isoform=X2]	isoform_X2|LUM|XP_078075762.1
LUM	XP_085916471.1	GeneID=147160321	342	kept	representative	XP_085916471.1 lum [organism=Leptonotus elevatus] [GeneID=147160321]	GeneID_147160321|LUM|XP_085916471.1
LUM	XP_016083439.1	GeneID=100080022	349	kept	representative	XP_016083439.1 LUM [organism=Ornithorhynchus anatinus] [GeneID=100080022]	GeneID_100080022|LUM|XP_016083439.1
LUM	XP_028934539.1	GeneID=100080022	349	excluded	extra_isoform_same_species	XP_028934539.1 LUM [organism=Ornithorhynchus anatinus] [GeneID=100080022]	GeneID_100080022|LUM|XP_028934539.1
LUM	XP_028934540.1	GeneID=100080022	349	excluded	extra_isoform_same_species	XP_028934540.1 LUM [organism=Ornithorhynchus anatinus] [GeneID=100080022]	GeneID_100080022|LUM|XP_028934540.1
LUM	XP_016016002.1	GeneID=107518652	339	kept	representative	XP_016016002.1 LUM [organism=Rousettus aegyptiacus] [GeneID=107518652]	GeneID_107518652|LUM|XP_016016002.1
LUM	XP_028252841.1	GeneID=114428533	342	kept	representative	XP_028252841.1 lum [organism=Parambassis ranga] [GeneID=114428533]	GeneID_114428533|LUM|XP_028252841.1
LUM	XP_054242706.1	GeneID=128971243	343	kept	representative	XP_054242706.1 LUM [organism=Indicator indicator] [GeneID=128971243]	GeneID_128971243|LUM|XP_054242706.1
LUM	XP_053505832.1	GeneID=128623019	341	kept	representative	XP_053505832.1 lum [organism=Ictalurus furcatus] [GeneID=128623019]	GeneID_128623019|LUM|XP_053505832.1
LUM	XP_085162057.1	GeneID=146595322	343	kept	representative	XP_085162057.1 LUM [organism=Rhea americana] [GeneID=146595322]	GeneID_146595322|LUM|XP_085162057.1
LUM	XP_083855933.1	isoform=1	342	excluded	extra_isoform_same_species	XP_083855933.1 lum [organism=Trachurus trachurus] [GeneID=311006827] [isoform=1]	isoform_1|LUM|XP_083855933.1
LUM	XP_083855934.1	isoform=1	342	excluded	extra_isoform_same_species	XP_083855934.1 lum [organism=Trachurus trachurus] [GeneID=311006827] [isoform=1]	isoform_1|LUM|XP_083855934.1
LUM	XP_068046467.1	GeneID=137474080	343	kept	representative	XP_068046467.1 LUM [organism=Anomalospiza imberbis] [GeneID=137474080]	GeneID_137474080|LUM|XP_068046467.1
LUM	XP_069830310.1	GeneID=138795210	345	kept	representative	XP_069830310.1 LUM [organism=Dendropsophus ebraccatus] [GeneID=138795210]	GeneID_138795210|LUM|XP_069830310.1
LUM	XP_040200077.1	GeneID=120932049	347	kept	representative	XP_040200077.1 LUM [organism=Rana temporaria] [GeneID=120932049]	GeneID_120932049|LUM|XP_040200077.1
LUM	XP_083222785.1	isoform=1	371	excluded	extra_isoform_same_species	XP_083222785.1 LUM [organism=Vipera ursinii] [GeneID=310642763] [isoform=1]	isoform_1|LUM|XP_083222785.1
LUM	XP_083222786.1	isoform=2	344	kept	representative	XP_083222786.1 LUM [organism=Vipera ursinii] [GeneID=310642763] [isoform=2]	isoform_2|LUM|XP_083222786.1
LUM	XP_004676551.1	GeneID=101626623	340	kept	representative	XP_004676551.1 LUM [organism=Condylura cristata] [GeneID=101626623]	GeneID_101626623|LUM|XP_004676551.1
LUM	XP_005446359.1	GeneID=102058180	343	kept	representative	XP_005446359.1 LUM [organism=Falco cherrug] [GeneID=102058180]	GeneID_102058180|LUM|XP_005446359.1
LUM	XP_055568325.1	GeneID=102058180	343	excluded	extra_isoform_same_species	XP_055568325.1 LUM [organism=Falco cherrug] [GeneID=102058180]	GeneID_102058180|LUM|XP_055568325.1
LUM	XP_020862120.1	GeneID=110221790	341	kept	representative	XP_020862120.1 LUM [organism=Phascolarctos cinereus] [GeneID=110221790]	GeneID_110221790|LUM|XP_020862120.1
LUM	XP_080801537.1	GeneID=308441997	343	kept	representative	XP_080801537.1 LUM [organism=Bucephala clangula] [GeneID=308441997]	GeneID_308441997|LUM|XP_080801537.1
LUM	XP_072216765.1	GeneID=140264750	343	kept	representative	XP_072216765.1 LUM [organism=Excalfactoria chinensis] [GeneID=140264750]	GeneID_140264750|LUM|XP_072216765.1
LUM	XP_057180317.1	GeneID=130547945	342	kept	representative	XP_057180317.1 lum [organism=Triplophysa rosa] [GeneID=130547945]	GeneID_130547945|LUM|XP_057180317.1
LUM	XP_009865291.1	GeneID=104272090	292	kept	representative	XP_009865291.1 LUM [organism=Apaloderma vittatum] [GeneID=104272090]	GeneID_104272090|LUM|XP_009865291.1
LUM	XP_063356949.1	GeneID=134646873	342	kept	representative	XP_063356949.1 lum [organism=Pelmatolapia mariae] [GeneID=134646873]	GeneID_134646873|LUM|XP_063356949.1
LUM	XP_063356950.1	GeneID=134646873	342	excluded	extra_isoform_same_species	XP_063356950.1 lum [organism=Pelmatolapia mariae] [GeneID=134646873]	GeneID_134646873|LUM|XP_063356950.1
LUM	XP_069020923.1	GeneID=138207537	342	kept	representative	XP_069020923.1 lum [organism=Embiotoca jacksoni] [GeneID=138207537]	GeneID_138207537|LUM|XP_069020923.1
LUM	XP_069020924.1	GeneID=138207537	342	excluded	extra_isoform_same_species	XP_069020924.1 lum [organism=Embiotoca jacksoni] [GeneID=138207537]	GeneID_138207537|LUM|XP_069020924.1
LUM	XP_074430945.1	GeneID=141738831	343	kept	representative	XP_074430945.1 LUM [organism=Larus michahellis] [GeneID=141738831]	GeneID_141738831|LUM|XP_074430945.1
LUM	XP_075007086.1	GeneID=142082692	343	kept	representative	XP_075007086.1 LUM [organism=Calonectris borealis] [GeneID=142082692]	GeneID_142082692|LUM|XP_075007086.1
LUM	XP_032076420.1	GeneID=116510898	344	kept	representative	XP_032076420.1 LUM [organism=Thamnophis elegans] [GeneID=116510898]	GeneID_116510898|LUM|XP_032076420.1
LUM	XP_048158354.1	GeneID=125325392	343	kept	representative	XP_048158354.1 LUM [organism=Corvus hawaiiensis] [GeneID=125325392]	GeneID_125325392|LUM|XP_048158354.1
LUM	XP_073187142.1	GeneID=140906672	348	kept	representative	XP_073187142.1 LUM [organism=Lepidochelys kempii] [GeneID=140906672]	GeneID_140906672|LUM|XP_073187142.1
LUM	XP_059367125.1	GeneID=132105764	344	kept	representative	XP_059367125.1 lum [organism=Carassius carassius] [GeneID=132105764]	GeneID_132105764|LUM|XP_059367125.1
LUM	XP_067346908.1	isoform=X1	399	excluded	extra_isoform_same_species	XP_067346908.1 lum [organism=Channa argus] [GeneID=137106838] [isoform=X1]	isoform_X1|LUM|XP_067346908.1
LUM	XP_067346909.1	isoform=X2	341	excluded	extra_isoform_same_species	XP_067346909.1 lum [organism=Channa argus] [GeneID=137106838] [isoform=X2]	isoform_X2|LUM|XP_067346909.1
LUM	XP_067346910.1	isoform=X2	341	excluded	extra_isoform_same_species	XP_067346910.1 lum [organism=Channa argus] [GeneID=137106838] [isoform=X2]	isoform_X2|LUM|XP_067346910.1
LUM	XP_067346911.1	isoform=X2	341	excluded	extra_isoform_same_species	XP_067346911.1 lum [organism=Channa argus] [GeneID=137106838] [isoform=X2]	isoform_X2|LUM|XP_067346911.1
LUM	XP_068827096.1	GeneID=138078309	342	kept	representative	XP_068827096.1 LUM [organism=Capricornis sumatraensis] [GeneID=138078309]	GeneID_138078309|LUM|XP_068827096.1
LUM	XP_086058103.1	GeneID=147262797	342	kept	representative	XP_086058103.1 lum [organism=Aulostomus chinensis] [GeneID=147262797]	GeneID_147262797|LUM|XP_086058103.1
LUM	XP_063252420.1	GeneID=134550070	344	kept	representative	XP_063252420.1 LUM [organism=Prinia subflava] [GeneID=134550070]	GeneID_134550070|LUM|XP_063252420.1
LUM	XP_080436061.1	GeneID=308189660	343	kept	representative	XP_080436061.1 LUM [organism=Anser brachyrhynchus] [GeneID=308189660]	GeneID_308189660|LUM|XP_080436061.1
LUM	XP_079310275.1	GeneID=306892832	344	kept	representative	XP_079310275.1 lum [organism=Barbatula barbatula] [GeneID=306892832]	GeneID_306892832|LUM|XP_079310275.1
LUM	XP_062861677.1	GeneID=134323974	340	kept	representative	XP_062861677.1 lum [organism=Trichomycterus rosablanca] [GeneID=134323974]	GeneID_134323974|LUM|XP_062861677.1
LUM	NP_776359.1	GeneID=280847	342	kept	representative	NP_776359.1 LUM [organism=Bos taurus] [GeneID=280847]	GeneID_280847|LUM|NP_776359.1
LUM	XP_059742069.1	isoform=X1	381	excluded	extra_isoform_same_species	XP_059742069.1 LUM [organism=Bos taurus] [GeneID=280847] [isoform=X1]	isoform_X1|LUM|XP_059742069.1
LUM	XP_059742070.1	isoform=X2	342	excluded	extra_isoform_same_species	XP_059742070.1 LUM [organism=Bos taurus] [GeneID=280847] [isoform=X2]	isoform_X2|LUM|XP_059742070.1
LUM	XP_072530002.1	GeneID=140550094	341	kept	representative	XP_072530002.1 lum [organism=Salminus brasiliensis] [GeneID=140550094]	GeneID_140550094|LUM|XP_072530002.1
LUM	XP_079092104.1	isoform=1	343	excluded	extra_isoform_same_species	XP_079092104.1 lum [organism=Taurulus bubalis] [GeneID=306752239] [isoform=1]	isoform_1|LUM|XP_079092104.1
LUM	XP_079092105.1	isoform=1	343	excluded	extra_isoform_same_species	XP_079092105.1 lum [organism=Taurulus bubalis] [GeneID=306752239] [isoform=1]	isoform_1|LUM|XP_079092105.1
LUM	XP_079092106.1	isoform=1	343	excluded	extra_isoform_same_species	XP_079092106.1 lum [organism=Taurulus bubalis] [GeneID=306752239] [isoform=1]	isoform_1|LUM|XP_079092106.1
LUM	XP_079092107.1	isoform=1	343	excluded	extra_isoform_same_species	XP_079092107.1 lum [organism=Taurulus bubalis] [GeneID=306752239] [isoform=1]	isoform_1|LUM|XP_079092107.1
LUM	XP_006084077.1	GeneID=102421828	339	kept	representative	XP_006084077.1 LUM [organism=Myotis lucifugus] [GeneID=102421828]	GeneID_102421828|LUM|XP_006084077.1
LUM	XP_036433589.1	GeneID=118812604	341	kept	representative	XP_036433589.1 lum [organism=Colossoma macropomum] [GeneID=118812604]	GeneID_118812604|LUM|XP_036433589.1
LUM	XP_036433590.1	GeneID=118812604	341	excluded	extra_isoform_same_species	XP_036433590.1 lum [organism=Colossoma macropomum] [GeneID=118812604]	GeneID_118812604|LUM|XP_036433590.1
LUM	XP_036433591.1	GeneID=118812604	341	excluded	extra_isoform_same_species	XP_036433591.1 lum [organism=Colossoma macropomum] [GeneID=118812604]	GeneID_118812604|LUM|XP_036433591.1
LUM	XP_036433592.1	GeneID=118812604	341	excluded	extra_isoform_same_species	XP_036433592.1 lum [organism=Colossoma macropomum] [GeneID=118812604]	GeneID_118812604|LUM|XP_036433592.1
LUM	XP_036433593.1	GeneID=118812604	341	excluded	extra_isoform_same_species	XP_036433593.1 lum [organism=Colossoma macropomum] [GeneID=118812604]	GeneID_118812604|LUM|XP_036433593.1
LUM	XP_060512778.2	GeneID=132693977	339	kept	representative	XP_060512778.2 LUM [organism=Panthera onca] [GeneID=132693977]	GeneID_132693977|LUM|XP_060512778.2
LUM	XP_083038509.1	GeneID=146074384	378	kept	representative	XP_083038509.1 LUM [organism=Crinia signifera] [GeneID=146074384]	GeneID_146074384|LUM|XP_083038509.1
LUM	XP_045635989.1	GeneID=123780860	338	kept	representative	XP_045635989.1 LUM [organism=Ursus americanus] [GeneID=123780860]	GeneID_123780860|LUM|XP_045635989.1
LUM	XP_065715148.1	isoform=X1	343	kept	representative	XP_065715148.1 LUM [organism=Patagioenas fasciata] [GeneID=136113839] [isoform=X1]	isoform_X1|LUM|XP_065715148.1
LUM	XP_071656054.1	isoform=X2	319	excluded	extra_isoform_same_species	XP_071656054.1 LUM [organism=Patagioenas fasciata] [GeneID=136113839] [isoform=X2]	isoform_X2|LUM|XP_071656054.1
LUM	XP_071656062.1	isoform=X3	304	excluded	extra_isoform_same_species	XP_071656062.1 LUM [organism=Patagioenas fasciata] [GeneID=136113839] [isoform=X3]	isoform_X3|LUM|XP_071656062.1
LUM	XP_010073374.1	GeneID=104462922	343	kept	representative	XP_010073374.1 LUM [organism=Pterocles gutturalis] [GeneID=104462922]	GeneID_104462922|LUM|XP_010073374.1
LUM	XP_034843746.1	GeneID=117998902	338	kept	representative	XP_034843746.1 LUM [organism=Mirounga leonina] [GeneID=117998902]	GeneID_117998902|LUM|XP_034843746.1
LUM	XP_050791719.1	GeneID=127042123	349	kept	representative	XP_050791719.1 LUM [organism=Gopherus flavomarginatus] [GeneID=127042123]	GeneID_127042123|LUM|XP_050791719.1
LUM	XP_007165967.1	GeneID=102997711	339	kept	representative	XP_007165967.1 LUM [organism=Balaenoptera acutorostrata] [GeneID=102997711]	GeneID_102997711|LUM|XP_007165967.1
LUM	XP_059042485.1	GeneID=131839252	337	kept	representative	XP_059042485.1 LUM [organism=Mustela lutreola] [GeneID=131839252]	GeneID_131839252|LUM|XP_059042485.1
LUM	XP_084767126.1	GeneID=146369291	342	kept	representative	XP_084767126.1 lum [organism=Perissodus microlepis] [GeneID=146369291]	GeneID_146369291|LUM|XP_084767126.1
LUM	XP_084767127.1	GeneID=146369291	342	excluded	extra_isoform_same_species	XP_084767127.1 lum [organism=Perissodus microlepis] [GeneID=146369291]	GeneID_146369291|LUM|XP_084767127.1
