gene	species	accession	protein_id	protein_len	domain_name	domain_acc	description	i_evalue	domain_score	ali_from	ali_to	env_from	env_to	is_lrr
BGN	anolis_carolinensis	XP_062827322.1	BGN|anolis_carolinensis|XP_062827322.1	371	LRRNT	PF01462.24	Leucine rich repeat N-terminal domain	1.3e-10	41.2	66	91	66	92	yes
BGN	anolis_carolinensis	XP_062827322.1	BGN|anolis_carolinensis|XP_062827322.1	371	LRR_8	PF13855.13	Leucine rich repeat	2.9e-14	53.2	97	153	93	153	yes
BGN	anolis_carolinensis	XP_062827322.1	BGN|anolis_carolinensis|XP_062827322.1	371	LRR_8	PF13855.13	Leucine rich repeat	1.6e-07	31.5	162	219	162	223	yes
BGN	anolis_carolinensis	XP_062827322.1	BGN|anolis_carolinensis|XP_062827322.1	371	LRR_8	PF13855.13	Leucine rich repeat	1.1e-08	35.3	233	292	232	292	yes
BGN	anolis_carolinensis	XP_062827322.1	BGN|anolis_carolinensis|XP_062827322.1	371	LRR_4	PF12799.14	Leucine Rich repeats (2 copies)	5.4e-05	23.9	282	315	282	320	yes
BGN	anolis_carolinensis	XP_062827322.1	BGN|anolis_carolinensis|XP_062827322.1	371	LRR_8	PF13855.13	Leucine rich repeat	2.5e-05	24.6	282	323	280	326	yes
BGN	bos_taurus	XP_005227715.1	BGN|bos_taurus|XP_005227715.1	369	LRRNT	PF01462.24	Leucine rich repeat N-terminal domain	1.6e-11	44.1	63	89	63	90	yes
BGN	bos_taurus	XP_005227715.1	BGN|bos_taurus|XP_005227715.1	369	LRR_8	PF13855.13	Leucine rich repeat	1e-13	51.4	94	151	91	151	yes
BGN	bos_taurus	XP_005227715.1	BGN|bos_taurus|XP_005227715.1	369	LRR_9	PF14580.13	Leucine-rich repeat	0.00099	19.3	96	154	91	166	yes
BGN	bos_taurus	XP_005227715.1	BGN|bos_taurus|XP_005227715.1	369	LRR_8	PF13855.13	Leucine rich repeat	1.6e-07	31.6	161	217	160	221	yes
BGN	bos_taurus	XP_005227715.1	BGN|bos_taurus|XP_005227715.1	369	LRR_8	PF13855.13	Leucine rich repeat	4e-09	36.7	231	290	230	290	yes
BGN	bos_taurus	XP_005227715.1	BGN|bos_taurus|XP_005227715.1	369	LRR_8	PF13855.13	Leucine rich repeat	4.2e-08	33.4	255	313	254	313	yes
BGN	bos_taurus	XP_005227715.1	BGN|bos_taurus|XP_005227715.1	369	LRR_4	PF12799.14	Leucine Rich repeats (2 copies)	4.4e-05	24.2	278	316	278	320	yes
BGN	bos_taurus	XP_005227715.1	BGN|bos_taurus|XP_005227715.1	369	LRR_8	PF13855.13	Leucine rich repeat	0.00025	21.3	278	320	278	323	yes
BGN	canis_lupus_familiaris	NP_001003229.1	BGN|canis_lupus_familiaris|NP_001003229.1	369	LRRNT	PF01462.24	Leucine rich repeat N-terminal domain	1.6e-11	44.1	63	89	63	90	yes
BGN	canis_lupus_familiaris	NP_001003229.1	BGN|canis_lupus_familiaris|NP_001003229.1	369	LRR_8	PF13855.13	Leucine rich repeat	2.2e-13	50.4	94	151	91	151	yes
BGN	canis_lupus_familiaris	NP_001003229.1	BGN|canis_lupus_familiaris|NP_001003229.1	369	LRR_8	PF13855.13	Leucine rich repeat	1.5e-07	31.6	161	217	160	228	yes
BGN	canis_lupus_familiaris	NP_001003229.1	BGN|canis_lupus_familiaris|NP_001003229.1	369	LRR_8	PF13855.13	Leucine rich repeat	3.8e-09	36.8	231	290	230	290	yes
BGN	canis_lupus_familiaris	NP_001003229.1	BGN|canis_lupus_familiaris|NP_001003229.1	369	LRR_4	PF12799.14	Leucine Rich repeats (2 copies)	4.8e-05	24.1	278	316	278	320	yes
BGN	canis_lupus_familiaris	NP_001003229.1	BGN|canis_lupus_familiaris|NP_001003229.1	369	LRR_8	PF13855.13	Leucine rich repeat	0.00034	20.9	278	320	278	323	yes
BGN	frog	NP_001072552.1	BGN|frog|NP_001072552.1	369	LRRNT	PF01462.24	Leucine rich repeat N-terminal domain	5.1e-10	39.3	64	90	64	90	yes
BGN	frog	NP_001072552.1	BGN|frog|NP_001072552.1	369	LRR_8	PF13855.13	Leucine rich repeat	8.3e-12	45.3	95	151	90	157	yes
BGN	frog	NP_001072552.1	BGN|frog|NP_001072552.1	369	LRR_4	PF12799.14	Leucine Rich repeats (2 copies)	0.00031	21.5	96	131	94	137	yes
BGN	frog	NP_001072552.1	BGN|frog|NP_001072552.1	369	LRR_5	PF13306.13	BspA type Leucine rich repeat region (6 copies)	3.5e-06	27.5	101	191	91	195	yes
BGN	frog	NP_001072552.1	BGN|frog|NP_001072552.1	369	LRR_8	PF13855.13	Leucine rich repeat	5.8e-06	26.6	161	217	160	221	yes
BGN	frog	NP_001072552.1	BGN|frog|NP_001072552.1	369	LRR_8	PF13855.13	Leucine rich repeat	1.6e-10	41.1	231	290	230	290	yes
BGN	frog	NP_001072552.1	BGN|frog|NP_001072552.1	369	LRR_8	PF13855.13	Leucine rich repeat	3.5e-05	24.1	279	321	278	323	yes
BGN	frog	NP_001072552.1	BGN|frog|NP_001072552.1	369	LRR_4	PF12799.14	Leucine Rich repeats (2 copies)	3.4e-05	24.5	280	316	278	320	yes
BGN	human	XP_016885213.1	BGN|human|XP_016885213.1	368	LRRNT	PF01462.24	Leucine rich repeat N-terminal domain	2.8e-11	43.3	62	88	62	89	yes
BGN	human	XP_016885213.1	BGN|human|XP_016885213.1	368	LRR_8	PF13855.13	Leucine rich repeat	1e-13	51.4	93	150	90	150	yes
BGN	human	XP_016885213.1	BGN|human|XP_016885213.1	368	LRR_9	PF14580.13	Leucine-rich repeat	0.001	19.3	95	153	90	165	yes
BGN	human	XP_016885213.1	BGN|human|XP_016885213.1	368	LRR_8	PF13855.13	Leucine rich repeat	1.6e-07	31.6	160	216	159	220	yes
BGN	human	XP_016885213.1	BGN|human|XP_016885213.1	368	LRR_8	PF13855.13	Leucine rich repeat	4.3e-09	36.6	230	289	229	289	yes
BGN	human	XP_016885213.1	BGN|human|XP_016885213.1	368	LRR_4	PF12799.14	Leucine Rich repeats (2 copies)	7e-05	23.5	277	315	277	319	yes
BGN	human	XP_016885213.1	BGN|human|XP_016885213.1	368	LRR_8	PF13855.13	Leucine rich repeat	0.00012	22.4	277	321	277	324	yes
BGN	lamprey	XP_075929720.1	BGN|lamprey|XP_075929720.1	411	LRRNT	PF01462.24	Leucine rich repeat N-terminal domain	4.5e-08	33.1	103	129	102	129	yes
BGN	lamprey	XP_075929720.1	BGN|lamprey|XP_075929720.1	411	LRR_8	PF13855.13	Leucine rich repeat	5.8e-12	45.8	134	191	132	191	yes
BGN	lamprey	XP_075929720.1	BGN|lamprey|XP_075929720.1	411	LRR_8	PF13855.13	Leucine rich repeat	5.8e-08	33.0	201	260	200	262	yes
BGN	lamprey	XP_075929720.1	BGN|lamprey|XP_075929720.1	411	LRR_8	PF13855.13	Leucine rich repeat	0.00079	19.7	255	307	252	307	yes
BGN	lamprey	XP_075929720.1	BGN|lamprey|XP_075929720.1	411	LRR_8	PF13855.13	Leucine rich repeat	1.1e-08	35.3	272	331	271	331	yes
BGN	lamprey	XP_075929720.1	BGN|lamprey|XP_075929720.1	411	LRR_4	PF12799.14	Leucine Rich repeats (2 copies)	5.4e-05	23.9	298	335	295	339	yes
BGN	lamprey	XP_075929720.1	BGN|lamprey|XP_075929720.1	411	LRR_4	PF12799.14	Leucine Rich repeats (2 copies)	0.00019	22.2	319	356	319	362	yes
BGN	lamprey	XP_075929720.1	BGN|lamprey|XP_075929720.1	411	LRR_8	PF13855.13	Leucine rich repeat	1.3e-05	25.5	319	362	319	364	yes
BGN	latimeria_chalumnae	XP_064415290.1	BGN|latimeria_chalumnae|XP_064415290.1	367	LRRNT	PF01462.24	Leucine rich repeat N-terminal domain	1.7e-10	40.8	61	88	61	88	yes
BGN	latimeria_chalumnae	XP_064415290.1	BGN|latimeria_chalumnae|XP_064415290.1	367	LRR_8	PF13855.13	Leucine rich repeat	0.00097	19.4	93	123	80	123	yes
BGN	latimeria_chalumnae	XP_064415290.1	BGN|latimeria_chalumnae|XP_064415290.1	367	LRR_5	PF13306.13	BspA type Leucine rich repeat region (6 copies)	0.00022	21.7	99	181	91	192	yes
BGN	latimeria_chalumnae	XP_064415290.1	BGN|latimeria_chalumnae|XP_064415290.1	367	LRR_8	PF13855.13	Leucine rich repeat	2.2e-08	34.3	113	153	113	156	yes
BGN	latimeria_chalumnae	XP_064415290.1	BGN|latimeria_chalumnae|XP_064415290.1	367	LRR_8	PF13855.13	Leucine rich repeat	9.8e-05	22.6	159	215	158	222	yes
BGN	latimeria_chalumnae	XP_064415290.1	BGN|latimeria_chalumnae|XP_064415290.1	367	LRR_8	PF13855.13	Leucine rich repeat	5.5e-08	33.0	229	288	228	288	yes
BGN	latimeria_chalumnae	XP_064415290.1	BGN|latimeria_chalumnae|XP_064415290.1	367	LRR_8	PF13855.13	Leucine rich repeat	1e-05	25.8	277	319	276	322	yes
BGN	latimeria_chalumnae	XP_064415290.1	BGN|latimeria_chalumnae|XP_064415290.1	367	LRR_4	PF12799.14	Leucine Rich repeats (2 copies)	2.1e-05	25.2	278	314	276	319	yes
BGN	lepisosteus_oculatus	XP_069037386.1	BGN|lepisosteus_oculatus|XP_069037386.1	362	LRRNT	PF01462.24	Leucine rich repeat N-terminal domain	2.2e-10	40.5	58	84	57	84	yes
BGN	lepisosteus_oculatus	XP_069037386.1	BGN|lepisosteus_oculatus|XP_069037386.1	362	LRR_8	PF13855.13	Leucine rich repeat	6.3e-11	42.5	90	145	86	145	yes
BGN	lepisosteus_oculatus	XP_069037386.1	BGN|lepisosteus_oculatus|XP_069037386.1	362	LRR_5	PF13306.13	BspA type Leucine rich repeat region (6 copies)	7.9e-05	23.1	95	187	87	205	yes
BGN	lepisosteus_oculatus	XP_069037386.1	BGN|lepisosteus_oculatus|XP_069037386.1	362	LRR_4	PF12799.14	Leucine Rich repeats (2 copies)	0.00017	22.3	133	170	133	178	yes
BGN	lepisosteus_oculatus	XP_069037386.1	BGN|lepisosteus_oculatus|XP_069037386.1	362	LRR_8	PF13855.13	Leucine rich repeat	0.00014	22.2	155	210	154	220	yes
BGN	lepisosteus_oculatus	XP_069037386.1	BGN|lepisosteus_oculatus|XP_069037386.1	362	LRR_8	PF13855.13	Leucine rich repeat	4.2e-09	36.6	224	283	223	283	yes
BGN	lepisosteus_oculatus	XP_069037386.1	BGN|lepisosteus_oculatus|XP_069037386.1	362	LRR_4	PF12799.14	Leucine Rich repeats (2 copies)	2.1e-05	25.2	271	309	271	313	yes
BGN	lepisosteus_oculatus	XP_069037386.1	BGN|lepisosteus_oculatus|XP_069037386.1	362	LRR_8	PF13855.13	Leucine rich repeat	2.2e-05	24.7	271	314	271	317	yes
BGN	mouse	NP_031568.2	BGN|mouse|NP_031568.2	369	LRRNT	PF01462.24	Leucine rich repeat N-terminal domain	2.8e-11	43.3	63	89	63	90	yes
BGN	mouse	NP_031568.2	BGN|mouse|NP_031568.2	369	LRR_8	PF13855.13	Leucine rich repeat	1e-13	51.4	94	151	91	151	yes
BGN	mouse	NP_031568.2	BGN|mouse|NP_031568.2	369	LRR_9	PF14580.13	Leucine-rich repeat	0.001	19.3	96	154	91	166	yes
BGN	mouse	NP_031568.2	BGN|mouse|NP_031568.2	369	LRR_8	PF13855.13	Leucine rich repeat	1.6e-07	31.6	161	217	160	221	yes
BGN	mouse	NP_031568.2	BGN|mouse|NP_031568.2	369	LRR_8	PF13855.13	Leucine rich repeat	4.2e-09	36.6	231	290	230	290	yes
BGN	mouse	NP_031568.2	BGN|mouse|NP_031568.2	369	LRR_4	PF12799.14	Leucine Rich repeats (2 copies)	4.1e-05	24.3	278	316	278	320	yes
BGN	mouse	NP_031568.2	BGN|mouse|NP_031568.2	369	LRR_8	PF13855.13	Leucine rich repeat	6.4e-05	23.2	278	321	278	324	yes
BGN	rattus_norvegicus	NP_058783.1	BGN|rattus_norvegicus|NP_058783.1	369	LRRNT	PF01462.24	Leucine rich repeat N-terminal domain	2.8e-11	43.3	63	89	63	90	yes
BGN	rattus_norvegicus	NP_058783.1	BGN|rattus_norvegicus|NP_058783.1	369	LRR_8	PF13855.13	Leucine rich repeat	1e-13	51.4	94	151	91	151	yes
BGN	rattus_norvegicus	NP_058783.1	BGN|rattus_norvegicus|NP_058783.1	369	LRR_9	PF14580.13	Leucine-rich repeat	0.001	19.3	96	154	91	166	yes
BGN	rattus_norvegicus	NP_058783.1	BGN|rattus_norvegicus|NP_058783.1	369	LRR_8	PF13855.13	Leucine rich repeat	1.6e-07	31.6	161	217	160	221	yes
BGN	rattus_norvegicus	NP_058783.1	BGN|rattus_norvegicus|NP_058783.1	369	LRR_8	PF13855.13	Leucine rich repeat	4.2e-09	36.6	231	290	230	290	yes
BGN	rattus_norvegicus	NP_058783.1	BGN|rattus_norvegicus|NP_058783.1	369	LRR_4	PF12799.14	Leucine Rich repeats (2 copies)	4.1e-05	24.3	278	316	278	320	yes
BGN	rattus_norvegicus	NP_058783.1	BGN|rattus_norvegicus|NP_058783.1	369	LRR_8	PF13855.13	Leucine rich repeat	6.4e-05	23.2	278	321	278	324	yes
BGN	scyliorhinus_canicula	XP_038638277.1	BGN|scyliorhinus_canicula|XP_038638277.1	268	LRRNT	PF01462.24	Leucine rich repeat N-terminal domain	2.3e-07	30.8	74	100	73	100	yes
BGN	scyliorhinus_canicula	XP_038638277.1	BGN|scyliorhinus_canicula|XP_038638277.1	268	LRR_4	PF12799.14	Leucine Rich repeats (2 copies)	0.00064	20.5	106	140	105	147	yes
BGN	scyliorhinus_canicula	XP_038638277.1	BGN|scyliorhinus_canicula|XP_038638277.1	268	LRR_8	PF13855.13	Leucine rich repeat	9.7e-13	48.3	106	161	103	161	yes
BGN	scyliorhinus_canicula	XP_038638277.1	BGN|scyliorhinus_canicula|XP_038638277.1	268	LRR_8	PF13855.13	Leucine rich repeat	5.2e-07	29.9	171	227	170	231	yes
BGN	whale_shark	XP_048475905.1	BGN|whale_shark|XP_048475905.1	161	LRR_8	PF13855.13	Leucine rich repeat	1.9e-09	37.8	23	82	22	82	yes
BGN	whale_shark	XP_048475905.1	BGN|whale_shark|XP_048475905.1	161	LRR_14	PF23598.2	Leucine-rich repeat region	0.001	18.5	47	108	23	111	yes
BGN	whale_shark	XP_048475905.1	BGN|whale_shark|XP_048475905.1	161	LRR_4	PF12799.14	Leucine Rich repeats (2 copies)	2.9e-06	27.9	72	108	70	112	yes
BGN	whale_shark	XP_048475905.1	BGN|whale_shark|XP_048475905.1	161	LRR_8	PF13855.13	Leucine rich repeat	8.5e-06	26.0	72	113	72	116	yes
BGN	zebrafish	NP_001001825.2	BGN|zebrafish|NP_001001825.2	374	LRRNT	PF01462.24	Leucine rich repeat N-terminal domain	6.6e-06	26.2	68	95	68	95	yes
BGN	zebrafish	NP_001001825.2	BGN|zebrafish|NP_001001825.2	374	LRR_8	PF13855.13	Leucine rich repeat	2.5e-05	24.5	99	132	95	132	yes
BGN	zebrafish	NP_001001825.2	BGN|zebrafish|NP_001001825.2	374	LRR_4	PF12799.14	Leucine Rich repeats (2 copies)	0.00099	19.9	101	135	99	145	yes
BGN	zebrafish	NP_001001825.2	BGN|zebrafish|NP_001001825.2	374	LRR_8	PF13855.13	Leucine rich repeat	3.5e-08	33.7	120	161	120	163	yes
BGN	zebrafish	NP_001001825.2	BGN|zebrafish|NP_001001825.2	374	LRR_8	PF13855.13	Leucine rich repeat	8.5e-07	29.2	165	222	165	226	yes
BGN	zebrafish	NP_001001825.2	BGN|zebrafish|NP_001001825.2	374	LRR_8	PF13855.13	Leucine rich repeat	2.4e-08	34.2	236	295	235	295	yes
BGN	zebrafish	NP_001001825.2	BGN|zebrafish|NP_001001825.2	374	LRR_8	PF13855.13	Leucine rich repeat	4.7e-05	23.6	283	326	283	328	yes
BGN	zebrafish	NP_001001825.2	BGN|zebrafish|NP_001001825.2	374	LRR_4	PF12799.14	Leucine Rich repeats (2 copies)	0.00018	22.2	284	322	283	325	yes
DCN	anolis_carolinensis	XP_003221092.1	DCN|anolis_carolinensis|XP_003221092.1	357	LRRNT	PF01462.24	Leucine rich repeat N-terminal domain	2.9e-11	43.3	52	78	51	78	yes
DCN	anolis_carolinensis	XP_003221092.1	DCN|anolis_carolinensis|XP_003221092.1	357	LRR_8	PF13855.13	Leucine rich repeat	4.4e-15	55.8	82	139	79	139	yes
DCN	anolis_carolinensis	XP_003221092.1	DCN|anolis_carolinensis|XP_003221092.1	357	LRR_9	PF14580.13	Leucine-rich repeat	0.00044	20.5	84	147	79	169	yes
DCN	anolis_carolinensis	XP_003221092.1	DCN|anolis_carolinensis|XP_003221092.1	357	LRR_5	PF13306.13	BspA type Leucine rich repeat region (6 copies)	0.00015	22.2	89	171	82	181	yes
DCN	anolis_carolinensis	XP_003221092.1	DCN|anolis_carolinensis|XP_003221092.1	357	LRR_4	PF12799.14	Leucine Rich repeats (2 copies)	2.4e-05	25.0	106	142	105	145	yes
DCN	anolis_carolinensis	XP_003221092.1	DCN|anolis_carolinensis|XP_003221092.1	357	LRR_8	PF13855.13	Leucine rich repeat	2.4e-07	31.0	149	210	148	216	yes
DCN	anolis_carolinensis	XP_003221092.1	DCN|anolis_carolinensis|XP_003221092.1	357	LRR_8	PF13855.13	Leucine rich repeat	1.9e-11	44.1	220	279	219	279	yes
DCN	anolis_carolinensis	XP_003221092.1	DCN|anolis_carolinensis|XP_003221092.1	357	LRR_4	PF12799.14	Leucine Rich repeats (2 copies)	0.00016	22.4	244	281	243	284	yes
DCN	anolis_carolinensis	XP_003221092.1	DCN|anolis_carolinensis|XP_003221092.1	357	LRR_4	PF12799.14	Leucine Rich repeats (2 copies)	0.0006	20.6	267	305	267	310	yes
DCN	anolis_carolinensis	XP_003221092.1	DCN|anolis_carolinensis|XP_003221092.1	357	LRR_8	PF13855.13	Leucine rich repeat	0.00016	22.0	267	311	267	313	yes
DCN	bos_taurus	NP_776331.2	DCN|bos_taurus|NP_776331.2	360	LRRNT	PF01462.24	Leucine rich repeat N-terminal domain	3e-10	40.0	55	81	54	81	yes
DCN	bos_taurus	NP_776331.2	DCN|bos_taurus|NP_776331.2	360	LRR_4	PF12799.14	Leucine Rich repeats (2 copies)	2.7e-05	24.8	87	123	86	123	yes
DCN	bos_taurus	NP_776331.2	DCN|bos_taurus|NP_776331.2	360	LRR_8	PF13855.13	Leucine rich repeat	7.6e-16	58.2	87	142	84	142	yes
DCN	bos_taurus	NP_776331.2	DCN|bos_taurus|NP_776331.2	360	LRR_9	PF14580.13	Leucine-rich repeat	2.2e-05	24.7	87	166	82	183	yes
DCN	bos_taurus	NP_776331.2	DCN|bos_taurus|NP_776331.2	360	LRR_5	PF13306.13	BspA type Leucine rich repeat region (6 copies)	6.6e-05	23.4	92	174	86	185	yes
DCN	bos_taurus	NP_776331.2	DCN|bos_taurus|NP_776331.2	360	LRR_14	PF23598.2	Leucine-rich repeat region	2.4e-05	23.9	103	251	90	263	yes
DCN	bos_taurus	NP_776331.2	DCN|bos_taurus|NP_776331.2	360	LRR_4	PF12799.14	Leucine Rich repeats (2 copies)	6.1e-06	26.9	106	146	106	148	yes
DCN	bos_taurus	NP_776331.2	DCN|bos_taurus|NP_776331.2	360	LRR_8	PF13855.13	Leucine rich repeat	9.6e-09	35.5	152	213	151	213	yes
DCN	bos_taurus	NP_776331.2	DCN|bos_taurus|NP_776331.2	360	LRR_4	PF12799.14	Leucine Rich repeats (2 copies)	2.8e-05	24.8	222	261	222	268	yes
DCN	bos_taurus	NP_776331.2	DCN|bos_taurus|NP_776331.2	360	LRR_8	PF13855.13	Leucine rich repeat	3.8e-13	49.6	222	282	222	282	yes
DCN	bos_taurus	NP_776331.2	DCN|bos_taurus|NP_776331.2	360	LRR_4	PF12799.14	Leucine Rich repeats (2 copies)	6.8e-05	23.6	270	308	270	313	yes
DCN	bos_taurus	NP_776331.2	DCN|bos_taurus|NP_776331.2	360	LRR_8	PF13855.13	Leucine rich repeat	0.00031	21.0	270	313	270	315	yes
DCN	callorhinchus_milii	NP_001279248.1	DCN|callorhinchus_milii|NP_001279248.1	354	LRRNT	PF01462.24	Leucine rich repeat N-terminal domain	1.7e-07	31.3	48	75	48	75	yes
DCN	callorhinchus_milii	NP_001279248.1	DCN|callorhinchus_milii|NP_001279248.1	354	LRR_8	PF13855.13	Leucine rich repeat	2.6e-12	46.9	80	136	78	136	yes
DCN	callorhinchus_milii	NP_001279248.1	DCN|callorhinchus_milii|NP_001279248.1	354	LRR_5	PF13306.13	BspA type Leucine rich repeat region (6 copies)	3.2e-06	27.7	86	196	76	198	yes
DCN	callorhinchus_milii	NP_001279248.1	DCN|callorhinchus_milii|NP_001279248.1	354	LRR_14	PF23598.2	Leucine-rich repeat region	0.00025	20.5	96	245	73	252	yes
DCN	callorhinchus_milii	NP_001279248.1	DCN|callorhinchus_milii|NP_001279248.1	354	LRR_8	PF13855.13	Leucine rich repeat	4.4e-09	36.6	145	203	145	207	yes
DCN	callorhinchus_milii	NP_001279248.1	DCN|callorhinchus_milii|NP_001279248.1	354	LRR_8	PF13855.13	Leucine rich repeat	1.1e-13	51.3	217	276	216	276	yes
DCN	callorhinchus_milii	NP_001279248.1	DCN|callorhinchus_milii|NP_001279248.1	354	LRR_4	PF12799.14	Leucine Rich repeats (2 copies)	2.8e-05	24.8	241	277	240	284	yes
DCN	canis_lupus_familiaris	NP_001003228.1	DCN|canis_lupus_familiaris|NP_001003228.1	360	LRRNT	PF01462.24	Leucine rich repeat N-terminal domain	2.1e-10	40.6	55	81	54	81	yes
DCN	canis_lupus_familiaris	NP_001003228.1	DCN|canis_lupus_familiaris|NP_001003228.1	360	LRR_8	PF13855.13	Leucine rich repeat	1.9e-14	53.8	85	142	82	142	yes
DCN	canis_lupus_familiaris	NP_001003228.1	DCN|canis_lupus_familiaris|NP_001003228.1	360	LRR_14	PF23598.2	Leucine-rich repeat region	4.3e-07	29.6	87	281	85	306	yes
DCN	canis_lupus_familiaris	NP_001003228.1	DCN|canis_lupus_familiaris|NP_001003228.1	360	LRR_4	PF12799.14	Leucine Rich repeats (2 copies)	1.3e-05	25.8	87	123	85	124	yes
DCN	canis_lupus_familiaris	NP_001003228.1	DCN|canis_lupus_familiaris|NP_001003228.1	360	LRR_9	PF14580.13	Leucine-rich repeat	3.6e-05	24.0	87	164	83	183	yes
DCN	canis_lupus_familiaris	NP_001003228.1	DCN|canis_lupus_familiaris|NP_001003228.1	360	LRR_5	PF13306.13	BspA type Leucine rich repeat region (6 copies)	0.00045	20.7	92	174	84	185	yes
DCN	canis_lupus_familiaris	NP_001003228.1	DCN|canis_lupus_familiaris|NP_001003228.1	360	LRR_8	PF13855.13	Leucine rich repeat	7.3e-07	29.4	152	213	151	213	yes
DCN	canis_lupus_familiaris	NP_001003228.1	DCN|canis_lupus_familiaris|NP_001003228.1	360	LRR_4	PF12799.14	Leucine Rich repeats (2 copies)	2.9e-05	24.8	222	261	222	268	yes
DCN	canis_lupus_familiaris	NP_001003228.1	DCN|canis_lupus_familiaris|NP_001003228.1	360	LRR_8	PF13855.13	Leucine rich repeat	2.1e-13	50.4	222	282	222	282	yes
DCN	canis_lupus_familiaris	NP_001003228.1	DCN|canis_lupus_familiaris|NP_001003228.1	360	LRR_4	PF12799.14	Leucine Rich repeats (2 copies)	0.00028	21.6	247	282	246	287	yes
DCN	chicken	NP_001025918.2	DCN|chicken|NP_001025918.2	357	LRRNT	PF01462.24	Leucine rich repeat N-terminal domain	4.7e-10	39.4	52	78	51	78	yes
DCN	chicken	NP_001025918.2	DCN|chicken|NP_001025918.2	357	LRR_8	PF13855.13	Leucine rich repeat	9.6e-15	54.7	82	139	79	139	yes
DCN	chicken	NP_001025918.2	DCN|chicken|NP_001025918.2	357	LRR_4	PF12799.14	Leucine Rich repeats (2 copies)	1.6e-05	25.6	84	120	82	122	yes
DCN	chicken	NP_001025918.2	DCN|chicken|NP_001025918.2	357	LRR_9	PF14580.13	Leucine-rich repeat	0.00015	21.9	84	158	79	187	yes
DCN	chicken	NP_001025918.2	DCN|chicken|NP_001025918.2	357	LRR_5	PF13306.13	BspA type Leucine rich repeat region (6 copies)	0.00011	22.6	89	170	81	174	yes
DCN	chicken	NP_001025918.2	DCN|chicken|NP_001025918.2	357	LRR_4	PF12799.14	Leucine Rich repeats (2 copies)	4.1e-06	27.4	103	142	103	145	yes
DCN	chicken	NP_001025918.2	DCN|chicken|NP_001025918.2	357	LRR_8	PF13855.13	Leucine rich repeat	2.6e-07	30.9	149	210	148	216	yes
DCN	chicken	NP_001025918.2	DCN|chicken|NP_001025918.2	357	LRR_4	PF12799.14	Leucine Rich repeats (2 copies)	6.5e-06	26.8	219	259	219	265	yes
DCN	chicken	NP_001025918.2	DCN|chicken|NP_001025918.2	357	LRR_8	PF13855.13	Leucine rich repeat	8.6e-12	45.2	219	279	219	279	yes
DCN	chicken	NP_001025918.2	DCN|chicken|NP_001025918.2	357	LRR_9	PF14580.13	Leucine-rich repeat	2.4e-05	24.6	223	333	220	343	yes
DCN	chicken	NP_001025918.2	DCN|chicken|NP_001025918.2	357	LRR_4	PF12799.14	Leucine Rich repeats (2 copies)	2.7e-05	24.8	243	279	243	288	yes
DCN	chicken	NP_001025918.2	DCN|chicken|NP_001025918.2	357	LRR_4	PF12799.14	Leucine Rich repeats (2 copies)	0.00034	21.4	267	305	267	310	yes
DCN	frog	NP_001093704.1	DCN|frog|NP_001093704.1	364	LRRNT	PF01462.24	Leucine rich repeat N-terminal domain	1.1e-09	38.3	58	85	58	85	yes
DCN	frog	NP_001093704.1	DCN|frog|NP_001093704.1	364	LRR_8	PF13855.13	Leucine rich repeat	4.9e-14	52.4	90	146	87	146	yes
DCN	frog	NP_001093704.1	DCN|frog|NP_001093704.1	364	LRR_14	PF23598.2	Leucine-rich repeat region	0.00011	21.6	91	176	89	188	yes
DCN	frog	NP_001093704.1	DCN|frog|NP_001093704.1	364	LRR_9	PF14580.13	Leucine-rich repeat	0.00034	20.8	91	148	77	173	yes
DCN	frog	NP_001093704.1	DCN|frog|NP_001093704.1	364	LRR_5	PF13306.13	BspA type Leucine rich repeat region (6 copies)	3.5e-06	27.5	96	180	86	190	yes
DCN	frog	NP_001093704.1	DCN|frog|NP_001093704.1	364	LRR_4	PF12799.14	Leucine Rich repeats (2 copies)	1.7e-07	31.9	110	150	110	152	yes
DCN	frog	NP_001093704.1	DCN|frog|NP_001093704.1	364	LRR_8	PF13855.13	Leucine rich repeat	3.1e-09	37.1	156	217	155	217	yes
DCN	frog	NP_001093704.1	DCN|frog|NP_001093704.1	364	LRR_4	PF12799.14	Leucine Rich repeats (2 copies)	0.00047	20.9	227	264	226	267	yes
DCN	frog	NP_001093704.1	DCN|frog|NP_001093704.1	364	LRR_8	PF13855.13	Leucine rich repeat	2.2e-13	50.3	227	286	226	286	yes
DCN	frog	NP_001093704.1	DCN|frog|NP_001093704.1	364	LRR_8	PF13855.13	Leucine rich repeat	1e-05	25.8	274	320	274	321	yes
DCN	human	NP_001911.1	DCN|human|NP_001911.1	359	LRRNT	PF01462.24	Leucine rich repeat N-terminal domain	2.1e-10	40.6	54	80	53	80	yes
DCN	human	NP_001911.1	DCN|human|NP_001911.1	359	LRR_8	PF13855.13	Leucine rich repeat	3.4e-15	56.1	84	141	81	141	yes
DCN	human	NP_001911.1	DCN|human|NP_001911.1	359	LRR_14	PF23598.2	Leucine-rich repeat region	2.3e-07	30.5	86	282	84	307	yes
DCN	human	NP_001911.1	DCN|human|NP_001911.1	359	LRR_4	PF12799.14	Leucine Rich repeats (2 copies)	0.00019	22.1	86	121	84	122	yes
DCN	human	NP_001911.1	DCN|human|NP_001911.1	359	LRR_9	PF14580.13	Leucine-rich repeat	0.00019	21.6	86	157	81	180	yes
DCN	human	NP_001911.1	DCN|human|NP_001911.1	359	LRR_4	PF12799.14	Leucine Rich repeats (2 copies)	1.9e-05	25.3	105	145	105	147	yes
DCN	human	NP_001911.1	DCN|human|NP_001911.1	359	LRR_8	PF13855.13	Leucine rich repeat	9.1e-08	32.3	151	212	150	212	yes
DCN	human	NP_001911.1	DCN|human|NP_001911.1	359	LRR_4	PF12799.14	Leucine Rich repeats (2 copies)	9.3e-05	23.1	221	260	221	267	yes
DCN	human	NP_001911.1	DCN|human|NP_001911.1	359	LRR_8	PF13855.13	Leucine rich repeat	5.8e-13	49.0	221	281	221	281	yes
DCN	human	NP_001911.1	DCN|human|NP_001911.1	359	LRR_4	PF12799.14	Leucine Rich repeats (2 copies)	3.5e-05	24.5	246	284	245	290	yes
DCN	human	NP_001911.1	DCN|human|NP_001911.1	359	LRR_4	PF12799.14	Leucine Rich repeats (2 copies)	0.00093	20.0	269	304	269	311	yes
DCN	human	NP_001911.1	DCN|human|NP_001911.1	359	LRR_8	PF13855.13	Leucine rich repeat	8.4e-05	22.9	269	312	269	314	yes
DCN	latimeria_chalumnae	XP_006004204.1	DCN|latimeria_chalumnae|XP_006004204.1	352	LRRNT	PF01462.24	Leucine rich repeat N-terminal domain	9.9e-10	38.4	46	73	46	73	yes
DCN	latimeria_chalumnae	XP_006004204.1	DCN|latimeria_chalumnae|XP_006004204.1	352	LRR_8	PF13855.13	Leucine rich repeat	5.3e-12	45.9	78	134	76	134	yes
DCN	latimeria_chalumnae	XP_006004204.1	DCN|latimeria_chalumnae|XP_006004204.1	352	LRR_14	PF23598.2	Leucine-rich repeat region	4.3e-07	29.6	79	273	77	288	yes
DCN	latimeria_chalumnae	XP_006004204.1	DCN|latimeria_chalumnae|XP_006004204.1	352	LRR_4	PF12799.14	Leucine Rich repeats (2 copies)	0.00098	19.9	79	113	77	120	yes
DCN	latimeria_chalumnae	XP_006004204.1	DCN|latimeria_chalumnae|XP_006004204.1	352	LRR_5	PF13306.13	BspA type Leucine rich repeat region (6 copies)	0.001	19.6	84	164	75	172	yes
DCN	latimeria_chalumnae	XP_006004204.1	DCN|latimeria_chalumnae|XP_006004204.1	352	LRR_8	PF13855.13	Leucine rich repeat	1.9e-07	31.3	144	205	143	209	yes
DCN	latimeria_chalumnae	XP_006004204.1	DCN|latimeria_chalumnae|XP_006004204.1	352	LRR_8	PF13855.13	Leucine rich repeat	1.4e-12	47.7	215	274	214	274	yes
DCN	latimeria_chalumnae	XP_006004204.1	DCN|latimeria_chalumnae|XP_006004204.1	352	LRR_8	PF13855.13	Leucine rich repeat	0.00091	19.5	262	301	262	307	yes
DCN	lepisosteus_oculatus	XP_015208366.1	DCN|lepisosteus_oculatus|XP_015208366.1	359	LRRNT	PF01462.24	Leucine rich repeat N-terminal domain	4.6e-09	36.3	52	78	51	78	yes
DCN	lepisosteus_oculatus	XP_015208366.1	DCN|lepisosteus_oculatus|XP_015208366.1	359	LRR_8	PF13855.13	Leucine rich repeat	2.9e-12	46.7	84	139	81	139	yes
DCN	lepisosteus_oculatus	XP_015208366.1	DCN|lepisosteus_oculatus|XP_015208366.1	359	LRR_5	PF13306.13	BspA type Leucine rich repeat region (6 copies)	4e-05	24.1	89	174	79	185	yes
DCN	lepisosteus_oculatus	XP_015208366.1	DCN|lepisosteus_oculatus|XP_015208366.1	359	LRR_8	PF13855.13	Leucine rich repeat	1.4e-09	38.2	149	210	148	213	yes
DCN	lepisosteus_oculatus	XP_015208366.1	DCN|lepisosteus_oculatus|XP_015208366.1	359	LRR_4	PF12799.14	Leucine Rich repeats (2 copies)	0.00025	21.8	220	259	219	265	yes
DCN	lepisosteus_oculatus	XP_015208366.1	DCN|lepisosteus_oculatus|XP_015208366.1	359	LRR_8	PF13855.13	Leucine rich repeat	2.1e-14	53.6	220	279	219	279	yes
DCN	lepisosteus_oculatus	XP_015208366.1	DCN|lepisosteus_oculatus|XP_015208366.1	359	LRR_4	PF12799.14	Leucine Rich repeats (2 copies)	5.7e-05	23.8	243	280	243	288	yes
DCN	lepisosteus_oculatus	XP_015208366.1	DCN|lepisosteus_oculatus|XP_015208366.1	359	LRR_8	PF13855.13	Leucine rich repeat	2e-05	24.9	267	310	267	312	yes
DCN	monodelphis_domestica	XP_001363160.3	DCN|monodelphis_domestica|XP_001363160.3	212	LRR_8	PF13855.13	Leucine rich repeat	1.7e-08	34.7	4	65	3	65	yes
DCN	monodelphis_domestica	XP_001363160.3	DCN|monodelphis_domestica|XP_001363160.3	212	LRR_4	PF12799.14	Leucine Rich repeats (2 copies)	1.5e-05	25.7	74	113	74	120	yes
DCN	monodelphis_domestica	XP_001363160.3	DCN|monodelphis_domestica|XP_001363160.3	212	LRR_8	PF13855.13	Leucine rich repeat	2e-14	53.7	74	134	74	134	yes
DCN	monodelphis_domestica	XP_001363160.3	DCN|monodelphis_domestica|XP_001363160.3	212	LRR_4	PF12799.14	Leucine Rich repeats (2 copies)	0.00045	21.0	122	160	122	165	yes
DCN	monodelphis_domestica	XP_001363160.3	DCN|monodelphis_domestica|XP_001363160.3	212	LRR_8	PF13855.13	Leucine rich repeat	0.00062	20.1	122	165	122	167	yes
DCN	mouse	NP_031859.1	DCN|mouse|NP_031859.1	354	LRRNT	PF01462.24	Leucine rich repeat N-terminal domain	2.8e-11	43.3	48	75	48	75	yes
DCN	mouse	NP_031859.1	DCN|mouse|NP_031859.1	354	LRR_8	PF13855.13	Leucine rich repeat	2.9e-16	59.5	79	136	76	136	yes
DCN	mouse	NP_031859.1	DCN|mouse|NP_031859.1	354	LRR_14	PF23598.2	Leucine-rich repeat region	1.8e-05	24.3	81	276	79	312	yes
DCN	mouse	NP_031859.1	DCN|mouse|NP_031859.1	354	LRR_4	PF12799.14	Leucine Rich repeats (2 copies)	4e-06	27.5	81	117	79	122	yes
DCN	mouse	NP_031859.1	DCN|mouse|NP_031859.1	354	LRR_9	PF14580.13	Leucine-rich repeat	0.0001	22.5	81	158	76	166	yes
DCN	mouse	NP_031859.1	DCN|mouse|NP_031859.1	354	LRR_5	PF13306.13	BspA type Leucine rich repeat region (6 copies)	0.00015	22.2	86	143	78	166	yes
DCN	mouse	NP_031859.1	DCN|mouse|NP_031859.1	354	LRR_4	PF12799.14	Leucine Rich repeats (2 copies)	2e-06	28.5	102	140	100	144	yes
DCN	mouse	NP_031859.1	DCN|mouse|NP_031859.1	354	LRR_4	PF12799.14	Leucine Rich repeats (2 copies)	0.00094	20.0	125	160	124	169	yes
DCN	mouse	NP_031859.1	DCN|mouse|NP_031859.1	354	LRR_8	PF13855.13	Leucine rich repeat	2.6e-10	40.5	145	207	145	210	yes
DCN	mouse	NP_031859.1	DCN|mouse|NP_031859.1	354	LRR_4	PF12799.14	Leucine Rich repeats (2 copies)	0.00042	21.1	216	252	216	257	yes
DCN	mouse	NP_031859.1	DCN|mouse|NP_031859.1	354	LRR_8	PF13855.13	Leucine rich repeat	9.6e-13	48.3	217	276	216	276	yes
DCN	mouse	NP_031859.1	DCN|mouse|NP_031859.1	354	LRR_4	PF12799.14	Leucine Rich repeats (2 copies)	0.00048	20.9	241	276	240	285	yes
DCN	mouse	NP_031859.1	DCN|mouse|NP_031859.1	354	LRR_8	PF13855.13	Leucine rich repeat	9.4e-05	22.7	264	308	264	310	yes
DCN	rattus_norvegicus	NP_077043.1	DCN|rattus_norvegicus|NP_077043.1	354	LRRNT	PF01462.24	Leucine rich repeat N-terminal domain	5.6e-11	42.4	48	75	48	75	yes
DCN	rattus_norvegicus	NP_077043.1	DCN|rattus_norvegicus|NP_077043.1	354	LRR_8	PF13855.13	Leucine rich repeat	2.8e-16	59.6	79	136	76	136	yes
DCN	rattus_norvegicus	NP_077043.1	DCN|rattus_norvegicus|NP_077043.1	354	LRR_4	PF12799.14	Leucine Rich repeats (2 copies)	4.6e-06	27.3	81	117	79	122	yes
DCN	rattus_norvegicus	NP_077043.1	DCN|rattus_norvegicus|NP_077043.1	354	LRR_9	PF14580.13	Leucine-rich repeat	4.7e-05	23.6	81	160	77	175	yes
DCN	rattus_norvegicus	NP_077043.1	DCN|rattus_norvegicus|NP_077043.1	354	LRR_5	PF13306.13	BspA type Leucine rich repeat region (6 copies)	1.6e-05	25.4	86	168	78	179	yes
DCN	rattus_norvegicus	NP_077043.1	DCN|rattus_norvegicus|NP_077043.1	354	LRR_14	PF23598.2	Leucine-rich repeat region	8.8e-07	28.6	102	307	81	309	yes
DCN	rattus_norvegicus	NP_077043.1	DCN|rattus_norvegicus|NP_077043.1	354	LRR_4	PF12799.14	Leucine Rich repeats (2 copies)	6.2e-06	26.9	102	140	100	145	yes
DCN	rattus_norvegicus	NP_077043.1	DCN|rattus_norvegicus|NP_077043.1	354	LRR_4	PF12799.14	Leucine Rich repeats (2 copies)	6.2e-05	23.7	125	160	124	167	yes
DCN	rattus_norvegicus	NP_077043.1	DCN|rattus_norvegicus|NP_077043.1	354	LRR_8	PF13855.13	Leucine rich repeat	7.4e-09	35.8	146	207	145	213	yes
DCN	rattus_norvegicus	NP_077043.1	DCN|rattus_norvegicus|NP_077043.1	354	LRR_8	PF13855.13	Leucine rich repeat	3.1e-13	49.9	217	276	216	276	yes
DCN	rattus_norvegicus	NP_077043.1	DCN|rattus_norvegicus|NP_077043.1	354	LRR_4	PF12799.14	Leucine Rich repeats (2 copies)	0.0001	23.0	241	276	240	284	yes
DCN	rattus_norvegicus	NP_077043.1	DCN|rattus_norvegicus|NP_077043.1	354	LRR_8	PF13855.13	Leucine rich repeat	4.8e-05	23.6	264	307	264	311	yes
DCN	scyliorhinus_canicula	XP_038636759.1	DCN|scyliorhinus_canicula|XP_038636759.1	379	LRRNT	PF01462.24	Leucine rich repeat N-terminal domain	3e-09	36.9	73	100	73	100	yes
DCN	scyliorhinus_canicula	XP_038636759.1	DCN|scyliorhinus_canicula|XP_038636759.1	379	LRR_8	PF13855.13	Leucine rich repeat	2.1e-12	47.2	105	161	103	161	yes
DCN	scyliorhinus_canicula	XP_038636759.1	DCN|scyliorhinus_canicula|XP_038636759.1	379	LRR_14	PF23598.2	Leucine-rich repeat region	0.00035	20.0	106	300	103	329	yes
DCN	scyliorhinus_canicula	XP_038636759.1	DCN|scyliorhinus_canicula|XP_038636759.1	379	LRR_5	PF13306.13	BspA type Leucine rich repeat region (6 copies)	0.00083	19.8	111	195	101	207	yes
DCN	scyliorhinus_canicula	XP_038636759.1	DCN|scyliorhinus_canicula|XP_038636759.1	379	LRR_8	PF13855.13	Leucine rich repeat	4.1e-07	30.2	170	229	170	232	yes
DCN	scyliorhinus_canicula	XP_038636759.1	DCN|scyliorhinus_canicula|XP_038636759.1	379	LRR_8	PF13855.13	Leucine rich repeat	3.9e-09	36.7	243	301	241	301	yes
DCN	whale_shark	XP_048463588.1	DCN|whale_shark|XP_048463588.1	350	LRRNT	PF01462.24	Leucine rich repeat N-terminal domain	2.3e-11	43.6	45	71	44	71	yes
DCN	whale_shark	XP_048463588.1	DCN|whale_shark|XP_048463588.1	350	LRR_8	PF13855.13	Leucine rich repeat	9.1e-13	48.4	76	132	74	132	yes
DCN	whale_shark	XP_048463588.1	DCN|whale_shark|XP_048463588.1	350	LRR_5	PF13306.13	BspA type Leucine rich repeat region (6 copies)	8.7e-06	26.2	82	168	74	176	yes
DCN	whale_shark	XP_048463588.1	DCN|whale_shark|XP_048463588.1	350	LRR_14	PF23598.2	Leucine-rich repeat region	0.00037	20.0	92	241	78	242	yes
DCN	whale_shark	XP_048463588.1	DCN|whale_shark|XP_048463588.1	350	LRR_8	PF13855.13	Leucine rich repeat	1.5e-07	31.7	142	200	141	208	yes
DCN	whale_shark	XP_048463588.1	DCN|whale_shark|XP_048463588.1	350	LRR_8	PF13855.13	Leucine rich repeat	6.7e-11	42.4	213	272	212	272	yes
DCN	zebrafish	NP_571772.1	DCN|zebrafish|NP_571772.1	373	LRRNT	PF01462.24	Leucine rich repeat N-terminal domain	2.2e-07	30.9	66	92	66	92	yes
DCN	zebrafish	NP_571772.1	DCN|zebrafish|NP_571772.1	373	LRR_8	PF13855.13	Leucine rich repeat	1.8e-12	47.4	97	153	95	153	yes
DCN	zebrafish	NP_571772.1	DCN|zebrafish|NP_571772.1	373	LRR_4	PF12799.14	Leucine Rich repeats (2 copies)	0.00026	21.7	98	131	96	135	yes
DCN	zebrafish	NP_571772.1	DCN|zebrafish|NP_571772.1	373	LRR_5	PF13306.13	BspA type Leucine rich repeat region (6 copies)	4.9e-06	27.1	103	185	94	190	yes
DCN	zebrafish	NP_571772.1	DCN|zebrafish|NP_571772.1	373	LRR_4	PF12799.14	Leucine Rich repeats (2 copies)	3.7e-05	24.4	118	156	117	161	yes
DCN	zebrafish	NP_571772.1	DCN|zebrafish|NP_571772.1	373	LRR_14	PF23598.2	Leucine-rich repeat region	0.00065	19.1	133	323	132	325	yes
DCN	zebrafish	NP_571772.1	DCN|zebrafish|NP_571772.1	373	LRR_8	PF13855.13	Leucine rich repeat	1e-08	35.4	163	224	162	230	yes
DCN	zebrafish	NP_571772.1	DCN|zebrafish|NP_571772.1	373	LRR_8	PF13855.13	Leucine rich repeat	1.6e-13	50.8	234	293	233	293	yes
EPYC	anolis_carolinensis	XP_003221176.1	EPYC|anolis_carolinensis|XP_003221176.1	317	LRRNT	PF01462.24	Leucine rich repeat N-terminal domain	2.6e-05	24.3	115	137	112	137	yes
EPYC	anolis_carolinensis	XP_003221176.1	EPYC|anolis_carolinensis|XP_003221176.1	317	LRR_8	PF13855.13	Leucine rich repeat	1.8e-12	47.4	147	198	146	198	yes
EPYC	anolis_carolinensis	XP_003221176.1	EPYC|anolis_carolinensis|XP_003221176.1	317	LRR_5	PF13306.13	BspA type Leucine rich repeat region (6 copies)	0.00022	21.7	148	242	142	249	yes
EPYC	anolis_carolinensis	XP_003221176.1	EPYC|anolis_carolinensis|XP_003221176.1	317	LRR_9	PF14580.13	Leucine-rich repeat	0.0003	21.0	149	212	144	221	yes
EPYC	anolis_carolinensis	XP_003221176.1	EPYC|anolis_carolinensis|XP_003221176.1	317	LRR_4	PF12799.14	Leucine Rich repeats (2 copies)	8.2e-05	23.3	163	205	162	206	yes
EPYC	anolis_carolinensis	XP_003221176.1	EPYC|anolis_carolinensis|XP_003221176.1	317	LRR_8	PF13855.13	Leucine rich repeat	0.00012	22.4	206	247	206	249	yes
EPYC	bos_taurus	XP_010803061.1	EPYC|bos_taurus|XP_010803061.1	321	LRRNT	PF01462.24	Leucine rich repeat N-terminal domain	2.7e-06	27.4	119	141	116	141	yes
EPYC	bos_taurus	XP_010803061.1	EPYC|bos_taurus|XP_010803061.1	321	LRR_8	PF13855.13	Leucine rich repeat	5.9e-12	45.8	151	202	150	202	yes
EPYC	bos_taurus	XP_010803061.1	EPYC|bos_taurus|XP_010803061.1	321	LRR_5	PF13306.13	BspA type Leucine rich repeat region (6 copies)	0.00032	21.2	152	246	148	253	yes
EPYC	bos_taurus	XP_010803061.1	EPYC|bos_taurus|XP_010803061.1	321	LRR_4	PF12799.14	Leucine Rich repeats (2 copies)	3.2e-06	27.8	168	209	167	210	yes
EPYC	bos_taurus	XP_010803061.1	EPYC|bos_taurus|XP_010803061.1	321	LRR_8	PF13855.13	Leucine rich repeat	1.9e-05	24.9	211	251	210	253	yes
EPYC	callorhinchus_milii	XP_007893502.1	EPYC|callorhinchus_milii|XP_007893502.1	325	LRR_4	PF12799.14	Leucine Rich repeats (2 copies)	0.00087	20.1	151	187	150	193	yes
EPYC	callorhinchus_milii	XP_007893502.1	EPYC|callorhinchus_milii|XP_007893502.1	325	LRR_8	PF13855.13	Leucine rich repeat	1.4e-10	41.4	155	207	150	207	yes
EPYC	callorhinchus_milii	XP_007893502.1	EPYC|callorhinchus_milii|XP_007893502.1	325	LRR_8	PF13855.13	Leucine rich repeat	0.00015	22.0	218	256	215	258	yes
EPYC	canis_lupus_familiaris	XP_038414560.1	EPYC|canis_lupus_familiaris|XP_038414560.1	320	LRRNT	PF01462.24	Leucine rich repeat N-terminal domain	2.7e-06	27.4	118	140	115	140	yes
EPYC	canis_lupus_familiaris	XP_038414560.1	EPYC|canis_lupus_familiaris|XP_038414560.1	320	LRR_8	PF13855.13	Leucine rich repeat	9.6e-12	45.1	150	201	149	201	yes
EPYC	canis_lupus_familiaris	XP_038414560.1	EPYC|canis_lupus_familiaris|XP_038414560.1	320	LRR_5	PF13306.13	BspA type Leucine rich repeat region (6 copies)	0.00041	20.8	151	245	146	251	yes
EPYC	canis_lupus_familiaris	XP_038414560.1	EPYC|canis_lupus_familiaris|XP_038414560.1	320	LRR_4	PF12799.14	Leucine Rich repeats (2 copies)	1.2e-06	29.2	167	209	166	209	yes
EPYC	canis_lupus_familiaris	XP_038414560.1	EPYC|canis_lupus_familiaris|XP_038414560.1	320	LRR_8	PF13855.13	Leucine rich repeat	2.6e-05	24.5	210	250	209	252	yes
EPYC	chicken	XP_025003921.1	EPYC|chicken|XP_025003921.1	332	LRRNT	PF01462.24	Leucine rich repeat N-terminal domain	5.6e-06	26.4	130	152	127	152	yes
EPYC	chicken	XP_025003921.1	EPYC|chicken|XP_025003921.1	332	LRR_8	PF13855.13	Leucine rich repeat	4.4e-11	43.0	162	213	157	213	yes
EPYC	chicken	XP_025003921.1	EPYC|chicken|XP_025003921.1	332	LRR_5	PF13306.13	BspA type Leucine rich repeat region (6 copies)	0.00034	21.1	163	257	158	263	yes
EPYC	chicken	XP_025003921.1	EPYC|chicken|XP_025003921.1	332	LRR_8	PF13855.13	Leucine rich repeat	1.4e-05	25.3	222	262	221	264	yes
EPYC	frog	XP_031753666.1	EPYC|frog|XP_031753666.1	318	LRRNT	PF01462.24	Leucine rich repeat N-terminal domain	0.00053	20.1	117	138	114	138	yes
EPYC	frog	XP_031753666.1	EPYC|frog|XP_031753666.1	318	LRR_8	PF13855.13	Leucine rich repeat	1.1e-13	51.3	142	199	139	199	yes
EPYC	frog	XP_031753666.1	EPYC|frog|XP_031753666.1	318	LRR_4	PF12799.14	Leucine Rich repeats (2 copies)	3e-05	24.7	143	179	142	185	yes
EPYC	frog	XP_031753666.1	EPYC|frog|XP_031753666.1	318	LRR_5	PF13306.13	BspA type Leucine rich repeat region (6 copies)	5.3e-05	23.7	149	239	140	248	yes
EPYC	frog	XP_031753666.1	EPYC|frog|XP_031753666.1	318	LRR_9	PF14580.13	Leucine-rich repeat	0.00055	20.1	150	207	139	217	yes
EPYC	frog	XP_031753666.1	EPYC|frog|XP_031753666.1	318	LRR_8	PF13855.13	Leucine rich repeat	0.00015	22.0	212	248	208	250	yes
EPYC	human	NP_004941.2	EPYC|human|NP_004941.2	322	LRRNT	PF01462.24	Leucine rich repeat N-terminal domain	2.8e-06	27.4	120	142	117	142	yes
EPYC	human	NP_004941.2	EPYC|human|NP_004941.2	322	LRR_8	PF13855.13	Leucine rich repeat	1.5e-12	47.7	152	203	151	203	yes
EPYC	human	NP_004941.2	EPYC|human|NP_004941.2	322	LRR_5	PF13306.13	BspA type Leucine rich repeat region (6 copies)	8.5e-05	23.0	153	247	148	254	yes
EPYC	human	NP_004941.2	EPYC|human|NP_004941.2	322	LRR_4	PF12799.14	Leucine Rich repeats (2 copies)	4.3e-06	27.4	169	210	168	211	yes
EPYC	human	NP_004941.2	EPYC|human|NP_004941.2	322	LRR_8	PF13855.13	Leucine rich repeat	2e-05	24.9	212	252	211	254	yes
EPYC	latimeria_chalumnae	XP_006009490.1	EPYC|latimeria_chalumnae|XP_006009490.1	330	LRRNT	PF01462.24	Leucine rich repeat N-terminal domain	0.00011	22.3	128	150	125	150	yes
EPYC	latimeria_chalumnae	XP_006009490.1	EPYC|latimeria_chalumnae|XP_006009490.1	330	LRR_8	PF13855.13	Leucine rich repeat	4.8e-11	42.8	160	211	155	211	yes
EPYC	latimeria_chalumnae	XP_006009490.1	EPYC|latimeria_chalumnae|XP_006009490.1	330	LRR_8	PF13855.13	Leucine rich repeat	0.00014	22.2	234	260	220	262	yes
EPYC	lepisosteus_oculatus	XP_006633678.1	EPYC|lepisosteus_oculatus|XP_006633678.1	325	LRRNT	PF01462.24	Leucine rich repeat N-terminal domain	0.00057	20.0	123	145	120	145	yes
EPYC	lepisosteus_oculatus	XP_006633678.1	EPYC|lepisosteus_oculatus|XP_006633678.1	325	LRR_8	PF13855.13	Leucine rich repeat	4.7e-10	39.7	154	206	149	206	yes
EPYC	lepisosteus_oculatus	XP_006633678.1	EPYC|lepisosteus_oculatus|XP_006633678.1	325	LRR_5	PF13306.13	BspA type Leucine rich repeat region (6 copies)	5.6e-05	23.6	156	250	148	256	yes
EPYC	lepisosteus_oculatus	XP_006633678.1	EPYC|lepisosteus_oculatus|XP_006633678.1	325	LRR_9	PF14580.13	Leucine-rich repeat	0.00024	21.3	156	223	149	235	yes
EPYC	lepisosteus_oculatus	XP_006633678.1	EPYC|lepisosteus_oculatus|XP_006633678.1	325	LRR_4	PF12799.14	Leucine Rich repeats (2 copies)	1.3e-05	25.8	172	213	170	214	yes
EPYC	lepisosteus_oculatus	XP_006633678.1	EPYC|lepisosteus_oculatus|XP_006633678.1	325	LRR_8	PF13855.13	Leucine rich repeat	1.6e-05	25.1	217	255	214	257	yes
EPYC	monodelphis_domestica	XP_056654622.1	EPYC|monodelphis_domestica|XP_056654622.1	318	LRRNT	PF01462.24	Leucine rich repeat N-terminal domain	1.3e-05	25.3	116	138	113	138	yes
EPYC	monodelphis_domestica	XP_056654622.1	EPYC|monodelphis_domestica|XP_056654622.1	318	LRR_8	PF13855.13	Leucine rich repeat	8.7e-13	48.4	148	199	147	199	yes
EPYC	monodelphis_domestica	XP_056654622.1	EPYC|monodelphis_domestica|XP_056654622.1	318	LRR_5	PF13306.13	BspA type Leucine rich repeat region (6 copies)	8.5e-05	23.0	149	243	144	250	yes
EPYC	monodelphis_domestica	XP_056654622.1	EPYC|monodelphis_domestica|XP_056654622.1	318	LRR_9	PF14580.13	Leucine-rich repeat	0.00072	19.8	149	207	141	223	yes
EPYC	monodelphis_domestica	XP_056654622.1	EPYC|monodelphis_domestica|XP_056654622.1	318	LRR_4	PF12799.14	Leucine Rich repeats (2 copies)	2.6e-05	24.9	165	206	163	207	yes
EPYC	monodelphis_domestica	XP_056654622.1	EPYC|monodelphis_domestica|XP_056654622.1	318	LRR_8	PF13855.13	Leucine rich repeat	8.6e-05	22.8	209	248	207	250	yes
EPYC	mouse	NP_031910.1	EPYC|mouse|NP_031910.1	322	LRRNT	PF01462.24	Leucine rich repeat N-terminal domain	2.8e-06	27.4	120	142	117	142	yes
EPYC	mouse	NP_031910.1	EPYC|mouse|NP_031910.1	322	LRR_8	PF13855.13	Leucine rich repeat	7e-12	45.5	152	203	150	203	yes
EPYC	mouse	NP_031910.1	EPYC|mouse|NP_031910.1	322	LRR_5	PF13306.13	BspA type Leucine rich repeat region (6 copies)	2.3e-05	24.9	153	247	147	254	yes
EPYC	mouse	NP_031910.1	EPYC|mouse|NP_031910.1	322	LRR_4	PF12799.14	Leucine Rich repeats (2 copies)	2e-06	28.4	169	211	168	211	yes
EPYC	mouse	NP_031910.1	EPYC|mouse|NP_031910.1	322	LRR_4	PF12799.14	Leucine Rich repeats (2 copies)	0.0002	22.1	191	223	191	226	yes
EPYC	mouse	NP_031910.1	EPYC|mouse|NP_031910.1	322	LRR_8	PF13855.13	Leucine rich repeat	0.00015	22.0	212	252	211	254	yes
EPYC	rattus_norvegicus	NP_001101558.1	EPYC|rattus_norvegicus|NP_001101558.1	359	LRRNT	PF01462.24	Leucine rich repeat N-terminal domain	3.2e-06	27.2	157	179	154	179	yes
EPYC	rattus_norvegicus	NP_001101558.1	EPYC|rattus_norvegicus|NP_001101558.1	359	LRR_8	PF13855.13	Leucine rich repeat	3.2e-12	46.6	189	240	188	240	yes
EPYC	rattus_norvegicus	NP_001101558.1	EPYC|rattus_norvegicus|NP_001101558.1	359	LRR_5	PF13306.13	BspA type Leucine rich repeat region (6 copies)	8.6e-06	26.3	190	284	182	291	yes
EPYC	rattus_norvegicus	NP_001101558.1	EPYC|rattus_norvegicus|NP_001101558.1	359	LRR_4	PF12799.14	Leucine Rich repeats (2 copies)	5.6e-06	27.0	206	248	205	248	yes
EPYC	rattus_norvegicus	NP_001101558.1	EPYC|rattus_norvegicus|NP_001101558.1	359	LRR_4	PF12799.14	Leucine Rich repeats (2 copies)	0.00016	22.4	228	260	228	265	yes
EPYC	rattus_norvegicus	NP_001101558.1	EPYC|rattus_norvegicus|NP_001101558.1	359	LRR_8	PF13855.13	Leucine rich repeat	0.00018	21.8	249	289	248	291	yes
EPYC	scyliorhinus_canicula	XP_038636412.1	EPYC|scyliorhinus_canicula|XP_038636412.1	326	LRR_8	PF13855.13	Leucine rich repeat	1.6e-09	38.0	156	208	151	208	yes
EPYC	scyliorhinus_canicula	XP_038636412.1	EPYC|scyliorhinus_canicula|XP_038636412.1	326	LRR_8	PF13855.13	Leucine rich repeat	0.00033	20.9	220	254	216	258	yes
EPYC	whale_shark	XP_048463897.1	EPYC|whale_shark|XP_048463897.1	292	LRR_8	PF13855.13	Leucine rich repeat	3.4e-10	40.1	122	174	117	174	yes
EPYC	whale_shark	XP_048463897.1	EPYC|whale_shark|XP_048463897.1	292	LRR_8	PF13855.13	Leucine rich repeat	0.00034	20.9	197	223	184	224	yes
EPYC	zebrafish	XP_021330689.1	EPYC|zebrafish|XP_021330689.1	321	LRR_8	PF13855.13	Leucine rich repeat	3e-12	46.7	151	202	150	206	yes
EPYC	zebrafish	XP_021330689.1	EPYC|zebrafish|XP_021330689.1	321	LRR_5	PF13306.13	BspA type Leucine rich repeat region (6 copies)	0.00015	22.3	152	206	144	252	yes
EPYC	zebrafish	XP_021330689.1	EPYC|zebrafish|XP_021330689.1	321	LRR_9	PF14580.13	Leucine-rich repeat	0.00049	20.3	160	214	142	231	yes
EPYC	zebrafish	XP_021330689.1	EPYC|zebrafish|XP_021330689.1	321	LRR_4	PF12799.14	Leucine Rich repeats (2 copies)	7.9e-05	23.4	167	209	166	210	yes
EPYC	zebrafish	XP_021330689.1	EPYC|zebrafish|XP_021330689.1	321	LRR_8	PF13855.13	Leucine rich repeat	3.7e-06	27.2	210	251	210	253	yes
FMOD	anolis_carolinensis	XP_008107883.2	FMOD|anolis_carolinensis|XP_008107883.2	422	LRRNT	PF01462.24	Leucine rich repeat N-terminal domain	0.00019	21.5	122	150	121	151	yes
FMOD	anolis_carolinensis	XP_008107883.2	FMOD|anolis_carolinensis|XP_008107883.2	422	LRR_9	PF14580.13	Leucine-rich repeat	0.00069	19.8	139	216	132	218	yes
FMOD	anolis_carolinensis	XP_008107883.2	FMOD|anolis_carolinensis|XP_008107883.2	422	LRR_8	PF13855.13	Leucine rich repeat	6.1e-11	42.5	159	213	157	213	yes
FMOD	anolis_carolinensis	XP_008107883.2	FMOD|anolis_carolinensis|XP_008107883.2	422	LRR_5	PF13306.13	BspA type Leucine rich repeat region (6 copies)	0.00021	21.8	160	262	148	265	yes
FMOD	anolis_carolinensis	XP_008107883.2	FMOD|anolis_carolinensis|XP_008107883.2	422	LRR_4	PF12799.14	Leucine Rich repeats (2 copies)	1.5e-05	25.6	175	215	175	221	yes
FMOD	anolis_carolinensis	XP_008107883.2	FMOD|anolis_carolinensis|XP_008107883.2	422	LRR_8	PF13855.13	Leucine rich repeat	5.6e-10	39.4	222	281	222	281	yes
FMOD	anolis_carolinensis	XP_008107883.2	FMOD|anolis_carolinensis|XP_008107883.2	422	LRR_4	PF12799.14	Leucine Rich repeats (2 copies)	1.2e-07	32.3	223	261	222	267	yes
FMOD	anolis_carolinensis	XP_008107883.2	FMOD|anolis_carolinensis|XP_008107883.2	422	LRR_8	PF13855.13	Leucine rich repeat	2.1e-08	34.4	291	351	290	351	yes
FMOD	anolis_carolinensis	XP_008107883.2	FMOD|anolis_carolinensis|XP_008107883.2	422	LRR_8	PF13855.13	Leucine rich repeat	0.00015	22.0	331	371	328	371	yes
FMOD	bos_taurus	XP_059731202.1	FMOD|bos_taurus|XP_059731202.1	376	LRRNT	PF01462.24	Leucine rich repeat N-terminal domain	8.7e-09	35.4	75	104	75	105	yes
FMOD	bos_taurus	XP_059731202.1	FMOD|bos_taurus|XP_059731202.1	376	LRR_8	PF13855.13	Leucine rich repeat	1e-09	38.6	107	167	105	167	yes
FMOD	bos_taurus	XP_059731202.1	FMOD|bos_taurus|XP_059731202.1	376	LRR_8	PF13855.13	Leucine rich repeat	1.3e-12	47.9	176	235	176	235	yes
FMOD	bos_taurus	XP_059731202.1	FMOD|bos_taurus|XP_059731202.1	376	LRR_14	PF23598.2	Leucine-rich repeat region	0.00059	19.3	177	243	175	260	yes
FMOD	bos_taurus	XP_059731202.1	FMOD|bos_taurus|XP_059731202.1	376	LRR_4	PF12799.14	Leucine Rich repeats (2 copies)	3.5e-06	27.7	177	214	176	218	yes
FMOD	bos_taurus	XP_059731202.1	FMOD|bos_taurus|XP_059731202.1	376	LRR_8	PF13855.13	Leucine rich repeat	4.7e-06	26.8	245	281	244	287	yes
FMOD	bos_taurus	XP_059731202.1	FMOD|bos_taurus|XP_059731202.1	376	LRR_8	PF13855.13	Leucine rich repeat	0.001	19.3	286	325	283	325	yes
FMOD	bos_taurus	XP_059731202.1	FMOD|bos_taurus|XP_059731202.1	376	LRR_4	PF12799.14	Leucine Rich repeats (2 copies)	0.00012	22.8	294	329	293	332	yes
FMOD	canis_lupus_familiaris	XP_038441871.1	FMOD|canis_lupus_familiaris|XP_038441871.1	376	LRRNT	PF01462.24	Leucine rich repeat N-terminal domain	8.7e-09	35.4	75	104	75	105	yes
FMOD	canis_lupus_familiaris	XP_038441871.1	FMOD|canis_lupus_familiaris|XP_038441871.1	376	LRR_8	PF13855.13	Leucine rich repeat	6.4e-09	36.0	107	167	105	167	yes
FMOD	canis_lupus_familiaris	XP_038441871.1	FMOD|canis_lupus_familiaris|XP_038441871.1	376	LRR_8	PF13855.13	Leucine rich repeat	4.2e-13	49.4	176	235	176	235	yes
FMOD	canis_lupus_familiaris	XP_038441871.1	FMOD|canis_lupus_familiaris|XP_038441871.1	376	LRR_4	PF12799.14	Leucine Rich repeats (2 copies)	4.3e-06	27.4	177	213	176	218	yes
FMOD	canis_lupus_familiaris	XP_038441871.1	FMOD|canis_lupus_familiaris|XP_038441871.1	376	LRR_8	PF13855.13	Leucine rich repeat	4.1e-08	33.5	245	305	244	305	yes
FMOD	canis_lupus_familiaris	XP_038441871.1	FMOD|canis_lupus_familiaris|XP_038441871.1	376	LRR_4	PF12799.14	Leucine Rich repeats (2 copies)	0.00014	22.6	294	329	293	332	yes
FMOD	chicken	NP_990298.2	FMOD|chicken|NP_990298.2	380	LRRNT	PF01462.24	Leucine rich repeat N-terminal domain	9.6e-07	28.9	79	108	79	108	yes
FMOD	chicken	NP_990298.2	FMOD|chicken|NP_990298.2	380	LRR_9	PF14580.13	Leucine-rich repeat	0.00042	20.5	97	174	90	178	yes
FMOD	chicken	NP_990298.2	FMOD|chicken|NP_990298.2	380	LRR_5	PF13306.13	BspA type Leucine rich repeat region (6 copies)	7.5e-05	23.2	110	213	102	221	yes
FMOD	chicken	NP_990298.2	FMOD|chicken|NP_990298.2	380	LRR_8	PF13855.13	Leucine rich repeat	4.7e-10	39.7	111	171	109	171	yes
FMOD	chicken	NP_990298.2	FMOD|chicken|NP_990298.2	380	LRR_4	PF12799.14	Leucine Rich repeats (2 copies)	3e-06	27.9	133	176	133	180	yes
FMOD	chicken	NP_990298.2	FMOD|chicken|NP_990298.2	380	LRR_4	PF12799.14	Leucine Rich repeats (2 copies)	8.2e-07	29.7	181	216	180	228	yes
FMOD	chicken	NP_990298.2	FMOD|chicken|NP_990298.2	380	LRR_8	PF13855.13	Leucine rich repeat	2.1e-08	34.4	181	216	179	216	yes
FMOD	chicken	NP_990298.2	FMOD|chicken|NP_990298.2	380	LRR_8	PF13855.13	Leucine rich repeat	5.6e-07	29.8	250	309	248	309	yes
FMOD	chicken	NP_990298.2	FMOD|chicken|NP_990298.2	380	LRR_4	PF12799.14	Leucine Rich repeats (2 copies)	0.00098	19.9	301	333	297	337	yes
FMOD	frog	XP_017947022.1	FMOD|frog|XP_017947022.1	357	LRRNT	PF01462.24	Leucine rich repeat N-terminal domain	4.2e-07	30.0	56	83	56	88	yes
FMOD	frog	XP_017947022.1	FMOD|frog|XP_017947022.1	357	LRR_8	PF13855.13	Leucine rich repeat	1.5e-07	31.6	94	148	89	148	yes
FMOD	frog	XP_017947022.1	FMOD|frog|XP_017947022.1	357	LRR_5	PF13306.13	BspA type Leucine rich repeat region (6 copies)	0.00019	21.9	96	196	86	200	yes
FMOD	frog	XP_017947022.1	FMOD|frog|XP_017947022.1	357	LRR_4	PF12799.14	Leucine Rich repeats (2 copies)	0.00061	20.5	138	172	136	176	yes
FMOD	frog	XP_017947022.1	FMOD|frog|XP_017947022.1	357	LRR_8	PF13855.13	Leucine rich repeat	1.8e-13	50.6	157	216	157	216	yes
FMOD	frog	XP_017947022.1	FMOD|frog|XP_017947022.1	357	LRR_4	PF12799.14	Leucine Rich repeats (2 copies)	0.00042	21.1	158	193	157	193	yes
FMOD	frog	XP_017947022.1	FMOD|frog|XP_017947022.1	357	LRR_4	PF12799.14	Leucine Rich repeats (2 copies)	2.4e-07	31.3	182	221	181	225	yes
FMOD	frog	XP_017947022.1	FMOD|frog|XP_017947022.1	357	LRR_8	PF13855.13	Leucine rich repeat	5.3e-06	26.7	226	286	225	286	yes
FMOD	frog	XP_017947022.1	FMOD|frog|XP_017947022.1	357	LRR_4	PF12799.14	Leucine Rich repeats (2 copies)	7.7e-06	26.6	275	310	274	313	yes
FMOD	human	XP_047272260.1	FMOD|human|XP_047272260.1	376	LRRNT	PF01462.24	Leucine rich repeat N-terminal domain	8.7e-09	35.4	75	104	75	105	yes
FMOD	human	XP_047272260.1	FMOD|human|XP_047272260.1	376	LRR_8	PF13855.13	Leucine rich repeat	4.3e-10	39.8	107	167	105	169	yes
FMOD	human	XP_047272260.1	FMOD|human|XP_047272260.1	376	LRR_8	PF13855.13	Leucine rich repeat	8.5e-13	48.5	176	235	176	235	yes
FMOD	human	XP_047272260.1	FMOD|human|XP_047272260.1	376	LRR_4	PF12799.14	Leucine Rich repeats (2 copies)	4e-06	27.5	177	214	176	218	yes
FMOD	human	XP_047272260.1	FMOD|human|XP_047272260.1	376	LRR_14	PF23598.2	Leucine-rich repeat region	0.0006	19.3	178	243	176	256	yes
FMOD	human	XP_047272260.1	FMOD|human|XP_047272260.1	376	LRR_8	PF13855.13	Leucine rich repeat	0.00017	21.9	245	281	244	287	yes
FMOD	human	XP_047272260.1	FMOD|human|XP_047272260.1	376	LRR_4	PF12799.14	Leucine Rich repeats (2 copies)	9.5e-05	23.1	294	329	293	333	yes
FMOD	latimeria_chalumnae	XP_006002318.1	FMOD|latimeria_chalumnae|XP_006002318.1	351	LRRNT	PF01462.24	Leucine rich repeat N-terminal domain	2.8e-06	27.4	50	79	50	80	yes
FMOD	latimeria_chalumnae	XP_006002318.1	FMOD|latimeria_chalumnae|XP_006002318.1	351	LRR_8	PF13855.13	Leucine rich repeat	5.6e-11	42.6	82	142	80	142	yes
FMOD	latimeria_chalumnae	XP_006002318.1	FMOD|latimeria_chalumnae|XP_006002318.1	351	LRR_4	PF12799.14	Leucine Rich repeats (2 copies)	0.0001	23.0	130	168	130	170	yes
FMOD	latimeria_chalumnae	XP_006002318.1	FMOD|latimeria_chalumnae|XP_006002318.1	351	LRR_4	PF12799.14	Leucine Rich repeats (2 copies)	1.4e-07	32.1	152	190	151	196	yes
FMOD	latimeria_chalumnae	XP_006002318.1	FMOD|latimeria_chalumnae|XP_006002318.1	351	LRR_8	PF13855.13	Leucine rich repeat	8.7e-15	54.8	152	210	151	210	yes
FMOD	latimeria_chalumnae	XP_006002318.1	FMOD|latimeria_chalumnae|XP_006002318.1	351	LRR_5	PF13306.13	BspA type Leucine rich repeat region (6 copies)	0.00069	20.1	156	266	149	272	yes
FMOD	latimeria_chalumnae	XP_006002318.1	FMOD|latimeria_chalumnae|XP_006002318.1	351	LRR_4	PF12799.14	Leucine Rich repeats (2 copies)	1.2e-06	29.1	176	213	175	219	yes
FMOD	latimeria_chalumnae	XP_006002318.1	FMOD|latimeria_chalumnae|XP_006002318.1	351	LRR_4	PF12799.14	Leucine Rich repeats (2 copies)	0.00052	20.8	220	257	219	262	yes
FMOD	latimeria_chalumnae	XP_006002318.1	FMOD|latimeria_chalumnae|XP_006002318.1	351	LRR_8	PF13855.13	Leucine rich repeat	1.9e-05	24.9	220	256	219	257	yes
FMOD	latimeria_chalumnae	XP_006002318.1	FMOD|latimeria_chalumnae|XP_006002318.1	351	LRR_4	PF12799.14	Leucine Rich repeats (2 copies)	9.7e-05	23.1	269	304	268	307	yes
FMOD	lepisosteus_oculatus	XP_006628521.2	FMOD|lepisosteus_oculatus|XP_006628521.2	353	LRRNT	PF01462.24	Leucine rich repeat N-terminal domain	9.5e-05	22.5	53	81	52	82	yes
FMOD	lepisosteus_oculatus	XP_006628521.2	FMOD|lepisosteus_oculatus|XP_006628521.2	353	LRR_5	PF13306.13	BspA type Leucine rich repeat region (6 copies)	4.2e-05	24.0	79	186	72	195	yes
FMOD	lepisosteus_oculatus	XP_006628521.2	FMOD|lepisosteus_oculatus|XP_006628521.2	353	LRR_8	PF13855.13	Leucine rich repeat	5.4e-09	36.3	83	144	82	144	yes
FMOD	lepisosteus_oculatus	XP_006628521.2	FMOD|lepisosteus_oculatus|XP_006628521.2	353	LRR_4	PF12799.14	Leucine Rich repeats (2 copies)	0.00047	20.9	133	170	132	172	yes
FMOD	lepisosteus_oculatus	XP_006628521.2	FMOD|lepisosteus_oculatus|XP_006628521.2	353	LRR_8	PF13855.13	Leucine rich repeat	7.8e-13	48.6	153	212	153	215	yes
FMOD	lepisosteus_oculatus	XP_006628521.2	FMOD|lepisosteus_oculatus|XP_006628521.2	353	LRR_4	PF12799.14	Leucine Rich repeats (2 copies)	0.00035	21.3	178	217	177	221	yes
FMOD	lepisosteus_oculatus	XP_006628521.2	FMOD|lepisosteus_oculatus|XP_006628521.2	353	LRR_8	PF13855.13	Leucine rich repeat	1.6e-06	28.3	222	258	221	259	yes
FMOD	lepisosteus_oculatus	XP_006628521.2	FMOD|lepisosteus_oculatus|XP_006628521.2	353	LRR_4	PF12799.14	Leucine Rich repeats (2 copies)	0.00033	21.4	223	259	221	264	yes
FMOD	lepisosteus_oculatus	XP_006628521.2	FMOD|lepisosteus_oculatus|XP_006628521.2	353	LRR_8	PF13855.13	Leucine rich repeat	0.00057	20.2	262	302	260	302	yes
FMOD	lepisosteus_oculatus	XP_006628521.2	FMOD|lepisosteus_oculatus|XP_006628521.2	353	LRR_4	PF12799.14	Leucine Rich repeats (2 copies)	3e-06	27.9	271	306	270	310	yes
FMOD	monodelphis_domestica	XP_001364906.1	FMOD|monodelphis_domestica|XP_001364906.1	374	LRRNT	PF01462.24	Leucine rich repeat N-terminal domain	8.2e-09	35.5	73	102	73	103	yes
FMOD	monodelphis_domestica	XP_001364906.1	FMOD|monodelphis_domestica|XP_001364906.1	374	LRR_8	PF13855.13	Leucine rich repeat	3e-09	37.1	105	165	103	167	yes
FMOD	monodelphis_domestica	XP_001364906.1	FMOD|monodelphis_domestica|XP_001364906.1	374	LRR_8	PF13855.13	Leucine rich repeat	2.3e-14	53.4	174	233	174	233	yes
FMOD	monodelphis_domestica	XP_001364906.1	FMOD|monodelphis_domestica|XP_001364906.1	374	LRR_4	PF12799.14	Leucine Rich repeats (2 copies)	4.3e-06	27.4	175	211	174	215	yes
FMOD	monodelphis_domestica	XP_001364906.1	FMOD|monodelphis_domestica|XP_001364906.1	374	LRR_8	PF13855.13	Leucine rich repeat	6.9e-08	32.7	244	303	242	303	yes
FMOD	monodelphis_domestica	XP_001364906.1	FMOD|monodelphis_domestica|XP_001364906.1	374	LRR_4	PF12799.14	Leucine Rich repeats (2 copies)	0.00024	21.9	295	327	291	330	yes
FMOD	mouse	NP_067330.1	FMOD|mouse|NP_067330.1	376	LRRNT	PF01462.24	Leucine rich repeat N-terminal domain	8.7e-09	35.4	75	104	75	105	yes
FMOD	mouse	NP_067330.1	FMOD|mouse|NP_067330.1	376	LRR_8	PF13855.13	Leucine rich repeat	1.1e-08	35.2	107	167	105	169	yes
FMOD	mouse	NP_067330.1	FMOD|mouse|NP_067330.1	376	LRR_8	PF13855.13	Leucine rich repeat	8.5e-13	48.5	176	235	176	235	yes
FMOD	mouse	NP_067330.1	FMOD|mouse|NP_067330.1	376	LRR_14	PF23598.2	Leucine-rich repeat region	0.00075	18.9	177	243	156	261	yes
FMOD	mouse	NP_067330.1	FMOD|mouse|NP_067330.1	376	LRR_4	PF12799.14	Leucine Rich repeats (2 copies)	2.9e-06	27.9	177	214	176	218	yes
FMOD	mouse	NP_067330.1	FMOD|mouse|NP_067330.1	376	LRR_8	PF13855.13	Leucine rich repeat	6.2e-08	32.9	245	305	244	305	yes
FMOD	mouse	NP_067330.1	FMOD|mouse|NP_067330.1	376	LRR_4	PF12799.14	Leucine Rich repeats (2 copies)	9.1e-05	23.2	294	329	293	334	yes
FMOD	rattus_norvegicus	NP_542429.1	FMOD|rattus_norvegicus|NP_542429.1	376	LRRNT	PF01462.24	Leucine rich repeat N-terminal domain	8.7e-09	35.4	75	104	75	105	yes
FMOD	rattus_norvegicus	NP_542429.1	FMOD|rattus_norvegicus|NP_542429.1	376	LRR_8	PF13855.13	Leucine rich repeat	2.1e-09	37.6	107	167	105	167	yes
FMOD	rattus_norvegicus	NP_542429.1	FMOD|rattus_norvegicus|NP_542429.1	376	LRR_8	PF13855.13	Leucine rich repeat	8.5e-13	48.5	176	235	176	235	yes
FMOD	rattus_norvegicus	NP_542429.1	FMOD|rattus_norvegicus|NP_542429.1	376	LRR_4	PF12799.14	Leucine Rich repeats (2 copies)	2.9e-06	27.9	177	214	176	218	yes
FMOD	rattus_norvegicus	NP_542429.1	FMOD|rattus_norvegicus|NP_542429.1	376	LRR_14	PF23598.2	Leucine-rich repeat region	0.00052	19.5	178	243	176	261	yes
FMOD	rattus_norvegicus	NP_542429.1	FMOD|rattus_norvegicus|NP_542429.1	376	LRR_8	PF13855.13	Leucine rich repeat	6.2e-08	32.9	245	305	244	305	yes
FMOD	rattus_norvegicus	NP_542429.1	FMOD|rattus_norvegicus|NP_542429.1	376	LRR_4	PF12799.14	Leucine Rich repeats (2 copies)	0.00013	22.7	294	329	293	332	yes
FMOD	scyliorhinus_canicula	XP_038675394.1	FMOD|scyliorhinus_canicula|XP_038675394.1	355	LRRNT	PF01462.24	Leucine rich repeat N-terminal domain	2.9e-05	24.2	54	83	54	83	yes
FMOD	scyliorhinus_canicula	XP_038675394.1	FMOD|scyliorhinus_canicula|XP_038675394.1	355	LRR_8	PF13855.13	Leucine rich repeat	6.5e-09	36.0	86	146	84	146	yes
FMOD	scyliorhinus_canicula	XP_038675394.1	FMOD|scyliorhinus_canicula|XP_038675394.1	355	LRR_4	PF12799.14	Leucine Rich repeats (2 copies)	8.5e-05	23.3	155	194	155	194	yes
FMOD	scyliorhinus_canicula	XP_038675394.1	FMOD|scyliorhinus_canicula|XP_038675394.1	355	LRR_8	PF13855.13	Leucine rich repeat	2e-10	40.8	156	214	155	214	yes
FMOD	scyliorhinus_canicula	XP_038675394.1	FMOD|scyliorhinus_canicula|XP_038675394.1	355	LRR_4	PF12799.14	Leucine Rich repeats (2 copies)	2.4e-06	28.2	180	219	179	223	yes
FMOD	scyliorhinus_canicula	XP_038675394.1	FMOD|scyliorhinus_canicula|XP_038675394.1	355	LRR_8	PF13855.13	Leucine rich repeat	7.8e-05	22.9	224	260	223	263	yes
FMOD	scyliorhinus_canicula	XP_038675394.1	FMOD|scyliorhinus_canicula|XP_038675394.1	355	LRR_4	PF12799.14	Leucine Rich repeats (2 copies)	1.5e-05	25.6	273	308	272	312	yes
FMOD	whale_shark	XP_048468126.1	FMOD|whale_shark|XP_048468126.1	355	LRRNT	PF01462.24	Leucine rich repeat N-terminal domain	2.7e-06	27.4	54	81	54	83	yes
FMOD	whale_shark	XP_048468126.1	FMOD|whale_shark|XP_048468126.1	355	LRR_14	PF23598.2	Leucine-rich repeat region	0.00058	19.3	85	260	71	264	yes
FMOD	whale_shark	XP_048468126.1	FMOD|whale_shark|XP_048468126.1	355	LRR_8	PF13855.13	Leucine rich repeat	8.5e-09	35.6	86	146	84	146	yes
FMOD	whale_shark	XP_048468126.1	FMOD|whale_shark|XP_048468126.1	355	LRR_4	PF12799.14	Leucine Rich repeats (2 copies)	0.00018	22.2	134	171	134	177	yes
FMOD	whale_shark	XP_048468126.1	FMOD|whale_shark|XP_048468126.1	355	LRR_4	PF12799.14	Leucine Rich repeats (2 copies)	5.1e-05	24.0	155	194	155	198	yes
FMOD	whale_shark	XP_048468126.1	FMOD|whale_shark|XP_048468126.1	355	LRR_8	PF13855.13	Leucine rich repeat	1.6e-10	41.2	156	214	155	214	yes
FMOD	whale_shark	XP_048468126.1	FMOD|whale_shark|XP_048468126.1	355	LRR_4	PF12799.14	Leucine Rich repeats (2 copies)	8.1e-06	26.5	180	219	179	223	yes
FMOD	whale_shark	XP_048468126.1	FMOD|whale_shark|XP_048468126.1	355	LRR_8	PF13855.13	Leucine rich repeat	1.1e-05	25.7	224	260	223	269	yes
FMOD	whale_shark	XP_048468126.1	FMOD|whale_shark|XP_048468126.1	355	LRR_4	PF12799.14	Leucine Rich repeats (2 copies)	2.3e-05	25.1	273	308	272	313	yes
FMOD	zebrafish	XP_073767056.1	FMOD|zebrafish|XP_073767056.1	362	LRRNT	PF01462.24	Leucine rich repeat N-terminal domain	3.7e-06	27.0	61	90	61	91	yes
FMOD	zebrafish	XP_073767056.1	FMOD|zebrafish|XP_073767056.1	362	LRR_9	PF14580.13	Leucine-rich repeat	8.5e-06	26.0	81	155	77	160	yes
FMOD	zebrafish	XP_073767056.1	FMOD|zebrafish|XP_073767056.1	362	LRR_8	PF13855.13	Leucine rich repeat	7.8e-05	22.9	90	127	78	127	yes
FMOD	zebrafish	XP_073767056.1	FMOD|zebrafish|XP_073767056.1	362	LRR_8	PF13855.13	Leucine rich repeat	1.1e-10	41.7	92	153	91	153	yes
FMOD	zebrafish	XP_073767056.1	FMOD|zebrafish|XP_073767056.1	362	LRR_8	PF13855.13	Leucine rich repeat	0.0005	20.4	131	157	128	161	yes
FMOD	zebrafish	XP_073767056.1	FMOD|zebrafish|XP_073767056.1	362	LRR_4	PF12799.14	Leucine Rich repeats (2 copies)	1.6e-05	25.6	163	201	162	207	yes
FMOD	zebrafish	XP_073767056.1	FMOD|zebrafish|XP_073767056.1	362	LRR_8	PF13855.13	Leucine rich repeat	7.2e-12	45.5	163	221	162	221	yes
FMOD	zebrafish	XP_073767056.1	FMOD|zebrafish|XP_073767056.1	362	LRR_8	PF13855.13	Leucine rich repeat	0.00046	20.5	230	266	226	268	yes
FMOD	zebrafish	XP_073767056.1	FMOD|zebrafish|XP_073767056.1	362	LRR_4	PF12799.14	Leucine Rich repeats (2 copies)	0.00051	20.8	280	315	279	318	yes
LUM	anolis_carolinensis	XP_003221093.1	LUM|anolis_carolinensis|XP_003221093.1	349	LRRNT	PF01462.24	Leucine rich repeat N-terminal domain	1.7e-07	31.3	46	74	45	75	yes
LUM	anolis_carolinensis	XP_003221093.1	LUM|anolis_carolinensis|XP_003221093.1	349	LRR_8	PF13855.13	Leucine rich repeat	4.4e-07	30.1	75	111	74	111	yes
LUM	anolis_carolinensis	XP_003221093.1	LUM|anolis_carolinensis|XP_003221093.1	349	LRR_8	PF13855.13	Leucine rich repeat	3.7e-05	24.0	147	182	145	182	yes
LUM	anolis_carolinensis	XP_003221093.1	LUM|anolis_carolinensis|XP_003221093.1	349	LRR_4	PF12799.14	Leucine Rich repeats (2 copies)	0.00039	21.2	171	210	170	215	yes
LUM	anolis_carolinensis	XP_003221093.1	LUM|anolis_carolinensis|XP_003221093.1	349	LRR_4	PF12799.14	Leucine Rich repeats (2 copies)	1.2e-06	29.2	216	254	216	260	yes
LUM	anolis_carolinensis	XP_003221093.1	LUM|anolis_carolinensis|XP_003221093.1	349	LRR_8	PF13855.13	Leucine rich repeat	3.4e-11	43.3	216	277	216	277	yes
LUM	bos_taurus	NP_776359.1	LUM|bos_taurus|NP_776359.1	342	LRRNT	PF01462.24	Leucine rich repeat N-terminal domain	3.1e-08	33.6	40	70	40	70	yes
LUM	bos_taurus	NP_776359.1	LUM|bos_taurus|NP_776359.1	342	LRR_8	PF13855.13	Leucine rich repeat	2.5e-11	43.7	70	132	70	132	yes
LUM	bos_taurus	NP_776359.1	LUM|bos_taurus|NP_776359.1	342	LRR_8	PF13855.13	Leucine rich repeat	3.7e-06	27.2	141	175	140	175	yes
LUM	bos_taurus	NP_776359.1	LUM|bos_taurus|NP_776359.1	342	LRR_4	PF12799.14	Leucine Rich repeats (2 copies)	0.00016	22.4	142	176	141	182	yes
LUM	bos_taurus	NP_776359.1	LUM|bos_taurus|NP_776359.1	342	LRR_14	PF23598.2	Leucine-rich repeat region	0.00023	20.6	150	320	141	336	yes
LUM	bos_taurus	NP_776359.1	LUM|bos_taurus|NP_776359.1	342	LRR_4	PF12799.14	Leucine Rich repeats (2 copies)	3.7e-06	27.6	164	203	163	209	yes
LUM	bos_taurus	NP_776359.1	LUM|bos_taurus|NP_776359.1	342	LRR_4	PF12799.14	Leucine Rich repeats (2 copies)	6.8e-05	23.6	188	225	188	226	yes
LUM	bos_taurus	NP_776359.1	LUM|bos_taurus|NP_776359.1	342	LRR_4	PF12799.14	Leucine Rich repeats (2 copies)	0.00017	22.3	210	246	209	252	yes
LUM	bos_taurus	NP_776359.1	LUM|bos_taurus|NP_776359.1	342	LRR_8	PF13855.13	Leucine rich repeat	9.9e-08	32.2	211	245	209	249	yes
LUM	callorhinchus_milii	XP_007893500.1	LUM|callorhinchus_milii|XP_007893500.1	340	LRRNT	PF01462.24	Leucine rich repeat N-terminal domain	4.3e-08	33.2	40	69	40	69	yes
LUM	callorhinchus_milii	XP_007893500.1	LUM|callorhinchus_milii|XP_007893500.1	340	LRR_8	PF13855.13	Leucine rich repeat	9.9e-10	38.6	72	132	70	132	yes
LUM	callorhinchus_milii	XP_007893500.1	LUM|callorhinchus_milii|XP_007893500.1	340	LRR_4	PF12799.14	Leucine Rich repeats (2 copies)	2.5e-05	24.9	164	202	163	207	yes
LUM	callorhinchus_milii	XP_007893500.1	LUM|callorhinchus_milii|XP_007893500.1	340	LRR_8	PF13855.13	Leucine rich repeat	1e-06	29.0	164	203	163	210	yes
LUM	callorhinchus_milii	XP_007893500.1	LUM|callorhinchus_milii|XP_007893500.1	340	LRR_4	PF12799.14	Leucine Rich repeats (2 copies)	0.00091	20.0	208	245	207	250	yes
LUM	callorhinchus_milii	XP_007893500.1	LUM|callorhinchus_milii|XP_007893500.1	340	LRR_8	PF13855.13	Leucine rich repeat	1.3e-08	35.0	208	268	207	268	yes
LUM	callorhinchus_milii	XP_007893500.1	LUM|callorhinchus_milii|XP_007893500.1	340	LRR_4	PF12799.14	Leucine Rich repeats (2 copies)	0.00015	22.5	232	272	231	279	yes
LUM	canis_lupus_familiaris	XP_038414561.1	LUM|canis_lupus_familiaris|XP_038414561.1	338	LRRNT	PF01462.24	Leucine rich repeat N-terminal domain	3e-08	33.7	36	66	36	66	yes
LUM	canis_lupus_familiaris	XP_038414561.1	LUM|canis_lupus_familiaris|XP_038414561.1	338	LRR_8	PF13855.13	Leucine rich repeat	1e-07	32.2	66	102	65	102	yes
LUM	canis_lupus_familiaris	XP_038414561.1	LUM|canis_lupus_familiaris|XP_038414561.1	338	LRR_8	PF13855.13	Leucine rich repeat	8e-06	26.1	137	171	136	171	yes
LUM	canis_lupus_familiaris	XP_038414561.1	LUM|canis_lupus_familiaris|XP_038414561.1	338	LRR_4	PF12799.14	Leucine Rich repeats (2 copies)	0.0005	20.8	138	172	137	178	yes
LUM	canis_lupus_familiaris	XP_038414561.1	LUM|canis_lupus_familiaris|XP_038414561.1	338	LRR_14	PF23598.2	Leucine-rich repeat region	0.00032	20.2	146	315	137	333	yes
LUM	canis_lupus_familiaris	XP_038414561.1	LUM|canis_lupus_familiaris|XP_038414561.1	338	LRR_4	PF12799.14	Leucine Rich repeats (2 copies)	2.8e-05	24.8	160	199	159	205	yes
LUM	canis_lupus_familiaris	XP_038414561.1	LUM|canis_lupus_familiaris|XP_038414561.1	338	LRR_4	PF12799.14	Leucine Rich repeats (2 copies)	1.7e-05	25.5	184	221	184	223	yes
LUM	canis_lupus_familiaris	XP_038414561.1	LUM|canis_lupus_familiaris|XP_038414561.1	338	LRR_4	PF12799.14	Leucine Rich repeats (2 copies)	0.00041	21.1	206	242	205	248	yes
LUM	canis_lupus_familiaris	XP_038414561.1	LUM|canis_lupus_familiaris|XP_038414561.1	338	LRR_8	PF13855.13	Leucine rich repeat	1.6e-07	31.5	207	241	205	245	yes
LUM	chicken	NP_001263286.1	LUM|chicken|NP_001263286.1	343	LRRNT	PF01462.24	Leucine rich repeat N-terminal domain	2.1e-08	34.1	40	68	39	69	yes
LUM	chicken	NP_001263286.1	LUM|chicken|NP_001263286.1	343	LRR_8	PF13855.13	Leucine rich repeat	2.2e-07	31.1	69	105	68	105	yes
LUM	chicken	NP_001263286.1	LUM|chicken|NP_001263286.1	343	LRR_4	PF12799.14	Leucine Rich repeats (2 copies)	0.00027	21.7	95	139	93	140	yes
LUM	chicken	NP_001263286.1	LUM|chicken|NP_001263286.1	343	LRR_4	PF12799.14	Leucine Rich repeats (2 copies)	3.6e-06	27.6	141	178	140	186	yes
LUM	chicken	NP_001263286.1	LUM|chicken|NP_001263286.1	343	LRR_8	PF13855.13	Leucine rich repeat	3.1e-08	33.9	141	176	139	176	yes
LUM	chicken	NP_001263286.1	LUM|chicken|NP_001263286.1	343	LRR_14	PF23598.2	Leucine-rich repeat region	0.00012	21.6	160	282	145	331	yes
LUM	chicken	NP_001263286.1	LUM|chicken|NP_001263286.1	343	LRR_4	PF12799.14	Leucine Rich repeats (2 copies)	4.8e-05	24.1	165	208	164	210	yes
LUM	chicken	NP_001263286.1	LUM|chicken|NP_001263286.1	343	LRR_8	PF13855.13	Leucine rich repeat	0.001	19.3	183	206	178	216	yes
LUM	chicken	NP_001263286.1	LUM|chicken|NP_001263286.1	343	LRR_4	PF12799.14	Leucine Rich repeats (2 copies)	0.0001	23.0	211	248	210	253	yes
LUM	chicken	NP_001263286.1	LUM|chicken|NP_001263286.1	343	LRR_8	PF13855.13	Leucine rich repeat	6.3e-10	39.3	213	271	210	271	yes
LUM	chicken	NP_001263286.1	LUM|chicken|NP_001263286.1	343	LRR_4	PF12799.14	Leucine Rich repeats (2 copies)	1.2e-06	29.2	235	276	234	279	yes
LUM	frog	NP_001011006.1	LUM|frog|NP_001011006.1	353	LRRNT	PF01462.24	Leucine rich repeat N-terminal domain	1.7e-07	31.3	49	78	49	78	yes
LUM	frog	NP_001011006.1	LUM|frog|NP_001011006.1	353	LRR_8	PF13855.13	Leucine rich repeat	7.8e-12	45.4	81	141	79	144	yes
LUM	frog	NP_001011006.1	LUM|frog|NP_001011006.1	353	LRR_4	PF12799.14	Leucine Rich repeats (2 copies)	0.00097	19.9	103	148	103	150	yes
LUM	frog	NP_001011006.1	LUM|frog|NP_001011006.1	353	LRR_8	PF13855.13	Leucine rich repeat	1.3e-11	44.6	154	211	150	211	yes
LUM	frog	NP_001011006.1	LUM|frog|NP_001011006.1	353	LRR_4	PF12799.14	Leucine Rich repeats (2 copies)	4.2e-05	24.2	175	214	174	219	yes
LUM	frog	NP_001011006.1	LUM|frog|NP_001011006.1	353	LRR_8	PF13855.13	Leucine rich repeat	0.00047	20.4	193	215	191	217	yes
LUM	frog	NP_001011006.1	LUM|frog|NP_001011006.1	353	LRR_4	PF12799.14	Leucine Rich repeats (2 copies)	9.5e-06	26.3	220	258	220	259	yes
LUM	frog	NP_001011006.1	LUM|frog|NP_001011006.1	353	LRR_8	PF13855.13	Leucine rich repeat	1e-10	41.8	220	281	220	281	yes
LUM	human	NP_002336.1	LUM|human|NP_002336.1	338	LRRNT	PF01462.24	Leucine rich repeat N-terminal domain	3e-08	33.7	36	66	36	66	yes
LUM	human	NP_002336.1	LUM|human|NP_002336.1	338	LRR_8	PF13855.13	Leucine rich repeat	2e-11	44.1	66	128	66	128	yes
LUM	human	NP_002336.1	LUM|human|NP_002336.1	338	LRR_4	PF12799.14	Leucine Rich repeats (2 copies)	1.9e-05	25.3	137	172	137	177	yes
LUM	human	NP_002336.1	LUM|human|NP_002336.1	338	LRR_8	PF13855.13	Leucine rich repeat	3.3e-07	30.5	137	171	136	171	yes
LUM	human	NP_002336.1	LUM|human|NP_002336.1	338	LRR_4	PF12799.14	Leucine Rich repeats (2 copies)	3.6e-06	27.6	160	199	159	204	yes
LUM	human	NP_002336.1	LUM|human|NP_002336.1	338	LRR_14	PF23598.2	Leucine-rich repeat region	0.001	18.5	161	313	146	333	yes
LUM	human	NP_002336.1	LUM|human|NP_002336.1	338	LRR_4	PF12799.14	Leucine Rich repeats (2 copies)	0.00023	21.9	206	242	205	248	yes
LUM	human	NP_002336.1	LUM|human|NP_002336.1	338	LRR_8	PF13855.13	Leucine rich repeat	5.9e-10	39.4	207	266	205	266	yes
LUM	lamprey	XP_075930353.1	LUM|lamprey|XP_075930353.1	359	LRRNT	PF01462.24	Leucine rich repeat N-terminal domain	4.8e-08	33.0	57	86	57	86	yes
LUM	lamprey	XP_075930353.1	LUM|lamprey|XP_075930353.1	359	LRR_8	PF13855.13	Leucine rich repeat	0.00012	22.3	88	123	85	123	yes
LUM	lamprey	XP_075930353.1	LUM|lamprey|XP_075930353.1	359	LRR_4	PF12799.14	Leucine Rich repeats (2 copies)	0.00013	22.7	158	193	157	199	yes
LUM	lamprey	XP_075930353.1	LUM|lamprey|XP_075930353.1	359	LRR_4	PF12799.14	Leucine Rich repeats (2 copies)	2.2e-05	25.1	181	222	180	226	yes
LUM	lamprey	XP_075930353.1	LUM|lamprey|XP_075930353.1	359	LRR_4	PF12799.14	Leucine Rich repeats (2 copies)	0.00052	20.8	205	241	205	248	yes
LUM	lamprey	XP_075930353.1	LUM|lamprey|XP_075930353.1	359	LRR_8	PF13855.13	Leucine rich repeat	6.9e-08	32.7	228	287	226	287	yes
LUM	latimeria_chalumnae	XP_006009488.1	LUM|latimeria_chalumnae|XP_006009488.1	345	LRRNT	PF01462.24	Leucine rich repeat N-terminal domain	1.9e-07	31.1	43	71	42	71	yes
LUM	latimeria_chalumnae	XP_006009488.1	LUM|latimeria_chalumnae|XP_006009488.1	345	LRR_8	PF13855.13	Leucine rich repeat	1.2e-07	31.9	74	134	72	134	yes
LUM	latimeria_chalumnae	XP_006009488.1	LUM|latimeria_chalumnae|XP_006009488.1	345	LRR_8	PF13855.13	Leucine rich repeat	2.1e-12	47.2	145	204	143	204	yes
LUM	latimeria_chalumnae	XP_006009488.1	LUM|latimeria_chalumnae|XP_006009488.1	345	LRR_4	PF12799.14	Leucine Rich repeats (2 copies)	0.00047	20.9	147	181	143	186	yes
LUM	latimeria_chalumnae	XP_006009488.1	LUM|latimeria_chalumnae|XP_006009488.1	345	LRR_14	PF23598.2	Leucine-rich repeat region	0.001	18.5	163	327	153	341	yes
LUM	latimeria_chalumnae	XP_006009488.1	LUM|latimeria_chalumnae|XP_006009488.1	345	LRR_8	PF13855.13	Leucine rich repeat	0.00017	21.9	186	207	184	211	yes
LUM	latimeria_chalumnae	XP_006009488.1	LUM|latimeria_chalumnae|XP_006009488.1	345	LRR_8	PF13855.13	Leucine rich repeat	2.4e-08	34.2	215	274	213	274	yes
LUM	latimeria_chalumnae	XP_006009488.1	LUM|latimeria_chalumnae|XP_006009488.1	345	LRR_4	PF12799.14	Leucine Rich repeats (2 copies)	0.00026	21.7	216	251	213	251	yes
LUM	lepisosteus_oculatus	XP_015208177.1	LUM|lepisosteus_oculatus|XP_015208177.1	344	LRRNT	PF01462.24	Leucine rich repeat N-terminal domain	6.5e-09	35.8	40	69	40	70	yes
LUM	lepisosteus_oculatus	XP_015208177.1	LUM|lepisosteus_oculatus|XP_015208177.1	344	LRR_8	PF13855.13	Leucine rich repeat	7.8e-10	39.0	72	132	70	132	yes
LUM	lepisosteus_oculatus	XP_015208177.1	LUM|lepisosteus_oculatus|XP_015208177.1	344	LRR_8	PF13855.13	Leucine rich repeat	2.9e-09	37.2	143	202	141	202	yes
LUM	lepisosteus_oculatus	XP_015208177.1	LUM|lepisosteus_oculatus|XP_015208177.1	344	LRR_14	PF23598.2	Leucine-rich repeat region	4.2e-05	23.0	170	285	160	337	yes
LUM	lepisosteus_oculatus	XP_015208177.1	LUM|lepisosteus_oculatus|XP_015208177.1	344	LRR_8	PF13855.13	Leucine rich repeat	0.00031	21.0	184	206	179	211	yes
LUM	lepisosteus_oculatus	XP_015208177.1	LUM|lepisosteus_oculatus|XP_015208177.1	344	LRR_4	PF12799.14	Leucine Rich repeats (2 copies)	1.3e-05	25.9	212	247	211	253	yes
LUM	lepisosteus_oculatus	XP_015208177.1	LUM|lepisosteus_oculatus|XP_015208177.1	344	LRR_8	PF13855.13	Leucine rich repeat	4.6e-09	36.5	212	272	211	272	yes
LUM	monodelphis_domestica	XP_001368917.2	LUM|monodelphis_domestica|XP_001368917.2	341	LRRNT	PF01462.24	Leucine rich repeat N-terminal domain	3.4e-07	30.3	37	66	37	66	yes
LUM	monodelphis_domestica	XP_001368917.2	LUM|monodelphis_domestica|XP_001368917.2	341	LRR_8	PF13855.13	Leucine rich repeat	3.2e-07	30.6	67	103	66	103	yes
LUM	monodelphis_domestica	XP_001368917.2	LUM|monodelphis_domestica|XP_001368917.2	341	LRR_8	PF13855.13	Leucine rich repeat	8.8e-08	32.4	138	174	137	174	yes
LUM	monodelphis_domestica	XP_001368917.2	LUM|monodelphis_domestica|XP_001368917.2	341	LRR_4	PF12799.14	Leucine Rich repeats (2 copies)	4.7e-05	24.1	139	175	138	181	yes
LUM	monodelphis_domestica	XP_001368917.2	LUM|monodelphis_domestica|XP_001368917.2	341	LRR_4	PF12799.14	Leucine Rich repeats (2 copies)	1.9e-06	28.5	163	203	162	207	yes
LUM	monodelphis_domestica	XP_001368917.2	LUM|monodelphis_domestica|XP_001368917.2	341	LRR_14	PF23598.2	Leucine-rich repeat region	0.00056	19.4	167	267	151	324	yes
LUM	monodelphis_domestica	XP_001368917.2	LUM|monodelphis_domestica|XP_001368917.2	341	LRR_8	PF13855.13	Leucine rich repeat	0.0002	21.7	181	203	179	207	yes
LUM	monodelphis_domestica	XP_001368917.2	LUM|monodelphis_domestica|XP_001368917.2	341	LRR_4	PF12799.14	Leucine Rich repeats (2 copies)	1.4e-05	25.7	209	246	208	251	yes
LUM	monodelphis_domestica	XP_001368917.2	LUM|monodelphis_domestica|XP_001368917.2	341	LRR_8	PF13855.13	Leucine rich repeat	7.1e-09	35.9	210	244	208	254	yes
LUM	mouse	NP_032550.2	LUM|mouse|NP_032550.2	338	LRRNT	PF01462.24	Leucine rich repeat N-terminal domain	1.2e-08	34.9	36	66	36	66	yes
LUM	mouse	NP_032550.2	LUM|mouse|NP_032550.2	338	LRR_8	PF13855.13	Leucine rich repeat	1e-07	32.2	66	102	65	102	yes
LUM	mouse	NP_032550.2	LUM|mouse|NP_032550.2	338	LRR_14	PF23598.2	Leucine-rich repeat region	1.1e-05	25.0	68	221	66	222	yes
LUM	mouse	NP_032550.2	LUM|mouse|NP_032550.2	338	LRR_4	PF12799.14	Leucine Rich repeats (2 copies)	1.3e-05	25.8	137	172	137	178	yes
LUM	mouse	NP_032550.2	LUM|mouse|NP_032550.2	338	LRR_8	PF13855.13	Leucine rich repeat	2.4e-07	31.0	137	171	136	171	yes
LUM	mouse	NP_032550.2	LUM|mouse|NP_032550.2	338	LRR_14	PF23598.2	Leucine-rich repeat region	0.0002	20.9	160	313	146	333	yes
LUM	mouse	NP_032550.2	LUM|mouse|NP_032550.2	338	LRR_4	PF12799.14	Leucine Rich repeats (2 copies)	4.6e-06	27.3	160	199	159	204	yes
LUM	mouse	NP_032550.2	LUM|mouse|NP_032550.2	338	LRR_4	PF12799.14	Leucine Rich repeats (2 copies)	2.8e-05	24.8	205	242	205	252	yes
LUM	mouse	NP_032550.2	LUM|mouse|NP_032550.2	338	LRR_8	PF13855.13	Leucine rich repeat	1.9e-09	37.7	206	266	205	266	yes
LUM	rattus_norvegicus	NP_112312.1	LUM|rattus_norvegicus|NP_112312.1	338	LRRNT	PF01462.24	Leucine rich repeat N-terminal domain	1.2e-08	34.9	36	66	36	66	yes
LUM	rattus_norvegicus	NP_112312.1	LUM|rattus_norvegicus|NP_112312.1	338	LRR_8	PF13855.13	Leucine rich repeat	1e-07	32.2	66	102	65	102	yes
LUM	rattus_norvegicus	NP_112312.1	LUM|rattus_norvegicus|NP_112312.1	338	LRR_14	PF23598.2	Leucine-rich repeat region	1.5e-05	24.6	68	221	66	222	yes
LUM	rattus_norvegicus	NP_112312.1	LUM|rattus_norvegicus|NP_112312.1	338	LRR_4	PF12799.14	Leucine Rich repeats (2 copies)	4.2e-06	27.4	137	172	137	177	yes
LUM	rattus_norvegicus	NP_112312.1	LUM|rattus_norvegicus|NP_112312.1	338	LRR_8	PF13855.13	Leucine rich repeat	2.4e-07	31.0	137	171	136	171	yes
LUM	rattus_norvegicus	NP_112312.1	LUM|rattus_norvegicus|NP_112312.1	338	LRR_4	PF12799.14	Leucine Rich repeats (2 copies)	6.9e-06	26.7	160	199	159	204	yes
LUM	rattus_norvegicus	NP_112312.1	LUM|rattus_norvegicus|NP_112312.1	338	LRR_14	PF23598.2	Leucine-rich repeat region	0.00034	20.1	161	312	147	333	yes
LUM	rattus_norvegicus	NP_112312.1	LUM|rattus_norvegicus|NP_112312.1	338	LRR_4	PF12799.14	Leucine Rich repeats (2 copies)	7.7e-06	26.6	205	242	205	248	yes
LUM	rattus_norvegicus	NP_112312.1	LUM|rattus_norvegicus|NP_112312.1	338	LRR_8	PF13855.13	Leucine rich repeat	2.4e-09	37.4	206	266	205	266	yes
LUM	scyliorhinus_canicula	XP_038636708.1	LUM|scyliorhinus_canicula|XP_038636708.1	339	LRRNT	PF01462.24	Leucine rich repeat N-terminal domain	3.2e-05	24.0	40	68	39	68	yes
LUM	scyliorhinus_canicula	XP_038636708.1	LUM|scyliorhinus_canicula|XP_038636708.1	339	LRR_8	PF13855.13	Leucine rich repeat	1.2e-10	41.6	71	131	69	131	yes
LUM	scyliorhinus_canicula	XP_038636708.1	LUM|scyliorhinus_canicula|XP_038636708.1	339	LRR_4	PF12799.14	Leucine Rich repeats (2 copies)	0.00065	20.5	93	134	93	139	yes
LUM	scyliorhinus_canicula	XP_038636708.1	LUM|scyliorhinus_canicula|XP_038636708.1	339	LRR_8	PF13855.13	Leucine rich repeat	9e-09	35.6	141	198	140	198	yes
LUM	scyliorhinus_canicula	XP_038636708.1	LUM|scyliorhinus_canicula|XP_038636708.1	339	LRR_14	PF23598.2	Leucine-rich repeat region	0.00017	21.0	164	301	157	320	yes
LUM	scyliorhinus_canicula	XP_038636708.1	LUM|scyliorhinus_canicula|XP_038636708.1	339	LRR_4	PF12799.14	Leucine Rich repeats (2 copies)	1.8e-06	28.6	164	202	163	204	yes
LUM	scyliorhinus_canicula	XP_038636708.1	LUM|scyliorhinus_canicula|XP_038636708.1	339	LRR_8	PF13855.13	Leucine rich repeat	3.2e-08	33.8	208	268	207	268	yes
LUM	whale_shark	XP_048464015.1	LUM|whale_shark|XP_048464015.1	343	LRRNT	PF01462.24	Leucine rich repeat N-terminal domain	1.2e-07	31.7	42	70	41	70	yes
LUM	whale_shark	XP_048464015.1	LUM|whale_shark|XP_048464015.1	343	LRR_14	PF23598.2	Leucine-rich repeat region	4e-06	26.4	72	225	54	227	yes
LUM	whale_shark	XP_048464015.1	LUM|whale_shark|XP_048464015.1	343	LRR_8	PF13855.13	Leucine rich repeat	3.6e-11	43.3	73	133	71	133	yes
LUM	whale_shark	XP_048464015.1	LUM|whale_shark|XP_048464015.1	343	LRR_5	PF13306.13	BspA type Leucine rich repeat region (6 copies)	0.00018	22.0	81	172	71	183	yes
LUM	whale_shark	XP_048464015.1	LUM|whale_shark|XP_048464015.1	343	LRR_4	PF12799.14	Leucine Rich repeats (2 copies)	1.3e-06	29.1	142	180	142	182	yes
LUM	whale_shark	XP_048464015.1	LUM|whale_shark|XP_048464015.1	343	LRR_8	PF13855.13	Leucine rich repeat	5e-11	42.8	143	200	142	200	yes
LUM	whale_shark	XP_048464015.1	LUM|whale_shark|XP_048464015.1	343	LRR_4	PF12799.14	Leucine Rich repeats (2 copies)	2.1e-07	31.6	166	204	165	207	yes
LUM	whale_shark	XP_048464015.1	LUM|whale_shark|XP_048464015.1	343	LRR_14	PF23598.2	Leucine-rich repeat region	0.00046	19.6	184	283	181	300	yes
LUM	whale_shark	XP_048464015.1	LUM|whale_shark|XP_048464015.1	343	LRR_8	PF13855.13	Leucine rich repeat	8.9e-08	32.4	214	270	210	270	yes
LUM	whale_shark	XP_048464015.1	LUM|whale_shark|XP_048464015.1	343	LRR_4	PF12799.14	Leucine Rich repeats (2 copies)	0.00037	21.3	258	293	258	297	yes
LUM	zebrafish	NP_001002059.1	LUM|zebrafish|NP_001002059.1	344	LRRNT	PF01462.24	Leucine rich repeat N-terminal domain	4.8e-06	26.6	41	69	40	69	yes
LUM	zebrafish	NP_001002059.1	LUM|zebrafish|NP_001002059.1	344	LRR_8	PF13855.13	Leucine rich repeat	2.8e-10	40.4	72	132	70	132	yes
LUM	zebrafish	NP_001002059.1	LUM|zebrafish|NP_001002059.1	344	LRR_8	PF13855.13	Leucine rich repeat	0.00012	22.3	141	177	136	177	yes
LUM	zebrafish	NP_001002059.1	LUM|zebrafish|NP_001002059.1	344	LRR_4	PF12799.14	Leucine Rich repeats (2 copies)	0.00078	20.2	166	205	165	209	yes
LUM	zebrafish	NP_001002059.1	LUM|zebrafish|NP_001002059.1	344	LRR_8	PF13855.13	Leucine rich repeat	0.00051	20.3	184	223	179	223	yes
LUM	zebrafish	NP_001002059.1	LUM|zebrafish|NP_001002059.1	344	LRR_4	PF12799.14	Leucine Rich repeats (2 copies)	0.00055	20.7	212	247	211	252	yes
OGN	anolis_carolinensis	XP_008103381.1	OGN|anolis_carolinensis|XP_008103381.1	302	LRR_8	PF13855.13	Leucine rich repeat	1.2e-08	35.1	130	182	126	186	yes
OGN	anolis_carolinensis	XP_008103381.1	OGN|anolis_carolinensis|XP_008103381.1	302	LRR_4	PF12799.14	Leucine Rich repeats (2 copies)	0.00025	21.8	146	189	146	190	yes
OGN	anolis_carolinensis	XP_008103381.1	OGN|anolis_carolinensis|XP_008103381.1	302	LRR_4	PF12799.14	Leucine Rich repeats (2 copies)	6.8e-05	23.6	190	231	190	237	yes
OGN	anolis_carolinensis	XP_008103381.1	OGN|anolis_carolinensis|XP_008103381.1	302	LRR_8	PF13855.13	Leucine rich repeat	9.4e-05	22.7	190	231	190	236	yes
OGN	bos_taurus	NP_776371.1	OGN|bos_taurus|NP_776371.1	299	LRR_4	PF12799.14	Leucine Rich repeats (2 copies)	0.00025	21.8	124	161	124	161	yes
OGN	bos_taurus	NP_776371.1	OGN|bos_taurus|NP_776371.1	299	LRR_8	PF13855.13	Leucine rich repeat	1.2e-09	38.4	128	180	123	180	yes
OGN	bos_taurus	NP_776371.1	OGN|bos_taurus|NP_776371.1	299	LRR_4	PF12799.14	Leucine Rich repeats (2 copies)	0.00012	22.8	144	187	144	188	yes
OGN	callorhinchus_milii	XP_007907071.1	OGN|callorhinchus_milii|XP_007907071.1	298	LRR_8	PF13855.13	Leucine rich repeat	6.2e-10	39.3	127	179	123	179	yes
OGN	callorhinchus_milii	XP_007907071.1	OGN|callorhinchus_milii|XP_007907071.1	298	LRR_4	PF12799.14	Leucine Rich repeats (2 copies)	2.7e-05	24.9	143	181	143	186	yes
OGN	callorhinchus_milii	XP_007907071.1	OGN|callorhinchus_milii|XP_007907071.1	298	LRR_8	PF13855.13	Leucine rich repeat	0.0003	21.1	187	226	186	231	yes
OGN	canis_lupus_familiaris	XP_038383338.1	OGN|canis_lupus_familiaris|XP_038383338.1	297	LRR_4	PF12799.14	Leucine Rich repeats (2 copies)	0.0002	22.1	122	159	122	160	yes
OGN	canis_lupus_familiaris	XP_038383338.1	OGN|canis_lupus_familiaris|XP_038383338.1	297	LRR_8	PF13855.13	Leucine rich repeat	1.9e-09	37.7	126	178	121	178	yes
OGN	canis_lupus_familiaris	XP_038383338.1	OGN|canis_lupus_familiaris|XP_038383338.1	297	LRR_4	PF12799.14	Leucine Rich repeats (2 copies)	0.00011	22.9	142	185	142	186	yes
OGN	chicken	NP_989540.1	OGN|chicken|NP_989540.1	294	LRR_8	PF13855.13	Leucine rich repeat	2.5e-07	30.9	120	175	116	175	yes
OGN	chicken	NP_989540.1	OGN|chicken|NP_989540.1	294	LRR_4	PF12799.14	Leucine Rich repeats (2 copies)	0.0003	21.5	183	224	183	229	yes
OGN	chicken	NP_989540.1	OGN|chicken|NP_989540.1	294	LRR_8	PF13855.13	Leucine rich repeat	0.00075	19.8	184	224	183	228	yes
OGN	chicken	NP_989540.1	OGN|chicken|NP_989540.1	294	LRR_8	PF13855.13	Leucine rich repeat	0.001	19.4	231	258	226	260	yes
OGN	frog	XP_002934273.1	OGN|frog|XP_002934273.1	294	LRR_8	PF13855.13	Leucine rich repeat	9.1e-11	42.0	121	174	115	180	yes
OGN	frog	XP_002934273.1	OGN|frog|XP_002934273.1	294	LRR_4	PF12799.14	Leucine Rich repeats (2 copies)	6.2e-06	26.9	138	181	138	182	yes
OGN	frog	XP_002934273.1	OGN|frog|XP_002934273.1	294	LRR_4	PF12799.14	Leucine Rich repeats (2 copies)	7.8e-05	23.4	182	225	182	229	yes
OGN	human	NP_148935.1	OGN|human|NP_148935.1	298	LRR_4	PF12799.14	Leucine Rich repeats (2 copies)	0.00024	21.9	123	160	123	161	yes
OGN	human	NP_148935.1	OGN|human|NP_148935.1	298	LRR_8	PF13855.13	Leucine rich repeat	1.3e-09	38.3	127	179	122	179	yes
OGN	human	NP_148935.1	OGN|human|NP_148935.1	298	LRR_4	PF12799.14	Leucine Rich repeats (2 copies)	4.2e-05	24.2	143	186	143	187	yes
OGN	human	NP_148935.1	OGN|human|NP_148935.1	298	LRR_8	PF13855.13	Leucine rich repeat	0.00065	20.0	187	225	186	225	yes
OGN	latimeria_chalumnae	XP_005987116.1	OGN|latimeria_chalumnae|XP_005987116.1	304	LRR_8	PF13855.13	Leucine rich repeat	3.8e-09	36.8	130	185	126	185	yes
OGN	latimeria_chalumnae	XP_005987116.1	OGN|latimeria_chalumnae|XP_005987116.1	304	LRR_8	PF13855.13	Leucine rich repeat	0.00041	20.6	198	236	192	237	yes
OGN	lepisosteus_oculatus	XP_006631165.2	OGN|lepisosteus_oculatus|XP_006631165.2	295	LRR_8	PF13855.13	Leucine rich repeat	1.4e-10	41.3	122	176	117	176	yes
OGN	lepisosteus_oculatus	XP_006631165.2	OGN|lepisosteus_oculatus|XP_006631165.2	295	LRR_4	PF12799.14	Leucine Rich repeats (2 copies)	6.5e-06	26.8	140	183	140	184	yes
OGN	monodelphis_domestica	XP_056660002.1	OGN|monodelphis_domestica|XP_056660002.1	288	LRR_4	PF12799.14	Leucine Rich repeats (2 copies)	0.00047	20.9	113	150	112	153	yes
OGN	monodelphis_domestica	XP_056660002.1	OGN|monodelphis_domestica|XP_056660002.1	288	LRR_8	PF13855.13	Leucine rich repeat	2.2e-09	37.5	114	169	110	172	yes
OGN	monodelphis_domestica	XP_056660002.1	OGN|monodelphis_domestica|XP_056660002.1	288	LRR_4	PF12799.14	Leucine Rich repeats (2 copies)	0.0004	21.1	133	176	133	177	yes
OGN	monodelphis_domestica	XP_056660002.1	OGN|monodelphis_domestica|XP_056660002.1	288	LRR_8	PF13855.13	Leucine rich repeat	0.00047	20.5	192	221	177	222	yes
OGN	mouse	NP_032786.1	OGN|mouse|NP_032786.1	298	LRR_4	PF12799.14	Leucine Rich repeats (2 copies)	8.7e-05	23.2	123	160	123	167	yes
OGN	mouse	NP_032786.1	OGN|mouse|NP_032786.1	298	LRR_8	PF13855.13	Leucine rich repeat	1.4e-10	41.4	127	179	122	179	yes
OGN	mouse	NP_032786.1	OGN|mouse|NP_032786.1	298	LRR_4	PF12799.14	Leucine Rich repeats (2 copies)	0.00019	22.2	143	185	143	187	yes
OGN	mouse	NP_032786.1	OGN|mouse|NP_032786.1	298	LRR_8	PF13855.13	Leucine rich repeat	0.00018	21.8	187	225	186	225	yes
OGN	scyliorhinus_canicula	XP_038668531.1	OGN|scyliorhinus_canicula|XP_038668531.1	303	LRR_8	PF13855.13	Leucine rich repeat	7.7e-12	45.4	126	179	120	182	yes
OGN	scyliorhinus_canicula	XP_038668531.1	OGN|scyliorhinus_canicula|XP_038668531.1	303	LRR_4	PF12799.14	Leucine Rich repeats (2 copies)	4.9e-07	30.4	143	186	143	187	yes
OGN	scyliorhinus_canicula	XP_038668531.1	OGN|scyliorhinus_canicula|XP_038668531.1	303	LRR_4	PF12799.14	Leucine Rich repeats (2 copies)	0.00047	20.9	187	229	187	234	yes
OGN	scyliorhinus_canicula	XP_038668531.1	OGN|scyliorhinus_canicula|XP_038668531.1	303	LRR_8	PF13855.13	Leucine rich repeat	0.00025	21.3	187	228	187	232	yes
OGN	whale_shark	XP_020377273.1	OGN|whale_shark|XP_020377273.1	309	LRR_8	PF13855.13	Leucine rich repeat	1.6e-11	44.4	130	185	126	185	yes
OGN	whale_shark	XP_020377273.1	OGN|whale_shark|XP_020377273.1	309	LRR_4	PF12799.14	Leucine Rich repeats (2 copies)	5e-06	27.2	149	192	149	193	yes
OGN	whale_shark	XP_020377273.1	OGN|whale_shark|XP_020377273.1	309	LRR_4	PF12799.14	Leucine Rich repeats (2 copies)	0.00053	20.8	193	235	193	240	yes
OGN	zebrafish	NP_001013588.1	OGN|zebrafish|NP_001013588.1	292	LRR_8	PF13855.13	Leucine rich repeat	5.6e-07	29.8	119	174	115	174	yes
PRELP	anolis_carolinensis	XP_008107880.1	PRELP|anolis_carolinensis|XP_008107880.1	369	LRRNT	PF01462.24	Leucine rich repeat N-terminal domain	1.5e-05	25.1	59	88	59	88	yes
PRELP	anolis_carolinensis	XP_008107880.1	PRELP|anolis_carolinensis|XP_008107880.1	369	LRR_8	PF13855.13	Leucine rich repeat	1.5e-11	44.5	95	149	89	149	yes
PRELP	anolis_carolinensis	XP_008107880.1	PRELP|anolis_carolinensis|XP_008107880.1	369	LRR_4	PF12799.14	Leucine Rich repeats (2 copies)	0.001	19.9	113	153	113	157	yes
PRELP	anolis_carolinensis	XP_008107880.1	PRELP|anolis_carolinensis|XP_008107880.1	369	LRR_8	PF13855.13	Leucine rich repeat	1.6e-11	44.4	158	220	158	220	yes
PRELP	anolis_carolinensis	XP_008107880.1	PRELP|anolis_carolinensis|XP_008107880.1	369	LRR_8	PF13855.13	Leucine rich repeat	0.00056	20.2	232	267	229	275	yes
PRELP	anolis_carolinensis	XP_008107880.1	PRELP|anolis_carolinensis|XP_008107880.1	369	LRR_4	PF12799.14	Leucine Rich repeats (2 copies)	0.00051	20.8	278	314	278	315	yes
PRELP	bos_taurus	XP_005216708.2	PRELP|bos_taurus|XP_005216708.2	381	LRRNT	PF01462.24	Leucine rich repeat N-terminal domain	2.6e-05	24.3	71	100	71	100	yes
PRELP	bos_taurus	XP_005216708.2	PRELP|bos_taurus|XP_005216708.2	381	LRR_8	PF13855.13	Leucine rich repeat	4.6e-14	52.5	102	161	101	161	yes
PRELP	bos_taurus	XP_005216708.2	PRELP|bos_taurus|XP_005216708.2	381	LRR_4	PF12799.14	Leucine Rich repeats (2 copies)	5.3e-05	23.9	126	164	125	169	yes
PRELP	bos_taurus	XP_005216708.2	PRELP|bos_taurus|XP_005216708.2	381	LRR_8	PF13855.13	Leucine rich repeat	1.6e-13	50.7	170	232	170	232	yes
PRELP	bos_taurus	XP_005216708.2	PRELP|bos_taurus|XP_005216708.2	381	LRR_4	PF12799.14	Leucine Rich repeats (2 copies)	1.6e-05	25.6	171	208	170	208	yes
PRELP	bos_taurus	XP_005216708.2	PRELP|bos_taurus|XP_005216708.2	381	LRR_8	PF13855.13	Leucine rich repeat	0.00015	22.1	212	238	209	240	yes
PRELP	bos_taurus	XP_005216708.2	PRELP|bos_taurus|XP_005216708.2	381	LRR_8	PF13855.13	Leucine rich repeat	1.2e-05	25.5	244	278	241	287	yes
PRELP	bos_taurus	XP_005216708.2	PRELP|bos_taurus|XP_005216708.2	381	LRR_4	PF12799.14	Leucine Rich repeats (2 copies)	4.2e-06	27.4	291	326	290	332	yes
PRELP	callorhinchus_milii	XP_042198145.1	PRELP|callorhinchus_milii|XP_042198145.1	378	LRRNT	PF01462.24	Leucine rich repeat N-terminal domain	2.8e-05	24.2	66	95	66	95	yes
PRELP	callorhinchus_milii	XP_042198145.1	PRELP|callorhinchus_milii|XP_042198145.1	378	LRR_8	PF13855.13	Leucine rich repeat	2.8e-10	40.4	97	158	96	158	yes
PRELP	callorhinchus_milii	XP_042198145.1	PRELP|callorhinchus_milii|XP_042198145.1	378	LRR_4	PF12799.14	Leucine Rich repeats (2 copies)	1.7e-06	28.7	168	205	167	206	yes
PRELP	callorhinchus_milii	XP_042198145.1	PRELP|callorhinchus_milii|XP_042198145.1	378	LRR_8	PF13855.13	Leucine rich repeat	5.4e-13	49.1	168	229	167	229	yes
PRELP	callorhinchus_milii	XP_042198145.1	PRELP|callorhinchus_milii|XP_042198145.1	378	LRR_14	PF23598.2	Leucine-rich repeat region	8.8e-06	25.3	186	312	174	314	yes
PRELP	callorhinchus_milii	XP_042198145.1	PRELP|callorhinchus_milii|XP_042198145.1	378	LRR_8	PF13855.13	Leucine rich repeat	1.4e-05	25.3	243	299	238	299	yes
PRELP	callorhinchus_milii	XP_042198145.1	PRELP|callorhinchus_milii|XP_042198145.1	378	LRR_8	PF13855.13	Leucine rich repeat	9.1e-05	22.7	278	319	277	319	yes
PRELP	callorhinchus_milii	XP_042198145.1	PRELP|callorhinchus_milii|XP_042198145.1	378	LRR_4	PF12799.14	Leucine Rich repeats (2 copies)	0.00058	20.6	288	323	287	329	yes
PRELP	canis_lupus_familiaris	XP_038441873.1	PRELP|canis_lupus_familiaris|XP_038441873.1	379	LRRNT	PF01462.24	Leucine rich repeat N-terminal domain	6.5e-06	26.2	69	98	69	98	yes
PRELP	canis_lupus_familiaris	XP_038441873.1	PRELP|canis_lupus_familiaris|XP_038441873.1	379	LRR_8	PF13855.13	Leucine rich repeat	2.4e-14	53.4	99	159	99	159	yes
PRELP	canis_lupus_familiaris	XP_038441873.1	PRELP|canis_lupus_familiaris|XP_038441873.1	379	LRR_14	PF23598.2	Leucine-rich repeat region	0.00018	20.9	112	224	100	232	yes
PRELP	canis_lupus_familiaris	XP_038441873.1	PRELP|canis_lupus_familiaris|XP_038441873.1	379	LRR_4	PF12799.14	Leucine Rich repeats (2 copies)	1.4e-05	25.8	124	162	123	167	yes
PRELP	canis_lupus_familiaris	XP_038441873.1	PRELP|canis_lupus_familiaris|XP_038441873.1	379	LRR_8	PF13855.13	Leucine rich repeat	4.8e-13	49.2	168	228	168	230	yes
PRELP	canis_lupus_familiaris	XP_038441873.1	PRELP|canis_lupus_familiaris|XP_038441873.1	379	LRR_4	PF12799.14	Leucine Rich repeats (2 copies)	3.8e-05	24.4	169	206	168	206	yes
PRELP	canis_lupus_familiaris	XP_038441873.1	PRELP|canis_lupus_familiaris|XP_038441873.1	379	LRR_8	PF13855.13	Leucine rich repeat	8.1e-07	29.3	242	300	239	300	yes
PRELP	canis_lupus_familiaris	XP_038441873.1	PRELP|canis_lupus_familiaris|XP_038441873.1	379	LRR_4	PF12799.14	Leucine Rich repeats (2 copies)	2.3e-05	25.0	289	324	288	327	yes
PRELP	chicken	XP_046760117.1	PRELP|chicken|XP_046760117.1	396	LRRNT	PF01462.24	Leucine rich repeat N-terminal domain	1.4e-05	25.1	85	114	85	114	yes
PRELP	chicken	XP_046760117.1	PRELP|chicken|XP_046760117.1	396	LRR_8	PF13855.13	Leucine rich repeat	2.8e-11	43.6	116	175	115	175	yes
PRELP	chicken	XP_046760117.1	PRELP|chicken|XP_046760117.1	396	LRR_4	PF12799.14	Leucine Rich repeats (2 copies)	0.00095	19.9	140	179	139	183	yes
PRELP	chicken	XP_046760117.1	PRELP|chicken|XP_046760117.1	396	LRR_4	PF12799.14	Leucine Rich repeats (2 copies)	2.9e-06	27.9	184	222	184	226	yes
PRELP	chicken	XP_046760117.1	PRELP|chicken|XP_046760117.1	396	LRR_8	PF13855.13	Leucine rich repeat	6.7e-12	45.6	184	244	184	246	yes
PRELP	chicken	XP_046760117.1	PRELP|chicken|XP_046760117.1	396	LRR_8	PF13855.13	Leucine rich repeat	9.3e-06	25.9	258	316	255	316	yes
PRELP	chicken	XP_046760117.1	PRELP|chicken|XP_046760117.1	396	LRR_4	PF12799.14	Leucine Rich repeats (2 copies)	1.8e-05	25.4	304	340	304	342	yes
PRELP	frog	NP_001096208.1	PRELP|frog|NP_001096208.1	374	LRRNT	PF01462.24	Leucine rich repeat N-terminal domain	5.6e-07	29.6	64	93	64	93	yes
PRELP	frog	NP_001096208.1	PRELP|frog|NP_001096208.1	374	LRR_8	PF13855.13	Leucine rich repeat	1.2e-11	44.8	97	154	94	154	yes
PRELP	frog	NP_001096208.1	PRELP|frog|NP_001096208.1	374	LRR_5	PF13306.13	BspA type Leucine rich repeat region (6 copies)	1.7e-05	25.3	106	201	96	216	yes
PRELP	frog	NP_001096208.1	PRELP|frog|NP_001096208.1	374	LRR_9	PF14580.13	Leucine-rich repeat	0.00051	20.2	112	213	99	224	yes
PRELP	frog	NP_001096208.1	PRELP|frog|NP_001096208.1	374	LRR_4	PF12799.14	Leucine Rich repeats (2 copies)	9.3e-05	23.1	120	157	118	162	yes
PRELP	frog	NP_001096208.1	PRELP|frog|NP_001096208.1	374	LRR_4	PF12799.14	Leucine Rich repeats (2 copies)	3.8e-05	24.4	164	201	163	202	yes
PRELP	frog	NP_001096208.1	PRELP|frog|NP_001096208.1	374	LRR_8	PF13855.13	Leucine rich repeat	8.4e-12	45.3	164	223	163	225	yes
PRELP	frog	NP_001096208.1	PRELP|frog|NP_001096208.1	374	LRR_8	PF13855.13	Leucine rich repeat	2e-05	24.9	236	271	234	280	yes
PRELP	frog	NP_001096208.1	PRELP|frog|NP_001096208.1	374	LRR_4	PF12799.14	Leucine Rich repeats (2 copies)	0.00065	20.5	284	319	283	322	yes
PRELP	human	NP_958505.1	PRELP|human|NP_958505.1	382	LRRNT	PF01462.24	Leucine rich repeat N-terminal domain	2.6e-05	24.3	72	101	72	101	yes
PRELP	human	NP_958505.1	PRELP|human|NP_958505.1	382	LRR_8	PF13855.13	Leucine rich repeat	6.8e-14	52.0	102	162	102	162	yes
PRELP	human	NP_958505.1	PRELP|human|NP_958505.1	382	LRR_4	PF12799.14	Leucine Rich repeats (2 copies)	4.7e-05	24.1	127	165	126	170	yes
PRELP	human	NP_958505.1	PRELP|human|NP_958505.1	382	LRR_8	PF13855.13	Leucine rich repeat	2.8e-13	50.0	171	231	171	233	yes
PRELP	human	NP_958505.1	PRELP|human|NP_958505.1	382	LRR_4	PF12799.14	Leucine Rich repeats (2 copies)	4.3e-05	24.2	172	209	171	209	yes
PRELP	human	NP_958505.1	PRELP|human|NP_958505.1	382	LRR_8	PF13855.13	Leucine rich repeat	8.7e-07	29.2	245	303	242	303	yes
PRELP	human	NP_958505.1	PRELP|human|NP_958505.1	382	LRR_4	PF12799.14	Leucine Rich repeats (2 copies)	1.8e-05	25.4	292	327	291	334	yes
PRELP	lamprey	XP_032810295.2	PRELP|lamprey|XP_032810295.2	367	LRR_8	PF13855.13	Leucine rich repeat	1.6e-10	41.2	99	156	96	156	yes
PRELP	lamprey	XP_032810295.2	PRELP|lamprey|XP_032810295.2	367	LRR_8	PF13855.13	Leucine rich repeat	4.1e-10	39.9	166	227	165	227	yes
PRELP	lamprey	XP_032810295.2	PRELP|lamprey|XP_032810295.2	367	LRR_8	PF13855.13	Leucine rich repeat	3e-05	24.3	237	297	236	297	yes
PRELP	latimeria_chalumnae	XP_006002320.1	PRELP|latimeria_chalumnae|XP_006002320.1	374	LRRNT	PF01462.24	Leucine rich repeat N-terminal domain	3.4e-07	30.3	64	93	64	94	yes
PRELP	latimeria_chalumnae	XP_006002320.1	PRELP|latimeria_chalumnae|XP_006002320.1	374	LRR_8	PF13855.13	Leucine rich repeat	2.3e-11	43.9	95	154	94	154	yes
PRELP	latimeria_chalumnae	XP_006002320.1	PRELP|latimeria_chalumnae|XP_006002320.1	374	LRR_4	PF12799.14	Leucine Rich repeats (2 copies)	0.00046	20.9	118	158	118	162	yes
PRELP	latimeria_chalumnae	XP_006002320.1	PRELP|latimeria_chalumnae|XP_006002320.1	374	LRR_4	PF12799.14	Leucine Rich repeats (2 copies)	6e-05	23.7	163	201	163	207	yes
PRELP	latimeria_chalumnae	XP_006002320.1	PRELP|latimeria_chalumnae|XP_006002320.1	374	LRR_8	PF13855.13	Leucine rich repeat	1.3e-10	41.5	163	223	163	225	yes
PRELP	latimeria_chalumnae	XP_006002320.1	PRELP|latimeria_chalumnae|XP_006002320.1	374	LRR_8	PF13855.13	Leucine rich repeat	4.8e-05	23.6	235	295	234	295	yes
PRELP	lepisosteus_oculatus	XP_015198331.2	PRELP|lepisosteus_oculatus|XP_015198331.2	367	LRRNT	PF01462.24	Leucine rich repeat N-terminal domain	2.3e-05	24.5	59	88	59	88	yes
PRELP	lepisosteus_oculatus	XP_015198331.2	PRELP|lepisosteus_oculatus|XP_015198331.2	367	LRR_8	PF13855.13	Leucine rich repeat	3.4e-11	43.3	92	149	89	149	yes
PRELP	lepisosteus_oculatus	XP_015198331.2	PRELP|lepisosteus_oculatus|XP_015198331.2	367	LRR_9	PF14580.13	Leucine-rich repeat	1.7e-05	25.1	96	208	92	219	yes
PRELP	lepisosteus_oculatus	XP_015198331.2	PRELP|lepisosteus_oculatus|XP_015198331.2	367	LRR_4	PF12799.14	Leucine Rich repeats (2 copies)	3.1e-06	27.8	158	197	158	201	yes
PRELP	lepisosteus_oculatus	XP_015198331.2	PRELP|lepisosteus_oculatus|XP_015198331.2	367	LRR_8	PF13855.13	Leucine rich repeat	9.5e-12	45.1	158	218	158	220	yes
PRELP	lepisosteus_oculatus	XP_015198331.2	PRELP|lepisosteus_oculatus|XP_015198331.2	367	LRR_8	PF13855.13	Leucine rich repeat	1.5e-06	28.4	230	290	229	290	yes
PRELP	monodelphis_domestica	XP_056671733.1	PRELP|monodelphis_domestica|XP_056671733.1	384	LRRNT	PF01462.24	Leucine rich repeat N-terminal domain	5e-06	26.6	74	103	74	103	yes
PRELP	monodelphis_domestica	XP_056671733.1	PRELP|monodelphis_domestica|XP_056671733.1	384	LRR_8	PF13855.13	Leucine rich repeat	6.3e-13	48.9	104	164	104	164	yes
PRELP	monodelphis_domestica	XP_056671733.1	PRELP|monodelphis_domestica|XP_056671733.1	384	LRR_14	PF23598.2	Leucine-rich repeat region	7.8e-05	22.2	116	229	105	259	yes
PRELP	monodelphis_domestica	XP_056671733.1	PRELP|monodelphis_domestica|XP_056671733.1	384	LRR_4	PF12799.14	Leucine Rich repeats (2 copies)	0.00026	21.7	129	167	128	172	yes
PRELP	monodelphis_domestica	XP_056671733.1	PRELP|monodelphis_domestica|XP_056671733.1	384	LRR_8	PF13855.13	Leucine rich repeat	2.3e-12	47.1	173	233	173	235	yes
PRELP	monodelphis_domestica	XP_056671733.1	PRELP|monodelphis_domestica|XP_056671733.1	384	LRR_4	PF12799.14	Leucine Rich repeats (2 copies)	1.3e-05	25.8	174	211	173	211	yes
PRELP	monodelphis_domestica	XP_056671733.1	PRELP|monodelphis_domestica|XP_056671733.1	384	LRR_8	PF13855.13	Leucine rich repeat	4.8e-05	23.6	247	282	244	290	yes
PRELP	mouse	XP_006529147.1	PRELP|mouse|XP_006529147.1	378	LRRNT	PF01462.24	Leucine rich repeat N-terminal domain	4e-05	23.7	68	97	68	97	yes
PRELP	mouse	XP_006529147.1	PRELP|mouse|XP_006529147.1	378	LRR_14	PF23598.2	Leucine-rich repeat region	3.5e-05	23.3	96	224	82	232	yes
PRELP	mouse	XP_006529147.1	PRELP|mouse|XP_006529147.1	378	LRR_8	PF13855.13	Leucine rich repeat	1.3e-12	47.9	98	158	98	158	yes
PRELP	mouse	XP_006529147.1	PRELP|mouse|XP_006529147.1	378	LRR_4	PF12799.14	Leucine Rich repeats (2 copies)	0.0003	21.5	123	161	122	166	yes
PRELP	mouse	XP_006529147.1	PRELP|mouse|XP_006529147.1	378	LRR_8	PF13855.13	Leucine rich repeat	1.1e-11	44.9	167	227	167	229	yes
PRELP	mouse	XP_006529147.1	PRELP|mouse|XP_006529147.1	378	LRR_4	PF12799.14	Leucine Rich repeats (2 copies)	0.00025	21.8	168	205	167	205	yes
PRELP	mouse	XP_006529147.1	PRELP|mouse|XP_006529147.1	378	LRR_8	PF13855.13	Leucine rich repeat	0.00031	21.0	241	275	238	284	yes
PRELP	mouse	XP_006529147.1	PRELP|mouse|XP_006529147.1	378	LRR_4	PF12799.14	Leucine Rich repeats (2 copies)	5.4e-05	23.9	288	323	287	327	yes
PRELP	rattus_norvegicus	XP_008767794.1	PRELP|rattus_norvegicus|XP_008767794.1	377	LRRNT	PF01462.24	Leucine rich repeat N-terminal domain	1.3e-05	25.2	67	96	67	96	yes
PRELP	rattus_norvegicus	XP_008767794.1	PRELP|rattus_norvegicus|XP_008767794.1	377	LRR_8	PF13855.13	Leucine rich repeat	9.5e-14	51.5	97	157	97	157	yes
PRELP	rattus_norvegicus	XP_008767794.1	PRELP|rattus_norvegicus|XP_008767794.1	377	LRR_4	PF12799.14	Leucine Rich repeats (2 copies)	0.0004	21.1	122	160	121	165	yes
PRELP	rattus_norvegicus	XP_008767794.1	PRELP|rattus_norvegicus|XP_008767794.1	377	LRR_8	PF13855.13	Leucine rich repeat	1.1e-11	44.9	166	226	166	228	yes
PRELP	rattus_norvegicus	XP_008767794.1	PRELP|rattus_norvegicus|XP_008767794.1	377	LRR_4	PF12799.14	Leucine Rich repeats (2 copies)	0.00023	21.9	167	204	166	204	yes
PRELP	rattus_norvegicus	XP_008767794.1	PRELP|rattus_norvegicus|XP_008767794.1	377	LRR_8	PF13855.13	Leucine rich repeat	0.00028	21.2	239	274	237	283	yes
PRELP	rattus_norvegicus	XP_008767794.1	PRELP|rattus_norvegicus|XP_008767794.1	377	LRR_4	PF12799.14	Leucine Rich repeats (2 copies)	4.7e-05	24.1	287	322	286	326	yes
PRELP	scyliorhinus_canicula	XP_038675391.1	PRELP|scyliorhinus_canicula|XP_038675391.1	393	LRRNT	PF01462.24	Leucine rich repeat N-terminal domain	9.7e-05	22.5	81	110	81	110	yes
PRELP	scyliorhinus_canicula	XP_038675391.1	PRELP|scyliorhinus_canicula|XP_038675391.1	393	LRR_8	PF13855.13	Leucine rich repeat	1.3e-08	35.0	111	173	111	173	yes
PRELP	scyliorhinus_canicula	XP_038675391.1	PRELP|scyliorhinus_canicula|XP_038675391.1	393	LRR_4	PF12799.14	Leucine Rich repeats (2 copies)	8.7e-06	26.4	183	220	182	226	yes
PRELP	scyliorhinus_canicula	XP_038675391.1	PRELP|scyliorhinus_canicula|XP_038675391.1	393	LRR_8	PF13855.13	Leucine rich repeat	2.5e-12	46.9	183	244	182	244	yes
PRELP	scyliorhinus_canicula	XP_038675391.1	PRELP|scyliorhinus_canicula|XP_038675391.1	393	LRR_8	PF13855.13	Leucine rich repeat	0.00074	19.8	224	249	221	257	yes
PRELP	scyliorhinus_canicula	XP_038675391.1	PRELP|scyliorhinus_canicula|XP_038675391.1	393	LRR_8	PF13855.13	Leucine rich repeat	0.00098	19.4	256	289	252	289	yes
PRELP	scyliorhinus_canicula	XP_038675391.1	PRELP|scyliorhinus_canicula|XP_038675391.1	393	LRR_4	PF12799.14	Leucine Rich repeats (2 copies)	0.00022	22.0	306	338	302	341	yes
PRELP	whale_shark	XP_048468210.1	PRELP|whale_shark|XP_048468210.1	393	LRRNT	PF01462.24	Leucine rich repeat N-terminal domain	4.1e-05	23.7	81	110	81	110	yes
PRELP	whale_shark	XP_048468210.1	PRELP|whale_shark|XP_048468210.1	393	LRR_8	PF13855.13	Leucine rich repeat	1.1e-09	38.5	111	173	111	177	yes
PRELP	whale_shark	XP_048468210.1	PRELP|whale_shark|XP_048468210.1	393	LRR_4	PF12799.14	Leucine Rich repeats (2 copies)	4.2e-06	27.4	183	220	182	221	yes
PRELP	whale_shark	XP_048468210.1	PRELP|whale_shark|XP_048468210.1	393	LRR_8	PF13855.13	Leucine rich repeat	3.5e-13	49.7	183	244	182	244	yes
PRELP	whale_shark	XP_048468210.1	PRELP|whale_shark|XP_048468210.1	393	LRR_8	PF13855.13	Leucine rich repeat	4.3e-05	23.8	258	314	255	314	yes
PRELP	zebrafish	XP_001923590.2	PRELP|zebrafish|XP_001923590.2	378	LRRNT	PF01462.24	Leucine rich repeat N-terminal domain	0.00022	21.4	74	103	74	103	yes
PRELP	zebrafish	XP_001923590.2	PRELP|zebrafish|XP_001923590.2	378	LRR_8	PF13855.13	Leucine rich repeat	1.4e-14	54.2	107	164	105	164	yes
PRELP	zebrafish	XP_001923590.2	PRELP|zebrafish|XP_001923590.2	378	LRR_14	PF23598.2	Leucine-rich repeat region	1.9e-05	24.2	115	248	104	259	yes
PRELP	zebrafish	XP_001923590.2	PRELP|zebrafish|XP_001923590.2	378	LRR_4	PF12799.14	Leucine Rich repeats (2 copies)	2.6e-05	24.9	128	169	128	173	yes
PRELP	zebrafish	XP_001923590.2	PRELP|zebrafish|XP_001923590.2	378	LRR_8	PF13855.13	Leucine rich repeat	5.1e-11	42.8	174	233	173	235	yes
PRELP	zebrafish	XP_001923590.2	PRELP|zebrafish|XP_001923590.2	378	LRR_4	PF12799.14	Leucine Rich repeats (2 copies)	4.9e-05	24.0	175	212	174	214	yes
PRELP	zebrafish	XP_001923590.2	PRELP|zebrafish|XP_001923590.2	378	LRR_8	PF13855.13	Leucine rich repeat	1.6e-06	28.4	248	305	244	305	yes
