gene	accession	species	gene_id	isoform	length	status	reason	old_header	new_header
FMOD	XP_027727139.1	Vombatus ursinus	114049890		374	kept	representative	XP_027727139.1 FMOD [organism=Vombatus ursinus] [GeneID=114049890]	Vombatus_ursinus|FMOD|XP_027727139.1
FMOD	XP_027727140.1	Vombatus ursinus	114049890		374	excluded	extra_isoform_same_locus	XP_027727140.1 FMOD [organism=Vombatus ursinus] [GeneID=114049890]	Vombatus_ursinus|FMOD|XP_027727140.1
FMOD	XP_036200059.1	Myotis myotis	118673420		377	kept	representative	XP_036200059.1 FMOD [organism=Myotis myotis] [GeneID=118673420]	Myotis_myotis|FMOD|XP_036200059.1
FMOD	XP_059529400.1	Myotis daubentonii	132220390		377	kept	representative	XP_059529400.1 FMOD [organism=Myotis daubentonii] [GeneID=132220390]	Myotis_daubentonii|FMOD|XP_059529400.1
FMOD	XP_059984976.1	Lagenorhynchus albirostris	132508656		377	kept	representative	XP_059984976.1 FMOD [organism=Lagenorhynchus albirostris] [GeneID=132508656]	Lagenorhynchus_albirostris|FMOD|XP_059984976.1
FMOD	XP_032144701.1	Sapajus apella	116558737		376	kept	representative	XP_032144701.1 FMOD [organism=Sapajus apella] [GeneID=116558737]	Sapajus_apella|FMOD|XP_032144701.1
FMOD	XP_514114.1	Pan troglodytes	457644		376	kept	representative	XP_514114.1 FMOD [organism=Pan troglodytes] [GeneID=457644]	Pan_troglodytes|FMOD|XP_514114.1
FMOD	XP_006025088.1	Alligator sinensis	102382970		381	kept	representative	XP_006025088.1 FMOD [organism=Alligator sinensis] [GeneID=102382970]	Alligator_sinensis|FMOD|XP_006025088.1
FMOD	XP_025061623.1	Alligator sinensis	102382970		381	excluded	extra_isoform_same_locus	XP_025061623.1 FMOD [organism=Alligator sinensis] [GeneID=102382970]	Alligator_sinensis|FMOD|XP_025061623.1
FMOD	XP_006133172.2	Pelodiscus sinensis	102448207		379	kept	representative	XP_006133172.2 FMOD [organism=Pelodiscus sinensis] [GeneID=102448207]	Pelodiscus_sinensis|FMOD|XP_006133172.2
FMOD	XP_019402170.1	Crocodylus porosus	109317764		377	kept	representative	XP_019402170.1 FMOD [organism=Crocodylus porosus] [GeneID=109317764]	Crocodylus_porosus|FMOD|XP_019402170.1
FMOD	XP_019402171.1	Crocodylus porosus	109317764		377	excluded	extra_isoform_same_locus	XP_019402171.1 FMOD [organism=Crocodylus porosus] [GeneID=109317764]	Crocodylus_porosus|FMOD|XP_019402171.1
FMOD	XP_039389613.1	Mauremys reevesii	120403027		374	kept	representative	XP_039389613.1 FMOD [organism=Mauremys reevesii] [GeneID=120403027]	Mauremys_reevesii|FMOD|XP_039389613.1
FMOD	XP_080977338.1	Miniopterus schreibersii	308548992		376	kept	representative	XP_080977338.1 FMOD [organism=Miniopterus schreibersii] [GeneID=308548992]	Miniopterus_schreibersii|FMOD|XP_080977338.1
FMOD	XP_045154117.1	Echinops telfairi	101640026		338	kept	representative	XP_045154117.1 FMOD [organism=Echinops telfairi] [GeneID=101640026]	Echinops_telfairi|FMOD|XP_045154117.1
FMOD	XP_079616709.1	Cnephaeus nilssonii	307092973		377	kept	representative	XP_079616709.1 FMOD [organism=Cnephaeus nilssonii] [GeneID=307092973]	Cnephaeus_nilssonii|FMOD|XP_079616709.1
FMOD	XP_066192010.1	Sylvia atricapilla	136371669		383	kept	representative	XP_066192010.1 FMOD [organism=Sylvia atricapilla] [GeneID=136371669]	Sylvia_atricapilla|FMOD|XP_066192010.1
FMOD	XP_061015818.1	Dama dama	133068919		376	kept	representative	XP_061015818.1 FMOD [organism=Dama dama] [GeneID=133068919]	Dama_dama|FMOD|XP_061015818.1
FMOD	XP_042740037.1	Lagopus leucura	122186998		380	kept	representative	XP_042740037.1 FMOD [organism=Lagopus leucura] [GeneID=122186998]	Lagopus_leucura|FMOD|XP_042740037.1
FMOD	XP_041278669.1	Onychostruthus taczanowskii	121345637		382	kept	representative	XP_041278669.1 FMOD [organism=Onychostruthus taczanowskii] [GeneID=121345637]	Onychostruthus_taczanowskii|FMOD|XP_041278669.1
FMOD	XP_041278670.1	Onychostruthus taczanowskii	121345637		382	excluded	extra_isoform_same_locus	XP_041278670.1 FMOD [organism=Onychostruthus taczanowskii] [GeneID=121345637]	Onychostruthus_taczanowskii|FMOD|XP_041278670.1
FMOD	XP_050620095.1	Macaca thibetana thibetana	126939152		376	kept	representative	XP_050620095.1 FMOD [organism=Macaca thibetana thibetana] [GeneID=126939152]	Macaca_thibetana_thibetana|FMOD|XP_050620095.1
FMOD	XP_050620105.1	Macaca thibetana thibetana	126939152		376	excluded	extra_isoform_same_locus	XP_050620105.1 FMOD [organism=Macaca thibetana thibetana] [GeneID=126939152]	Macaca_thibetana_thibetana|FMOD|XP_050620105.1
FMOD	XP_028924127.1	Ornithorhynchus anatinus	100089842		372	kept	representative	XP_028924127.1 FMOD [organism=Ornithorhynchus anatinus] [GeneID=100089842]	Ornithorhynchus_anatinus|FMOD|XP_028924127.1
FMOD	XP_006261285.1	Alligator mississippiensis	102566121		381	kept	representative	XP_006261285.1 FMOD [organism=Alligator mississippiensis] [GeneID=102566121]	Alligator_mississippiensis|FMOD|XP_006261285.1
FMOD	XP_019347063.1	Alligator mississippiensis	102566121		381	excluded	extra_isoform_same_locus	XP_019347063.1 FMOD [organism=Alligator mississippiensis] [GeneID=102566121]	Alligator_mississippiensis|FMOD|XP_019347063.1
FMOD	XP_019347064.1	Alligator mississippiensis	102566121		381	excluded	extra_isoform_same_locus	XP_019347064.1 FMOD [organism=Alligator mississippiensis] [GeneID=102566121]	Alligator_mississippiensis|FMOD|XP_019347064.1
FMOD	XP_059573046.1	Alligator mississippiensis	102566121		381	excluded	extra_isoform_same_locus	XP_059573046.1 FMOD [organism=Alligator mississippiensis] [GeneID=102566121]	Alligator_mississippiensis|FMOD|XP_059573046.1
FMOD	XP_019575314.1	Rhinolophus sinicus	109439446		376	kept	representative	XP_019575314.1 FMOD [organism=Rhinolophus sinicus] [GeneID=109439446]	Rhinolophus_sinicus|FMOD|XP_019575314.1
FMOD	XP_005529354.1	Pseudopodoces humilis	102099713		382	kept	representative	XP_005529354.1 FMOD [organism=Pseudopodoces humilis] [GeneID=102099713]	Pseudopodoces_humilis|FMOD|XP_005529354.1
FMOD	XP_080214382.1	Nesoenas mayeri	308048929		380	kept	representative	XP_080214382.1 FMOD [organism=Nesoenas mayeri] [GeneID=308048929]	Nesoenas_mayeri|FMOD|XP_080214382.1
FMOD	XP_039941519.1	Hirundo rustica	120762806		382	kept	representative	XP_039941519.1 FMOD [organism=Hirundo rustica] [GeneID=120762806]	Hirundo_rustica|FMOD|XP_039941519.1
FMOD	XP_039941520.1	Hirundo rustica	120762806		382	excluded	extra_isoform_same_locus	XP_039941520.1 FMOD [organism=Hirundo rustica] [GeneID=120762806]	Hirundo_rustica|FMOD|XP_039941520.1
FMOD	XP_075120443.1	Leptodactylus fuscus	142194905		357	kept	representative	XP_075120443.1 FMOD [organism=Leptodactylus fuscus] [GeneID=142194905]	Leptodactylus_fuscus|FMOD|XP_075120443.1
FMOD	XP_015740868.1	Coturnix japonica	107324925		380	kept	representative	XP_015740868.1 FMOD [organism=Coturnix japonica] [GeneID=107324925]	Coturnix_japonica|FMOD|XP_015740868.1
FMOD	XP_081770705.1	Podarcis melisellensis	309371692	1	388	excluded	extra_isoform_same_locus	XP_081770705.1 FMOD [organism=Podarcis melisellensis] [GeneID=309371692] [isoform=1]	Podarcis_melisellensis|FMOD|XP_081770705.1
FMOD	XP_081770706.1	Podarcis melisellensis	309371692	2	379	kept	representative	XP_081770706.1 FMOD [organism=Podarcis melisellensis] [GeneID=309371692] [isoform=2]	Podarcis_melisellensis|FMOD|XP_081770706.1
FMOD	XP_082253033.1	Balaenoptera borealis	309631004		376	kept	representative	XP_082253033.1 FMOD [organism=Balaenoptera borealis] [GeneID=309631004]	Balaenoptera_borealis|FMOD|XP_082253033.1
FMOD	XP_006159236.1	Tupaia belangeri chinensis	102477806		376	kept	representative	XP_006159236.1 FMOD [organism=Tupaia belangeri chinensis] [GeneID=102477806]	Tupaia_belangeri_chinensis|FMOD|XP_006159236.1
FMOD	XP_038605180.1	Tachyglossus aculeatus	119930681		372	kept	representative	XP_038605180.1 FMOD [organism=Tachyglossus aculeatus] [GeneID=119930681]	Tachyglossus_aculeatus|FMOD|XP_038605180.1
FMOD	XP_035202920.1	Oxyura jamaicensis	118178454		410	kept	representative	XP_035202920.1 FMOD [organism=Oxyura jamaicensis] [GeneID=118178454]	Oxyura_jamaicensis|FMOD|XP_035202920.1
FMOD	XP_005061647.1	Ficedula albicollis	101820971		382	kept	representative	XP_005061647.1 FMOD [organism=Ficedula albicollis] [GeneID=101820971]	Ficedula_albicollis|FMOD|XP_005061647.1
FMOD	XP_035935457.1	Halichoerus grypus	118527657		376	kept	representative	XP_035935457.1 FMOD [organism=Halichoerus grypus] [GeneID=118527657]	Halichoerus_grypus|FMOD|XP_035935457.1
FMOD	XP_038236045.1	Dermochelys coriacea	119846444		379	kept	representative	XP_038236045.1 FMOD [organism=Dermochelys coriacea] [GeneID=119846444]	Dermochelys_coriacea|FMOD|XP_038236045.1
FMOD	XP_068930715.1	Petaurus breviceps papuanus	138151120		374	kept	representative	XP_068930715.1 FMOD [organism=Petaurus breviceps papuanus] [GeneID=138151120]	Petaurus_breviceps_papuanus|FMOD|XP_068930715.1
FMOD	XP_068930716.1	Petaurus breviceps papuanus	138151120		374	excluded	extra_isoform_same_locus	XP_068930716.1 FMOD [organism=Petaurus breviceps papuanus] [GeneID=138151120]	Petaurus_breviceps_papuanus|FMOD|XP_068930716.1
FMOD	XP_012403248.1	Sarcophilus harrisii	100922131		374	kept	representative	XP_012403248.1 FMOD [organism=Sarcophilus harrisii] [GeneID=100922131]	Sarcophilus_harrisii|FMOD|XP_012403248.1
FMOD	XP_031793031.1	Sarcophilus harrisii	100922131		374	excluded	extra_isoform_same_locus	XP_031793031.1 FMOD [organism=Sarcophilus harrisii] [GeneID=100922131]	Sarcophilus_harrisii|FMOD|XP_031793031.1
FMOD	XP_025277000.1	Canis lupus dingo	112643268		376	kept	representative	XP_025277000.1 FMOD [organism=Canis lupus dingo] [GeneID=112643268]	Canis_lupus_dingo|FMOD|XP_025277000.1
FMOD	XP_082634868.1	Aythya marila	309887201		380	kept	representative	XP_082634868.1 FMOD [organism=Aythya marila] [GeneID=309887201]	Aythya_marila|FMOD|XP_082634868.1
FMOD	XP_020858894.1	Phascolarctos cinereus	110219675		374	kept	representative	XP_020858894.1 FMOD [organism=Phascolarctos cinereus] [GeneID=110219675]	Phascolarctos_cinereus|FMOD|XP_020858894.1
FMOD	XP_058675421.1	Ammospiza caudacuta	131567720		382	kept	representative	XP_058675421.1 FMOD [organism=Ammospiza caudacuta] [GeneID=131567720]	Ammospiza_caudacuta|FMOD|XP_058675421.1
FMOD	XP_059136584.1	Peromyscus eremicus	131925303		376	kept	representative	XP_059136584.1 Fmod [organism=Peromyscus eremicus] [GeneID=131925303]	Peromyscus_eremicus|FMOD|XP_059136584.1
FMOD	XP_075631751.1	Balearica regulorum gibbericeps	104640450		380	kept	representative	XP_075631751.1 FMOD [organism=Balearica regulorum gibbericeps] [GeneID=104640450]	Balearica_regulorum_gibbericeps|FMOD|XP_075631751.1
FMOD	XP_027419974.1	Bos indicus x Bos taurus	113906276		376	kept	representative	XP_027419974.1 FMOD [organism=Bos indicus x Bos taurus] [GeneID=113906276]	Bos_indicus_x_Bos_taurus|FMOD|XP_027419974.1
FMOD	XP_050003722.1	Alexandromys fortis	126505060		377	kept	representative	XP_050003722.1 Fmod [organism=Alexandromys fortis] [GeneID=126505060]	Alexandromys_fortis|FMOD|XP_050003722.1
FMOD	XP_072504250.1	Notamacropus eugenii	140529462		374	kept	representative	XP_072504250.1 FMOD [organism=Notamacropus eugenii] [GeneID=140529462]	Notamacropus_eugenii|FMOD|XP_072504250.1
FMOD	XP_063811352.1	Pseudophryne corroboree	135045311		361	kept	representative	XP_063811352.1 FMOD [organism=Pseudophryne corroboree] [GeneID=135045311]	Pseudophryne_corroboree|FMOD|XP_063811352.1
FMOD	XP_046319543.1	Marmota monax	124106049		378	kept	representative	XP_046319543.1 Fmod [organism=Marmota monax] [GeneID=124106049]	Marmota_monax|FMOD|XP_046319543.1
FMOD	XP_051677100.1	Oryctolagus cuniculus	100008664		376	kept	representative	XP_051677100.1 FMOD [organism=Oryctolagus cuniculus] [GeneID=100008664]	Oryctolagus_cuniculus|FMOD|XP_051677100.1
FMOD	XP_069911218.1	Oryctolagus cuniculus	100008664		376	excluded	extra_isoform_same_locus	XP_069911218.1 FMOD [organism=Oryctolagus cuniculus] [GeneID=100008664]	Oryctolagus_cuniculus|FMOD|XP_069911218.1
FMOD	XP_006887949.1	Elephantulus edwardii	102858069		376	kept	representative	XP_006887949.1 FMOD [organism=Elephantulus edwardii] [GeneID=102858069]	Elephantulus_edwardii|FMOD|XP_006887949.1
FMOD	XP_048682903.1	Caretta caretta	125625194		379	kept	representative	XP_048682903.1 FMOD [organism=Caretta caretta] [GeneID=125625194]	Caretta_caretta|FMOD|XP_048682903.1
FMOD	XP_049626621.1	Suncus etruscus	126004200		375	kept	representative	XP_049626621.1 FMOD [organism=Suncus etruscus] [GeneID=126004200]	Suncus_etruscus|FMOD|XP_049626621.1
FMOD	XP_068842309.1	Capricornis sumatraensis	138090554		376	kept	representative	XP_068842309.1 FMOD [organism=Capricornis sumatraensis] [GeneID=138090554]	Capricornis_sumatraensis|FMOD|XP_068842309.1
FMOD	XP_074121198.1	Sminthopsis crassicaudata	141541036		374	kept	representative	XP_074121198.1 FMOD [organism=Sminthopsis crassicaudata] [GeneID=141541036]	Sminthopsis_crassicaudata|FMOD|XP_074121198.1
FMOD	XP_074121199.1	Sminthopsis crassicaudata	141541036		374	excluded	extra_isoform_same_locus	XP_074121199.1 FMOD [organism=Sminthopsis crassicaudata] [GeneID=141541036]	Sminthopsis_crassicaudata|FMOD|XP_074121199.1
FMOD	XP_080425035.1	Anser brachyrhynchus	308183177		380	kept	representative	XP_080425035.1 FMOD [organism=Anser brachyrhynchus] [GeneID=308183177]	Anser_brachyrhynchus|FMOD|XP_080425035.1
FMOD	XP_038205476.1	Arvicola amphibius	119827716		376	kept	representative	XP_038205476.1 Fmod [organism=Arvicola amphibius] [GeneID=119827716]	Arvicola_amphibius|FMOD|XP_038205476.1
FMOD	XP_005348426.1	Microtus ochrogaster	102001806		377	kept	representative	XP_005348426.1 Fmod [organism=Microtus ochrogaster] [GeneID=102001806]	Microtus_ochrogaster|FMOD|XP_005348426.1
FMOD	XP_069315466.1	Eulemur rufifrons	138375623		376	kept	representative	XP_069315466.1 FMOD [organism=Eulemur rufifrons] [GeneID=138375623]	Eulemur_rufifrons|FMOD|XP_069315466.1
FMOD	XP_037352916.1	Talpa occidentalis	119234220		376	kept	representative	XP_037352916.1 FMOD [organism=Talpa occidentalis] [GeneID=119234220]	Talpa_occidentalis|FMOD|XP_037352916.1
FMOD	XP_037352917.1	Talpa occidentalis	119234220		376	excluded	extra_isoform_same_locus	XP_037352917.1 FMOD [organism=Talpa occidentalis] [GeneID=119234220]	Talpa_occidentalis|FMOD|XP_037352917.1
FMOD	XP_007065191.1	Chelonia mydas	102938773		379	kept	representative	XP_007065191.1 FMOD [organism=Chelonia mydas] [GeneID=102938773]	Chelonia_mydas|FMOD|XP_007065191.1
FMOD	XP_066218121.1	Saccopteryx leptura	136390900		376	kept	representative	XP_066218121.1 FMOD [organism=Saccopteryx leptura] [GeneID=136390900]	Saccopteryx_leptura|FMOD|XP_066218121.1
FMOD	XP_003220368.1	Anolis carolinensis	100565108	X2	379	kept	representative	XP_003220368.1 fmod [organism=Anolis carolinensis] [GeneID=100565108] [isoform=X2]	Anolis_carolinensis|FMOD|XP_003220368.1
FMOD	XP_008107883.2	Anolis carolinensis	100565108	X1	422	excluded	extra_isoform_same_locus	XP_008107883.2 fmod [organism=Anolis carolinensis] [GeneID=100565108] [isoform=X1]	Anolis_carolinensis|FMOD|XP_008107883.2
FMOD	XP_062834576.1	Anolis carolinensis	100565108	X2	379	excluded	extra_isoform_same_locus	XP_062834576.1 fmod [organism=Anolis carolinensis] [GeneID=100565108] [isoform=X2]	Anolis_carolinensis|FMOD|XP_062834576.1
FMOD	XP_028386569.1	Phyllostomus discolor	114511926		376	kept	representative	XP_028386569.1 FMOD [organism=Phyllostomus discolor] [GeneID=114511926]	Phyllostomus_discolor|FMOD|XP_028386569.1
FMOD	XP_028386570.1	Phyllostomus discolor	114511926		376	excluded	extra_isoform_same_locus	XP_028386570.1 FMOD [organism=Phyllostomus discolor] [GeneID=114511926]	Phyllostomus_discolor|FMOD|XP_028386570.1
FMOD	XP_031992682.1	Hylobates moloch	116457534		377	kept	representative	XP_031992682.1 FMOD [organism=Hylobates moloch] [GeneID=116457534]	Hylobates_moloch|FMOD|XP_031992682.1
FMOD	XP_052055780.1	Apodemus sylvaticus	127696993		376	kept	representative	XP_052055780.1 Fmod [organism=Apodemus sylvaticus] [GeneID=127696993]	Apodemus_sylvaticus|FMOD|XP_052055780.1
FMOD	XP_010009560.1	Nestor notabilis	104403196		380	kept	representative	XP_010009560.1 FMOD [organism=Nestor notabilis] [GeneID=104403196]	Nestor_notabilis|FMOD|XP_010009560.1
FMOD	XP_005690428.1	Capra hircus	102183621		376	kept	representative	XP_005690428.1 FMOD [organism=Capra hircus] [GeneID=102183621]	Capra_hircus|FMOD|XP_005690428.1
FMOD	XP_008828578.1	Nannospalax galili	103731862		376	kept	representative	XP_008828578.1 Fmod [organism=Nannospalax galili] [GeneID=103731862]	Nannospalax_galili|FMOD|XP_008828578.1
FMOD	XP_082083302.1	Podarcis vaucheri	309534789	1	388	excluded	extra_isoform_same_locus	XP_082083302.1 FMOD [organism=Podarcis vaucheri] [GeneID=309534789] [isoform=1]	Podarcis_vaucheri|FMOD|XP_082083302.1
FMOD	XP_082083303.1	Podarcis vaucheri	309534789	2	379	kept	representative	XP_082083303.1 FMOD [organism=Podarcis vaucheri] [GeneID=309534789] [isoform=2]	Podarcis_vaucheri|FMOD|XP_082083303.1
FMOD	XP_017380844.1	Cebus imitator	108302009		376	kept	representative	XP_017380844.1 FMOD [organism=Cebus imitator] [GeneID=108302009]	Cebus_imitator|FMOD|XP_017380844.1
FMOD	XP_072700903.1	Ciconia boyciana	140643256		380	kept	representative	XP_072700903.1 FMOD [organism=Ciconia boyciana] [GeneID=140643256]	Ciconia_boyciana|FMOD|XP_072700903.1
FMOD	XP_005330376.1	Ictidomys tridecemlineatus	101964675		378	kept	representative	XP_005330376.1 Fmod [organism=Ictidomys tridecemlineatus] [GeneID=101964675]	Ictidomys_tridecemlineatus|FMOD|XP_005330376.1
FMOD	XP_032174400.1	Mustela erminea	116576348		376	kept	representative	XP_032174400.1 FMOD [organism=Mustela erminea] [GeneID=116576348]	Mustela_erminea|FMOD|XP_032174400.1
FMOD	XP_040317964.1	Herpailurus yagouaroundi	121021578		376	kept	representative	XP_040317964.1 FMOD [organism=Herpailurus yagouaroundi] [GeneID=121021578]	Herpailurus_yagouaroundi|FMOD|XP_040317964.1
FMOD	XP_031461829.1	Phasianus colchicus	116237046		380	kept	representative	XP_031461829.1 FMOD [organism=Phasianus colchicus] [GeneID=116237046]	Phasianus_colchicus|FMOD|XP_031461829.1
FMOD	XP_059947080.1	Mesoplodon densirostris	132484497		376	kept	representative	XP_059947080.1 FMOD [organism=Mesoplodon densirostris] [GeneID=132484497]	Mesoplodon_densirostris|FMOD|XP_059947080.1
FMOD	XP_068851961.1	Aphelocoma coerulescens	138098933		382	kept	representative	XP_068851961.1 FMOD [organism=Aphelocoma coerulescens] [GeneID=138098933]	Aphelocoma_coerulescens|FMOD|XP_068851961.1
FMOD	XP_081925389.1	Streptopelia decaocto	309448062		380	kept	representative	XP_081925389.1 FMOD [organism=Streptopelia decaocto] [GeneID=309448062]	Streptopelia_decaocto|FMOD|XP_081925389.1
FMOD	XP_033008611.1	Lacerta agilis	117048652		382	kept	representative	XP_033008611.1 FMOD [organism=Lacerta agilis] [GeneID=117048652]	Lacerta_agilis|FMOD|XP_033008611.1
FMOD	XP_033008612.1	Lacerta agilis	117048652		382	excluded	extra_isoform_same_locus	XP_033008612.1 FMOD [organism=Lacerta agilis] [GeneID=117048652]	Lacerta_agilis|FMOD|XP_033008612.1
FMOD	XP_037680936.1	Choloepus didactylus	119526117		376	kept	representative	XP_037680936.1 FMOD [organism=Choloepus didactylus] [GeneID=119526117]	Choloepus_didactylus|FMOD|XP_037680936.1
FMOD	XP_037680937.1	Choloepus didactylus	119526117		376	excluded	extra_isoform_same_locus	XP_037680937.1 FMOD [organism=Choloepus didactylus] [GeneID=119526117]	Choloepus_didactylus|FMOD|XP_037680937.1
FMOD	XP_062067257.1	Lepus europaeus	133773697		376	kept	representative	XP_062067257.1 FMOD [organism=Lepus europaeus] [GeneID=133773697]	Lepus_europaeus|FMOD|XP_062067257.1
FMOD	XP_027831982.2	Ovis aries	101111037		376	kept	representative	XP_027831982.2 FMOD [organism=Ovis aries] [GeneID=101111037]	Ovis_aries|FMOD|XP_027831982.2
FMOD	XP_007522176.1	Erinaceus europaeus	103112645		376	kept	representative	XP_007522176.1 FMOD [organism=Erinaceus europaeus] [GeneID=103112645]	Erinaceus_europaeus|FMOD|XP_007522176.1
FMOD	NP_001431520.1	Sus scrofa	100526237		376	kept	representative	NP_001431520.1 FMOD [organism=Sus scrofa] [GeneID=100526237]	Sus_scrofa|FMOD|NP_001431520.1
FMOD	XP_083214063.1	Vipera ursinii	310637486		378	kept	representative	XP_083214063.1 FMOD [organism=Vipera ursinii] [GeneID=310637486]	Vipera_ursinii|FMOD|XP_083214063.1
FMOD	XP_069094539.1	Pleurodeles waltl	138299839		372	kept	representative	XP_069094539.1 FMOD [organism=Pleurodeles waltl] [GeneID=138299839]	Pleurodeles_waltl|FMOD|XP_069094539.1
FMOD	XP_069094540.1	Pleurodeles waltl	138299839		372	excluded	extra_isoform_same_locus	XP_069094540.1 FMOD [organism=Pleurodeles waltl] [GeneID=138299839]	Pleurodeles_waltl|FMOD|XP_069094540.1
FMOD	XP_036128877.1	Molossus molossus	118637492		376	kept	representative	XP_036128877.1 FMOD [organism=Molossus molossus] [GeneID=118637492]	Molossus_molossus|FMOD|XP_036128877.1
FMOD	XP_007449054.1	Lipotes vexillifer	103086597		376	kept	representative	XP_007449054.1 FMOD [organism=Lipotes vexillifer] [GeneID=103086597]	Lipotes_vexillifer|FMOD|XP_007449054.1
FMOD	XP_049688134.1	Astur gentilis	126052080		380	kept	representative	XP_049688134.1 FMOD [organism=Astur gentilis] [GeneID=126052080]	Astur_gentilis|FMOD|XP_049688134.1
FMOD	XP_002925483.1	Ailuropoda melanoleuca	100483030		376	kept	representative	XP_002925483.1 FMOD [organism=Ailuropoda melanoleuca] [GeneID=100483030]	Ailuropoda_melanoleuca|FMOD|XP_002925483.1
FMOD	XP_008497640.1	Calypte anna	103533550		380	kept	representative	XP_008497640.1 FMOD [organism=Calypte anna] [GeneID=103533550]	Calypte_anna|FMOD|XP_008497640.1
FMOD	XP_008537554.1	Equus przewalskii	103563863		376	kept	representative	XP_008537554.1 FMOD [organism=Equus przewalskii] [GeneID=103563863]	Equus_przewalskii|FMOD|XP_008537554.1
FMOD	XP_070464888.1	Equus przewalskii	103563863		376	excluded	extra_isoform_same_locus	XP_070464888.1 FMOD [organism=Equus przewalskii] [GeneID=103563863]	Equus_przewalskii|FMOD|XP_070464888.1
FMOD	XP_032566519.1	Chiroxiphia lanceolata	116798308		382	kept	representative	XP_032566519.1 FMOD [organism=Chiroxiphia lanceolata] [GeneID=116798308]	Chiroxiphia_lanceolata|FMOD|XP_032566519.1
FMOD	XP_062997949.1	Elgaria multicarinata webbii	134409241		379	kept	representative	XP_062997949.1 FMOD [organism=Elgaria multicarinata webbii] [GeneID=134409241]	Elgaria_multicarinata_webbii|FMOD|XP_062997949.1
FMOD	XP_032485922.1	Phocoena sinus	116752881	X1	389	excluded	extra_isoform_same_locus	XP_032485922.1 FMOD [organism=Phocoena sinus] [GeneID=116752881] [isoform=X1]	Phocoena_sinus|FMOD|XP_032485922.1
FMOD	XP_032485931.1	Phocoena sinus	116752881	X2	376	kept	representative	XP_032485931.1 FMOD [organism=Phocoena sinus] [GeneID=116752881] [isoform=X2]	Phocoena_sinus|FMOD|XP_032485931.1
FMOD	XP_021053813.1	Mus pahari	110321721		376	kept	representative	XP_021053813.1 Fmod [organism=Mus pahari] [GeneID=110321721]	Mus_pahari|FMOD|XP_021053813.1
FMOD	XP_077190711.1	Paroedura picta	143835990		375	kept	representative	XP_077190711.1 FMOD [organism=Paroedura picta] [GeneID=143835990]	Paroedura_picta|FMOD|XP_077190711.1
FMOD	XP_030147967.4	Taeniopygia guttata	100229381		382	kept	representative	XP_030147967.4 FMOD [organism=Taeniopygia guttata] [GeneID=100229381]	Taeniopygia_guttata|FMOD|XP_030147967.4
FMOD	XP_009271085.1	Aptenodytes forsteri	103893616		380	kept	representative	XP_009271085.1 FMOD [organism=Aptenodytes forsteri] [GeneID=103893616]	Aptenodytes_forsteri|FMOD|XP_009271085.1
FMOD	XP_009325655.1	Pygoscelis adeliae	103919810		380	kept	representative	XP_009325655.1 FMOD [organism=Pygoscelis adeliae] [GeneID=103919810]	Pygoscelis_adeliae|FMOD|XP_009325655.1
FMOD	XP_057895783.1	Melospiza georgiana	131092862		382	kept	representative	XP_057895783.1 FMOD [organism=Melospiza georgiana] [GeneID=131092862]	Melospiza_georgiana|FMOD|XP_057895783.1
FMOD	XP_065505512.1	Caloenas nicobarica	135997046		380	kept	representative	XP_065505512.1 FMOD [organism=Caloenas nicobarica] [GeneID=135997046]	Caloenas_nicobarica|FMOD|XP_065505512.1
FMOD	XP_054313053.1	Pongo pygmaeus	129017042	X2	376	kept	representative	XP_054313053.1 FMOD [organism=Pongo pygmaeus] [GeneID=129017042] [isoform=X2]	Pongo_pygmaeus|FMOD|XP_054313053.1
FMOD	XP_063503040.1	Pongo pygmaeus	129017042	X1	392	excluded	extra_isoform_same_locus	XP_063503040.1 FMOD [organism=Pongo pygmaeus] [GeneID=129017042] [isoform=X1]	Pongo_pygmaeus|FMOD|XP_063503040.1
FMOD	XP_083668798.1	Anser anser	310887122		380	kept	representative	XP_083668798.1 FMOD [organism=Anser anser] [GeneID=310887122]	Anser_anser|FMOD|XP_083668798.1
FMOD	XP_004578801.1	Ochotona princeps	101520635		379	kept	representative	XP_004578801.1 FMOD [organism=Ochotona princeps] [GeneID=101520635]	Ochotona_princeps|FMOD|XP_004578801.1
FMOD	XP_079064982.1	Caprimulgus europaeus	306729518		380	kept	representative	XP_079064982.1 FMOD [organism=Caprimulgus europaeus] [GeneID=306729518]	Caprimulgus_europaeus|FMOD|XP_079064982.1
FMOD	XP_051664924.1	Manacus candei	127480633		382	kept	representative	XP_051664924.1 FMOD [organism=Manacus candei] [GeneID=127480633]	Manacus_candei|FMOD|XP_051664924.1
FMOD	XP_084467616.1	Lepidochelys olivacea	311511130		379	kept	representative	XP_084467616.1 FMOD [organism=Lepidochelys olivacea] [GeneID=311511130]	Lepidochelys_olivacea|FMOD|XP_084467616.1
FMOD	XP_028590011.2	Podarcis muralis	114599276		379	kept	representative	XP_028590011.2 FMOD [organism=Podarcis muralis] [GeneID=114599276]	Podarcis_muralis|FMOD|XP_028590011.2
FMOD	XP_022364496.1	Enhydra lutris kenyoni	111151056		376	kept	representative	XP_022364496.1 LOC111151056 [organism=Enhydra lutris kenyoni] [GeneID=111151056]	Enhydra_lutris_kenyoni|FMOD|XP_022364496.1
FMOD	XP_007987074.1	Chlorocebus sabaeus	103230280		376	kept	representative	XP_007987074.1 FMOD [organism=Chlorocebus sabaeus] [GeneID=103230280]	Chlorocebus_sabaeus|FMOD|XP_007987074.1
FMOD	XP_007987075.1	Chlorocebus sabaeus	103230280		376	excluded	extra_isoform_same_locus	XP_007987075.1 FMOD [organism=Chlorocebus sabaeus] [GeneID=103230280]	Chlorocebus_sabaeus|FMOD|XP_007987075.1
FMOD	XP_030821771.1	Camarhynchus parvulus	115913720		382	kept	representative	XP_030821771.1 FMOD [organism=Camarhynchus parvulus] [GeneID=115913720]	Camarhynchus_parvulus|FMOD|XP_030821771.1
FMOD	XP_037266734.1	Falco rusticolus	119158651		380	kept	representative	XP_037266734.1 FMOD [organism=Falco rusticolus] [GeneID=119158651]	Falco_rusticolus|FMOD|XP_037266734.1
FMOD	XP_061327844.1	Pezoporus flaviventris	133278756		380	kept	representative	XP_061327844.1 FMOD [organism=Pezoporus flaviventris] [GeneID=133278756]	Pezoporus_flaviventris|FMOD|XP_061327844.1
FMOD	XP_064328073.1	Phalacrocorax carbo	104041605		380	kept	representative	XP_064328073.1 FMOD [organism=Phalacrocorax carbo] [GeneID=104041605]	Phalacrocorax_carbo|FMOD|XP_064328073.1
FMOD	XP_073522672.1	Phyllobates terribilis	141221758		357	kept	representative	XP_073522672.1 FMOD [organism=Phyllobates terribilis] [GeneID=141221758]	Phyllobates_terribilis|FMOD|XP_073522672.1
FMOD	XP_077013572.1	Tamandua tetradactyla	143680890		376	kept	representative	XP_077013572.1 FMOD [organism=Tamandua tetradactyla] [GeneID=143680890]	Tamandua_tetradactyla|FMOD|XP_077013572.1
FMOD	XP_023042689.1	Piliocolobus tephrosceles	111522741		376	kept	representative	XP_023042689.1 FMOD [organism=Piliocolobus tephrosceles] [GeneID=111522741]	Piliocolobus_tephrosceles|FMOD|XP_023042689.1
FMOD	XP_007116773.1	Physeter macrocephalus	102973758		376	kept	representative	XP_007116773.1 FMOD [organism=Physeter macrocephalus] [GeneID=102973758]	Physeter_macrocephalus|FMOD|XP_007116773.1
FMOD	XP_033773307.1	Geotrypetes seraphini	117347071		353	kept	representative	XP_033773307.1 FMOD [organism=Geotrypetes seraphini] [GeneID=117347071]	Geotrypetes_seraphini|FMOD|XP_033773307.1
FMOD	XP_062971430.1	Cynocephalus volans	134391332		376	kept	representative	XP_062971430.1 FMOD [organism=Cynocephalus volans] [GeneID=134391332]	Cynocephalus_volans|FMOD|XP_062971430.1
FMOD	XP_021394467.2	Lonchura striata	110474981		382	kept	representative	XP_021394467.2 FMOD [organism=Lonchura striata] [GeneID=110474981]	Lonchura_striata|FMOD|XP_021394467.2
FMOD	XP_085417463.1	Lonchura striata	110474981		382	excluded	extra_isoform_same_locus	XP_085417463.1 FMOD [organism=Lonchura striata] [GeneID=110474981]	Lonchura_striata|FMOD|XP_085417463.1
FMOD	XP_085417464.1	Lonchura striata	110474981		382	excluded	extra_isoform_same_locus	XP_085417464.1 FMOD [organism=Lonchura striata] [GeneID=110474981]	Lonchura_striata|FMOD|XP_085417464.1
FMOD	XP_009931490.1	Opisthocomus hoazin	104328200		380	kept	representative	XP_009931490.1 FMOD [organism=Opisthocomus hoazin] [GeneID=104328200]	Opisthocomus_hoazin|FMOD|XP_009931490.1
FMOD	NP_067330.1	Mus musculus	14264		376	kept	representative	NP_067330.1 Fmod [organism=Mus musculus] [GeneID=14264]	Mus_musculus|FMOD|NP_067330.1
FMOD	XP_045643565.1	Ursus americanus	123785715		376	kept	representative	XP_045643565.1 FMOD [organism=Ursus americanus] [GeneID=123785715]	Ursus_americanus|FMOD|XP_045643565.1
FMOD	XP_006834176.1	Chrysochloris asiatica	102820055		374	kept	representative	XP_006834176.1 FMOD [organism=Chrysochloris asiatica] [GeneID=102820055]	Chrysochloris_asiatica|FMOD|XP_006834176.1
FMOD	XP_004862243.1	Heterocephalus glaber	101701919		378	kept	representative	XP_004862243.1 Fmod [organism=Heterocephalus glaber] [GeneID=101701919]	Heterocephalus_glaber|FMOD|XP_004862243.1
FMOD	XP_005073426.1	Mesocricetus auratus	101844658		376	kept	representative	XP_005073426.1 Fmod [organism=Mesocricetus auratus] [GeneID=101844658]	Mesocricetus_auratus|FMOD|XP_005073426.1
FMOD	XP_040593477.1	Mesocricetus auratus	101844658		376	excluded	extra_isoform_same_locus	XP_040593477.1 Fmod [organism=Mesocricetus auratus] [GeneID=101844658]	Mesocricetus_auratus|FMOD|XP_040593477.1
FMOD	XP_002809627.3	Pongo abelii	100439039		376	kept	representative	XP_002809627.3 FMOD [organism=Pongo abelii] [GeneID=100439039]	Pongo_abelii|FMOD|XP_002809627.3
FMOD	XP_021542266.1	Neomonachus schauinslandi	110577309		376	kept	representative	XP_021542266.1 FMOD [organism=Neomonachus schauinslandi] [GeneID=110577309]	Neomonachus_schauinslandi|FMOD|XP_021542266.1
FMOD	XP_026571408.1	Pseudonaja textilis	113446129		378	kept	representative	XP_026571408.1 FMOD [organism=Pseudonaja textilis] [GeneID=113446129]	Pseudonaja_textilis|FMOD|XP_026571408.1
FMOD	XP_026571409.1	Pseudonaja textilis	113446129		378	excluded	extra_isoform_same_locus	XP_026571409.1 FMOD [organism=Pseudonaja textilis] [GeneID=113446129]	Pseudonaja_textilis|FMOD|XP_026571409.1
FMOD	XP_053169529.1	Hemicordylus capensis	128352968	X1	412	excluded	extra_isoform_same_locus	XP_053169529.1 FMOD [organism=Hemicordylus capensis] [GeneID=128352968] [isoform=X1]	Hemicordylus_capensis|FMOD|XP_053169529.1
FMOD	XP_053169530.1	Hemicordylus capensis	128352968	X1	412	excluded	extra_isoform_same_locus	XP_053169530.1 FMOD [organism=Hemicordylus capensis] [GeneID=128352968] [isoform=X1]	Hemicordylus_capensis|FMOD|XP_053169530.1
FMOD	XP_053169531.1	Hemicordylus capensis	128352968	X2	377	kept	representative	XP_053169531.1 FMOD [organism=Hemicordylus capensis] [GeneID=128352968] [isoform=X2]	Hemicordylus_capensis|FMOD|XP_053169531.1
FMOD	XP_053169533.1	Hemicordylus capensis	128352968	X2	377	excluded	extra_isoform_same_locus	XP_053169533.1 FMOD [organism=Hemicordylus capensis] [GeneID=128352968] [isoform=X2]	Hemicordylus_capensis|FMOD|XP_053169533.1
FMOD	XP_075844129.1	Microtus pennsylvanicus	142858571		377	kept	representative	XP_075844129.1 Fmod [organism=Microtus pennsylvanicus] [GeneID=142858571]	Microtus_pennsylvanicus|FMOD|XP_075844129.1
FMOD	XP_080774440.1	Micromys minutus	308421835		376	kept	representative	XP_080774440.1 FMOD [organism=Micromys minutus] [GeneID=308421835]	Micromys_minutus|FMOD|XP_080774440.1
FMOD	XP_071884568.1	Anas platyrhynchos	101789778		380	kept	representative	XP_071884568.1 FMOD [organism=Anas platyrhynchos] [GeneID=101789778]	Anas_platyrhynchos|FMOD|XP_071884568.1
FMOD	XP_059852379.1	Delphinus delphis	132414091		377	kept	representative	XP_059852379.1 FMOD [organism=Delphinus delphis] [GeneID=132414091]	Delphinus_delphis|FMOD|XP_059852379.1
FMOD	XP_068397636.1	Eschrichtius robustus	137762954		376	kept	representative	XP_068397636.1 FMOD [organism=Eschrichtius robustus] [GeneID=137762954]	Eschrichtius_robustus|FMOD|XP_068397636.1
FMOD	XP_069732268.1	Phaenicophaeus curvirostris	138730709		381	kept	representative	XP_069732268.1 FMOD [organism=Phaenicophaeus curvirostris] [GeneID=138730709]	Phaenicophaeus_curvirostris|FMOD|XP_069732268.1
FMOD	XP_006922944.1	Pteropus alecto	102879448		376	kept	representative	XP_006922944.1 FMOD [organism=Pteropus alecto] [GeneID=102879448]	Pteropus_alecto|FMOD|XP_006922944.1
FMOD	XP_039083341.1	Hyaena hyaena	120228823		376	kept	representative	XP_039083341.1 FMOD [organism=Hyaena hyaena] [GeneID=120228823]	Hyaena_hyaena|FMOD|XP_039083341.1
FMOD	XP_052592954.1	Peromyscus californicus insignis	128109704		376	kept	representative	XP_052592954.1 Fmod [organism=Peromyscus californicus insignis] [GeneID=128109704]	Peromyscus_californicus_insignis|FMOD|XP_052592954.1
FMOD	XP_005447118.1	Falco cherrug	102045725		380	kept	representative	XP_005447118.1 FMOD [organism=Falco cherrug] [GeneID=102045725]	Falco_cherrug|FMOD|XP_005447118.1
FMOD	XP_019832205.1	Bos indicus	109570586		376	kept	representative	XP_019832205.1 FMOD [organism=Bos indicus] [GeneID=109570586]	Bos_indicus|FMOD|XP_019832205.1
FMOD	XP_012872983.1	Dipodomys ordii	105986546		379	kept	representative	XP_012872983.1 Fmod [organism=Dipodomys ordii] [GeneID=105986546]	Dipodomys_ordii|FMOD|XP_012872983.1
FMOD	XP_027515417.1	Corapipo altera	113954807		382	kept	representative	XP_027515417.1 FMOD [organism=Corapipo altera] [GeneID=113954807]	Corapipo_altera|FMOD|XP_027515417.1
FMOD	XP_029084505.1	Monodon monoceros	114898713		376	kept	representative	XP_029084505.1 FMOD [organism=Monodon monoceros] [GeneID=114898713]	Monodon_monoceros|FMOD|XP_029084505.1
FMOD	XP_060500142.1	Panthera onca	132686406		376	kept	representative	XP_060500142.1 FMOD [organism=Panthera onca] [GeneID=132686406]	Panthera_onca|FMOD|XP_060500142.1
FMOD	XP_062461428.1	Pezoporus occidentalis	134156976		380	kept	representative	XP_062461428.1 FMOD [organism=Pezoporus occidentalis] [GeneID=134156976]	Pezoporus_occidentalis|FMOD|XP_062461428.1
FMOD	XP_062461429.1	Pezoporus occidentalis	134156976		380	excluded	extra_isoform_same_locus	XP_062461429.1 FMOD [organism=Pezoporus occidentalis] [GeneID=134156976]	Pezoporus_occidentalis|FMOD|XP_062461429.1
FMOD	XP_082152140.1	Coloeus monedula	309581416		382	kept	representative	XP_082152140.1 FMOD [organism=Coloeus monedula] [GeneID=309581416]	Coloeus_monedula|FMOD|XP_082152140.1
FMOD	XP_044142708.1	Bufo gargarizans	122932399		361	kept	representative	XP_044142708.1 FMOD [organism=Bufo gargarizans] [GeneID=122932399]	Bufo_gargarizans|FMOD|XP_044142708.1
FMOD	XP_044142709.1	Bufo gargarizans	122932399		361	excluded	extra_isoform_same_locus	XP_044142709.1 FMOD [organism=Bufo gargarizans] [GeneID=122932399]	Bufo_gargarizans|FMOD|XP_044142709.1
FMOD	XP_044142710.1	Bufo gargarizans	122932399		361	excluded	extra_isoform_same_locus	XP_044142710.1 FMOD [organism=Bufo gargarizans] [GeneID=122932399]	Bufo_gargarizans|FMOD|XP_044142710.1
FMOD	XP_033925742.1	Melopsittacus undulatus	101878097		380	kept	representative	XP_033925742.1 FMOD [organism=Melopsittacus undulatus] [GeneID=101878097]	Melopsittacus_undulatus|FMOD|XP_033925742.1
FMOD	XP_077743390.1	Canis aureus	144307431		376	kept	representative	XP_077743390.1 FMOD [organism=Canis aureus] [GeneID=144307431]	Canis_aureus|FMOD|XP_077743390.1
FMOD	XP_034979824.1	Zootoca vivipara	118089348		379	kept	representative	XP_034979824.1 FMOD [organism=Zootoca vivipara] [GeneID=118089348]	Zootoca_vivipara|FMOD|XP_034979824.1
FMOD	XP_074749691.1	Strix uralensis	141954258		380	kept	representative	XP_074749691.1 FMOD [organism=Strix uralensis] [GeneID=141954258]	Strix_uralensis|FMOD|XP_074749691.1
FMOD	XP_007434952.1	Python bivittatus	103063040		329	kept	representative	XP_007434952.1 FMOD [organism=Python bivittatus] [GeneID=103063040]	Python_bivittatus|FMOD|XP_007434952.1
FMOD	XP_082469041.1	Mesoplodon mirus	309799591		376	kept	representative	XP_082469041.1 FMOD [organism=Mesoplodon mirus] [GeneID=309799591]	Mesoplodon_mirus|FMOD|XP_082469041.1
FMOD	XP_021489418.1	Meriones unguiculatus	110546728		376	kept	representative	XP_021489418.1 Fmod [organism=Meriones unguiculatus] [GeneID=110546728]	Meriones_unguiculatus|FMOD|XP_021489418.1
FMOD	XP_034866166.1	Mirounga leonina	118014176		376	kept	representative	XP_034866166.1 FMOD [organism=Mirounga leonina] [GeneID=118014176]	Mirounga_leonina|FMOD|XP_034866166.1
FMOD	XP_079778172.1	Stenella coeruleoalba	307186657		377	kept	representative	XP_079778172.1 FMOD [organism=Stenella coeruleoalba] [GeneID=307186657]	Stenella_coeruleoalba|FMOD|XP_079778172.1
FMOD	XP_004459105.1	Dasypus novemcinctus	101423870		376	kept	representative	XP_004459105.1 FMOD [organism=Dasypus novemcinctus] [GeneID=101423870]	Dasypus_novemcinctus|FMOD|XP_004459105.1
FMOD	XP_014685698.1	Equus asinus	106824096		376	kept	representative	XP_014685698.1 FMOD [organism=Equus asinus] [GeneID=106824096]	Equus_asinus|FMOD|XP_014685698.1
FMOD	XP_044614329.1	Equus asinus	106824096		376	excluded	extra_isoform_same_locus	XP_044614329.1 FMOD [organism=Equus asinus] [GeneID=106824096]	Equus_asinus|FMOD|XP_044614329.1
FMOD	XP_015106837.1	Vicugna pacos	102537961		376	kept	representative	XP_015106837.1 FMOD [organism=Vicugna pacos] [GeneID=102537961]	Vicugna_pacos|FMOD|XP_015106837.1
FMOD	XP_025847256.1	Vulpes vulpes	112914413		376	kept	representative	XP_025847256.1 FMOD [organism=Vulpes vulpes] [GeneID=112914413]	Vulpes_vulpes|FMOD|XP_025847256.1
FMOD	XP_073175657.2	Lepidochelys kempii	140901183		379	kept	representative	XP_073175657.2 FMOD [organism=Lepidochelys kempii] [GeneID=140901183]	Lepidochelys_kempii|FMOD|XP_073175657.2
FMOD	XP_075385192.1	Tenrec ecaudatus	142423938		378	kept	representative	XP_075385192.1 FMOD [organism=Tenrec ecaudatus] [GeneID=142423938]	Tenrec_ecaudatus|FMOD|XP_075385192.1
FMOD	XP_011371349.1	Pteropus vampyrus	105300693		376	kept	representative	XP_011371349.1 FMOD [organism=Pteropus vampyrus] [GeneID=105300693]	Pteropus_vampyrus|FMOD|XP_011371349.1
FMOD	XP_036923043.1	Sturnira hondurensis	119001695		376	kept	representative	XP_036923043.1 FMOD [organism=Sturnira hondurensis] [GeneID=119001695]	Sturnira_hondurensis|FMOD|XP_036923043.1
FMOD	XP_083601015.1	Podarcis gaigeae	310847301	1	388	excluded	extra_isoform_same_locus	XP_083601015.1 FMOD [organism=Podarcis gaigeae] [GeneID=310847301] [isoform=1]	Podarcis_gaigeae|FMOD|XP_083601015.1
FMOD	XP_083601016.1	Podarcis gaigeae	310847301	2	379	kept	representative	XP_083601016.1 FMOD [organism=Podarcis gaigeae] [GeneID=310847301] [isoform=2]	Podarcis_gaigeae|FMOD|XP_083601016.1
FMOD	XP_007939352.1	Orycteropus afer afer	103197265		376	kept	representative	XP_007939352.1 FMOD [organism=Orycteropus afer afer] [GeneID=103197265]	Orycteropus_afer_afer|FMOD|XP_007939352.1
FMOD	XP_010583033.1	Haliaeetus leucocephalus	104842407		380	kept	representative	XP_010583033.1 FMOD [organism=Haliaeetus leucocephalus] [GeneID=104842407]	Haliaeetus_leucocephalus|FMOD|XP_010583033.1
FMOD	XP_036726502.1	Balaenoptera musculus	118904453		376	kept	representative	XP_036726502.1 FMOD [organism=Balaenoptera musculus] [GeneID=118904453]	Balaenoptera_musculus|FMOD|XP_036726502.1
FMOD	XP_029856996.1	Aquila chrysaetos chrysaetos	115335443		380	kept	representative	XP_029856996.1 FMOD [organism=Aquila chrysaetos chrysaetos] [GeneID=115335443]	Aquila_chrysaetos_chrysaetos|FMOD|XP_029856996.1
FMOD	XP_049490364.1	Panthera uncia	125925430		376	kept	representative	XP_049490364.1 FMOD [organism=Panthera uncia] [GeneID=125925430]	Panthera_uncia|FMOD|XP_049490364.1
FMOD	XP_063153631.1	Candoia aspera	134493199		379	kept	representative	XP_063153631.1 FMOD [organism=Candoia aspera] [GeneID=134493199]	Candoia_aspera|FMOD|XP_063153631.1
FMOD	XP_069800506.1	Dendropsophus ebraccatus	138767129		362	kept	representative	XP_069800506.1 FMOD [organism=Dendropsophus ebraccatus] [GeneID=138767129]	Dendropsophus_ebraccatus|FMOD|XP_069800506.1
FMOD	XP_010006610.1	Chaetura pelagica	104398248		380	kept	representative	XP_010006610.1 FMOD [organism=Chaetura pelagica] [GeneID=104398248]	Chaetura_pelagica|FMOD|XP_010006610.1
FMOD	XP_045732949.1	Mirounga angustirostris	123845999		376	kept	representative	XP_045732949.1 FMOD [organism=Mirounga angustirostris] [GeneID=123845999]	Mirounga_angustirostris|FMOD|XP_045732949.1
FMOD	XP_045839653.1	Meles meles	123928488		376	kept	representative	XP_045839653.1 FMOD [organism=Meles meles] [GeneID=123928488]	Meles_meles|FMOD|XP_045839653.1
FMOD	XP_053560671.1	Bombina bombina	128651710		372	kept	representative	XP_053560671.1 FMOD [organism=Bombina bombina] [GeneID=128651710]	Bombina_bombina|FMOD|XP_053560671.1
FMOD	XP_005308329.1	Chrysemys picta bellii	101938608	X2	379	kept	representative	XP_005308329.1 FMOD [organism=Chrysemys picta bellii] [GeneID=101938608] [isoform=X2]	Chrysemys_picta_bellii|FMOD|XP_005308329.1
FMOD	XP_042704988.1	Chrysemys picta bellii	101938608	X1	382	excluded	extra_isoform_same_locus	XP_042704988.1 FMOD [organism=Chrysemys picta bellii] [GeneID=101938608] [isoform=X1]	Chrysemys_picta_bellii|FMOD|XP_042704988.1
FMOD	XP_043932878.1	Protopterus annectens	122806475		349	kept	representative	XP_043932878.1 FMOD [organism=Protopterus annectens] [GeneID=122806475]	Protopterus_annectens|FMOD|XP_043932878.1
FMOD	XP_064491808.1	Pseudopipra pipra	135402501		382	kept	representative	XP_064491808.1 FMOD [organism=Pseudopipra pipra] [GeneID=135402501]	Pseudopipra_pipra|FMOD|XP_064491808.1
FMOD	XP_006772064.1	Myotis davidii	102765717	X2	377	kept	representative	XP_006772064.1 FMOD [organism=Myotis davidii] [GeneID=102765717] [isoform=X2]	Myotis_davidii|FMOD|XP_006772064.1
FMOD	XP_006772065.2	Myotis davidii	102765717	X1	478	excluded	extra_isoform_same_locus	XP_006772065.2 FMOD [organism=Myotis davidii] [GeneID=102765717] [isoform=X1]	Myotis_davidii|FMOD|XP_006772065.2
FMOD	XP_012314846.1	Aotus nancymaae	105722155		376	kept	representative	XP_012314846.1 FMOD [organism=Aotus nancymaae] [GeneID=105722155]	Aotus_nancymaae|FMOD|XP_012314846.1
FMOD	XP_009886536.1	Charadrius vociferus	104289308		380	kept	representative	XP_009886536.1 FMOD [organism=Charadrius vociferus] [GeneID=104289308]	Charadrius_vociferus|FMOD|XP_009886536.1
FMOD	XP_025908944.1	Nothoprocta perdicaria	112959189		380	kept	representative	XP_025908944.1 FMOD [organism=Nothoprocta perdicaria] [GeneID=112959189]	Nothoprocta_perdicaria|FMOD|XP_025908944.1
FMOD	XP_026532656.1	Notechis scutatus	113418138		378	kept	representative	XP_026532656.1 FMOD [organism=Notechis scutatus] [GeneID=113418138]	Notechis_scutatus|FMOD|XP_026532656.1
FMOD	XP_026532657.1	Notechis scutatus	113418138		378	excluded	extra_isoform_same_locus	XP_026532657.1 FMOD [organism=Notechis scutatus] [GeneID=113418138]	Notechis_scutatus|FMOD|XP_026532657.1
FMOD	XP_044528030.1	Gracilinanus agilis	123243924		374	kept	representative	XP_044528030.1 FMOD [organism=Gracilinanus agilis] [GeneID=123243924]	Gracilinanus_agilis|FMOD|XP_044528030.1
FMOD	XP_055276087.1	Moschus berezovskii	129551788		376	kept	representative	XP_055276087.1 FMOD [organism=Moschus berezovskii] [GeneID=129551788]	Moschus_berezovskii|FMOD|XP_055276087.1
FMOD	XP_055966788.1	Sorex fumeus	130020155		371	kept	representative	XP_055966788.1 FMOD [organism=Sorex fumeus] [GeneID=130020155]	Sorex_fumeus|FMOD|XP_055966788.1
FMOD	XP_058396287.1	Diceros bicornis minor	131405001		376	kept	representative	XP_058396287.1 FMOD [organism=Diceros bicornis minor] [GeneID=131405001]	Diceros_bicornis_minor|FMOD|XP_058396287.1
FMOD	XP_058396288.1	Diceros bicornis minor	131405001		376	excluded	extra_isoform_same_locus	XP_058396288.1 FMOD [organism=Diceros bicornis minor] [GeneID=131405001]	Diceros_bicornis_minor|FMOD|XP_058396288.1
FMOD	XP_063212909.1	Chroicocephalus ridibundus	134525714		380	kept	representative	XP_063212909.1 FMOD [organism=Chroicocephalus ridibundus] [GeneID=134525714]	Chroicocephalus_ridibundus|FMOD|XP_063212909.1
FMOD	NP_001075246.1	Equus caballus	100009678		376	kept	representative	NP_001075246.1 FMOD [organism=Equus caballus] [GeneID=100009678]	Equus_caballus|FMOD|NP_001075246.1
FMOD	XP_070122256.1	Equus caballus	100009678	X1	376	excluded	extra_isoform_same_locus	XP_070122256.1 FMOD [organism=Equus caballus] [GeneID=100009678] [isoform=X1]	Equus_caballus|FMOD|XP_070122256.1
FMOD	XP_084649623.1	Acomys minous	311604027		378	kept	representative	XP_084649623.1 FMOD [organism=Acomys minous] [GeneID=311604027]	Acomys_minous|FMOD|XP_084649623.1
FMOD	XP_009463882.1	Nipponia nippon	104013143		380	kept	representative	XP_009463882.1 FMOD [organism=Nipponia nippon] [GeneID=104013143]	Nipponia_nippon|FMOD|XP_009463882.1
FMOD	XP_066060126.1	Chamaea fasciata	136301161		383	kept	representative	XP_066060126.1 FMOD [organism=Chamaea fasciata] [GeneID=136301161]	Chamaea_fasciata|FMOD|XP_066060126.1
FMOD	XP_005428946.1	Geospiza fortis	102033351		382	kept	representative	XP_005428946.1 FMOD [organism=Geospiza fortis] [GeneID=102033351]	Geospiza_fortis|FMOD|XP_005428946.1
FMOD	XP_059002779.1	Mustela lutreola	131815140		376	kept	representative	XP_059002779.1 FMOD [organism=Mustela lutreola] [GeneID=131815140]	Mustela_lutreola|FMOD|XP_059002779.1
FMOD	XP_072671204.1	Canis lupus baileyi	140627058		376	kept	representative	XP_072671204.1 FMOD [organism=Canis lupus baileyi] [GeneID=140627058]	Canis_lupus_baileyi|FMOD|XP_072671204.1
FMOD	XP_015262797.1	Gekko japonicus	107107081		331	kept	representative	XP_015262797.1 FMOD [organism=Gekko japonicus] [GeneID=107107081]	Gekko_japonicus|FMOD|XP_015262797.1
FMOD	XP_021233173.1	Numida meleagris	110388336		380	kept	representative	XP_021233173.1 FMOD [organism=Numida meleagris] [GeneID=110388336]	Numida_meleagris|FMOD|XP_021233173.1
FMOD	XP_062365711.1	Cinclus cinclus	134054186		382	kept	representative	XP_062365711.1 FMOD [organism=Cinclus cinclus] [GeneID=134054186]	Cinclus_cinclus|FMOD|XP_062365711.1
FMOD	XP_070795854.1	Pituophis catenifer annectens	139314197		378	kept	representative	XP_070795854.1 FMOD [organism=Pituophis catenifer annectens] [GeneID=139314197]	Pituophis_catenifer_annectens|FMOD|XP_070795854.1
FMOD	XP_081891336.1	Branta canadensis	309429671		380	kept	representative	XP_081891336.1 FMOD [organism=Branta canadensis] [GeneID=309429671]	Branta_canadensis|FMOD|XP_081891336.1
FMOD	XP_032947819.1	Rhinolophus ferrumequinum	117014254		376	kept	representative	XP_032947819.1 FMOD [organism=Rhinolophus ferrumequinum] [GeneID=117014254]	Rhinolophus_ferrumequinum|FMOD|XP_032947819.1
FMOD	XP_011745007.1	Macaca nemestrina	105484768		376	kept	representative	XP_011745007.1 FMOD [organism=Macaca nemestrina] [GeneID=105484768]	Macaca_nemestrina|FMOD|XP_011745007.1
FMOD	XP_068516063.1	Anas acuta	137844034		380	kept	representative	XP_068516063.1 FMOD [organism=Anas acuta] [GeneID=137844034]	Anas_acuta|FMOD|XP_068516063.1
FMOD	XP_065743561.1	Phocoena phocoena	136130860		376	kept	representative	XP_065743561.1 FMOD [organism=Phocoena phocoena] [GeneID=136130860]	Phocoena_phocoena|FMOD|XP_065743561.1
FMOD	XP_024427140.1	Desmodus rotundus	112314818		376	kept	representative	XP_024427140.1 FMOD [organism=Desmodus rotundus] [GeneID=112314818]	Desmodus_rotundus|FMOD|XP_024427140.1
FMOD	XP_036254399.1	Molothrus ater	118696364		382	kept	representative	XP_036254399.1 FMOD [organism=Molothrus ater] [GeneID=118696364]	Molothrus_ater|FMOD|XP_036254399.1
FMOD	XP_054037272.1	Rissa tridactyla	128900305		380	kept	representative	XP_054037272.1 FMOD [organism=Rissa tridactyla] [GeneID=128900305]	Rissa_tridactyla|FMOD|XP_054037272.1
FMOD	XP_008642951.1	Corvus brachyrhynchos	103625316		378	kept	representative	XP_008642951.1 FMOD [organism=Corvus brachyrhynchos] [GeneID=103625316]	Corvus_brachyrhynchos|FMOD|XP_008642951.1
FMOD	XP_010170224.1	Antrostomus carolinensis	104528034		380	kept	representative	XP_010170224.1 FMOD [organism=Antrostomus carolinensis] [GeneID=104528034]	Antrostomus_carolinensis|FMOD|XP_010170224.1
FMOD	XP_018884545.1	Gorilla gorilla gorilla	101144896		376	kept	representative	XP_018884545.1 FMOD [organism=Gorilla gorilla gorilla] [GeneID=101144896]	Gorilla_gorilla_gorilla|FMOD|XP_018884545.1
FMOD	XP_030872074.1	Gorilla gorilla gorilla	101144896		376	excluded	extra_isoform_same_locus	XP_030872074.1 FMOD [organism=Gorilla gorilla gorilla] [GeneID=101144896]	Gorilla_gorilla_gorilla|FMOD|XP_030872074.1
FMOD	XP_013913648.1	Thamnophis sirtalis	106542444		378	kept	representative	XP_013913648.1 FMOD [organism=Thamnophis sirtalis] [GeneID=106542444]	Thamnophis_sirtalis|FMOD|XP_013913648.1
FMOD	XP_009083012.1	Acanthisitta chloris	103811771		357	kept	representative	XP_009083012.1 FMOD [organism=Acanthisitta chloris] [GeneID=103811771]	Acanthisitta_chloris|FMOD|XP_009083012.1
FMOD	XP_025776957.1	Puma concolor	112857841		376	kept	representative	XP_025776957.1 FMOD [organism=Puma concolor] [GeneID=112857841]	Puma_concolor|FMOD|XP_025776957.1
FMOD	XP_059344082.1	Ammospiza nelsoni	132083427		382	kept	representative	XP_059344082.1 FMOD [organism=Ammospiza nelsoni] [GeneID=132083427]	Ammospiza_nelsoni|FMOD|XP_059344082.1
FMOD	XP_060087387.1	Heteronotia binoei	132566397		375	kept	representative	XP_060087387.1 FMOD [organism=Heteronotia binoei] [GeneID=132566397]	Heteronotia_binoei|FMOD|XP_060087387.1
FMOD	XP_064589312.1	Zonotrichia leucophrys gambelii	135458225		388	kept	representative	XP_064589312.1 FMOD [organism=Zonotrichia leucophrys gambelii] [GeneID=135458225]	Zonotrichia_leucophrys_gambelii|FMOD|XP_064589312.1
FMOD	XP_064589313.1	Zonotrichia leucophrys gambelii	135458225		388	excluded	extra_isoform_same_locus	XP_064589313.1 FMOD [organism=Zonotrichia leucophrys gambelii] [GeneID=135458225]	Zonotrichia_leucophrys_gambelii|FMOD|XP_064589313.1
FMOD	XP_077695604.1	Eretmochelys imbricata	144278244		379	kept	representative	XP_077695604.1 FMOD [organism=Eretmochelys imbricata] [GeneID=144278244]	Eretmochelys_imbricata|FMOD|XP_077695604.1
FMOD	XP_086621738.1	Chlamydotis macqueenii	104483961		380	kept	representative	XP_086621738.1 FMOD [organism=Chlamydotis macqueenii] [GeneID=104483961]	Chlamydotis_macqueenii|FMOD|XP_086621738.1
FMOD	XP_069489176.1	Ambystoma mexicanum	138520778		366	kept	representative	XP_069489176.1 FMOD [organism=Ambystoma mexicanum] [GeneID=138520778]	Ambystoma_mexicanum|FMOD|XP_069489176.1
FMOD	XP_077628218.1	Crocuta crocuta	144238295		376	kept	representative	XP_077628218.1 FMOD [organism=Crocuta crocuta] [GeneID=144238295]	Crocuta_crocuta|FMOD|XP_077628218.1
FMOD	XP_057256780.1	Pezoporus wallicus	130594711		380	kept	representative	XP_057256780.1 FMOD [organism=Pezoporus wallicus] [GeneID=130594711]	Pezoporus_wallicus|FMOD|XP_057256780.1
FMOD	XP_058712093.1	Poecile atricapillus	131587835		382	kept	representative	XP_058712093.1 FMOD [organism=Poecile atricapillus] [GeneID=131587835]	Poecile_atricapillus|FMOD|XP_058712093.1
FMOD	XP_058712094.1	Poecile atricapillus	131587835		382	excluded	extra_isoform_same_locus	XP_058712094.1 FMOD [organism=Poecile atricapillus] [GeneID=131587835]	Poecile_atricapillus|FMOD|XP_058712094.1
FMOD	XP_058712095.1	Poecile atricapillus	131587835		382	excluded	extra_isoform_same_locus	XP_058712095.1 FMOD [organism=Poecile atricapillus] [GeneID=131587835]	Poecile_atricapillus|FMOD|XP_058712095.1
FMOD	XP_064029591.1	Pogoniulus pusillus	135191318		380	kept	representative	XP_064029591.1 FMOD [organism=Pogoniulus pusillus] [GeneID=135191318]	Pogoniulus_pusillus|FMOD|XP_064029591.1
FMOD	XP_065792749.1	Muntiacus reevesi	136168933		376	kept	representative	XP_065792749.1 FMOD [organism=Muntiacus reevesi] [GeneID=136168933]	Muntiacus_reevesi|FMOD|XP_065792749.1
FMOD	XP_010139362.1	Buceros rhinoceros silvestris	104497780		380	kept	representative	XP_010139362.1 FMOD [organism=Buceros rhinoceros silvestris] [GeneID=104497780]	Buceros_rhinoceros_silvestris|FMOD|XP_010139362.1
FMOD	XP_086779630.1	Lissotriton vulgaris	147712824		372	kept	representative	XP_086779630.1 FMOD [organism=Lissotriton vulgaris] [GeneID=147712824]	Lissotriton_vulgaris|FMOD|XP_086779630.1
FMOD	XP_082688426.1	Leucopleurus acutus	309957184		377	kept	representative	XP_082688426.1 FMOD [organism=Leucopleurus acutus] [GeneID=309957184]	Leucopleurus_acutus|FMOD|XP_082688426.1
FMOD	XP_053310377.1	Spea bombifrons	128472516		360	kept	representative	XP_053310377.1 FMOD [organism=Spea bombifrons] [GeneID=128472516]	Spea_bombifrons|FMOD|XP_053310377.1
FMOD	XP_041578745.1	Vulpes lagopus	121471918		376	kept	representative	XP_041578745.1 FMOD [organism=Vulpes lagopus] [GeneID=121471918]	Vulpes_lagopus|FMOD|XP_041578745.1
FMOD	XP_071993415.1	Engystomops pustulosus	140118888		357	kept	representative	XP_071993415.1 FMOD [organism=Engystomops pustulosus] [GeneID=140118888]	Engystomops_pustulosus|FMOD|XP_071993415.1
FMOD	XP_004756409.1	Mustela putorius furo	101686467		376	kept	representative	XP_004756409.1 FMOD [organism=Mustela putorius furo] [GeneID=101686467]	Mustela_putorius_furo|FMOD|XP_004756409.1
FMOD	XP_030329507.1	Strigops habroptila	115602473		380	kept	representative	XP_030329507.1 FMOD [organism=Strigops habroptila] [GeneID=115602473]	Strigops_habroptila|FMOD|XP_030329507.1
FMOD	XP_039737812.1	Pteropus medius	120617990	X1	412	excluded	extra_isoform_same_locus	XP_039737812.1 FMOD [organism=Pteropus medius] [GeneID=120617990] [isoform=X1]	Pteropus_medius|FMOD|XP_039737812.1
FMOD	XP_039737813.1	Pteropus medius	120617990	X2	376	kept	representative	XP_039737813.1 FMOD [organism=Pteropus medius] [GeneID=120617990] [isoform=X2]	Pteropus_medius|FMOD|XP_039737813.1
FMOD	XP_069612615.1	Ranitomeya imitator	138669784		357	kept	representative	XP_069612615.1 FMOD [organism=Ranitomeya imitator] [GeneID=138669784]	Ranitomeya_imitator|FMOD|XP_069612615.1
FMOD	XP_079553066.1	Hyperoodon ampullatus	307048066		376	kept	representative	XP_079553066.1 FMOD [organism=Hyperoodon ampullatus] [GeneID=307048066]	Hyperoodon_ampullatus|FMOD|XP_079553066.1
FMOD	XP_036058204.1	Onychomys torridus	118593076		376	kept	representative	XP_036058204.1 Fmod [organism=Onychomys torridus] [GeneID=118593076]	Onychomys_torridus|FMOD|XP_036058204.1
FMOD	XP_011893562.1	Cercocebus atys	105575829		376	kept	representative	XP_011893562.1 FMOD [organism=Cercocebus atys] [GeneID=105575829]	Cercocebus_atys|FMOD|XP_011893562.1
FMOD	XP_005510381.2	Columba livia	102090679		380	kept	representative	XP_005510381.2 FMOD [organism=Columba livia] [GeneID=102090679]	Columba_livia|FMOD|XP_005510381.2
FMOD	XP_039558506.1	Passer montanus	120499099		358	kept	representative	XP_039558506.1 FMOD [organism=Passer montanus] [GeneID=120499099]	Passer_montanus|FMOD|XP_039558506.1
FMOD	XP_052509880.1	Budorcas taxicolor	128061549		376	kept	representative	XP_052509880.1 FMOD [organism=Budorcas taxicolor] [GeneID=128061549]	Budorcas_taxicolor|FMOD|XP_052509880.1
FMOD	XP_084100595.1	Talpa europaea	311178088		376	kept	representative	XP_084100595.1 FMOD [organism=Talpa europaea] [GeneID=311178088]	Talpa_europaea|FMOD|XP_084100595.1
FMOD	XP_027758805.1	Empidonax traillii	114067500		380	kept	representative	XP_027758805.1 FMOD [organism=Empidonax traillii] [GeneID=114067500]	Empidonax_traillii|FMOD|XP_027758805.1
FMOD	XP_027758806.1	Empidonax traillii	114067500		380	excluded	extra_isoform_same_locus	XP_027758806.1 FMOD [organism=Empidonax traillii] [GeneID=114067500]	Empidonax_traillii|FMOD|XP_027758806.1
FMOD	XP_081049681.1	Podarcis bocagei	308586681	1	388	excluded	extra_isoform_same_locus	XP_081049681.1 FMOD [organism=Podarcis bocagei] [GeneID=308586681] [isoform=1]	Podarcis_bocagei|FMOD|XP_081049681.1
FMOD	XP_081049682.1	Podarcis bocagei	308586681	2	379	kept	representative	XP_081049682.1 FMOD [organism=Podarcis bocagei] [GeneID=308586681] [isoform=2]	Podarcis_bocagei|FMOD|XP_081049682.1
FMOD	XP_081049683.1	Podarcis bocagei	308586681	2	379	excluded	extra_isoform_same_locus	XP_081049683.1 FMOD [organism=Podarcis bocagei] [GeneID=308586681] [isoform=2]	Podarcis_bocagei|FMOD|XP_081049683.1
FMOD	XP_055090386.1	Symphalangus syndactylus	129458507		377	kept	representative	XP_055090386.1 FMOD [organism=Symphalangus syndactylus] [GeneID=129458507]	Symphalangus_syndactylus|FMOD|XP_055090386.1
FMOD	XP_079183208.1	Erithacus rubecula	306812464	1	382	kept	representative	XP_079183208.1 FMOD [organism=Erithacus rubecula] [GeneID=306812464] [isoform=1]	Erithacus_rubecula|FMOD|XP_079183208.1
FMOD	XP_079183209.1	Erithacus rubecula	306812464	1	382	excluded	extra_isoform_same_locus	XP_079183209.1 FMOD [organism=Erithacus rubecula] [GeneID=306812464] [isoform=1]	Erithacus_rubecula|FMOD|XP_079183209.1
FMOD	XP_042781826.1	Panthera leo	122212174		376	kept	representative	XP_042781826.1 FMOD [organism=Panthera leo] [GeneID=122212174]	Panthera_leo|FMOD|XP_042781826.1
FMOD	XP_064255130.1	Passer domesticus	135286094		382	kept	representative	XP_064255130.1 FMOD [organism=Passer domesticus] [GeneID=135286094]	Passer_domesticus|FMOD|XP_064255130.1
FMOD	XP_065710779.1	Patagioenas fasciata	136110957		380	kept	representative	XP_065710779.1 FMOD [organism=Patagioenas fasciata] [GeneID=136110957]	Patagioenas_fasciata|FMOD|XP_065710779.1
FMOD	XP_069400567.1	Ovis canadensis	138415944		376	kept	representative	XP_069400567.1 FMOD [organism=Ovis canadensis] [GeneID=138415944]	Ovis_canadensis|FMOD|XP_069400567.1
FMOD	XP_074420648.1	Larus michahellis	141733750		380	kept	representative	XP_074420648.1 FMOD [organism=Larus michahellis] [GeneID=141733750]	Larus_michahellis|FMOD|XP_074420648.1
FMOD	XP_082558692.1	Mustela nivalis	309849695		376	kept	representative	XP_082558692.1 FMOD [organism=Mustela nivalis] [GeneID=309849695]	Mustela_nivalis|FMOD|XP_082558692.1
FMOD	XP_012662135.1	Otolemur garnettii	100955981		376	kept	representative	XP_012662135.1 FMOD [organism=Otolemur garnettii] [GeneID=100955981]	Otolemur_garnettii|FMOD|XP_012662135.1
FMOD	XP_017947022.1	Xenopus tropicalis	100491938		357	kept	representative	XP_017947022.1 fmod [organism=Xenopus tropicalis] [GeneID=100491938]	Xenopus_tropicalis|FMOD|XP_017947022.1
FMOD	XP_040841175.1	Ochotona curzoniae	121159834		379	kept	representative	XP_040841175.1 FMOD [organism=Ochotona curzoniae] [GeneID=121159834]	Ochotona_curzoniae|FMOD|XP_040841175.1
FMOD	XP_061218934.1	Neopsephotus bourkii	133217450		380	kept	representative	XP_061218934.1 FMOD [organism=Neopsephotus bourkii] [GeneID=133217450]	Neopsephotus_bourkii|FMOD|XP_061218934.1
FMOD	XP_080969258.1	Myotis nattereri	308534590	1	377	kept	representative	XP_080969258.1 FMOD [organism=Myotis nattereri] [GeneID=308534590] [isoform=1]	Myotis_nattereri|FMOD|XP_080969258.1
FMOD	XP_080969259.1	Myotis nattereri	308534590	2	331	excluded	extra_isoform_same_locus	XP_080969259.1 FMOD [organism=Myotis nattereri] [GeneID=308534590] [isoform=2]	Myotis_nattereri|FMOD|XP_080969259.1
FMOD	XP_017707067.1	Rhinopithecus bieti	108515008		376	kept	representative	XP_017707067.1 FMOD [organism=Rhinopithecus bieti] [GeneID=108515008]	Rhinopithecus_bieti|FMOD|XP_017707067.1
FMOD	XP_081866492.1	Phaethon aethereus	309413260		380	kept	representative	XP_081866492.1 FMOD [organism=Phaethon aethereus] [GeneID=309413260]	Phaethon_aethereus|FMOD|XP_081866492.1
FMOD	XP_004375322.1	Trichechus manatus latirostris	101357462		376	kept	representative	XP_004375322.1 FMOD [organism=Trichechus manatus latirostris] [GeneID=101357462]	Trichechus_manatus_latirostris|FMOD|XP_004375322.1
FMOD	NP_001247606.1	Macaca mulatta	703048		376	kept	representative	NP_001247606.1 FMOD [organism=Macaca mulatta] [GeneID=703048]	Macaca_mulatta|FMOD|NP_001247606.1
FMOD	XP_014974071.1	Macaca mulatta	703048	X1	376	excluded	extra_isoform_same_locus	XP_014974071.1 FMOD [organism=Macaca mulatta] [GeneID=703048] [isoform=X1]	Macaca_mulatta|FMOD|XP_014974071.1
FMOD	XP_014974077.1	Macaca mulatta	703048	X1	376	excluded	extra_isoform_same_locus	XP_014974077.1 FMOD [organism=Macaca mulatta] [GeneID=703048] [isoform=X1]	Macaca_mulatta|FMOD|XP_014974077.1
FMOD	XP_040277818.1	Bufo bufo	120993361		361	kept	representative	XP_040277818.1 FMOD [organism=Bufo bufo] [GeneID=120993361]	Bufo_bufo|FMOD|XP_040277818.1
FMOD	XP_004670775.1	Jaculus jaculus	101610301		376	kept	representative	XP_004670775.1 Fmod [organism=Jaculus jaculus] [GeneID=101610301]	Jaculus_jaculus|FMOD|XP_004670775.1
FMOD	XP_027467511.2	Zalophus californianus	113932487		376	kept	representative	XP_027467511.2 FMOD [organism=Zalophus californianus] [GeneID=113932487]	Zalophus_californianus|FMOD|XP_027467511.2
FMOD	XP_048353332.1	Sphaerodactylus townsendi	125433059		375	kept	representative	XP_048353332.1 FMOD [organism=Sphaerodactylus townsendi] [GeneID=125433059]	Sphaerodactylus_townsendi|FMOD|XP_048353332.1
FMOD	XP_048353333.1	Sphaerodactylus townsendi	125433059		375	excluded	extra_isoform_same_locus	XP_048353333.1 FMOD [organism=Sphaerodactylus townsendi] [GeneID=125433059]	Sphaerodactylus_townsendi|FMOD|XP_048353333.1
FMOD	XP_048353334.1	Sphaerodactylus townsendi	125433059		375	excluded	extra_isoform_same_locus	XP_048353334.1 FMOD [organism=Sphaerodactylus townsendi] [GeneID=125433059]	Sphaerodactylus_townsendi|FMOD|XP_048353334.1
FMOD	XP_006993275.1	Peromyscus maniculatus bairdii	102917084		376	kept	representative	XP_006993275.1 Fmod [organism=Peromyscus maniculatus bairdii] [GeneID=102917084]	Peromyscus_maniculatus_bairdii|FMOD|XP_006993275.1
FMOD	XP_005540546.1	Macaca fascicularis	102142132		376	kept	representative	XP_005540546.1 FMOD [organism=Macaca fascicularis] [GeneID=102142132]	Macaca_fascicularis|FMOD|XP_005540546.1
FMOD	XP_045251080.1	Macaca fascicularis	102142132		376	excluded	extra_isoform_same_locus	XP_045251080.1 FMOD [organism=Macaca fascicularis] [GeneID=102142132]	Macaca_fascicularis|FMOD|XP_045251080.1
FMOD	XP_031989295.1	Corvus moneduloides	116455479		382	kept	representative	XP_031989295.1 FMOD [organism=Corvus moneduloides] [GeneID=116455479]	Corvus_moneduloides|FMOD|XP_031989295.1
FMOD	XP_045438947.1	Pipistrellus kuhlii	118721306		377	kept	representative	XP_045438947.1 FMOD [organism=Pipistrellus kuhlii] [GeneID=118721306]	Pipistrellus_kuhlii|FMOD|XP_045438947.1
FMOD	XP_069897878.1	Dipodomys merriami	138841161		379	kept	representative	XP_069897878.1 Fmod [organism=Dipodomys merriami] [GeneID=138841161]	Dipodomys_merriami|FMOD|XP_069897878.1
FMOD	XP_074019524.1	Numenius arquata	141475191		380	kept	representative	XP_074019524.1 FMOD [organism=Numenius arquata] [GeneID=141475191]	Numenius_arquata|FMOD|XP_074019524.1
FMOD	XP_010291578.1	Phaethon lepturus	104615412		368	kept	representative	XP_010291578.1 FMOD [organism=Phaethon lepturus] [GeneID=104615412]	Phaethon_lepturus|FMOD|XP_010291578.1
FMOD	XP_005375323.1	Chinchilla lanigera	102012279		378	kept	representative	XP_005375323.1 Fmod [organism=Chinchilla lanigera] [GeneID=102012279]	Chinchilla_lanigera|FMOD|XP_005375323.1
FMOD	XP_003474867.2	Cavia porcellus	100726861		376	kept	representative	XP_003474867.2 Fmod [organism=Cavia porcellus] [GeneID=100726861]	Cavia_porcellus|FMOD|XP_003474867.2
FMOD	XP_025967489.2	Dromaius novaehollandiae	112990156		380	kept	representative	XP_025967489.2 FMOD [organism=Dromaius novaehollandiae] [GeneID=112990156]	Dromaius_novaehollandiae|FMOD|XP_025967489.2
FMOD	XP_061486367.1	Rhineura floridana	133386673		379	kept	representative	XP_061486367.1 FMOD [organism=Rhineura floridana] [GeneID=133386673]	Rhineura_floridana|FMOD|XP_061486367.1
FMOD	XP_068029218.1	Anomalospiza imberbis	137462590		382	kept	representative	XP_068029218.1 FMOD [organism=Anomalospiza imberbis] [GeneID=137462590]	Anomalospiza_imberbis|FMOD|XP_068029218.1
FMOD	XP_001364906.1	Monodelphis domestica	100012571		374	kept	representative	XP_001364906.1 FMOD [organism=Monodelphis domestica] [GeneID=100012571]	Monodelphis_domestica|FMOD|XP_001364906.1
FMOD	XP_008974851.4	Pan paniscus	100990416		376	kept	representative	XP_008974851.4 FMOD [organism=Pan paniscus] [GeneID=100990416]	Pan_paniscus|FMOD|XP_008974851.4
FMOD	XP_060629017.2	Anolis sagrei	132773658		379	kept	representative	XP_060629017.2 FMOD [organism=Anolis sagrei] [GeneID=132773658]	Anolis_sagrei|FMOD|XP_060629017.2
FMOD	XP_033055468.1	Trachypithecus francoisi	117076270		376	kept	representative	XP_033055468.1 FMOD [organism=Trachypithecus francoisi] [GeneID=117076270]	Trachypithecus_francoisi|FMOD|XP_033055468.1
FMOD	XP_079838506.1	Podarcis cretensis	307219281	1	379	kept	representative	XP_079838506.1 FMOD [organism=Podarcis cretensis] [GeneID=307219281] [isoform=1]	Podarcis_cretensis|FMOD|XP_079838506.1
FMOD	XP_079838507.1	Podarcis cretensis	307219281	1	379	excluded	extra_isoform_same_locus	XP_079838507.1 FMOD [organism=Podarcis cretensis] [GeneID=307219281] [isoform=1]	Podarcis_cretensis|FMOD|XP_079838507.1
FMOD	XP_061237863.1	Bos javanicus	133227446		376	kept	representative	XP_061237863.1 FMOD [organism=Bos javanicus] [GeneID=133227446]	Bos_javanicus|FMOD|XP_061237863.1
FMOD	XP_075469811.1	Ascaphus truei	142502554		360	kept	representative	XP_075469811.1 FMOD [organism=Ascaphus truei] [GeneID=142502554]	Ascaphus_truei|FMOD|XP_075469811.1
FMOD	XP_009990705.1	Tauraco erythrolophus	104384083		380	kept	representative	XP_009990705.1 FMOD [organism=Tauraco erythrolophus] [GeneID=104384083]	Tauraco_erythrolophus|FMOD|XP_009990705.1
FMOD	XP_008935008.1	Merops nubicus	103769550		380	kept	representative	XP_008935008.1 FMOD [organism=Merops nubicus] [GeneID=103769550]	Merops_nubicus|FMOD|XP_008935008.1
FMOD	XP_036871099.1	Manis javanica	108409925		376	kept	representative	XP_036871099.1 FMOD [organism=Manis javanica] [GeneID=108409925]	Manis_javanica|FMOD|XP_036871099.1
FMOD	XP_025710994.1	Callorhinus ursinus	112811222		376	kept	representative	XP_025710994.1 FMOD [organism=Callorhinus ursinus] [GeneID=112811222]	Callorhinus_ursinus|FMOD|XP_025710994.1
FMOD	XP_083364803.1	Podarcis liolepis	310709295	1	388	excluded	extra_isoform_same_locus	XP_083364803.1 FMOD [organism=Podarcis liolepis] [GeneID=310709295] [isoform=1]	Podarcis_liolepis|FMOD|XP_083364803.1
FMOD	XP_083364804.1	Podarcis liolepis	310709295	2	379	kept	representative	XP_083364804.1 FMOD [organism=Podarcis liolepis] [GeneID=310709295] [isoform=2]	Podarcis_liolepis|FMOD|XP_083364804.1
FMOD	XP_010588529.1	Loxodonta africana	100655443		376	kept	representative	XP_010588529.1 FMOD [organism=Loxodonta africana] [GeneID=100655443]	Loxodonta_africana|FMOD|XP_010588529.1
FMOD	XP_007166189.1	Balaenoptera acutorostrata	103004726		376	kept	representative	XP_007166189.1 FMOD [organism=Balaenoptera acutorostrata] [GeneID=103004726]	Balaenoptera_acutorostrata|FMOD|XP_007166189.1
FMOD	XP_050841105.1	Serinus canaria	103825366		382	kept	representative	XP_050841105.1 FMOD [organism=Serinus canaria] [GeneID=103825366]	Serinus_canaria|FMOD|XP_050841105.1
FMOD	XP_009946608.2	Leptosomus discolor	104344225		380	kept	representative	XP_009946608.2 FMOD [organism=Leptosomus discolor] [GeneID=104344225]	Leptosomus_discolor|FMOD|XP_009946608.2
FMOD	XP_003893317.1	Papio anubis	100997162		376	kept	representative	XP_003893317.1 FMOD [organism=Papio anubis] [GeneID=100997162]	Papio_anubis|FMOD|XP_003893317.1
FMOD	XP_085156453.1	Rhea americana	146598395		380	kept	representative	XP_085156453.1 FMOD [organism=Rhea americana] [GeneID=146598395]	Rhea_americana|FMOD|XP_085156453.1
FMOD	XP_062451166.1	Rhea pennata	134150965		380	kept	representative	XP_062451166.1 FMOD [organism=Rhea pennata] [GeneID=134150965]	Rhea_pennata|FMOD|XP_062451166.1
FMOD	XP_079402613.1	Tetrao urogallus	306955239		380	kept	representative	XP_079402613.1 FMOD [organism=Tetrao urogallus] [GeneID=306955239]	Tetrao_urogallus|FMOD|XP_079402613.1
FMOD	XP_084938930.1	Lichenostomus cassidix	146427023		380	kept	representative	XP_084938930.1 FMOD [organism=Lichenostomus cassidix] [GeneID=146427023]	Lichenostomus_cassidix|FMOD|XP_084938930.1
FMOD	XP_046932378.1	Lynx rufus	124509800		376	kept	representative	XP_046932378.1 FMOD [organism=Lynx rufus] [GeneID=124509800]	Lynx_rufus|FMOD|XP_046932378.1
FMOD	XP_020749812.1	Odocoileus virginianus	110137640		376	kept	representative	XP_020749812.1 FMOD [organism=Odocoileus virginianus] [GeneID=110137640]	Odocoileus_virginianus|FMOD|XP_020749812.1
FMOD	XP_037020644.1	Artibeus jamaicensis	119063419		376	kept	representative	XP_037020644.1 FMOD [organism=Artibeus jamaicensis] [GeneID=119063419]	Artibeus_jamaicensis|FMOD|XP_037020644.1
FMOD	XP_041869693.1	Corvus kubaryi	121657730		380	kept	representative	XP_041869693.1 FMOD [organism=Corvus kubaryi] [GeneID=121657730]	Corvus_kubaryi|FMOD|XP_041869693.1
FMOD	XP_050811834.1	Gopherus flavomarginatus	127052311		374	kept	representative	XP_050811834.1 FMOD [organism=Gopherus flavomarginatus] [GeneID=127052311]	Gopherus_flavomarginatus|FMOD|XP_050811834.1
FMOD	XP_080489159.1	Psittacula echo	308229174		380	kept	representative	XP_080489159.1 FMOD [organism=Psittacula echo] [GeneID=308229174]	Psittacula_echo|FMOD|XP_080489159.1
FMOD	XP_010219510.1	Tinamus guttatus	104573970		380	kept	representative	XP_010219510.1 FMOD [organism=Tinamus guttatus] [GeneID=104573970]	Tinamus_guttatus|FMOD|XP_010219510.1
FMOD	XP_038304111.1	Canis lupus familiaris	488560		376	kept	representative	XP_038304111.1 FMOD [organism=Canis lupus familiaris] [GeneID=488560]	Canis_lupus_familiaris|FMOD|XP_038304111.1
FMOD	XP_038378052.1	Canis lupus familiaris	488560		376	excluded	extra_isoform_same_locus	XP_038378052.1 FMOD [organism=Canis lupus familiaris] [GeneID=488560]	Canis_lupus_familiaris|FMOD|XP_038378052.1
FMOD	XP_038441871.1	Canis lupus familiaris	488560		376	excluded	extra_isoform_same_locus	XP_038441871.1 FMOD [organism=Canis lupus familiaris] [GeneID=488560]	Canis_lupus_familiaris|FMOD|XP_038441871.1
FMOD	XP_038506252.1	Canis lupus familiaris	488560		376	excluded	extra_isoform_same_locus	XP_038506252.1 FMOD [organism=Canis lupus familiaris] [GeneID=488560]	Canis_lupus_familiaris|FMOD|XP_038506252.1
FMOD	XP_545677.2	Canis lupus familiaris	488560		376	excluded	extra_isoform_same_locus	XP_545677.2 FMOD [organism=Canis lupus familiaris] [GeneID=488560]	Canis_lupus_familiaris|FMOD|XP_545677.2
FMOD	XP_057245406.1	Malurus melanocephalus	130588508		330	kept	representative	XP_057245406.1 FMOD [organism=Malurus melanocephalus] [GeneID=130588508]	Malurus_melanocephalus|FMOD|XP_057245406.1
FMOD	XP_035749696.1	Egretta garzetta	104125739		380	kept	representative	XP_035749696.1 FMOD [organism=Egretta garzetta] [GeneID=104125739]	Egretta_garzetta|FMOD|XP_035749696.1
FMOD	XP_084132058.1	Gallinula chloropus	311201530		380	kept	representative	XP_084132058.1 FMOD [organism=Gallinula chloropus] [GeneID=311201530]	Gallinula_chloropus|FMOD|XP_084132058.1
FMOD	XP_025239573.1	Theropithecus gelada	112623389	X1	392	excluded	extra_isoform_same_locus	XP_025239573.1 FMOD [organism=Theropithecus gelada] [GeneID=112623389] [isoform=X1]	Theropithecus_gelada|FMOD|XP_025239573.1
FMOD	XP_025239579.1	Theropithecus gelada	112623389	X2	376	kept	representative	XP_025239579.1 FMOD [organism=Theropithecus gelada] [GeneID=112623389] [isoform=X2]	Theropithecus_gelada|FMOD|XP_025239579.1
FMOD	XP_078500819.1	Lissotriton helveticus	144755586		360	kept	representative	XP_078500819.1 FMOD [organism=Lissotriton helveticus] [GeneID=144755586]	Lissotriton_helveticus|FMOD|XP_078500819.1
FMOD	XP_078500820.1	Lissotriton helveticus	144755586		360	excluded	extra_isoform_same_locus	XP_078500820.1 FMOD [organism=Lissotriton helveticus] [GeneID=144755586]	Lissotriton_helveticus|FMOD|XP_078500820.1
FMOD	XP_015684524.1	Protobothrops mucrosquamatus	107299694		378	kept	representative	XP_015684524.1 FMOD [organism=Protobothrops mucrosquamatus] [GeneID=107299694]	Protobothrops_mucrosquamatus|FMOD|XP_015684524.1
FMOD	XP_041326453.1	Pyrgilauda ruficollis	121355243		382	kept	representative	XP_041326453.1 FMOD [organism=Pyrgilauda ruficollis] [GeneID=121355243]	Pyrgilauda_ruficollis|FMOD|XP_041326453.1
FMOD	XP_005891945.1	Bos mutus	102269990		376	kept	representative	XP_005891945.1 FMOD [organism=Bos mutus] [GeneID=102269990]	Bos_mutus|FMOD|XP_005891945.1
FMOD	XP_070240621.1	Bos mutus	102269990		376	excluded	extra_isoform_same_locus	XP_070240621.1 FMOD [organism=Bos mutus] [GeneID=102269990]	Bos_mutus|FMOD|XP_070240621.1
FMOD	XP_013052038.1	Anser cygnoides	106045841		380	kept	representative	XP_013052038.1 FMOD [organism=Anser cygnoides] [GeneID=106045841]	Anser_cygnoides|FMOD|XP_013052038.1
FMOD	XP_066839115.1	Anser cygnoides	106045841		380	excluded	extra_isoform_same_locus	XP_066839115.1 FMOD [organism=Anser cygnoides] [GeneID=106045841]	Anser_cygnoides|FMOD|XP_066839115.1
FMOD	XP_009812248.2	Gavia stellata	104258759		380	kept	representative	XP_009812248.2 FMOD [organism=Gavia stellata] [GeneID=104258759]	Gavia_stellata|FMOD|XP_009812248.2
FMOD	NP_776483.2	Bos taurus	281168		376	kept	representative	NP_776483.2 FMOD [organism=Bos taurus] [GeneID=281168]	Bos_taurus|FMOD|NP_776483.2
FMOD	XP_059731202.1	Bos taurus	281168	X1	376	excluded	extra_isoform_same_locus	XP_059731202.1 FMOD [organism=Bos taurus] [GeneID=281168] [isoform=X1]	Bos_taurus|FMOD|XP_059731202.1
FMOD	XP_026719970.1	Athene cunicularia	113488824		380	kept	representative	XP_026719970.1 FMOD [organism=Athene cunicularia] [GeneID=113488824]	Athene_cunicularia|FMOD|XP_026719970.1
FMOD	XP_011787192.1	Colobus angolensis palliatus	105504366	X1	403	excluded	extra_isoform_same_locus	XP_011787192.1 FMOD [organism=Colobus angolensis palliatus] [GeneID=105504366] [isoform=X1]	Colobus_angolensis_palliatus|FMOD|XP_011787192.1
FMOD	XP_011787193.1	Colobus angolensis palliatus	105504366	X2	376	kept	representative	XP_011787193.1 FMOD [organism=Colobus angolensis palliatus] [GeneID=105504366] [isoform=X2]	Colobus_angolensis_palliatus|FMOD|XP_011787193.1
FMOD	NP_542429.1	Rattus norvegicus	64507		376	kept	representative	NP_542429.1 Fmod [organism=Rattus norvegicus] [GeneID=64507]	Rattus_norvegicus|FMOD|NP_542429.1
FMOD	XP_047609020.1	Phacochoerus africanus	125111196		376	kept	representative	XP_047609020.1 FMOD [organism=Phacochoerus africanus] [GeneID=125111196]	Phacochoerus_africanus|FMOD|XP_047609020.1
FMOD	XP_004685583.1	Condylura cristata	101633717		374	kept	representative	XP_004685583.1 FMOD [organism=Condylura cristata] [GeneID=101633717]	Condylura_cristata|FMOD|XP_004685583.1
FMOD	XP_003264631.1	Nomascus leucogenys	100602187		377	kept	representative	XP_003264631.1 FMOD [organism=Nomascus leucogenys] [GeneID=100602187]	Nomascus_leucogenys|FMOD|XP_003264631.1
FMOD	XP_035301333.1	Cricetulus griseus	100765932		376	kept	representative	XP_035301333.1 Fmod [organism=Cricetulus griseus] [GeneID=100765932]	Cricetulus_griseus|FMOD|XP_035301333.1
FMOD	XP_035313832.1	Cricetulus griseus	100765932		376	excluded	extra_isoform_same_locus	XP_035313832.1 Fmod [organism=Cricetulus griseus] [GeneID=100765932]	Cricetulus_griseus|FMOD|XP_035313832.1
FMOD	XP_009868004.1	Apaloderma vittatum	104274158		380	kept	representative	XP_009868004.1 FMOD [organism=Apaloderma vittatum] [GeneID=104274158]	Apaloderma_vittatum|FMOD|XP_009868004.1
FMOD	XP_081351167.1	Giraffa tippelskirchi	145507721	X1	453	excluded	extra_isoform_same_locus	XP_081351167.1 FMOD [organism=Giraffa tippelskirchi] [GeneID=145507721] [isoform=X1]	Giraffa_tippelskirchi|FMOD|XP_081351167.1
FMOD	XP_081351168.1	Giraffa tippelskirchi	145507721	X2	407	kept	representative	XP_081351168.1 FMOD [organism=Giraffa tippelskirchi] [GeneID=145507721] [isoform=X2]	Giraffa_tippelskirchi|FMOD|XP_081351168.1
FMOD	XP_059269128.1	Mustela nigripes	132025629		376	kept	representative	XP_059269128.1 FMOD [organism=Mustela nigripes] [GeneID=132025629]	Mustela_nigripes|FMOD|XP_059269128.1
FMOD	XP_058556462.1	Neofelis nebulosa	131495485		376	kept	representative	XP_058556462.1 FMOD [organism=Neofelis nebulosa] [GeneID=131495485]	Neofelis_nebulosa|FMOD|XP_058556462.1
FMOD	XP_070604989.1	Erythrolamprus reginae	139165670		377	kept	representative	XP_070604989.1 FMOD [organism=Erythrolamprus reginae] [GeneID=139165670]	Erythrolamprus_reginae|FMOD|XP_070604989.1
FMOD	XP_032278114.1	Phoca vitulina	116643444		376	kept	representative	XP_032278114.1 FMOD [organism=Phoca vitulina] [GeneID=116643444]	Phoca_vitulina|FMOD|XP_032278114.1
FMOD	XP_029430048.1	Rhinatrema bivittatum	115074606	X1	458	excluded	extra_isoform_same_locus	XP_029430048.1 FMOD [organism=Rhinatrema bivittatum] [GeneID=115074606] [isoform=X1]	Rhinatrema_bivittatum|FMOD|XP_029430048.1
FMOD	XP_029430049.1	Rhinatrema bivittatum	115074606	X2	353	kept	representative	XP_029430049.1 FMOD [organism=Rhinatrema bivittatum] [GeneID=115074606] [isoform=X2]	Rhinatrema_bivittatum|FMOD|XP_029430049.1
FMOD	XP_029430050.1	Rhinatrema bivittatum	115074606	X2	353	excluded	extra_isoform_same_locus	XP_029430050.1 FMOD [organism=Rhinatrema bivittatum] [GeneID=115074606] [isoform=X2]	Rhinatrema_bivittatum|FMOD|XP_029430050.1
FMOD	XP_036765499.1	Manis pentadactyla	118924649		389	kept	representative	XP_036765499.1 FMOD [organism=Manis pentadactyla] [GeneID=118924649]	Manis_pentadactyla|FMOD|XP_036765499.1
FMOD	XP_065554676.1	Lathamus discolor	136023769		380	kept	representative	XP_065554676.1 FMOD [organism=Lathamus discolor] [GeneID=136023769]	Lathamus_discolor|FMOD|XP_065554676.1
FMOD	XP_032322610.1	Camelus ferus	102514364		376	kept	representative	XP_032322610.1 FMOD [organism=Camelus ferus] [GeneID=102514364]	Camelus_ferus|FMOD|XP_032322610.1
FMOD	XP_008058649.1	Carlito syrichta	103262811		376	kept	representative	XP_008058649.1 FMOD [organism=Carlito syrichta] [GeneID=103262811]	Carlito_syrichta|FMOD|XP_008058649.1
FMOD	XP_026930563.1	Acinonyx jubatus	106971254		376	kept	representative	XP_026930563.1 FMOD [organism=Acinonyx jubatus] [GeneID=106971254]	Acinonyx_jubatus|FMOD|XP_026930563.1
FMOD	XP_081153138.1	Spermophilus citellus	308650741		378	kept	representative	XP_081153138.1 FMOD [organism=Spermophilus citellus] [GeneID=308650741]	Spermophilus_citellus|FMOD|XP_081153138.1
FMOD	XP_004325680.1	Tursiops truncatus	101334274		377	kept	representative	XP_004325680.1 FMOD [organism=Tursiops truncatus] [GeneID=101334274]	Tursiops_truncatus|FMOD|XP_004325680.1
FMOD	XP_083818612.1	Clangula hyemalis	310979446		380	kept	representative	XP_083818612.1 FMOD [organism=Clangula hyemalis] [GeneID=310979446]	Clangula_hyemalis|FMOD|XP_083818612.1
FMOD	XP_006072465.2	Bubalus bubalis	102397477	X1	376	kept	representative	XP_006072465.2 FMOD [organism=Bubalus bubalis] [GeneID=102397477] [isoform=X1]	Bubalus_bubalis|FMOD|XP_006072465.2
FMOD	XP_044799262.1	Bubalus bubalis	102397477	X2	332	excluded	extra_isoform_same_locus	XP_044799262.1 FMOD [organism=Bubalus bubalis] [GeneID=102397477] [isoform=X2]	Bubalus_bubalis|FMOD|XP_044799262.1
FMOD	XP_056367518.1	Oenanthe melanoleuca	130263771		382	kept	representative	XP_056367518.1 FMOD [organism=Oenanthe melanoleuca] [GeneID=130263771]	Oenanthe_melanoleuca|FMOD|XP_056367518.1
FMOD	XP_073416854.1	Dendrobates tinctorius	141073506		357	kept	representative	XP_073416854.1 FMOD [organism=Dendrobates tinctorius] [GeneID=141073506]	Dendrobates_tinctorius|FMOD|XP_073416854.1
FMOD	XP_082288809.1	Balaenoptera physalus	309646393		376	kept	representative	XP_082288809.1 FMOD [organism=Balaenoptera physalus] [GeneID=309646393]	Balaenoptera_physalus|FMOD|XP_082288809.1
FMOD	XP_082503558.1	Grampus griseus	309818036	1	377	kept	representative	XP_082503558.1 FMOD [organism=Grampus griseus] [GeneID=309818036] [isoform=1]	Grampus_griseus|FMOD|XP_082503558.1
FMOD	XP_082503559.1	Grampus griseus	309818036	1	377	excluded	extra_isoform_same_locus	XP_082503559.1 FMOD [organism=Grampus griseus] [GeneID=309818036] [isoform=1]	Grampus_griseus|FMOD|XP_082503559.1
FMOD	XP_051003386.1	Acomys russatus	127190421		378	kept	representative	XP_051003386.1 Fmod [organism=Acomys russatus] [GeneID=127190421]	Acomys_russatus|FMOD|XP_051003386.1
FMOD	XP_056701098.1	Euleptes europaea	130473569		374	kept	representative	XP_056701098.1 FMOD [organism=Euleptes europaea] [GeneID=130473569]	Euleptes_europaea|FMOD|XP_056701098.1
FMOD	XP_049713980.1	Elephas maximus indicus	126061466		376	kept	representative	XP_049713980.1 FMOD [organism=Elephas maximus indicus] [GeneID=126061466]	Elephas_maximus_indicus|FMOD|XP_049713980.1
FMOD	XP_044871903.1	Mauremys mutica	123369910	X1	382	excluded	extra_isoform_same_locus	XP_044871903.1 FMOD [organism=Mauremys mutica] [GeneID=123369910] [isoform=X1]	Mauremys_mutica|FMOD|XP_044871903.1
FMOD	XP_044871904.1	Mauremys mutica	123369910	X2	379	kept	representative	XP_044871904.1 FMOD [organism=Mauremys mutica] [GeneID=123369910] [isoform=X2]	Mauremys_mutica|FMOD|XP_044871904.1
FMOD	XP_075030360.1	Calonectris borealis	142093262		380	kept	representative	XP_075030360.1 FMOD [organism=Calonectris borealis] [GeneID=142093262]	Calonectris_borealis|FMOD|XP_075030360.1
FMOD	XP_029818409.1	Manacus vitellinus	103767196		382	kept	representative	XP_029818409.1 FMOD [organism=Manacus vitellinus] [GeneID=103767196]	Manacus_vitellinus|FMOD|XP_029818409.1
FMOD	XP_012614218.1	Microcebus murinus	105868171		376	kept	representative	XP_012614218.1 FMOD [organism=Microcebus murinus] [GeneID=105868171]	Microcebus_murinus|FMOD|XP_012614218.1
FMOD	XP_009699230.1	Cariama cristata	104162246		380	kept	representative	XP_009699230.1 FMOD [organism=Cariama cristata] [GeneID=104162246]	Cariama_cristata|FMOD|XP_009699230.1
FMOD	XP_045392244.1	Lemur catta	123626980		376	kept	representative	XP_045392244.1 FMOD [organism=Lemur catta] [GeneID=123626980]	Lemur_catta|FMOD|XP_045392244.1
FMOD	XP_051854558.1	Antechinus flavipes	127562693		374	kept	representative	XP_051854558.1 FMOD [organism=Antechinus flavipes] [GeneID=127562693]	Antechinus_flavipes|FMOD|XP_051854558.1
FMOD	XP_051854559.1	Antechinus flavipes	127562693		374	excluded	extra_isoform_same_locus	XP_051854559.1 FMOD [organism=Antechinus flavipes] [GeneID=127562693]	Antechinus_flavipes|FMOD|XP_051854559.1
FMOD	XP_075189863.1	Anomaloglossus baeobatrachus	142289819		357	kept	representative	XP_075189863.1 FMOD [organism=Anomaloglossus baeobatrachus] [GeneID=142289819]	Anomaloglossus_baeobatrachus|FMOD|XP_075189863.1
FMOD	XP_008590230.1	Galeopterus variegatus	103607512		357	kept	representative	XP_008590230.1 FMOD [organism=Galeopterus variegatus] [GeneID=103607512]	Galeopterus_variegatus|FMOD|XP_008590230.1
FMOD	XP_051495037.1	Apus apus	127393722		380	kept	representative	XP_051495037.1 FMOD [organism=Apus apus] [GeneID=127393722]	Apus_apus|FMOD|XP_051495037.1
FMOD	XP_010147708.1	Eurypyga helias	104507957		380	kept	representative	XP_010147708.1 FMOD [organism=Eurypyga helias] [GeneID=104507957]	Eurypyga_helias|FMOD|XP_010147708.1
FMOD	XP_040118981.1	Oryx dammah	120879987		376	kept	representative	XP_040118981.1 FMOD [organism=Oryx dammah] [GeneID=120879987]	Oryx_dammah|FMOD|XP_040118981.1
FMOD	XP_075377854.1	Mycteria americana	142419105		380	kept	representative	XP_075377854.1 FMOD [organism=Mycteria americana] [GeneID=142419105]	Mycteria_americana|FMOD|XP_075377854.1
FMOD	XP_069626809.1	Haliaeetus albicilla	104310534		380	kept	representative	XP_069626809.1 FMOD [organism=Haliaeetus albicilla] [GeneID=104310534]	Haliaeetus_albicilla|FMOD|XP_069626809.1
FMOD	XP_003938355.1	Saimiri boliviensis	101032788	X2	376	kept	representative	XP_003938355.1 FMOD [organism=Saimiri boliviensis] [GeneID=101032788] [isoform=X2]	Saimiri_boliviensis|FMOD|XP_003938355.1
FMOD	XP_074241108.1	Saimiri boliviensis	101032788	X1	386	excluded	extra_isoform_same_locus	XP_074241108.1 FMOD [organism=Saimiri boliviensis] [GeneID=101032788] [isoform=X1]	Saimiri_boliviensis|FMOD|XP_074241108.1
FMOD	XP_074241109.1	Saimiri boliviensis	101032788	X3	341	excluded	extra_isoform_same_locus	XP_074241109.1 FMOD [organism=Saimiri boliviensis] [GeneID=101032788] [isoform=X3]	Saimiri_boliviensis|FMOD|XP_074241109.1
FMOD	XP_027976130.1	Eumetopias jubatus	114222006		376	kept	representative	XP_027976130.1 FMOD [organism=Eumetopias jubatus] [GeneID=114222006]	Eumetopias_jubatus|FMOD|XP_027976130.1
FMOD	XP_053882780.1	Malaclemys terrapin pileata	128836483	X1	382	excluded	extra_isoform_same_locus	XP_053882780.1 FMOD [organism=Malaclemys terrapin pileata] [GeneID=128836483] [isoform=X1]	Malaclemys_terrapin_pileata|FMOD|XP_053882780.1
FMOD	XP_053882781.1	Malaclemys terrapin pileata	128836483	X2	379	kept	representative	XP_053882781.1 FMOD [organism=Malaclemys terrapin pileata] [GeneID=128836483] [isoform=X2]	Malaclemys_terrapin_pileata|FMOD|XP_053882781.1
FMOD	XP_074910784.1	Buteo buteo	142043472		380	kept	representative	XP_074910784.1 FMOD [organism=Buteo buteo] [GeneID=142043472]	Buteo_buteo|FMOD|XP_074910784.1
FMOD	XP_023797941.1	Cyanistes caeruleus	111939778		336	kept	representative	XP_023797941.1 FMOD [organism=Cyanistes caeruleus] [GeneID=111939778]	Cyanistes_caeruleus|FMOD|XP_023797941.1
FMOD	XP_054504806.2	Agelaius phoeniceus	129130405		382	kept	representative	XP_054504806.2 FMOD [organism=Agelaius phoeniceus] [GeneID=129130405]	Agelaius_phoeniceus|FMOD|XP_054504806.2
FMOD	XP_071306239.1	Agelaius tricolor	139601265		382	kept	representative	XP_071306239.1 FMOD [organism=Agelaius tricolor] [GeneID=139601265]	Agelaius_tricolor|FMOD|XP_071306239.1
FMOD	XP_076214261.1	Aptenodytes patagonicus	143170141		380	kept	representative	XP_076214261.1 FMOD [organism=Aptenodytes patagonicus] [GeneID=143170141]	Aptenodytes_patagonicus|FMOD|XP_076214261.1
FMOD	XP_009904503.2	Dryobates pubescens	104305355		380	kept	representative	XP_009904503.2 FMOD [organism=Dryobates pubescens] [GeneID=104305355]	Dryobates_pubescens|FMOD|XP_009904503.2
FMOD	XP_048213727.1	Perognathus longimembris pacificus	125359908		379	kept	representative	XP_048213727.1 Fmod [organism=Perognathus longimembris pacificus] [GeneID=125359908]	Perognathus_longimembris_pacificus|FMOD|XP_048213727.1
FMOD	XP_077155673.1	Ranitomeya variabilis	143818155		357	kept	representative	XP_077155673.1 FMOD [organism=Ranitomeya variabilis] [GeneID=143818155]	Ranitomeya_variabilis|FMOD|XP_077155673.1
FMOD	XP_083474182.1	Podarcis filfolensis	310764350	1	388	excluded	extra_isoform_same_locus	XP_083474182.1 FMOD [organism=Podarcis filfolensis] [GeneID=310764350] [isoform=1]	Podarcis_filfolensis|FMOD|XP_083474182.1
FMOD	XP_083474183.1	Podarcis filfolensis	310764350	2	379	kept	representative	XP_083474183.1 FMOD [organism=Podarcis filfolensis] [GeneID=310764350] [isoform=2]	Podarcis_filfolensis|FMOD|XP_083474183.1
FMOD	XP_084722035.1	Pipistrellus hanaki	311612721		377	kept	representative	XP_084722035.1 FMOD [organism=Pipistrellus hanaki] [GeneID=311612721]	Pipistrellus_hanaki|FMOD|XP_084722035.1
FMOD	XP_063274658.1	Prinia subflava	134561505		382	kept	representative	XP_063274658.1 FMOD [organism=Prinia subflava] [GeneID=134561505]	Prinia_subflava|FMOD|XP_063274658.1
FMOD	XP_004392849.1	Odobenus rosmarus divergens	101376269		376	kept	representative	XP_004392849.1 FMOD [organism=Odobenus rosmarus divergens] [GeneID=101376269]	Odobenus_rosmarus_divergens|FMOD|XP_004392849.1
FMOD	XP_043778812.1	Cervus elaphus	122707405		376	kept	representative	XP_043778812.1 FMOD [organism=Cervus elaphus] [GeneID=122707405]	Cervus_elaphus|FMOD|XP_043778812.1
FMOD	XP_036614006.1	Trichosurus vulpecula	118849035		374	kept	representative	XP_036614006.1 FMOD [organism=Trichosurus vulpecula] [GeneID=118849035]	Trichosurus_vulpecula|FMOD|XP_036614006.1
FMOD	XP_075578592.1	Pelecanus crispus	104028501		380	kept	representative	XP_075578592.1 FMOD [organism=Pelecanus crispus] [GeneID=104028501]	Pelecanus_crispus|FMOD|XP_075578592.1
FMOD	XP_028732436.1	Peromyscus leucopus	114698100		376	kept	representative	XP_028732436.1 Fmod [organism=Peromyscus leucopus] [GeneID=114698100]	Peromyscus_leucopus|FMOD|XP_028732436.1
FMOD	XP_043340663.1	Cervus canadensis	122451798		376	kept	representative	XP_043340663.1 FMOD [organism=Cervus canadensis] [GeneID=122451798]	Cervus_canadensis|FMOD|XP_043340663.1
FMOD	XP_054147626.1	Melozone crissalis	128947391		382	kept	representative	XP_054147626.1 FMOD [organism=Melozone crissalis] [GeneID=128947391]	Melozone_crissalis|FMOD|XP_054147626.1
FMOD	XP_054147628.1	Melozone crissalis	128947391		382	excluded	extra_isoform_same_locus	XP_054147628.1 FMOD [organism=Melozone crissalis] [GeneID=128947391]	Melozone_crissalis|FMOD|XP_054147628.1
FMOD	XP_054836616.1	Eublepharis macularius	129330565		375	kept	representative	XP_054836616.1 FMOD [organism=Eublepharis macularius] [GeneID=129330565]	Eublepharis_macularius|FMOD|XP_054836616.1
FMOD	XP_010722717.1	Meleagris gallopavo	100549714		380	kept	representative	XP_010722717.1 FMOD [organism=Meleagris gallopavo] [GeneID=100549714]	Meleagris_gallopavo|FMOD|XP_010722717.1
FMOD	XP_008983693.1	Callithrix jacchus	100409816		376	kept	representative	XP_008983693.1 FMOD [organism=Callithrix jacchus] [GeneID=100409816]	Callithrix_jacchus|FMOD|XP_008983693.1
FMOD	XP_051059995.1	Phodopus roborovskii	127236419		376	kept	representative	XP_051059995.1 Fmod [organism=Phodopus roborovskii] [GeneID=127236419]	Phodopus_roborovskii|FMOD|XP_051059995.1
FMOD	XP_013797463.1	Apteryx mantelli	106483945		380	kept	representative	XP_013797463.1 FMOD [organism=Apteryx mantelli] [GeneID=106483945]	Apteryx_mantelli|FMOD|XP_013797463.1
FMOD	XP_021017240.1	Mus caroli	110293717		376	kept	representative	XP_021017240.1 Fmod [organism=Mus caroli] [GeneID=110293717]	Mus_caroli|FMOD|XP_021017240.1
FMOD	XP_074384206.1	Zonotrichia albicollis	106630250		382	kept	representative	XP_074384206.1 LOC106630250 [organism=Zonotrichia albicollis] [GeneID=106630250]	Zonotrichia_albicollis|FMOD|XP_074384206.1
FMOD	XP_074384207.1	Zonotrichia albicollis	106630250		382	excluded	extra_isoform_same_locus	XP_074384207.1 LOC106630250 [organism=Zonotrichia albicollis] [GeneID=106630250]	Zonotrichia_albicollis|FMOD|XP_074384207.1
FMOD	XP_011845874.1	Mandrillus leucophaeus	105547078	X1	392	excluded	extra_isoform_same_locus	XP_011845874.1 FMOD [organism=Mandrillus leucophaeus] [GeneID=105547078] [isoform=X1]	Mandrillus_leucophaeus|FMOD|XP_011845874.1
FMOD	XP_011845875.1	Mandrillus leucophaeus	105547078	X2	376	kept	representative	XP_011845875.1 FMOD [organism=Mandrillus leucophaeus] [GeneID=105547078] [isoform=X2]	Mandrillus_leucophaeus|FMOD|XP_011845875.1
FMOD	XP_048782029.1	Lagopus muta	125684162		380	kept	representative	XP_048782029.1 FMOD [organism=Lagopus muta] [GeneID=125684162]	Lagopus_muta|FMOD|XP_048782029.1
FMOD	XP_048782030.1	Lagopus muta	125684162		380	excluded	extra_isoform_same_locus	XP_048782030.1 FMOD [organism=Lagopus muta] [GeneID=125684162]	Lagopus_muta|FMOD|XP_048782030.1
FMOD	XP_053249135.1	Podarcis raffonei	128416078		379	kept	representative	XP_053249135.1 FMOD [organism=Podarcis raffonei] [GeneID=128416078]	Podarcis_raffonei|FMOD|XP_053249135.1
FMOD	XP_059723878.1	Haemorhous mexicanus	132338422		382	kept	representative	XP_059723878.1 FMOD [organism=Haemorhous mexicanus] [GeneID=132338422]	Haemorhous_mexicanus|FMOD|XP_059723878.1
FMOD	XP_061041497.1	Eubalaena glacialis	133087845		376	kept	representative	XP_061041497.1 FMOD [organism=Eubalaena glacialis] [GeneID=133087845]	Eubalaena_glacialis|FMOD|XP_061041497.1
FMOD	XP_065596299.1	Cyrtonyx montezumae	136051028		380	kept	representative	XP_065596299.1 FMOD [organism=Cyrtonyx montezumae] [GeneID=136051028]	Cyrtonyx_montezumae|FMOD|XP_065596299.1
FMOD	XP_074706227.1	Strix aluco	141934570		380	kept	representative	XP_074706227.1 FMOD [organism=Strix aluco] [GeneID=141934570]	Strix_aluco|FMOD|XP_074706227.1
FMOD	XP_029789017.1	Suricata suricatta	115286769		376	kept	representative	XP_029789017.1 FMOD [organism=Suricata suricatta] [GeneID=115286769]	Suricata_suricatta|FMOD|XP_029789017.1
FMOD	XP_050767328.1	Gymnogyps californianus	127026229		380	kept	representative	XP_050767328.1 FMOD [organism=Gymnogyps californianus] [GeneID=127026229]	Gymnogyps_californianus|FMOD|XP_050767328.1
FMOD	XP_080503832.1	Plecotus auritus	308237157		377	kept	representative	XP_080503832.1 FMOD [organism=Plecotus auritus] [GeneID=308237157]	Plecotus_auritus|FMOD|XP_080503832.1
FMOD	XP_010072017.1	Pterocles gutturalis	104459712		380	kept	representative	XP_010072017.1 FMOD [organism=Pterocles gutturalis] [GeneID=104459712]	Pterocles_gutturalis|FMOD|XP_010072017.1
FMOD	XP_081721464.1	Podarcis erhardii	309343628	1	388	excluded	extra_isoform_same_locus	XP_081721464.1 FMOD [organism=Podarcis erhardii] [GeneID=309343628] [isoform=1]	Podarcis_erhardii|FMOD|XP_081721464.1
FMOD	XP_081721465.1	Podarcis erhardii	309343628	2	379	kept	representative	XP_081721465.1 FMOD [organism=Podarcis erhardii] [GeneID=309343628] [isoform=2]	Podarcis_erhardii|FMOD|XP_081721465.1
FMOD	XP_004625434.1	Octodon degus	101581467		378	kept	representative	XP_004625434.1 Fmod [organism=Octodon degus] [GeneID=101581467]	Octodon_degus|FMOD|XP_004625434.1
FMOD	XP_023563901.1	Octodon degus	101581467		378	excluded	extra_isoform_same_locus	XP_023563901.1 Fmod [organism=Octodon degus] [GeneID=101581467]	Octodon_degus|FMOD|XP_023563901.1
FMOD	XP_067387778.1	Emydura macquarii macquarii	137142362		366	kept	representative	XP_067387778.1 FMOD [organism=Emydura macquarii macquarii] [GeneID=137142362]	Emydura_macquarii_macquarii|FMOD|XP_067387778.1
FMOD	XP_081178269.1	Vipera berus	308664691		378	kept	representative	XP_081178269.1 FMOD [organism=Vipera berus] [GeneID=308664691]	Vipera_berus|FMOD|XP_081178269.1
FMOD	XP_012511385.1	Propithecus coquereli	105819640		376	kept	representative	XP_012511385.1 FMOD [organism=Propithecus coquereli] [GeneID=105819640]	Propithecus_coquereli|FMOD|XP_012511385.1
FMOD	XP_015339357.1	Marmota marmota marmota	107140697		378	kept	representative	XP_015339357.1 Fmod [organism=Marmota marmota marmota] [GeneID=107140697]	Marmota_marmota_marmota|FMOD|XP_015339357.1
FMOD	XP_082186261.1	Platalea leucorodia	309599043		380	kept	representative	XP_082186261.1 FMOD [organism=Platalea leucorodia] [GeneID=309599043]	Platalea_leucorodia|FMOD|XP_082186261.1
FMOD	XP_043820573.1	Dromiciops gliroides	122726732		376	kept	representative	XP_043820573.1 FMOD [organism=Dromiciops gliroides] [GeneID=122726732]	Dromiciops_gliroides|FMOD|XP_043820573.1
FMOD	XP_043820574.1	Dromiciops gliroides	122726732		376	excluded	extra_isoform_same_locus	XP_043820574.1 FMOD [organism=Dromiciops gliroides] [GeneID=122726732]	Dromiciops_gliroides|FMOD|XP_043820574.1
FMOD	XP_019369810.1	Gavialis gangeticus	109295405		377	kept	representative	XP_019369810.1 FMOD [organism=Gavialis gangeticus] [GeneID=109295405]	Gavialis_gangeticus|FMOD|XP_019369810.1
FMOD	XP_019369811.1	Gavialis gangeticus	109295405		377	excluded	extra_isoform_same_locus	XP_019369811.1 FMOD [organism=Gavialis gangeticus] [GeneID=109295405]	Gavialis_gangeticus|FMOD|XP_019369811.1
FMOD	XP_019369812.1	Gavialis gangeticus	109295405		377	excluded	extra_isoform_same_locus	XP_019369812.1 FMOD [organism=Gavialis gangeticus] [GeneID=109295405]	Gavialis_gangeticus|FMOD|XP_019369812.1
FMOD	XP_056413800.1	Hyla sarda	130356378		363	kept	representative	XP_056413800.1 FMOD [organism=Hyla sarda] [GeneID=130356378]	Hyla_sarda|FMOD|XP_056413800.1
FMOD	XP_063308704.1	Pelobates fuscus	134609144		368	kept	representative	XP_063308704.1 FMOD [organism=Pelobates fuscus] [GeneID=134609144]	Pelobates_fuscus|FMOD|XP_063308704.1
FMOD	XP_066482160.1	Tiliqua scincoides	136649443		378	kept	representative	XP_066482160.1 FMOD [organism=Tiliqua scincoides] [GeneID=136649443]	Tiliqua_scincoides|FMOD|XP_066482160.1
FMOD	XP_033266412.1	Orcinus orca	101287433		377	kept	representative	XP_033266412.1 FMOD [organism=Orcinus orca] [GeneID=101287433]	Orcinus_orca|FMOD|XP_033266412.1
FMOD	XP_014728121.1	Sturnus vulgaris	106850962		382	kept	representative	XP_014728121.1 FMOD [organism=Sturnus vulgaris] [GeneID=106850962]	Sturnus_vulgaris|FMOD|XP_014728121.1
FMOD	XP_075706762.1	Rhinoderma darwinii	142741245		357	kept	representative	XP_075706762.1 FMOD [organism=Rhinoderma darwinii] [GeneID=142741245]	Rhinoderma_darwinii|FMOD|XP_075706762.1
FMOD	XP_082687469.1	Cygnus columbianus	309910629		380	kept	representative	XP_082687469.1 FMOD [organism=Cygnus columbianus] [GeneID=309910629]	Cygnus_columbianus|FMOD|XP_082687469.1
FMOD	XP_010852425.1	Bison bison bison	104998782		376	kept	representative	XP_010852425.1 FMOD [organism=Bison bison bison] [GeneID=104998782]	Bison_bison_bison|FMOD|XP_010852425.1
FMOD	XP_055454114.1	Psammomys obesus	129669766		376	kept	representative	XP_055454114.1 Fmod [organism=Psammomys obesus] [GeneID=129669766]	Psammomys_obesus|FMOD|XP_055454114.1
FMOD	XP_030418564.1	Gopherus evgoodei	115651614		374	kept	representative	XP_030418564.1 FMOD [organism=Gopherus evgoodei] [GeneID=115651614]	Gopherus_evgoodei|FMOD|XP_030418564.1
FMOD	XP_071624561.1	Heliangelus exortis	139807450		380	kept	representative	XP_071624561.1 FMOD [organism=Heliangelus exortis] [GeneID=139807450]	Heliangelus_exortis|FMOD|XP_071624561.1
FMOD	XP_017687591.1	Lepidothrix coronata	108505791		382	kept	representative	XP_017687591.1 FMOD [organism=Lepidothrix coronata] [GeneID=108505791]	Lepidothrix_coronata|FMOD|XP_017687591.1
FMOD	XP_005857818.1	Myotis brandtii	102239866		377	kept	representative	XP_005857818.1 FMOD [organism=Myotis brandtii] [GeneID=102239866]	Myotis_brandtii|FMOD|XP_005857818.1
FMOD	XP_031238815.1	Mastomys coucha	116099414		376	kept	representative	XP_031238815.1 Fmod [organism=Mastomys coucha] [GeneID=116099414]	Mastomys_coucha|FMOD|XP_031238815.1
FMOD	NP_002014.2	Homo sapiens	2331		376	kept	representative	NP_002014.2 FMOD [organism=Homo sapiens] [GeneID=2331]	Homo_sapiens|FMOD|NP_002014.2
FMOD	XP_047272260.1	Homo sapiens	2331	X1	376	excluded	extra_isoform_same_locus	XP_047272260.1 FMOD [organism=Homo sapiens] [GeneID=2331] [isoform=X1]	Homo_sapiens|FMOD|XP_047272260.1
FMOD	XP_027801489.1	Marmota flaviventris	114100840		378	kept	representative	XP_027801489.1 Fmod [organism=Marmota flaviventris] [GeneID=114100840]	Marmota_flaviventris|FMOD|XP_027801489.1
FMOD	XP_042689631.1	Centrocercus urophasianus	122168397		380	kept	representative	XP_042689631.1 FMOD [organism=Centrocercus urophasianus] [GeneID=122168397]	Centrocercus_urophasianus|FMOD|XP_042689631.1
FMOD	XP_048184405.1	Corvus hawaiiensis	125338099		382	kept	representative	XP_048184405.1 FMOD [organism=Corvus hawaiiensis] [GeneID=125338099]	Corvus_hawaiiensis|FMOD|XP_048184405.1
FMOD	XP_072212208.1	Excalfactoria chinensis	140262023		380	kept	representative	XP_072212208.1 FMOD [organism=Excalfactoria chinensis] [GeneID=140262023]	Excalfactoria_chinensis|FMOD|XP_072212208.1
FMOD	XP_080554572.1	Muscardinus avellanarius	308264884		378	kept	representative	XP_080554572.1 FMOD [organism=Muscardinus avellanarius] [GeneID=308264884]	Muscardinus_avellanarius|FMOD|XP_080554572.1
FMOD	XP_010643343.1	Fukomys damarensis	104876821		378	kept	representative	XP_010643343.1 Fmod [organism=Fukomys damarensis] [GeneID=104876821]	Fukomys_damarensis|FMOD|XP_010643343.1
FMOD	XP_027602781.2	Pipra filicauda	114001653		382	kept	representative	XP_027602781.2 FMOD [organism=Pipra filicauda] [GeneID=114001653]	Pipra_filicauda|FMOD|XP_027602781.2
FMOD	XP_010377113.1	Rhinopithecus roxellana	104674485		376	kept	representative	XP_010377113.1 FMOD [organism=Rhinopithecus roxellana] [GeneID=104674485]	Rhinopithecus_roxellana|FMOD|XP_010377113.1
FMOD	XP_030786416.1	Rhinopithecus roxellana	104674485		376	excluded	extra_isoform_same_locus	XP_030786416.1 FMOD [organism=Rhinopithecus roxellana] [GeneID=104674485]	Rhinopithecus_roxellana|FMOD|XP_030786416.1
FMOD	XP_053463315.1	Nycticebus coucang	128597178		376	kept	representative	XP_053463315.1 FMOD [organism=Nycticebus coucang] [GeneID=128597178]	Nycticebus_coucang|FMOD|XP_053463315.1
FMOD	XP_053463316.1	Nycticebus coucang	128597178		376	excluded	extra_isoform_same_locus	XP_053463316.1 FMOD [organism=Nycticebus coucang] [GeneID=128597178]	Nycticebus_coucang|FMOD|XP_053463316.1
FMOD	NP_990298.2	Gallus gallus	395814		380	kept	representative	NP_990298.2 FMOD [organism=Gallus gallus] [GeneID=395814]	Gallus_gallus|FMOD|NP_990298.2
FMOD	XP_020652548.2	Pogona vitticeps	110080742		378	kept	representative	XP_020652548.2 FMOD [organism=Pogona vitticeps] [GeneID=110080742]	Pogona_vitticeps|FMOD|XP_020652548.2
FMOD	XP_020652556.2	Pogona vitticeps	110080742		378	excluded	extra_isoform_same_locus	XP_020652556.2 FMOD [organism=Pogona vitticeps] [GeneID=110080742]	Pogona_vitticeps|FMOD|XP_020652556.2
FMOD	XP_078248076.1	Pogona vitticeps	110080742		378	excluded	extra_isoform_same_locus	XP_078248076.1 FMOD [organism=Pogona vitticeps] [GeneID=110080742]	Pogona_vitticeps|FMOD|XP_078248076.1
FMOD	XP_022449442.1	Delphinapterus leucas	111184800		376	kept	representative	XP_022449442.1 FMOD [organism=Delphinapterus leucas] [GeneID=111184800]	Delphinapterus_leucas|FMOD|XP_022449442.1
FMOD	XP_028620604.1	Grammomys surdaster	114618926		376	kept	representative	XP_028620604.1 Fmod [organism=Grammomys surdaster] [GeneID=114618926]	Grammomys_surdaster|FMOD|XP_028620604.1
FMOD	XP_056217584.1	Falco biarmicus	130159715		380	kept	representative	XP_056217584.1 FMOD [organism=Falco biarmicus] [GeneID=130159715]	Falco_biarmicus|FMOD|XP_056217584.1
FMOD	XP_009574341.1	Fulmarus glacialis	104075515		380	kept	representative	XP_009574341.1 FMOD [organism=Fulmarus glacialis] [GeneID=104075515]	Fulmarus_glacialis|FMOD|XP_009574341.1
FMOD	XP_041504427.1	Microtus oregoni	121446101		377	kept	representative	XP_041504427.1 Fmod [organism=Microtus oregoni] [GeneID=121446101]	Microtus_oregoni|FMOD|XP_041504427.1
FMOD	XP_041504428.1	Microtus oregoni	121446101		377	excluded	extra_isoform_same_locus	XP_041504428.1 Fmod [organism=Microtus oregoni] [GeneID=121446101]	Microtus_oregoni|FMOD|XP_041504428.1
FMOD	XP_059795451.1	Balaenoptera ricei	132374949		376	kept	representative	XP_059795451.1 FMOD [organism=Balaenoptera ricei] [GeneID=132374949]	Balaenoptera_ricei|FMOD|XP_059795451.1
FMOD	XP_039196303.1	Crotalus tigris	120306697		378	kept	representative	XP_039196303.1 FMOD [organism=Crotalus tigris] [GeneID=120306697]	Crotalus_tigris|FMOD|XP_039196303.1
FMOD	XP_039196312.1	Crotalus tigris	120306697		378	excluded	extra_isoform_same_locus	XP_039196312.1 FMOD [organism=Crotalus tigris] [GeneID=120306697]	Crotalus_tigris|FMOD|XP_039196312.1
FMOD	XP_039196323.1	Crotalus tigris	120306697		378	excluded	extra_isoform_same_locus	XP_039196323.1 FMOD [organism=Crotalus tigris] [GeneID=120306697]	Crotalus_tigris|FMOD|XP_039196323.1
FMOD	XP_074792176.1	Natator depressus	141975587		379	kept	representative	XP_074792176.1 FMOD [organism=Natator depressus] [GeneID=141975587]	Natator_depressus|FMOD|XP_074792176.1
FMOD	XP_081110859.1	Mesoplodon bidens	308628116		376	kept	representative	XP_081110859.1 FMOD [organism=Mesoplodon bidens] [GeneID=308628116]	Mesoplodon_bidens|FMOD|XP_081110859.1
FMOD	XP_004610100.1	Sorex araneus	101538360		371	kept	representative	XP_004610100.1 FMOD [organism=Sorex araneus] [GeneID=101538360]	Sorex_araneus|FMOD|XP_004610100.1
FMOD	XP_008152455.1	Eptesicus fuscus	103297517		377	kept	representative	XP_008152455.1 FMOD [organism=Eptesicus fuscus] [GeneID=103297517]	Eptesicus_fuscus|FMOD|XP_008152455.1
FMOD	XP_042321716.1	Sceloporus undulatus	121929841		379	kept	representative	XP_042321716.1 FMOD [organism=Sceloporus undulatus] [GeneID=121929841]	Sceloporus_undulatus|FMOD|XP_042321716.1
FMOD	XP_027550980.1	Neopelma chrysocephalum	113973277		382	kept	representative	XP_027550980.1 FMOD [organism=Neopelma chrysocephalum] [GeneID=113973277]	Neopelma_chrysocephalum|FMOD|XP_027550980.1
FMOD	XP_015505886.1	Parus major	107214745		382	kept	representative	XP_015505886.1 FMOD [organism=Parus major] [GeneID=107214745]	Parus_major|FMOD|XP_015505886.1
FMOD	XP_063034001.1	Melospiza melodia melodia	134430324		382	kept	representative	XP_063034001.1 FMOD [organism=Melospiza melodia melodia] [GeneID=134430324]	Melospiza_melodia_melodia|FMOD|XP_063034001.1
FMOD	XP_078963960.1	Sciurus vulgaris	306642224		376	kept	representative	XP_078963960.1 FMOD [organism=Sciurus vulgaris] [GeneID=306642224]	Sciurus_vulgaris|FMOD|XP_078963960.1
FMOD	XP_058894383.1	Kogia breviceps	131741443		376	kept	representative	XP_058894383.1 FMOD [organism=Kogia breviceps] [GeneID=131741443]	Kogia_breviceps|FMOD|XP_058894383.1
FMOD	XP_030728558.1	Globicephala melas	115861710		377	kept	representative	XP_030728558.1 FMOD [organism=Globicephala melas] [GeneID=115861710]	Globicephala_melas|FMOD|XP_030728558.1
FMOD	XP_066117749.1	Saccopteryx bilineata	136326148		376	kept	representative	XP_066117749.1 FMOD [organism=Saccopteryx bilineata] [GeneID=136326148]	Saccopteryx_bilineata|FMOD|XP_066117749.1
FMOD	XP_084354261.1	Aythya ferina	311423748		380	kept	representative	XP_084354261.1 FMOD [organism=Aythya ferina] [GeneID=311423748]	Aythya_ferina|FMOD|XP_084354261.1
FMOD	XP_030077695.1	Microcaecilia unicolor	115482213		353	kept	representative	XP_030077695.1 FMOD [organism=Microcaecilia unicolor] [GeneID=115482213]	Microcaecilia_unicolor|FMOD|XP_030077695.1
FMOD	XP_026336392.1	Ursus arctos	113242518		376	kept	representative	XP_026336392.1 FMOD [organism=Ursus arctos] [GeneID=113242518]	Ursus_arctos|FMOD|XP_026336392.1
FMOD	XP_034623201.1	Trachemys scripta elegans	117875822		379	kept	representative	XP_034623201.1 FMOD [organism=Trachemys scripta elegans] [GeneID=117875822]	Trachemys_scripta_elegans|FMOD|XP_034623201.1
FMOD	XP_042538277.1	Dipodomys spectabilis	122109747		379	kept	representative	XP_042538277.1 Fmod [organism=Dipodomys spectabilis] [GeneID=122109747]	Dipodomys_spectabilis|FMOD|XP_042538277.1
FMOD	XP_065260444.1	Emys orbicularis	135878650		379	kept	representative	XP_065260444.1 FMOD [organism=Emys orbicularis] [GeneID=135878650]	Emys_orbicularis|FMOD|XP_065260444.1
FMOD	XP_071435009.1	Pithys albifrons albifrons	139683603		380	kept	representative	XP_071435009.1 FMOD [organism=Pithys albifrons albifrons] [GeneID=139683603]	Pithys_albifrons_albifrons|FMOD|XP_071435009.1
FMOD	XP_081805754.1	Natrix helvetica	309390362		378	kept	representative	XP_081805754.1 FMOD [organism=Natrix helvetica] [GeneID=309390362]	Natrix_helvetica|FMOD|XP_081805754.1
FMOD	XP_015394902.1	Panthera tigris	102956962		376	kept	representative	XP_015394902.1 FMOD [organism=Panthera tigris] [GeneID=102956962]	Panthera_tigris|FMOD|XP_015394902.1
FMOD	XP_052671787.1	Harpia harpyja	128154762		380	kept	representative	XP_052671787.1 FMOD [organism=Harpia harpyja] [GeneID=128154762]	Harpia_harpyja|FMOD|XP_052671787.1
FMOD	XP_057625835.1	Chionomys nivalis	130874477		376	kept	representative	XP_057625835.1 Fmod [organism=Chionomys nivalis] [GeneID=130874477]	Chionomys_nivalis|FMOD|XP_057625835.1
FMOD	XP_074971658.1	Phalacrocorax aristotelis	142067167		380	kept	representative	XP_074971658.1 FMOD [organism=Phalacrocorax aristotelis] [GeneID=142067167]	Phalacrocorax_aristotelis|FMOD|XP_074971658.1
FMOD	XP_019505149.1	Hipposideros armiger	109386448		376	kept	representative	XP_019505149.1 FMOD [organism=Hipposideros armiger] [GeneID=109386448]	Hipposideros_armiger|FMOD|XP_019505149.1
FMOD	XP_024606707.1	Neophocaena asiaeorientalis asiaeorientalis	112403476		376	kept	representative	XP_024606707.1 FMOD [organism=Neophocaena asiaeorientalis asiaeorientalis] [GeneID=112403476]	Neophocaena_asiaeorientalis_asiaeorientalis|FMOD|XP_024606707.1
FMOD	XP_024606708.1	Neophocaena asiaeorientalis asiaeorientalis	112403476		376	excluded	extra_isoform_same_locus	XP_024606708.1 FMOD [organism=Neophocaena asiaeorientalis asiaeorientalis] [GeneID=112403476]	Neophocaena_asiaeorientalis_asiaeorientalis|FMOD|XP_024606708.1
FMOD	XP_013152348.1	Falco peregrinus	101914049		380	kept	representative	XP_013152348.1 FMOD [organism=Falco peregrinus] [GeneID=101914049]	Falco_peregrinus|FMOD|XP_013152348.1
FMOD	XP_055437656.1	Bubalus kerabau	129652747		376	kept	representative	XP_055437656.1 FMOD [organism=Bubalus kerabau] [GeneID=129652747]	Bubalus_kerabau|FMOD|XP_055437656.1
FMOD	XP_076797323.1	Arvicanthis niloticus	117716306		376	kept	representative	XP_076797323.1 Fmod [organism=Arvicanthis niloticus] [GeneID=117716306]	Arvicanthis_niloticus|FMOD|XP_076797323.1
FMOD	XP_080882111.1	Rhinolophus hipposideros	308487572		376	kept	representative	XP_080882111.1 FMOD [organism=Rhinolophus hipposideros] [GeneID=308487572]	Rhinolophus_hipposideros|FMOD|XP_080882111.1
FMOD	XP_086201907.1	Bos grunniens	147357158		376	kept	representative	XP_086201907.1 FMOD [organism=Bos grunniens] [GeneID=147357158]	Bos_grunniens|FMOD|XP_086201907.1
FMOD	XP_086201909.1	Bos grunniens	147357158		376	excluded	extra_isoform_same_locus	XP_086201909.1 FMOD [organism=Bos grunniens] [GeneID=147357158]	Bos_grunniens|FMOD|XP_086201909.1
FMOD	XP_035417502.1	Cygnus atratus	118255430		380	kept	representative	XP_035417502.1 FMOD [organism=Cygnus atratus] [GeneID=118255430]	Cygnus_atratus|FMOD|XP_035417502.1
FMOD	XP_057584727.1	Hippopotamus amphibius kiboko	130849666		376	kept	representative	XP_057584727.1 FMOD [organism=Hippopotamus amphibius kiboko] [GeneID=130849666]	Hippopotamus_amphibius_kiboko|FMOD|XP_057584727.1
FMOD	XP_052554111.1	Tympanuchus pallidicinctus	128088046		380	kept	representative	XP_052554111.1 FMOD [organism=Tympanuchus pallidicinctus] [GeneID=128088046]	Tympanuchus_pallidicinctus|FMOD|XP_052554111.1
FMOD	XP_070252866.1	Myotis yumanensis	138995947		377	kept	representative	XP_070252866.1 FMOD [organism=Myotis yumanensis] [GeneID=138995947]	Myotis_yumanensis|FMOD|XP_070252866.1
FMOD	XP_032865539.2	Tyto alba	104355934		380	kept	representative	XP_032865539.2 FMOD [organism=Tyto alba] [GeneID=104355934]	Tyto_alba|FMOD|XP_032865539.2
FMOD	XP_016070317.1	Miniopterus natalensis	107538543		376	kept	representative	XP_016070317.1 FMOD [organism=Miniopterus natalensis] [GeneID=107538543]	Miniopterus_natalensis|FMOD|XP_016070317.1
FMOD	XP_016070323.1	Miniopterus natalensis	107538543		376	excluded	extra_isoform_same_locus	XP_016070323.1 FMOD [organism=Miniopterus natalensis] [GeneID=107538543]	Miniopterus_natalensis|FMOD|XP_016070323.1
FMOD	XP_047561528.1	Lutra lutra	125086324		376	kept	representative	XP_047561528.1 FMOD [organism=Lutra lutra] [GeneID=125086324]	Lutra_lutra|FMOD|XP_047561528.1
FMOD	XP_053819784.1	Vidua chalybeata	128799416		382	kept	representative	XP_053819784.1 FMOD [organism=Vidua chalybeata] [GeneID=128799416]	Vidua_chalybeata|FMOD|XP_053819784.1
FMOD	XP_054418927.1	Pteronotus mesoamericanus	129062170		376	kept	representative	XP_054418927.1 FMOD [organism=Pteronotus mesoamericanus] [GeneID=129062170]	Pteronotus_mesoamericanus|FMOD|XP_054418927.1
FMOD	XP_074078514.1	Macrotis lagotis	141513001		374	kept	representative	XP_074078514.1 FMOD [organism=Macrotis lagotis] [GeneID=141513001]	Macrotis_lagotis|FMOD|XP_074078514.1
FMOD	XP_074078515.1	Macrotis lagotis	141513001		374	excluded	extra_isoform_same_locus	XP_074078515.1 FMOD [organism=Macrotis lagotis] [GeneID=141513001]	Macrotis_lagotis|FMOD|XP_074078515.1
FMOD	XP_074078516.1	Macrotis lagotis	141513001		374	excluded	extra_isoform_same_locus	XP_074078516.1 FMOD [organism=Macrotis lagotis] [GeneID=141513001]	Macrotis_lagotis|FMOD|XP_074078516.1
FMOD	XP_082350629.1	Vanellus vanellus	309680779		380	kept	representative	XP_082350629.1 FMOD [organism=Vanellus vanellus] [GeneID=309680779]	Vanellus_vanellus|FMOD|XP_082350629.1
FMOD	XP_006942940.1	Felis catus	101101027		376	kept	representative	XP_006942940.1 FMOD [organism=Felis catus] [GeneID=101101027]	Felis_catus|FMOD|XP_006942940.1
FMOD	XP_032936163.1	Catharus ustulatus	117007263		382	kept	representative	XP_032936163.1 FMOD [organism=Catharus ustulatus] [GeneID=117007263]	Catharus_ustulatus|FMOD|XP_032936163.1
FMOD	XP_010982045.1	Camelus dromedarius	105092094		376	kept	representative	XP_010982045.1 FMOD [organism=Camelus dromedarius] [GeneID=105092094]	Camelus_dromedarius|FMOD|XP_010982045.1
FMOD	XP_030882078.1	Leptonychotes weddellii	102737058		376	kept	representative	XP_030882078.1 FMOD [organism=Leptonychotes weddellii] [GeneID=102737058]	Leptonychotes_weddellii|FMOD|XP_030882078.1
FMOD	XP_032059109.1	Aythya fuligula	116498800		380	kept	representative	XP_032059109.1 FMOD [organism=Aythya fuligula] [GeneID=116498800]	Aythya_fuligula|FMOD|XP_032059109.1
FMOD	XP_067585472.1	Pseudorca crassidens	137219973		377	kept	representative	XP_067585472.1 FMOD [organism=Pseudorca crassidens] [GeneID=137219973]	Pseudorca_crassidens|FMOD|XP_067585472.1
FMOD	XP_020040090.1	Castor canadensis	109699667		377	kept	representative	XP_020040090.1 Fmod [organism=Castor canadensis] [GeneID=109699667]	Castor_canadensis|FMOD|XP_020040090.1
FMOD	XP_030158970.1	Lynx canadensis	115505464		376	kept	representative	XP_030158970.1 FMOD [organism=Lynx canadensis] [GeneID=115505464]	Lynx_canadensis|FMOD|XP_030158970.1
FMOD	XP_074833709.1	Carettochelys insculpta	142001940		369	kept	representative	XP_074833709.1 FMOD [organism=Carettochelys insculpta] [GeneID=142001940]	Carettochelys_insculpta|FMOD|XP_074833709.1
FMOD	XP_010944723.1	Camelus bactrianus	105062216		376	kept	representative	XP_010944723.1 FMOD [organism=Camelus bactrianus] [GeneID=105062216]	Camelus_bactrianus|FMOD|XP_010944723.1
FMOD	XP_047376842.1	Sciurus carolinensis	124961842		376	kept	representative	XP_047376842.1 Fmod [organism=Sciurus carolinensis] [GeneID=124961842]	Sciurus_carolinensis|FMOD|XP_047376842.1
FMOD	XP_047376843.1	Sciurus carolinensis	124961842		376	excluded	extra_isoform_same_locus	XP_047376843.1 Fmod [organism=Sciurus carolinensis] [GeneID=124961842]	Sciurus_carolinensis|FMOD|XP_047376843.1
FMOD	XP_081255316.1	Grus grus	308709611		380	kept	representative	XP_081255316.1 FMOD [organism=Grus grus] [GeneID=308709611]	Grus_grus|FMOD|XP_081255316.1
FMOD	XP_083028976.1	Crinia signifera	146060051		361	kept	representative	XP_083028976.1 FMOD [organism=Crinia signifera] [GeneID=146060051]	Crinia_signifera|FMOD|XP_083028976.1
FMOD	XP_084158102.1	Netta rufina	311219025		380	kept	representative	XP_084158102.1 FMOD [organism=Netta rufina] [GeneID=311219025]	Netta_rufina|FMOD|XP_084158102.1
FMOD	XP_009560355.1	Cuculus canorus	104060289		380	kept	representative	XP_009560355.1 FMOD [organism=Cuculus canorus] [GeneID=104060289]	Cuculus_canorus|FMOD|XP_009560355.1
FMOD	XP_066456398.1	Eleutherodactylus coqui	136625801		357	kept	representative	XP_066456398.1 FMOD [organism=Eleutherodactylus coqui] [GeneID=136625801]	Eleutherodactylus_coqui|FMOD|XP_066456398.1
FMOD	XP_083301707.1	Podarcis tiliguerta	310679818	1	388	excluded	extra_isoform_same_locus	XP_083301707.1 FMOD [organism=Podarcis tiliguerta] [GeneID=310679818] [isoform=1]	Podarcis_tiliguerta|FMOD|XP_083301707.1
FMOD	XP_083301708.1	Podarcis tiliguerta	310679818	2	379	kept	representative	XP_083301708.1 FMOD [organism=Podarcis tiliguerta] [GeneID=310679818] [isoform=2]	Podarcis_tiliguerta|FMOD|XP_083301708.1
FMOD	XP_083301709.1	Podarcis tiliguerta	310679818	2	379	excluded	extra_isoform_same_locus	XP_083301709.1 FMOD [organism=Podarcis tiliguerta] [GeneID=310679818] [isoform=2]	Podarcis_tiliguerta|FMOD|XP_083301709.1
FMOD	XP_026938473.1	Aethalodelphis obliquidens	113607405		377	kept	representative	XP_026938473.1 FMOD [organism=Aethalodelphis obliquidens] [GeneID=113607405]	Aethalodelphis_obliquidens|FMOD|XP_026938473.1
FMOD	XP_026252993.1	Urocitellus parryii	113188745		378	kept	representative	XP_026252993.1 Fmod [organism=Urocitellus parryii] [GeneID=113188745]	Urocitellus_parryii|FMOD|XP_026252993.1
FMOD	XP_084076791.1	Fringilla coelebs	311162362		382	kept	representative	XP_084076791.1 FMOD [organism=Fringilla coelebs] [GeneID=311162362]	Fringilla_coelebs|FMOD|XP_084076791.1
FMOD	XP_032073188.1	Thamnophis elegans	116508659		378	kept	representative	XP_032073188.1 FMOD [organism=Thamnophis elegans] [GeneID=116508659]	Thamnophis_elegans|FMOD|XP_032073188.1
FMOD	XP_066421409.1	Molothrus aeneus	136566242		382	kept	representative	XP_066421409.1 FMOD [organism=Molothrus aeneus] [GeneID=136566242]	Molothrus_aeneus|FMOD|XP_066421409.1
FMOD	XP_074781499.1	Athene noctua	141969515		380	kept	representative	XP_074781499.1 FMOD [organism=Athene noctua] [GeneID=141969515]	Athene_noctua|FMOD|XP_074781499.1
FMOD	XP_074781500.1	Athene noctua	141969515		380	excluded	extra_isoform_same_locus	XP_074781500.1 FMOD [organism=Athene noctua] [GeneID=141969515]	Athene_noctua|FMOD|XP_074781500.1
FMOD	XP_045697574.1	Phyllostomus hastatus	123820690		376	kept	representative	XP_045697574.1 FMOD [organism=Phyllostomus hastatus] [GeneID=123820690]	Phyllostomus_hastatus|FMOD|XP_045697574.1
FMOD	XP_068275430.1	Nyctibius grandis	137674148		380	kept	representative	XP_068275430.1 FMOD [organism=Nyctibius grandis] [GeneID=137674148]	Nyctibius_grandis|FMOD|XP_068275430.1
FMOD	XP_081945489.1	Larus argentatus	309457393		380	kept	representative	XP_081945489.1 FMOD [organism=Larus argentatus] [GeneID=309457393]	Larus_argentatus|FMOD|XP_081945489.1
FMOD	XP_044123579.1	Neogale vison	122918813		376	kept	representative	XP_044123579.1 FMOD [organism=Neogale vison] [GeneID=122918813]	Neogale_vison|FMOD|XP_044123579.1
FMOD	XP_080680558.1	Martes martes	308355869		376	kept	representative	XP_080680558.1 FMOD [organism=Martes martes] [GeneID=308355869]	Martes_martes|FMOD|XP_080680558.1
FMOD	XP_032771356.1	Rattus rattus	116911483		376	kept	representative	XP_032771356.1 Fmod [organism=Rattus rattus] [GeneID=116911483]	Rattus_rattus|FMOD|XP_032771356.1
FMOD	XP_040392029.1	Cygnus olor	121059342		380	kept	representative	XP_040392029.1 FMOD [organism=Cygnus olor] [GeneID=121059342]	Cygnus_olor|FMOD|XP_040392029.1
FMOD	XP_043423470.1	Prionailurus bengalensis	122475597		376	kept	representative	XP_043423470.1 FMOD [organism=Prionailurus bengalensis] [GeneID=122475597]	Prionailurus_bengalensis|FMOD|XP_043423470.1
FMOD	XP_047697314.1	Prionailurus viverrinus	125155757		376	kept	representative	XP_047697314.1 FMOD [organism=Prionailurus viverrinus] [GeneID=125155757]	Prionailurus_viverrinus|FMOD|XP_047697314.1
FMOD	XP_054660164.1	Grus americana	129196541		380	kept	representative	XP_054660164.1 FMOD [organism=Grus americana] [GeneID=129196541]	Grus_americana|FMOD|XP_054660164.1
FMOD	XP_080223880.1	Falco punctatus	308054626	1	397	excluded	extra_isoform_same_locus	XP_080223880.1 FMOD [organism=Falco punctatus] [GeneID=308054626] [isoform=1]	Falco_punctatus|FMOD|XP_080223880.1
FMOD	XP_080223881.1	Falco punctatus	308054626	2	380	kept	representative	XP_080223881.1 FMOD [organism=Falco punctatus] [GeneID=308054626] [isoform=2]	Falco_punctatus|FMOD|XP_080223881.1
FMOD	XP_040472967.1	Falco naumanni	121098738		380	kept	representative	XP_040472967.1 FMOD [organism=Falco naumanni] [GeneID=121098738]	Falco_naumanni|FMOD|XP_040472967.1
FMOD	XP_083734797.1	Zosterops lateralis	310919353		385	kept	representative	XP_083734797.1 FMOD [organism=Zosterops lateralis] [GeneID=310919353]	Zosterops_lateralis|FMOD|XP_083734797.1
FMOD	XP_032734211.1	Lontra canadensis	116879824		376	kept	representative	XP_032734211.1 FMOD [organism=Lontra canadensis] [GeneID=116879824]	Lontra_canadensis|FMOD|XP_032734211.1
FMOD	XP_009676767.1	Struthio camelus	104146451		380	kept	representative	XP_009676767.1 FMOD [organism=Struthio camelus] [GeneID=104146451]	Struthio_camelus|FMOD|XP_009676767.1
FMOD	XP_009676768.1	Struthio camelus	104146451		380	excluded	extra_isoform_same_locus	XP_009676768.1 FMOD [organism=Struthio camelus] [GeneID=104146451]	Struthio_camelus|FMOD|XP_009676768.1
FMOD	XP_046539659.1	Equus quagga	124251162		376	kept	representative	XP_046539659.1 FMOD [organism=Equus quagga] [GeneID=124251162]	Equus_quagga|FMOD|XP_046539659.1
FMOD	XP_046539660.1	Equus quagga	124251162		376	excluded	extra_isoform_same_locus	XP_046539660.1 FMOD [organism=Equus quagga] [GeneID=124251162]	Equus_quagga|FMOD|XP_046539660.1
FMOD	XP_075052138.1	Mixophyes fleayi	142138925		366	kept	representative	XP_075052138.1 FMOD [organism=Mixophyes fleayi] [GeneID=142138925]	Mixophyes_fleayi|FMOD|XP_075052138.1
FMOD	XP_075052139.1	Mixophyes fleayi	142138925		366	excluded	extra_isoform_same_locus	XP_075052139.1 FMOD [organism=Mixophyes fleayi] [GeneID=142138925]	Mixophyes_fleayi|FMOD|XP_075052139.1
FMOD	XP_010402669.2	Corvus cornix cornix	104692365		382	kept	representative	XP_010402669.2 FMOD [organism=Corvus cornix cornix] [GeneID=104692365]	Corvus_cornix_cornix|FMOD|XP_010402669.2
FMOD	XP_084704457.1	Heloderma suspectum	146348465		379	kept	representative	XP_084704457.1 FMOD [organism=Heloderma suspectum] [GeneID=146348465]	Heloderma_suspectum|FMOD|XP_084704457.1
FMOD	XP_008683363.1	Ursus maritimus	103657735		376	kept	representative	XP_008683363.1 FMOD [organism=Ursus maritimus] [GeneID=103657735]	Ursus_maritimus|FMOD|XP_008683363.1
FMOD	XP_076687744.1	Callospermophilus lateralis	143379198		378	kept	representative	XP_076687744.1 Fmod [organism=Callospermophilus lateralis] [GeneID=143379198]	Callospermophilus_lateralis|FMOD|XP_076687744.1
FMOD	XP_080820300.1	Bucephala clangula	308452564		380	kept	representative	XP_080820300.1 FMOD [organism=Bucephala clangula] [GeneID=308452564]	Bucephala_clangula|FMOD|XP_080820300.1
FMOD	XP_048286745.1	Myodes glareolus	125398171		376	kept	representative	XP_048286745.1 Fmod [organism=Myodes glareolus] [GeneID=125398171]	Myodes_glareolus|FMOD|XP_048286745.1
FMOD	XP_010203965.2	Colius striatus	104560339		380	kept	representative	XP_010203965.2 FMOD [organism=Colius striatus] [GeneID=104560339]	Colius_striatus|FMOD|XP_010203965.2
FMOD	XP_019287750.1	Panthera pardus	109256674		376	kept	representative	XP_019287750.1 FMOD [organism=Panthera pardus] [GeneID=109256674]	Panthera_pardus|FMOD|XP_019287750.1
FMOD	XP_032641618.1	Chelonoidis abingdonii	116827884		379	kept	representative	XP_032641618.1 FMOD [organism=Chelonoidis abingdonii] [GeneID=116827884]	Chelonoidis_abingdonii|FMOD|XP_032641618.1
FMOD	XP_044307273.1	Varanus komodoensis	123034171		379	kept	representative	XP_044307273.1 FMOD [organism=Varanus komodoensis] [GeneID=123034171]	Varanus_komodoensis|FMOD|XP_044307273.1
FMOD	XP_050182924.1	Myiozetetes cayanensis	126645995		380	kept	representative	XP_050182924.1 FMOD [organism=Myiozetetes cayanensis] [GeneID=126645995]	Myiozetetes_cayanensis|FMOD|XP_050182924.1
FMOD	XP_055190309.1	Nyctereutes procyonoides	129515413		376	kept	representative	XP_055190309.1 FMOD [organism=Nyctereutes procyonoides] [GeneID=129515413]	Nyctereutes_procyonoides|FMOD|XP_055190309.1
FMOD	XP_080866250.1	Podarcis pityusensis	308479424	1	388	excluded	extra_isoform_same_locus	XP_080866250.1 FMOD [organism=Podarcis pityusensis] [GeneID=308479424] [isoform=1]	Podarcis_pityusensis|FMOD|XP_080866250.1
FMOD	XP_080866251.1	Podarcis pityusensis	308479424	2	379	kept	representative	XP_080866251.1 FMOD [organism=Podarcis pityusensis] [GeneID=308479424] [isoform=2]	Podarcis_pityusensis|FMOD|XP_080866251.1
FMOD	XP_080866252.1	Podarcis pityusensis	308479424	2	379	excluded	extra_isoform_same_locus	XP_080866252.1 FMOD [organism=Podarcis pityusensis] [GeneID=308479424] [isoform=2]	Podarcis_pityusensis|FMOD|XP_080866252.1
FMOD	XP_014809102.1	Calidris pugnax	106894755		381	kept	representative	XP_014809102.1 FMOD [organism=Calidris pugnax] [GeneID=106894755]	Calidris_pugnax|FMOD|XP_014809102.1
FMOD	XP_010190242.1	Mesitornis unicolor	104546526		380	kept	representative	XP_010190242.1 FMOD [organism=Mesitornis unicolor] [GeneID=104546526]	Mesitornis_unicolor|FMOD|XP_010190242.1
FMOD	XP_015995182.1	Rousettus aegyptiacus	107508134		376	kept	representative	XP_015995182.1 FMOD [organism=Rousettus aegyptiacus] [GeneID=107508134]	Rousettus_aegyptiacus|FMOD|XP_015995182.1
FMOD	XP_068026896.1	Melanerpes formicivorus	137460452		380	kept	representative	XP_068026896.1 FMOD [organism=Melanerpes formicivorus] [GeneID=137460452]	Melanerpes_formicivorus|FMOD|XP_068026896.1
FMOD	XP_025933080.1	Apteryx rowi	112971676		380	kept	representative	XP_025933080.1 FMOD [organism=Apteryx rowi] [GeneID=112971676]	Apteryx_rowi|FMOD|XP_025933080.1
FMOD	XP_004425211.1	Ceratotherium simum simum	101407233		376	kept	representative	XP_004425211.1 LOC101407233 [organism=Ceratotherium simum simum] [GeneID=101407233]	Ceratotherium_simum_simum|FMOD|XP_004425211.1
FMOD	XP_045312369.1	Leopardus geoffroyi	123586854		376	kept	representative	XP_045312369.1 FMOD [organism=Leopardus geoffroyi] [GeneID=123586854]	Leopardus_geoffroyi|FMOD|XP_045312369.1
