human|BGN|XP_016885213.1	ref|NW_024704746.1|	30.420	286	192	4	81	363	33404519	33403674	2.00e-27	118	368	77	Callorhinchus milii isolate IMCB2004 unplaced genomic scaffold, IMCB_Cmil_1.0 Scaffold5, whole genome shotgun sequence
human|BGN|XP_016885213.1	ref|NW_024704746.1|	36.194	268	155	9	52	312	33334125	33333349	4.23e-27	117	368	71	Callorhinchus milii isolate IMCB2004 unplaced genomic scaffold, IMCB_Cmil_1.0 Scaffold5, whole genome shotgun sequence
human|BGN|XP_016885213.1	ref|NW_024704746.1|	72.308	65	18	0	303	367	33363605	33363411	4.65e-24	108	368	18	Callorhinchus milii isolate IMCB2004 unplaced genomic scaffold, IMCB_Cmil_1.0 Scaffold5, whole genome shotgun sequence
human|BGN|XP_016885213.1	ref|NW_024704746.1|	31.128	257	171	4	72	324	33404756	33403992	2.25e-22	103	368	69	Callorhinchus milii isolate IMCB2004 unplaced genomic scaffold, IMCB_Cmil_1.0 Scaffold5, whole genome shotgun sequence
human|BGN|XP_016885213.1	ref|NW_024704746.1|	32.061	262	167	6	58	312	33309924	33309151	1.17e-21	101	368	69	Callorhinchus milii isolate IMCB2004 unplaced genomic scaffold, IMCB_Cmil_1.0 Scaffold5, whole genome shotgun sequence
human|BGN|XP_016885213.1	ref|NW_024704746.1|	66.154	65	22	0	118	182	33368914	33368720	2.27e-15	82.4	368	18	Callorhinchus milii isolate IMCB2004 unplaced genomic scaffold, IMCB_Cmil_1.0 Scaffold5, whole genome shotgun sequence
human|BGN|XP_016885213.1	ref|NW_024704746.1|	28.016	257	151	6	63	287	68563291	68562527	5.23e-15	81.3	368	61	Callorhinchus milii isolate IMCB2004 unplaced genomic scaffold, IMCB_Cmil_1.0 Scaffold5, whole genome shotgun sequence
human|BGN|XP_016885213.1	ref|NW_024704746.1|	59.184	49	20	0	256	304	33364472	33364326	4.01e-10	66.2	368	13	Callorhinchus milii isolate IMCB2004 unplaced genomic scaffold, IMCB_Cmil_1.0 Scaffold5, whole genome shotgun sequence
human|BGN|XP_016885213.1	ref|NW_024704746.1|	29.947	187	123	5	139	320	68563264	68562713	1.79e-09	64.3	368	49	Callorhinchus milii isolate IMCB2004 unplaced genomic scaffold, IMCB_Cmil_1.0 Scaffold5, whole genome shotgun sequence
human|BGN|XP_016885213.1	ref|NW_024704746.1|	29.452	146	97	2	63	202	46999410	46998973	7.70e-09	62.4	368	38	Callorhinchus milii isolate IMCB2004 unplaced genomic scaffold, IMCB_Cmil_1.0 Scaffold5, whole genome shotgun sequence
human|BGN|XP_016885213.1	ref|NW_024704746.1|	29.070	258	135	9	74	286	9530410	9529646	1.93e-08	60.8	368	58	Callorhinchus milii isolate IMCB2004 unplaced genomic scaffold, IMCB_Cmil_1.0 Scaffold5, whole genome shotgun sequence
human|BGN|XP_016885213.1	ref|NW_024704746.1|	31.618	136	89	2	62	193	35493134	35493541	1.14e-07	58.5	368	36	Callorhinchus milii isolate IMCB2004 unplaced genomic scaffold, IMCB_Cmil_1.0 Scaffold5, whole genome shotgun sequence
human|BGN|XP_016885213.1	ref|NW_024704746.1|	31.288	163	105	4	81	243	33333810	33333343	2.71e-07	57.4	368	44	Callorhinchus milii isolate IMCB2004 unplaced genomic scaffold, IMCB_Cmil_1.0 Scaffold5, whole genome shotgun sequence
human|BGN|XP_016885213.1	ref|NW_024704746.1|	35.652	115	70	3	209	321	2755182	2755520	4.39e-07	56.6	368	31	Callorhinchus milii isolate IMCB2004 unplaced genomic scaffold, IMCB_Cmil_1.0 Scaffold5, whole genome shotgun sequence
human|BGN|XP_016885213.1	ref|NW_024704746.1|	45.946	74	26	2	7	80	33377364	33377185	1.27e-06	55.1	368	20	Callorhinchus milii isolate IMCB2004 unplaced genomic scaffold, IMCB_Cmil_1.0 Scaffold5, whole genome shotgun sequence
human|BGN|XP_016885213.1	ref|NW_024704746.1|	23.636	220	115	4	2	193	10997918	10998502	1.93e-06	54.7	368	52	Callorhinchus milii isolate IMCB2004 unplaced genomic scaffold, IMCB_Cmil_1.0 Scaffold5, whole genome shotgun sequence
human|BGN|XP_016885213.1	ref|NW_024704760.1|	34.686	271	162	8	63	325	2139951	2140742	1.05e-25	113	368	71	Callorhinchus milii isolate IMCB2004 unplaced genomic scaffold, IMCB_Cmil_1.0 Scaffold19, whole genome shotgun sequence
human|BGN|XP_016885213.1	ref|NW_024704760.1|	33.591	259	154	8	63	312	2096190	2095441	9.16e-24	107	368	68	Callorhinchus milii isolate IMCB2004 unplaced genomic scaffold, IMCB_Cmil_1.0 Scaffold19, whole genome shotgun sequence
human|BGN|XP_016885213.1	ref|NW_024704760.1|	30.612	196	131	2	6	196	2126283	2126870	3.65e-12	72.4	368	52	Callorhinchus milii isolate IMCB2004 unplaced genomic scaffold, IMCB_Cmil_1.0 Scaffold19, whole genome shotgun sequence
human|BGN|XP_016885213.1	ref|NW_024704760.1|	45.122	82	41	1	108	185	2107355	2107110	2.54e-11	70.1	368	21	Callorhinchus milii isolate IMCB2004 unplaced genomic scaffold, IMCB_Cmil_1.0 Scaffold19, whole genome shotgun sequence
human|BGN|XP_016885213.1	ref|NW_024704760.1|	41.176	85	44	1	278	362	2104635	2104399	1.49e-10	67.4	368	23	Callorhinchus milii isolate IMCB2004 unplaced genomic scaffold, IMCB_Cmil_1.0 Scaffold19, whole genome shotgun sequence
human|BGN|XP_016885213.1	ref|NW_024704760.1|	28.058	139	99	1	136	273	2126475	2126891	8.60e-08	58.9	368	38	Callorhinchus milii isolate IMCB2004 unplaced genomic scaffold, IMCB_Cmil_1.0 Scaffold19, whole genome shotgun sequence
human|BGN|XP_016885213.1	ref|NW_024704748.1|	29.352	293	167	5	42	298	16958599	16957733	6.46e-25	111	368	70	Callorhinchus milii isolate IMCB2004 unplaced genomic scaffold, IMCB_Cmil_1.0 Scaffold7, whole genome shotgun sequence
human|BGN|XP_016885213.1	ref|NW_024704778.1|	28.990	307	168	4	31	287	51007	50087	1.92e-24	109	368	70	Callorhinchus milii isolate IMCB2004 unplaced genomic scaffold, IMCB_Cmil_1.0 Scaffold37, whole genome shotgun sequence
human|BGN|XP_016885213.1	ref|NW_024704778.1|	30.233	172	93	3	50	194	50599	50084	3.60e-08	60.1	368	39	Callorhinchus milii isolate IMCB2004 unplaced genomic scaffold, IMCB_Cmil_1.0 Scaffold37, whole genome shotgun sequence
human|BGN|XP_016885213.1	ref|NW_024704750.1|	30.000	280	146	5	58	287	2049543	2050382	2.07e-23	106	368	63	Callorhinchus milii isolate IMCB2004 unplaced genomic scaffold, IMCB_Cmil_1.0 Scaffold9, whole genome shotgun sequence
human|BGN|XP_016885213.1	ref|NW_024704750.1|	25.630	238	131	4	60	293	14252188	14251601	2.31e-10	67.0	368	64	Callorhinchus milii isolate IMCB2004 unplaced genomic scaffold, IMCB_Cmil_1.0 Scaffold9, whole genome shotgun sequence
human|BGN|XP_016885213.1	ref|NW_024704753.1|	67.164	67	22	0	302	368	382498	382698	3.52e-23	105	368	18	Callorhinchus milii isolate IMCB2004 unplaced genomic scaffold, IMCB_Cmil_1.0 Scaffold12, whole genome shotgun sequence
human|BGN|XP_016885213.1	ref|NW_024704753.1|	28.626	262	176	7	60	315	393089	393859	1.00e-15	83.6	368	70	Callorhinchus milii isolate IMCB2004 unplaced genomic scaffold, IMCB_Cmil_1.0 Scaffold12, whole genome shotgun sequence
human|BGN|XP_016885213.1	ref|NW_024704753.1|	50.704	71	35	0	118	188	378877	379089	1.19e-13	77.0	368	19	Callorhinchus milii isolate IMCB2004 unplaced genomic scaffold, IMCB_Cmil_1.0 Scaffold12, whole genome shotgun sequence
human|BGN|XP_016885213.1	ref|NW_024704753.1|	62.000	50	19	0	255	304	382095	382244	8.61e-11	68.2	368	14	Callorhinchus milii isolate IMCB2004 unplaced genomic scaffold, IMCB_Cmil_1.0 Scaffold12, whole genome shotgun sequence
human|BGN|XP_016885213.1	ref|NW_024704753.1|	28.750	160	85	3	63	193	19420938	19420459	9.67e-11	68.2	368	36	Callorhinchus milii isolate IMCB2004 unplaced genomic scaffold, IMCB_Cmil_1.0 Scaffold12, whole genome shotgun sequence
human|BGN|XP_016885213.1	ref|NW_024704753.1|	26.316	247	133	9	94	294	13232340	13231609	2.86e-09	63.5	368	55	Callorhinchus milii isolate IMCB2004 unplaced genomic scaffold, IMCB_Cmil_1.0 Scaffold12, whole genome shotgun sequence
human|BGN|XP_016885213.1	ref|NW_024704753.1|	32.547	212	123	5	74	266	13233645	13233013	3.57e-09	63.2	368	52	Callorhinchus milii isolate IMCB2004 unplaced genomic scaffold, IMCB_Cmil_1.0 Scaffold12, whole genome shotgun sequence
human|BGN|XP_016885213.1	ref|NW_024704772.1|	30.686	277	143	6	62	310	2798379	2797612	1.47e-20	98.2	368	68	Callorhinchus milii isolate IMCB2004 unplaced genomic scaffold, IMCB_Cmil_1.0 Scaffold31, whole genome shotgun sequence
human|BGN|XP_016885213.1	ref|NW_024704772.1|	32.099	243	147	9	63	292	1848679	1847966	6.24e-17	87.0	368	63	Callorhinchus milii isolate IMCB2004 unplaced genomic scaffold, IMCB_Cmil_1.0 Scaffold31, whole genome shotgun sequence
human|BGN|XP_016885213.1	ref|NW_024704772.1|	27.922	154	85	4	53	204	1857366	1857755	4.59e-07	56.6	368	41	Callorhinchus milii isolate IMCB2004 unplaced genomic scaffold, IMCB_Cmil_1.0 Scaffold31, whole genome shotgun sequence
human|BGN|XP_016885213.1	ref|NW_024704772.1|	28.079	203	128	7	95	287	1849495	1848911	5.05e-07	56.6	368	52	Callorhinchus milii isolate IMCB2004 unplaced genomic scaffold, IMCB_Cmil_1.0 Scaffold31, whole genome shotgun sequence
human|BGN|XP_016885213.1	ref|NW_024704752.1|	29.091	275	183	6	59	323	3354956	3355774	1.86e-20	97.8	368	72	Callorhinchus milii isolate IMCB2004 unplaced genomic scaffold, IMCB_Cmil_1.0 Scaffold11, whole genome shotgun sequence
human|BGN|XP_016885213.1	ref|NW_024704752.1|	31.148	244	136	6	62	296	8470199	8470861	3.00e-19	94.4	368	64	Callorhinchus milii isolate IMCB2004 unplaced genomic scaffold, IMCB_Cmil_1.0 Scaffold11, whole genome shotgun sequence
human|BGN|XP_016885213.1	ref|NW_024704752.1|	29.680	219	144	5	110	320	3349702	3350352	5.28e-11	68.9	368	57	Callorhinchus milii isolate IMCB2004 unplaced genomic scaffold, IMCB_Cmil_1.0 Scaffold11, whole genome shotgun sequence
human|BGN|XP_016885213.1	ref|NW_024704752.1|	37.500	104	62	1	97	197	3350239	3350550	1.84e-09	64.3	368	27	Callorhinchus milii isolate IMCB2004 unplaced genomic scaffold, IMCB_Cmil_1.0 Scaffold11, whole genome shotgun sequence
human|BGN|XP_016885213.1	ref|NW_024704752.1|	26.829	205	125	3	95	296	3355574	3356122	1.98e-09	63.9	368	55	Callorhinchus milii isolate IMCB2004 unplaced genomic scaffold, IMCB_Cmil_1.0 Scaffold11, whole genome shotgun sequence
human|BGN|XP_016885213.1	ref|NW_024704752.1|	29.596	223	129	6	93	310	3350011	3350610	4.11e-09	63.2	368	59	Callorhinchus milii isolate IMCB2004 unplaced genomic scaffold, IMCB_Cmil_1.0 Scaffold11, whole genome shotgun sequence
human|BGN|XP_016885213.1	ref|NW_024704752.1|	42.466	73	42	0	219	291	13145423	13145641	8.83e-08	58.9	368	20	Callorhinchus milii isolate IMCB2004 unplaced genomic scaffold, IMCB_Cmil_1.0 Scaffold11, whole genome shotgun sequence
human|BGN|XP_016885213.1	ref|NW_024704752.1|	30.476	105	70	1	93	194	3350299	3350613	4.19e-06	53.5	368	28	Callorhinchus milii isolate IMCB2004 unplaced genomic scaffold, IMCB_Cmil_1.0 Scaffold11, whole genome shotgun sequence
human|BGN|XP_016885213.1	ref|NW_024704769.1|	27.302	315	182	8	30	310	2665676	2664771	2.08e-20	97.8	368	76	Callorhinchus milii isolate IMCB2004 unplaced genomic scaffold, IMCB_Cmil_1.0 Scaffold28, whole genome shotgun sequence
human|BGN|XP_016885213.1	ref|NW_024704747.1|	29.252	294	171	7	62	320	26181833	26180958	3.21e-20	97.1	368	70	Callorhinchus milii isolate IMCB2004 unplaced genomic scaffold, IMCB_Cmil_1.0 Scaffold6, whole genome shotgun sequence
human|BGN|XP_016885213.1	ref|NW_024704747.1|	26.267	217	104	5	61	223	12274398	12273754	1.28e-09	64.7	368	44	Callorhinchus milii isolate IMCB2004 unplaced genomic scaffold, IMCB_Cmil_1.0 Scaffold6, whole genome shotgun sequence
human|BGN|XP_016885213.1	ref|NW_024704747.1|	27.869	183	82	6	60	234	14890219	14890641	2.71e-06	54.3	368	48	Callorhinchus milii isolate IMCB2004 unplaced genomic scaffold, IMCB_Cmil_1.0 Scaffold6, whole genome shotgun sequence
human|BGN|XP_016885213.1	ref|NW_024704754.1|	29.368	269	176	5	57	315	7107093	7107887	4.19e-20	96.7	368	70	Callorhinchus milii isolate IMCB2004 unplaced genomic scaffold, IMCB_Cmil_1.0 Scaffold13, whole genome shotgun sequence
human|BGN|XP_016885213.1	ref|NW_024704754.1|	26.255	259	181	6	74	323	4346374	4347147	1.98e-09	63.9	368	68	Callorhinchus milii isolate IMCB2004 unplaced genomic scaffold, IMCB_Cmil_1.0 Scaffold13, whole genome shotgun sequence
human|BGN|XP_016885213.1	ref|NW_024704754.1|	30.159	252	152	9	71	304	4347097	4347834	1.55e-08	61.2	368	64	Callorhinchus milii isolate IMCB2004 unplaced genomic scaffold, IMCB_Cmil_1.0 Scaffold13, whole genome shotgun sequence
human|BGN|XP_016885213.1	ref|NW_024704754.1|	29.661	236	130	8	94	315	4347601	4348242	9.14e-08	58.9	368	60	Callorhinchus milii isolate IMCB2004 unplaced genomic scaffold, IMCB_Cmil_1.0 Scaffold13, whole genome shotgun sequence
human|BGN|XP_016885213.1	ref|NW_024704754.1|	27.491	291	161	10	94	339	4347388	4348245	3.94e-06	53.5	368	67	Callorhinchus milii isolate IMCB2004 unplaced genomic scaffold, IMCB_Cmil_1.0 Scaffold13, whole genome shotgun sequence
human|BGN|XP_016885213.1	ref|NW_024704744.1|	28.852	305	161	8	63	341	79694990	79695814	6.89e-20	96.3	368	76	Callorhinchus milii isolate IMCB2004 unplaced genomic scaffold, IMCB_Cmil_1.0 Scaffold3, whole genome shotgun sequence
human|BGN|XP_016885213.1	ref|NW_024704744.1|	27.007	274	157	4	65	295	34595852	34595031	2.83e-11	69.7	368	63	Callorhinchus milii isolate IMCB2004 unplaced genomic scaffold, IMCB_Cmil_1.0 Scaffold3, whole genome shotgun sequence
human|BGN|XP_016885213.1	ref|NW_024704744.1|	31.481	162	105	4	50	208	79695302	79695778	9.73e-10	65.1	368	43	Callorhinchus milii isolate IMCB2004 unplaced genomic scaffold, IMCB_Cmil_1.0 Scaffold3, whole genome shotgun sequence
human|BGN|XP_016885213.1	ref|NW_024704743.1|	29.755	326	190	8	60	352	47305504	47306463	4.14e-19	94.0	368	80	Callorhinchus milii isolate IMCB2004 unplaced genomic scaffold, IMCB_Cmil_1.0 Scaffold2, whole genome shotgun sequence
human|BGN|XP_016885213.1	ref|NW_024704743.1|	27.170	265	156	8	56	312	95298114	95298821	3.15e-13	75.9	368	70	Callorhinchus milii isolate IMCB2004 unplaced genomic scaffold, IMCB_Cmil_1.0 Scaffold2, whole genome shotgun sequence
human|BGN|XP_016885213.1	ref|NW_024704743.1|	33.071	127	62	3	60	183	45400551	45400871	3.86e-08	60.1	368	34	Callorhinchus milii isolate IMCB2004 unplaced genomic scaffold, IMCB_Cmil_1.0 Scaffold2, whole genome shotgun sequence
human|BGN|XP_016885213.1	ref|NW_024704775.1|	26.449	276	167	6	55	298	191157	191972	5.02e-19	93.6	368	66	Callorhinchus milii isolate IMCB2004 unplaced genomic scaffold, IMCB_Cmil_1.0 Scaffold34, whole genome shotgun sequence
human|BGN|XP_016885213.1	ref|NW_024704745.1|	30.657	274	148	7	74	305	17743762	17744583	9.90e-19	92.8	368	63	Callorhinchus milii isolate IMCB2004 unplaced genomic scaffold, IMCB_Cmil_1.0 Scaffold4, whole genome shotgun sequence
human|BGN|XP_016885213.1	ref|NW_024704745.1|	32.117	274	144	6	73	304	17719760	17720581	1.00e-17	89.7	368	63	Callorhinchus milii isolate IMCB2004 unplaced genomic scaffold, IMCB_Cmil_1.0 Scaffold4, whole genome shotgun sequence
human|BGN|XP_016885213.1	ref|NW_024704745.1|	31.000	200	115	4	142	320	17743759	17744352	1.32e-14	80.1	368	49	Callorhinchus milii isolate IMCB2004 unplaced genomic scaffold, IMCB_Cmil_1.0 Scaffold4, whole genome shotgun sequence
human|BGN|XP_016885213.1	ref|NW_024704745.1|	31.925	213	114	9	81	263	17720033	17720668	1.50e-11	70.9	368	50	Callorhinchus milii isolate IMCB2004 unplaced genomic scaffold, IMCB_Cmil_1.0 Scaffold4, whole genome shotgun sequence
human|BGN|XP_016885213.1	ref|NW_024704745.1|	29.317	249	150	9	95	320	17721173	17721910	1.57e-08	61.2	368	61	Callorhinchus milii isolate IMCB2004 unplaced genomic scaffold, IMCB_Cmil_1.0 Scaffold4, whole genome shotgun sequence
human|BGN|XP_016885213.1	ref|NW_024704745.1|	27.386	241	130	8	81	306	17744032	17744664	2.38e-08	60.8	368	61	Callorhinchus milii isolate IMCB2004 unplaced genomic scaffold, IMCB_Cmil_1.0 Scaffold4, whole genome shotgun sequence
human|BGN|XP_016885213.1	ref|NW_024704745.1|	26.531	294	147	10	63	299	80762432	80761587	5.07e-08	59.7	368	64	Callorhinchus milii isolate IMCB2004 unplaced genomic scaffold, IMCB_Cmil_1.0 Scaffold4, whole genome shotgun sequence
human|BGN|XP_016885213.1	ref|NW_024704745.1|	26.705	176	112	5	62	224	36980296	36979781	2.81e-07	57.4	368	44	Callorhinchus milii isolate IMCB2004 unplaced genomic scaffold, IMCB_Cmil_1.0 Scaffold4, whole genome shotgun sequence
human|BGN|XP_016885213.1	ref|NW_024704742.1|	27.667	300	179	8	63	328	120912615	120911728	7.50e-18	90.1	368	72	Callorhinchus milii isolate IMCB2004 unplaced genomic scaffold, IMCB_Cmil_1.0 Scaffold1, whole genome shotgun sequence
human|BGN|XP_016885213.1	ref|NW_024704742.1|	25.180	278	180	5	68	323	56565167	56564352	1.10e-10	68.2	368	70	Callorhinchus milii isolate IMCB2004 unplaced genomic scaffold, IMCB_Cmil_1.0 Scaffold1, whole genome shotgun sequence
human|BGN|XP_016885213.1	ref|NW_024704742.1|	28.302	212	135	6	63	262	79614154	79614774	1.80e-10	67.4	368	54	Callorhinchus milii isolate IMCB2004 unplaced genomic scaffold, IMCB_Cmil_1.0 Scaffold1, whole genome shotgun sequence
human|BGN|XP_016885213.1	ref|NW_024704742.1|	28.571	161	97	4	71	213	56564495	56564013	4.26e-08	60.1	368	39	Callorhinchus milii isolate IMCB2004 unplaced genomic scaffold, IMCB_Cmil_1.0 Scaffold1, whole genome shotgun sequence
human|BGN|XP_016885213.1	ref|NW_024704742.1|	27.193	228	135	5	93	290	79614466	79615146	4.86e-08	59.7	368	54	Callorhinchus milii isolate IMCB2004 unplaced genomic scaffold, IMCB_Cmil_1.0 Scaffold1, whole genome shotgun sequence
human|BGN|XP_016885213.1	ref|NW_024704764.1|	31.282	195	123	5	62	247	7872596	7873174	2.06e-16	85.5	368	51	Callorhinchus milii isolate IMCB2004 unplaced genomic scaffold, IMCB_Cmil_1.0 Scaffold23, whole genome shotgun sequence
human|BGN|XP_016885213.1	ref|NW_024704764.1|	31.214	173	112	4	153	320	7872668	7873180	1.80e-12	73.6	368	46	Callorhinchus milii isolate IMCB2004 unplaced genomic scaffold, IMCB_Cmil_1.0 Scaffold23, whole genome shotgun sequence
human|BGN|XP_016885213.1	ref|NW_024704764.1|	30.714	140	70	4	60	194	2917151	2917504	6.63e-07	56.2	368	37	Callorhinchus milii isolate IMCB2004 unplaced genomic scaffold, IMCB_Cmil_1.0 Scaffold23, whole genome shotgun sequence
human|BGN|XP_016885213.1	ref|NW_024704770.1|	37.975	158	95	2	135	289	2964369	2964842	1.00e-15	83.6	368	42	Callorhinchus milii isolate IMCB2004 unplaced genomic scaffold, IMCB_Cmil_1.0 Scaffold29, whole genome shotgun sequence
human|BGN|XP_016885213.1	ref|NW_024704770.1|	30.846	201	133	3	71	265	2964375	2964977	5.41e-09	62.8	368	53	Callorhinchus milii isolate IMCB2004 unplaced genomic scaffold, IMCB_Cmil_1.0 Scaffold29, whole genome shotgun sequence
human|BGN|XP_016885213.1	ref|NW_024704758.1|	29.231	260	150	6	60	287	9714248	9713475	2.09e-15	82.4	368	62	Callorhinchus milii isolate IMCB2004 unplaced genomic scaffold, IMCB_Cmil_1.0 Scaffold17, whole genome shotgun sequence
human|BGN|XP_016885213.1	ref|NW_024704866.1|	34.177	158	102	2	132	287	116270	116743	3.07e-15	82.0	368	42	Callorhinchus milii isolate IMCB2004 unplaced genomic scaffold, IMCB_Cmil_1.0 Scaffold125, whole genome shotgun sequence
human|BGN|XP_016885213.1	ref|NW_024704866.1|	29.891	184	101	4	28	206	115800	116282	9.55e-13	62.0	368	49	Callorhinchus milii isolate IMCB2004 unplaced genomic scaffold, IMCB_Cmil_1.0 Scaffold125, whole genome shotgun sequence
human|BGN|XP_016885213.1	ref|NW_024704866.1|	29.487	156	75	8	213	341	116303	116746	9.55e-13	34.3	368	35	Callorhinchus milii isolate IMCB2004 unplaced genomic scaffold, IMCB_Cmil_1.0 Scaffold125, whole genome shotgun sequence
human|BGN|XP_016885213.1	ref|NW_024704761.1|	27.715	267	140	7	63	299	2191340	2192071	7.51e-15	80.9	368	64	Callorhinchus milii isolate IMCB2004 unplaced genomic scaffold, IMCB_Cmil_1.0 Scaffold20, whole genome shotgun sequence
human|BGN|XP_016885213.1	ref|NW_024704757.1|	28.755	233	140	4	95	323	2442207	2442839	2.12e-14	79.3	368	62	Callorhinchus milii isolate IMCB2004 unplaced genomic scaffold, IMCB_Cmil_1.0 Scaffold16, whole genome shotgun sequence
human|BGN|XP_016885213.1	ref|NW_024704757.1|	30.268	261	154	8	63	320	10852902	10853609	1.19e-12	73.9	368	70	Callorhinchus milii isolate IMCB2004 unplaced genomic scaffold, IMCB_Cmil_1.0 Scaffold16, whole genome shotgun sequence
human|BGN|XP_016885213.1	ref|NW_024704757.1|	25.632	277	165	6	86	323	2441799	2442623	2.53e-10	67.0	368	65	Callorhinchus milii isolate IMCB2004 unplaced genomic scaffold, IMCB_Cmil_1.0 Scaffold16, whole genome shotgun sequence
human|BGN|XP_016885213.1	ref|NW_024704757.1|	25.969	258	151	8	101	321	2442297	2443061	8.30e-08	58.9	368	60	Callorhinchus milii isolate IMCB2004 unplaced genomic scaffold, IMCB_Cmil_1.0 Scaffold16, whole genome shotgun sequence
human|BGN|XP_016885213.1	ref|NW_024704757.1|	29.534	193	120	6	86	264	2442447	2443019	1.66e-06	54.7	368	49	Callorhinchus milii isolate IMCB2004 unplaced genomic scaffold, IMCB_Cmil_1.0 Scaffold16, whole genome shotgun sequence
human|BGN|XP_016885213.1	ref|NW_024705955.1|	29.185	233	155	5	91	315	9652	8960	4.60e-14	78.6	368	61	Callorhinchus milii isolate IMCB2004 unplaced genomic scaffold, IMCB_Cmil_1.0 Scaffold1214, whole genome shotgun sequence
human|BGN|XP_016885213.1	ref|NW_024705955.1|	28.629	248	147	4	73	312	10438	9761	1.31e-13	77.0	368	65	Callorhinchus milii isolate IMCB2004 unplaced genomic scaffold, IMCB_Cmil_1.0 Scaffold1214, whole genome shotgun sequence
human|BGN|XP_016885213.1	ref|NW_024705955.1|	26.172	256	135	7	95	320	9424	8729	1.17e-09	64.7	368	61	Callorhinchus milii isolate IMCB2004 unplaced genomic scaffold, IMCB_Cmil_1.0 Scaffold1214, whole genome shotgun sequence
human|BGN|XP_016885213.1	ref|NW_024705955.1|	27.007	274	172	9	88	352	9853	9089	1.69e-08	61.2	368	72	Callorhinchus milii isolate IMCB2004 unplaced genomic scaffold, IMCB_Cmil_1.0 Scaffold1214, whole genome shotgun sequence
human|BGN|XP_016885213.1	ref|NW_024704751.1|	28.448	232	136	7	61	290	3056610	3057221	1.08e-12	74.3	368	63	Callorhinchus milii isolate IMCB2004 unplaced genomic scaffold, IMCB_Cmil_1.0 Scaffold10, whole genome shotgun sequence
human|BGN|XP_016885213.1	ref|NW_024704751.1|	28.462	260	151	9	60	310	2363902	2364603	1.59e-07	58.2	368	68	Callorhinchus milii isolate IMCB2004 unplaced genomic scaffold, IMCB_Cmil_1.0 Scaffold10, whole genome shotgun sequence
human|BGN|XP_016885213.1	ref|NW_024704782.1|	34.659	176	104	6	74	244	63557	63048	4.77e-12	72.4	368	46	Callorhinchus milii isolate IMCB2004 unplaced genomic scaffold, IMCB_Cmil_1.0 Scaffold41, whole genome shotgun sequence
human|BGN|XP_016885213.1	ref|NW_024704782.1|	33.673	196	117	7	74	263	64436	63870	7.07e-12	71.6	368	52	Callorhinchus milii isolate IMCB2004 unplaced genomic scaffold, IMCB_Cmil_1.0 Scaffold41, whole genome shotgun sequence
human|BGN|XP_016885213.1	ref|NW_024704782.1|	30.412	194	105	6	142	310	63560	62994	5.94e-06	53.1	368	46	Callorhinchus milii isolate IMCB2004 unplaced genomic scaffold, IMCB_Cmil_1.0 Scaffold41, whole genome shotgun sequence
human|BGN|XP_016885213.1	ref|NW_024704763.1|	31.878	229	129	7	63	279	5000775	5001416	3.60e-11	69.3	368	59	Callorhinchus milii isolate IMCB2004 unplaced genomic scaffold, IMCB_Cmil_1.0 Scaffold22, whole genome shotgun sequence
human|BGN|XP_016885213.1	ref|NW_024704768.1|	37.168	113	65	3	63	169	3616001	3616339	2.15e-10	67.0	368	29	Callorhinchus milii isolate IMCB2004 unplaced genomic scaffold, IMCB_Cmil_1.0 Scaffold27, whole genome shotgun sequence
human|BGN|XP_016885213.1	ref|NW_024704762.1|	27.451	255	149	5	70	290	6015552	6016310	1.89e-09	64.3	368	60	Callorhinchus milii isolate IMCB2004 unplaced genomic scaffold, IMCB_Cmil_1.0 Scaffold21, whole genome shotgun sequence
human|BGN|XP_016885213.1	ref|NW_024705481.1|	26.415	212	119	4	67	247	28166	28783	1.32e-08	61.6	368	49	Callorhinchus milii isolate IMCB2004 unplaced genomic scaffold, IMCB_Cmil_1.0 Scaffold740, whole genome shotgun sequence
human|BGN|XP_016885213.1	ref|NW_024704801.1|	28.671	143	98	1	63	201	68530	68958	1.51e-07	58.2	368	38	Callorhinchus milii isolate IMCB2004 unplaced genomic scaffold, IMCB_Cmil_1.0 Scaffold60, whole genome shotgun sequence
human|BGN|XP_016885213.1	ref|NW_024704767.1|	31.000	100	68	1	222	320	7326794	7326495	9.92e-07	55.5	368	27	Callorhinchus milii isolate IMCB2004 unplaced genomic scaffold, IMCB_Cmil_1.0 Scaffold26, whole genome shotgun sequence
human|BGN|XP_016885213.1	ref|NW_024704749.1|	34.615	156	90	5	93	239	16528069	16527611	2.59e-06	54.3	368	40	Callorhinchus milii isolate IMCB2004 unplaced genomic scaffold, IMCB_Cmil_1.0 Scaffold8, whole genome shotgun sequence
anolis_carolinensis|BGN|XP_062827322.1	ref|NW_024704746.1|	36.047	258	149	9	65	315	33334095	33333349	8.19e-25	110	371	68	Callorhinchus milii isolate IMCB2004 unplaced genomic scaffold, IMCB_Cmil_1.0 Scaffold5, whole genome shotgun sequence
anolis_carolinensis|BGN|XP_062827322.1	ref|NW_024704746.1|	32.271	251	164	4	75	321	33404756	33404010	2.72e-23	106	371	67	Callorhinchus milii isolate IMCB2004 unplaced genomic scaffold, IMCB_Cmil_1.0 Scaffold5, whole genome shotgun sequence
anolis_carolinensis|BGN|XP_062827322.1	ref|NW_024704746.1|	67.692	65	21	0	306	370	33363605	33363411	4.71e-22	102	371	18	Callorhinchus milii isolate IMCB2004 unplaced genomic scaffold, IMCB_Cmil_1.0 Scaffold5, whole genome shotgun sequence
anolis_carolinensis|BGN|XP_062827322.1	ref|NW_024704746.1|	31.128	257	166	7	66	313	68563291	68562527	2.05e-20	97.8	371	67	Callorhinchus milii isolate IMCB2004 unplaced genomic scaffold, IMCB_Cmil_1.0 Scaffold5, whole genome shotgun sequence
anolis_carolinensis|BGN|XP_062827322.1	ref|NW_024704746.1|	27.972	286	199	4	84	366	33404519	33403674	2.83e-20	97.4	371	76	Callorhinchus milii isolate IMCB2004 unplaced genomic scaffold, IMCB_Cmil_1.0 Scaffold5, whole genome shotgun sequence
anolis_carolinensis|BGN|XP_062827322.1	ref|NW_024704746.1|	31.799	239	155	5	66	297	33309909	33309196	1.83e-19	94.7	371	63	Callorhinchus milii isolate IMCB2004 unplaced genomic scaffold, IMCB_Cmil_1.0 Scaffold5, whole genome shotgun sequence
anolis_carolinensis|BGN|XP_062827322.1	ref|NW_024704746.1|	64.706	68	24	0	121	188	33368914	33368711	1.47e-16	86.3	371	18	Callorhinchus milii isolate IMCB2004 unplaced genomic scaffold, IMCB_Cmil_1.0 Scaffold5, whole genome shotgun sequence
anolis_carolinensis|BGN|XP_062827322.1	ref|NW_024704746.1|	55.172	58	26	0	250	307	33364499	33364326	3.80e-10	66.2	371	16	Callorhinchus milii isolate IMCB2004 unplaced genomic scaffold, IMCB_Cmil_1.0 Scaffold5, whole genome shotgun sequence
anolis_carolinensis|BGN|XP_062827322.1	ref|NW_024704746.1|	29.452	146	97	2	66	205	46999410	46998973	4.00e-09	63.2	371	38	Callorhinchus milii isolate IMCB2004 unplaced genomic scaffold, IMCB_Cmil_1.0 Scaffold5, whole genome shotgun sequence
anolis_carolinensis|BGN|XP_062827322.1	ref|NW_024704746.1|	38.384	99	58	1	77	172	9530410	9530114	1.07e-07	58.5	371	26	Callorhinchus milii isolate IMCB2004 unplaced genomic scaffold, IMCB_Cmil_1.0 Scaffold5, whole genome shotgun sequence
anolis_carolinensis|BGN|XP_062827322.1	ref|NW_024704746.1|	25.879	313	177	10	81	356	53174222	53173338	1.16e-07	58.5	371	74	Callorhinchus milii isolate IMCB2004 unplaced genomic scaffold, IMCB_Cmil_1.0 Scaffold5, whole genome shotgun sequence
anolis_carolinensis|BGN|XP_062827322.1	ref|NW_024704746.1|	44.615	65	36	0	96	160	35493374	35493568	5.78e-07	56.2	371	18	Callorhinchus milii isolate IMCB2004 unplaced genomic scaffold, IMCB_Cmil_1.0 Scaffold5, whole genome shotgun sequence
anolis_carolinensis|BGN|XP_062827322.1	ref|NW_024704746.1|	37.391	115	68	3	212	324	2755182	2755520	7.58e-07	55.8	371	30	Callorhinchus milii isolate IMCB2004 unplaced genomic scaffold, IMCB_Cmil_1.0 Scaffold5, whole genome shotgun sequence
anolis_carolinensis|BGN|XP_062827322.1	ref|NW_024704746.1|	50.769	65	16	4	20	83	33377334	33377185	7.59e-06	52.8	371	17	Callorhinchus milii isolate IMCB2004 unplaced genomic scaffold, IMCB_Cmil_1.0 Scaffold5, whole genome shotgun sequence
anolis_carolinensis|BGN|XP_062827322.1	ref|NW_024704760.1|	34.749	259	151	8	66	315	2096190	2095441	1.91e-24	109	371	67	Callorhinchus milii isolate IMCB2004 unplaced genomic scaffold, IMCB_Cmil_1.0 Scaffold19, whole genome shotgun sequence
anolis_carolinensis|BGN|XP_062827322.1	ref|NW_024704760.1|	33.473	239	149	6	66	296	2139951	2140661	2.31e-20	97.8	371	62	Callorhinchus milii isolate IMCB2004 unplaced genomic scaffold, IMCB_Cmil_1.0 Scaffold19, whole genome shotgun sequence
anolis_carolinensis|BGN|XP_062827322.1	ref|NW_024704760.1|	31.000	200	128	3	5	199	2126286	2126870	2.71e-15	82.4	371	53	Callorhinchus milii isolate IMCB2004 unplaced genomic scaffold, IMCB_Cmil_1.0 Scaffold19, whole genome shotgun sequence
anolis_carolinensis|BGN|XP_062827322.1	ref|NW_024704760.1|	48.780	82	38	1	111	188	2107355	2107110	2.82e-13	76.3	371	21	Callorhinchus milii isolate IMCB2004 unplaced genomic scaffold, IMCB_Cmil_1.0 Scaffold19, whole genome shotgun sequence
anolis_carolinensis|BGN|XP_062827322.1	ref|NW_024704760.1|	47.541	61	32	0	305	365	2104581	2104399	2.86e-11	69.7	371	16	Callorhinchus milii isolate IMCB2004 unplaced genomic scaffold, IMCB_Cmil_1.0 Scaffold19, whole genome shotgun sequence
anolis_carolinensis|BGN|XP_062827322.1	ref|NW_024704760.1|	30.332	211	136	6	97	298	1455846	1456472	9.73e-10	65.1	371	54	Callorhinchus milii isolate IMCB2004 unplaced genomic scaffold, IMCB_Cmil_1.0 Scaffold19, whole genome shotgun sequence
anolis_carolinensis|BGN|XP_062827322.1	ref|NW_024704760.1|	52.000	50	24	0	258	307	2105604	2105455	5.22e-06	53.1	371	13	Callorhinchus milii isolate IMCB2004 unplaced genomic scaffold, IMCB_Cmil_1.0 Scaffold19, whole genome shotgun sequence
anolis_carolinensis|BGN|XP_062827322.1	ref|NW_024704778.1|	31.227	269	158	5	59	324	50932	50198	1.61e-22	103	371	72	Callorhinchus milii isolate IMCB2004 unplaced genomic scaffold, IMCB_Cmil_1.0 Scaffold37, whole genome shotgun sequence
anolis_carolinensis|BGN|XP_062827322.1	ref|NW_024704778.1|	26.271	236	128	4	66	297	405844	406425	5.52e-08	59.7	371	63	Callorhinchus milii isolate IMCB2004 unplaced genomic scaffold, IMCB_Cmil_1.0 Scaffold37, whole genome shotgun sequence
anolis_carolinensis|BGN|XP_062827322.1	ref|NW_024704753.1|	62.687	67	25	0	305	371	382498	382698	5.35e-21	99.4	371	18	Callorhinchus milii isolate IMCB2004 unplaced genomic scaffold, IMCB_Cmil_1.0 Scaffold12, whole genome shotgun sequence
anolis_carolinensis|BGN|XP_062827322.1	ref|NW_024704753.1|	57.746	71	30	0	121	191	378877	379089	9.37e-16	83.6	371	19	Callorhinchus milii isolate IMCB2004 unplaced genomic scaffold, IMCB_Cmil_1.0 Scaffold12, whole genome shotgun sequence
anolis_carolinensis|BGN|XP_062827322.1	ref|NW_024704753.1|	28.679	265	164	8	60	318	393122	393859	7.58e-13	74.7	371	70	Callorhinchus milii isolate IMCB2004 unplaced genomic scaffold, IMCB_Cmil_1.0 Scaffold12, whole genome shotgun sequence
anolis_carolinensis|BGN|XP_062827322.1	ref|NW_024704753.1|	29.375	160	84	3	66	196	19420938	19420459	9.38e-12	71.2	371	35	Callorhinchus milii isolate IMCB2004 unplaced genomic scaffold, IMCB_Cmil_1.0 Scaffold12, whole genome shotgun sequence
anolis_carolinensis|BGN|XP_062827322.1	ref|NW_024704753.1|	60.000	50	20	0	258	307	382095	382244	7.42e-11	68.6	371	13	Callorhinchus milii isolate IMCB2004 unplaced genomic scaffold, IMCB_Cmil_1.0 Scaffold12, whole genome shotgun sequence
anolis_carolinensis|BGN|XP_062827322.1	ref|NW_024704753.1|	32.547	212	123	5	77	269	13233645	13233013	4.83e-10	65.9	371	52	Callorhinchus milii isolate IMCB2004 unplaced genomic scaffold, IMCB_Cmil_1.0 Scaffold12, whole genome shotgun sequence
anolis_carolinensis|BGN|XP_062827322.1	ref|NW_024704748.1|	26.531	294	164	6	66	358	16958527	16957799	8.25e-21	99.0	371	79	Callorhinchus milii isolate IMCB2004 unplaced genomic scaffold, IMCB_Cmil_1.0 Scaffold7, whole genome shotgun sequence
anolis_carolinensis|BGN|XP_062827322.1	ref|NW_024704747.1|	27.679	336	197	9	56	350	26181851	26180859	1.09e-20	98.6	371	80	Callorhinchus milii isolate IMCB2004 unplaced genomic scaffold, IMCB_Cmil_1.0 Scaffold6, whole genome shotgun sequence
anolis_carolinensis|BGN|XP_062827322.1	ref|NW_024704747.1|	28.182	220	143	5	64	272	12274398	12273751	3.43e-14	79.0	371	56	Callorhinchus milii isolate IMCB2004 unplaced genomic scaffold, IMCB_Cmil_1.0 Scaffold6, whole genome shotgun sequence
anolis_carolinensis|BGN|XP_062827322.1	ref|NW_024704747.1|	34.513	113	68	3	66	172	14890228	14890566	1.64e-08	61.2	371	29	Callorhinchus milii isolate IMCB2004 unplaced genomic scaffold, IMCB_Cmil_1.0 Scaffold6, whole genome shotgun sequence
anolis_carolinensis|BGN|XP_062827322.1	ref|NW_024704744.1|	31.061	264	148	8	66	323	79694990	79695697	2.52e-20	97.4	371	70	Callorhinchus milii isolate IMCB2004 unplaced genomic scaffold, IMCB_Cmil_1.0 Scaffold3, whole genome shotgun sequence
anolis_carolinensis|BGN|XP_062827322.1	ref|NW_024704744.1|	31.308	214	136	4	84	290	79695182	79695811	1.49e-16	86.3	371	56	Callorhinchus milii isolate IMCB2004 unplaced genomic scaffold, IMCB_Cmil_1.0 Scaffold3, whole genome shotgun sequence
anolis_carolinensis|BGN|XP_062827322.1	ref|NW_024704744.1|	26.429	280	151	4	68	298	34595852	34595031	4.76e-13	75.5	371	62	Callorhinchus milii isolate IMCB2004 unplaced genomic scaffold, IMCB_Cmil_1.0 Scaffold3, whole genome shotgun sequence
anolis_carolinensis|BGN|XP_062827322.1	ref|NW_024704744.1|	28.814	236	122	5	66	297	92686590	92686009	1.55e-09	64.3	371	63	Callorhinchus milii isolate IMCB2004 unplaced genomic scaffold, IMCB_Cmil_1.0 Scaffold3, whole genome shotgun sequence
anolis_carolinensis|BGN|XP_062827322.1	ref|NW_024704750.1|	29.389	262	158	5	65	323	2049555	2050268	3.17e-20	97.1	371	70	Callorhinchus milii isolate IMCB2004 unplaced genomic scaffold, IMCB_Cmil_1.0 Scaffold9, whole genome shotgun sequence
anolis_carolinensis|BGN|XP_062827322.1	ref|NW_024704750.1|	24.399	291	155	9	65	348	14252182	14251484	1.81e-08	61.2	371	77	Callorhinchus milii isolate IMCB2004 unplaced genomic scaffold, IMCB_Cmil_1.0 Scaffold9, whole genome shotgun sequence
anolis_carolinensis|BGN|XP_062827322.1	ref|NW_024704752.1|	29.478	268	177	6	61	318	3354953	3355750	4.06e-20	97.1	371	70	Callorhinchus milii isolate IMCB2004 unplaced genomic scaffold, IMCB_Cmil_1.0 Scaffold11, whole genome shotgun sequence
anolis_carolinensis|BGN|XP_062827322.1	ref|NW_024704752.1|	30.204	245	141	4	63	299	8470193	8470861	3.38e-18	91.3	371	64	Callorhinchus milii isolate IMCB2004 unplaced genomic scaffold, IMCB_Cmil_1.0 Scaffold11, whole genome shotgun sequence
anolis_carolinensis|BGN|XP_062827322.1	ref|NW_024704752.1|	27.165	254	153	6	96	318	3355352	3356110	1.02e-10	68.2	371	60	Callorhinchus milii isolate IMCB2004 unplaced genomic scaffold, IMCB_Cmil_1.0 Scaffold11, whole genome shotgun sequence
anolis_carolinensis|BGN|XP_062827322.1	ref|NW_024704752.1|	27.203	261	158	7	98	327	3355214	3355993	3.61e-10	66.2	371	62	Callorhinchus milii isolate IMCB2004 unplaced genomic scaffold, IMCB_Cmil_1.0 Scaffold11, whole genome shotgun sequence
anolis_carolinensis|BGN|XP_062827322.1	ref|NW_024704752.1|	29.064	203	113	5	153	326	3355028	3355630	5.17e-09	62.8	371	47	Callorhinchus milii isolate IMCB2004 unplaced genomic scaffold, IMCB_Cmil_1.0 Scaffold11, whole genome shotgun sequence
anolis_carolinensis|BGN|XP_062827322.1	ref|NW_024704752.1|	28.767	219	146	5	113	323	3349702	3350352	1.46e-08	61.2	371	57	Callorhinchus milii isolate IMCB2004 unplaced genomic scaffold, IMCB_Cmil_1.0 Scaffold11, whole genome shotgun sequence
anolis_carolinensis|BGN|XP_062827322.1	ref|NW_024704752.1|	42.466	73	42	0	222	294	13145423	13145641	2.19e-07	57.8	371	20	Callorhinchus milii isolate IMCB2004 unplaced genomic scaffold, IMCB_Cmil_1.0 Scaffold11, whole genome shotgun sequence
anolis_carolinensis|BGN|XP_062827322.1	ref|NW_024704752.1|	23.939	330	192	10	83	370	126381	127319	1.42e-06	55.1	371	78	Callorhinchus milii isolate IMCB2004 unplaced genomic scaffold, IMCB_Cmil_1.0 Scaffold11, whole genome shotgun sequence
anolis_carolinensis|BGN|XP_062827322.1	ref|NW_024704752.1|	32.143	112	68	2	57	160	17840442	17840107	7.73e-06	52.8	371	28	Callorhinchus milii isolate IMCB2004 unplaced genomic scaffold, IMCB_Cmil_1.0 Scaffold11, whole genome shotgun sequence
anolis_carolinensis|BGN|XP_062827322.1	ref|NW_024704752.1|	36.082	97	59	2	230	323	17840322	17840032	8.43e-06	52.8	371	25	Callorhinchus milii isolate IMCB2004 unplaced genomic scaffold, IMCB_Cmil_1.0 Scaffold11, whole genome shotgun sequence
anolis_carolinensis|BGN|XP_062827322.1	ref|NW_024704769.1|	28.621	290	169	7	58	313	2665628	2664771	3.86e-19	94.0	371	69	Callorhinchus milii isolate IMCB2004 unplaced genomic scaffold, IMCB_Cmil_1.0 Scaffold28, whole genome shotgun sequence
anolis_carolinensis|BGN|XP_062827322.1	ref|NW_024704743.1|	30.070	286	167	6	66	318	47305513	47306370	1.12e-18	92.4	371	68	Callorhinchus milii isolate IMCB2004 unplaced genomic scaffold, IMCB_Cmil_1.0 Scaffold2, whole genome shotgun sequence
anolis_carolinensis|BGN|XP_062827322.1	ref|NW_024704743.1|	25.378	331	198	12	66	357	95298132	95299094	6.68e-12	71.6	371	79	Callorhinchus milii isolate IMCB2004 unplaced genomic scaffold, IMCB_Cmil_1.0 Scaffold2, whole genome shotgun sequence
anolis_carolinensis|BGN|XP_062827322.1	ref|NW_024704743.1|	34.127	126	60	3	63	185	45400551	45400868	1.07e-07	58.5	371	33	Callorhinchus milii isolate IMCB2004 unplaced genomic scaffold, IMCB_Cmil_1.0 Scaffold2, whole genome shotgun sequence
anolis_carolinensis|BGN|XP_062827322.1	ref|NW_024704754.1|	27.376	263	177	5	66	318	7107111	7107887	1.47e-18	92.0	371	68	Callorhinchus milii isolate IMCB2004 unplaced genomic scaffold, IMCB_Cmil_1.0 Scaffold13, whole genome shotgun sequence
anolis_carolinensis|BGN|XP_062827322.1	ref|NW_024704754.1|	26.844	339	194	13	63	356	4347055	4348044	3.78e-08	60.1	371	79	Callorhinchus milii isolate IMCB2004 unplaced genomic scaffold, IMCB_Cmil_1.0 Scaffold13, whole genome shotgun sequence
anolis_carolinensis|BGN|XP_062827322.1	ref|NW_024704754.1|	26.812	276	161	7	84	318	4347343	4348170	7.65e-07	55.8	371	63	Callorhinchus milii isolate IMCB2004 unplaced genomic scaffold, IMCB_Cmil_1.0 Scaffold13, whole genome shotgun sequence
anolis_carolinensis|BGN|XP_062827322.1	ref|NW_024704745.1|	33.333	192	107	4	77	247	17743762	17744337	6.19e-18	90.1	371	46	Callorhinchus milii isolate IMCB2004 unplaced genomic scaffold, IMCB_Cmil_1.0 Scaffold4, whole genome shotgun sequence
anolis_carolinensis|BGN|XP_062827322.1	ref|NW_024704745.1|	29.496	278	146	5	76	307	17719760	17720581	1.18e-15	83.2	371	63	Callorhinchus milii isolate IMCB2004 unplaced genomic scaffold, IMCB_Cmil_1.0 Scaffold4, whole genome shotgun sequence
anolis_carolinensis|BGN|XP_062827322.1	ref|NW_024704745.1|	34.074	135	70	4	66	183	80762432	80762034	8.27e-08	58.9	371	32	Callorhinchus milii isolate IMCB2004 unplaced genomic scaffold, IMCB_Cmil_1.0 Scaffold4, whole genome shotgun sequence
anolis_carolinensis|BGN|XP_062827322.1	ref|NW_024704745.1|	29.609	179	107	5	63	227	36980302	36979781	1.49e-07	58.2	371	44	Callorhinchus milii isolate IMCB2004 unplaced genomic scaffold, IMCB_Cmil_1.0 Scaffold4, whole genome shotgun sequence
anolis_carolinensis|BGN|XP_062827322.1	ref|NW_024704745.1|	31.967	122	73	2	84	196	17744032	17744394	3.11e-07	57.4	371	30	Callorhinchus milii isolate IMCB2004 unplaced genomic scaffold, IMCB_Cmil_1.0 Scaffold4, whole genome shotgun sequence
anolis_carolinensis|BGN|XP_062827322.1	ref|NW_024704757.1|	28.114	281	158	7	94	339	2442051	2442866	2.62e-17	88.6	371	66	Callorhinchus milii isolate IMCB2004 unplaced genomic scaffold, IMCB_Cmil_1.0 Scaffold16, whole genome shotgun sequence
anolis_carolinensis|BGN|XP_062827322.1	ref|NW_024704757.1|	29.502	261	156	7	66	323	10852902	10853609	1.32e-10	67.8	371	70	Callorhinchus milii isolate IMCB2004 unplaced genomic scaffold, IMCB_Cmil_1.0 Scaffold16, whole genome shotgun sequence
anolis_carolinensis|BGN|XP_062827322.1	ref|NW_024704772.1|	31.395	258	156	9	50	295	1848712	1847966	2.77e-17	88.2	371	66	Callorhinchus milii isolate IMCB2004 unplaced genomic scaffold, IMCB_Cmil_1.0 Scaffold31, whole genome shotgun sequence
anolis_carolinensis|BGN|XP_062827322.1	ref|NW_024704772.1|	29.070	258	149	6	65	290	2798379	2797612	2.85e-16	85.1	371	61	Callorhinchus milii isolate IMCB2004 unplaced genomic scaffold, IMCB_Cmil_1.0 Scaffold31, whole genome shotgun sequence
anolis_carolinensis|BGN|XP_062827322.1	ref|NW_024704772.1|	39.286	84	48	1	97	177	1858179	1858430	8.71e-08	58.9	371	22	Callorhinchus milii isolate IMCB2004 unplaced genomic scaffold, IMCB_Cmil_1.0 Scaffold31, whole genome shotgun sequence
anolis_carolinensis|BGN|XP_062827322.1	ref|NW_024704775.1|	26.715	277	167	6	57	301	191154	191972	3.91e-17	87.8	371	66	Callorhinchus milii isolate IMCB2004 unplaced genomic scaffold, IMCB_Cmil_1.0 Scaffold34, whole genome shotgun sequence
anolis_carolinensis|BGN|XP_062827322.1	ref|NW_024704770.1|	36.196	163	101	2	134	293	2964357	2964845	1.86e-16	85.9	371	43	Callorhinchus milii isolate IMCB2004 unplaced genomic scaffold, IMCB_Cmil_1.0 Scaffold29, whole genome shotgun sequence
anolis_carolinensis|BGN|XP_062827322.1	ref|NW_024704770.1|	30.693	202	132	5	74	268	2964375	2964977	7.49e-09	62.4	371	53	Callorhinchus milii isolate IMCB2004 unplaced genomic scaffold, IMCB_Cmil_1.0 Scaffold29, whole genome shotgun sequence
anolis_carolinensis|BGN|XP_062827322.1	ref|NW_024704764.1|	30.769	195	124	5	65	250	7872596	7873174	2.51e-16	85.5	371	50	Callorhinchus milii isolate IMCB2004 unplaced genomic scaffold, IMCB_Cmil_1.0 Scaffold23, whole genome shotgun sequence
anolis_carolinensis|BGN|XP_062827322.1	ref|NW_024704764.1|	34.247	146	68	5	58	197	2917133	2917504	4.75e-10	66.2	371	38	Callorhinchus milii isolate IMCB2004 unplaced genomic scaffold, IMCB_Cmil_1.0 Scaffold23, whole genome shotgun sequence
anolis_carolinensis|BGN|XP_062827322.1	ref|NW_024704742.1|	26.855	283	196	6	66	339	120912615	120911773	1.82e-15	82.8	371	74	Callorhinchus milii isolate IMCB2004 unplaced genomic scaffold, IMCB_Cmil_1.0 Scaffold1, whole genome shotgun sequence
anolis_carolinensis|BGN|XP_062827322.1	ref|NW_024704742.1|	27.551	294	171	10	66	349	79614154	79614939	7.44e-12	71.6	371	77	Callorhinchus milii isolate IMCB2004 unplaced genomic scaffold, IMCB_Cmil_1.0 Scaffold1, whole genome shotgun sequence
anolis_carolinensis|BGN|XP_062827322.1	ref|NW_024704742.1|	24.727	275	179	6	71	323	56565167	56564361	4.59e-08	59.7	371	68	Callorhinchus milii isolate IMCB2004 unplaced genomic scaffold, IMCB_Cmil_1.0 Scaffold1, whole genome shotgun sequence
anolis_carolinensis|BGN|XP_062827322.1	ref|NW_024704742.1|	26.923	130	92	1	72	198	34717369	34716980	1.82e-06	54.7	371	34	Callorhinchus milii isolate IMCB2004 unplaced genomic scaffold, IMCB_Cmil_1.0 Scaffold1, whole genome shotgun sequence
anolis_carolinensis|BGN|XP_062827322.1	ref|NW_024705955.1|	29.297	256	168	6	74	318	9721	8960	3.32e-15	82.0	371	66	Callorhinchus milii isolate IMCB2004 unplaced genomic scaffold, IMCB_Cmil_1.0 Scaffold1214, whole genome shotgun sequence
anolis_carolinensis|BGN|XP_062827322.1	ref|NW_024705955.1|	27.419	248	150	4	76	315	10438	9761	5.29e-12	72.0	371	65	Callorhinchus milii isolate IMCB2004 unplaced genomic scaffold, IMCB_Cmil_1.0 Scaffold1214, whole genome shotgun sequence
anolis_carolinensis|BGN|XP_062827322.1	ref|NW_024705955.1|	28.745	247	161	6	74	307	9862	9128	2.55e-10	67.0	371	63	Callorhinchus milii isolate IMCB2004 unplaced genomic scaffold, IMCB_Cmil_1.0 Scaffold1214, whole genome shotgun sequence
anolis_carolinensis|BGN|XP_062827322.1	ref|NW_024704866.1|	31.401	207	131	5	135	338	116270	116866	3.80e-15	81.6	371	55	Callorhinchus milii isolate IMCB2004 unplaced genomic scaffold, IMCB_Cmil_1.0 Scaffold125, whole genome shotgun sequence
anolis_carolinensis|BGN|XP_062827322.1	ref|NW_024704866.1|	30.137	146	77	3	66	209	115914	116282	1.98e-08	60.8	371	39	Callorhinchus milii isolate IMCB2004 unplaced genomic scaffold, IMCB_Cmil_1.0 Scaffold125, whole genome shotgun sequence
anolis_carolinensis|BGN|XP_062827322.1	ref|NW_024704761.1|	27.715	267	137	8	66	299	2191340	2192071	6.46e-15	81.3	371	63	Callorhinchus milii isolate IMCB2004 unplaced genomic scaffold, IMCB_Cmil_1.0 Scaffold20, whole genome shotgun sequence
anolis_carolinensis|BGN|XP_062827322.1	ref|NW_024704758.1|	28.077	260	153	6	66	293	9714239	9713466	9.34e-14	77.4	371	61	Callorhinchus milii isolate IMCB2004 unplaced genomic scaffold, IMCB_Cmil_1.0 Scaffold17, whole genome shotgun sequence
anolis_carolinensis|BGN|XP_062827322.1	ref|NW_024704790.1|	28.016	257	136	6	65	317	63217	62582	2.06e-13	76.6	371	68	Callorhinchus milii isolate IMCB2004 unplaced genomic scaffold, IMCB_Cmil_1.0 Scaffold49, whole genome shotgun sequence
anolis_carolinensis|BGN|XP_062827322.1	ref|NW_024704768.1|	39.823	113	62	3	66	172	3616001	3616339	6.40e-13	75.1	371	29	Callorhinchus milii isolate IMCB2004 unplaced genomic scaffold, IMCB_Cmil_1.0 Scaffold27, whole genome shotgun sequence
anolis_carolinensis|BGN|XP_062827322.1	ref|NW_024704763.1|	33.173	208	119	6	66	261	5000775	5001374	4.80e-12	72.4	371	53	Callorhinchus milii isolate IMCB2004 unplaced genomic scaffold, IMCB_Cmil_1.0 Scaffold22, whole genome shotgun sequence
anolis_carolinensis|BGN|XP_062827322.1	ref|NW_024704751.1|	28.384	229	134	7	64	290	3056610	3057212	4.80e-11	69.3	371	61	Callorhinchus milii isolate IMCB2004 unplaced genomic scaffold, IMCB_Cmil_1.0 Scaffold10, whole genome shotgun sequence
anolis_carolinensis|BGN|XP_062827322.1	ref|NW_024704762.1|	28.627	255	146	6	73	293	6015552	6016310	2.27e-10	67.0	371	60	Callorhinchus milii isolate IMCB2004 unplaced genomic scaffold, IMCB_Cmil_1.0 Scaffold21, whole genome shotgun sequence
anolis_carolinensis|BGN|XP_062827322.1	ref|NW_024704801.1|	30.070	143	96	1	66	204	68530	68958	6.15e-09	62.4	371	37	Callorhinchus milii isolate IMCB2004 unplaced genomic scaffold, IMCB_Cmil_1.0 Scaffold60, whole genome shotgun sequence
anolis_carolinensis|BGN|XP_062827322.1	ref|NW_024704767.1|	34.000	100	65	1	225	323	7326794	7326495	1.22e-07	58.5	371	27	Callorhinchus milii isolate IMCB2004 unplaced genomic scaffold, IMCB_Cmil_1.0 Scaffold26, whole genome shotgun sequence
anolis_carolinensis|BGN|XP_062827322.1	ref|NW_024704756.1|	28.972	214	136	9	98	301	16059226	16058603	1.55e-07	58.2	371	55	Callorhinchus milii isolate IMCB2004 unplaced genomic scaffold, IMCB_Cmil_1.0 Scaffold15, whole genome shotgun sequence
anolis_carolinensis|BGN|XP_062827322.1	ref|NW_024705481.1|	25.877	228	124	5	62	250	28118	28783	1.75e-07	58.2	371	51	Callorhinchus milii isolate IMCB2004 unplaced genomic scaffold, IMCB_Cmil_1.0 Scaffold740, whole genome shotgun sequence
anolis_carolinensis|BGN|XP_062827322.1	ref|NW_024704749.1|	31.788	151	94	5	98	242	16528054	16527611	2.86e-06	54.3	371	39	Callorhinchus milii isolate IMCB2004 unplaced genomic scaffold, IMCB_Cmil_1.0 Scaffold8, whole genome shotgun sequence
anolis_carolinensis|BGN|XP_062827322.1	ref|NW_024704782.1|	29.897	194	106	6	145	313	63560	62994	3.04e-06	53.9	371	46	Callorhinchus milii isolate IMCB2004 unplaced genomic scaffold, IMCB_Cmil_1.0 Scaffold41, whole genome shotgun sequence
frog|BGN|NP_001072552.1	ref|NW_024704750.1|	32.197	264	150	5	62	321	2049552	2050268	8.15e-29	122	369	70	Callorhinchus milii isolate IMCB2004 unplaced genomic scaffold, IMCB_Cmil_1.0 Scaffold9, whole genome shotgun sequence
frog|BGN|NP_001072552.1	ref|NW_024704750.1|	26.582	237	128	4	63	295	14252182	14251598	6.12e-15	81.3	369	63	Callorhinchus milii isolate IMCB2004 unplaced genomic scaffold, IMCB_Cmil_1.0 Scaffold9, whole genome shotgun sequence
frog|BGN|NP_001072552.1	ref|NW_024704744.1|	33.452	281	153	8	47	321	79694939	79695697	9.47e-29	122	369	75	Callorhinchus milii isolate IMCB2004 unplaced genomic scaffold, IMCB_Cmil_1.0 Scaffold3, whole genome shotgun sequence
frog|BGN|NP_001072552.1	ref|NW_024704744.1|	25.847	236	129	4	64	295	92686590	92686009	2.76e-11	69.7	369	63	Callorhinchus milii isolate IMCB2004 unplaced genomic scaffold, IMCB_Cmil_1.0 Scaffold3, whole genome shotgun sequence
frog|BGN|NP_001072552.1	ref|NW_024704744.1|	26.909	275	156	4	66	296	34595852	34595031	3.32e-11	69.7	369	63	Callorhinchus milii isolate IMCB2004 unplaced genomic scaffold, IMCB_Cmil_1.0 Scaffold3, whole genome shotgun sequence
frog|BGN|NP_001072552.1	ref|NW_024704778.1|	33.206	262	148	5	64	322	50911	50198	6.22e-28	120	369	70	Callorhinchus milii isolate IMCB2004 unplaced genomic scaffold, IMCB_Cmil_1.0 Scaffold37, whole genome shotgun sequence
frog|BGN|NP_001072552.1	ref|NW_024704778.1|	25.000	236	131	5	64	295	405844	406425	2.42e-09	63.9	369	63	Callorhinchus milii isolate IMCB2004 unplaced genomic scaffold, IMCB_Cmil_1.0 Scaffold37, whole genome shotgun sequence
frog|BGN|NP_001072552.1	ref|NW_024704778.1|	27.950	161	89	2	66	199	50554	50072	1.13e-08	61.6	369	36	Callorhinchus milii isolate IMCB2004 unplaced genomic scaffold, IMCB_Cmil_1.0 Scaffold37, whole genome shotgun sequence
frog|BGN|NP_001072552.1	ref|NW_024704760.1|	32.841	271	167	8	64	326	2139951	2140742	4.36e-27	117	369	71	Callorhinchus milii isolate IMCB2004 unplaced genomic scaffold, IMCB_Cmil_1.0 Scaffold19, whole genome shotgun sequence
frog|BGN|NP_001072552.1	ref|NW_024704760.1|	31.618	272	167	9	52	313	2096229	2095441	9.51e-24	107	369	71	Callorhinchus milii isolate IMCB2004 unplaced genomic scaffold, IMCB_Cmil_1.0 Scaffold19, whole genome shotgun sequence
frog|BGN|NP_001072552.1	ref|NW_024704760.1|	27.437	277	158	8	64	321	1455570	1456328	3.74e-16	84.7	369	70	Callorhinchus milii isolate IMCB2004 unplaced genomic scaffold, IMCB_Cmil_1.0 Scaffold19, whole genome shotgun sequence
frog|BGN|NP_001072552.1	ref|NW_024704760.1|	32.374	139	89	2	64	197	2126454	2126870	1.43e-14	80.1	369	36	Callorhinchus milii isolate IMCB2004 unplaced genomic scaffold, IMCB_Cmil_1.0 Scaffold19, whole genome shotgun sequence
frog|BGN|NP_001072552.1	ref|NW_024704760.1|	43.902	82	42	1	109	186	2107355	2107110	2.57e-11	70.1	369	21	Callorhinchus milii isolate IMCB2004 unplaced genomic scaffold, IMCB_Cmil_1.0 Scaffold19, whole genome shotgun sequence
frog|BGN|NP_001072552.1	ref|NW_024704760.1|	39.785	93	42	2	275	363	2104647	2104399	1.17e-10	67.8	369	24	Callorhinchus milii isolate IMCB2004 unplaced genomic scaffold, IMCB_Cmil_1.0 Scaffold19, whole genome shotgun sequence
frog|BGN|NP_001072552.1	ref|NW_024704760.1|	28.889	135	95	1	137	270	2126475	2126879	1.53e-09	64.3	369	36	Callorhinchus milii isolate IMCB2004 unplaced genomic scaffold, IMCB_Cmil_1.0 Scaffold19, whole genome shotgun sequence
frog|BGN|NP_001072552.1	ref|NW_024704760.1|	56.250	48	21	0	258	305	2105598	2105455	1.81e-06	54.7	369	13	Callorhinchus milii isolate IMCB2004 unplaced genomic scaffold, IMCB_Cmil_1.0 Scaffold19, whole genome shotgun sequence
frog|BGN|NP_001072552.1	ref|NW_024704746.1|	34.082	267	160	9	54	313	33334122	33333349	2.26e-26	115	369	70	Callorhinchus milii isolate IMCB2004 unplaced genomic scaffold, IMCB_Cmil_1.0 Scaffold5, whole genome shotgun sequence
frog|BGN|NP_001072552.1	ref|NW_024704746.1|	29.021	286	196	4	82	364	33404519	33403674	3.91e-26	114	369	77	Callorhinchus milii isolate IMCB2004 unplaced genomic scaffold, IMCB_Cmil_1.0 Scaffold5, whole genome shotgun sequence
frog|BGN|NP_001072552.1	ref|NW_024704746.1|	31.349	252	167	4	72	319	33404759	33404010	4.54e-26	114	369	67	Callorhinchus milii isolate IMCB2004 unplaced genomic scaffold, IMCB_Cmil_1.0 Scaffold5, whole genome shotgun sequence
frog|BGN|NP_001072552.1	ref|NW_024704746.1|	32.558	258	161	8	64	313	33309909	33309151	1.66e-24	110	369	68	Callorhinchus milii isolate IMCB2004 unplaced genomic scaffold, IMCB_Cmil_1.0 Scaffold5, whole genome shotgun sequence
frog|BGN|NP_001072552.1	ref|NW_024704746.1|	72.308	65	18	0	304	368	33363605	33363411	3.49e-24	108	369	18	Callorhinchus milii isolate IMCB2004 unplaced genomic scaffold, IMCB_Cmil_1.0 Scaffold5, whole genome shotgun sequence
frog|BGN|NP_001072552.1	ref|NW_024704746.1|	28.727	275	168	9	64	316	53174462	53173656	4.28e-17	87.8	369	69	Callorhinchus milii isolate IMCB2004 unplaced genomic scaffold, IMCB_Cmil_1.0 Scaffold5, whole genome shotgun sequence
frog|BGN|NP_001072552.1	ref|NW_024704746.1|	56.338	71	31	0	119	189	33368914	33368702	8.63e-16	83.6	369	19	Callorhinchus milii isolate IMCB2004 unplaced genomic scaffold, IMCB_Cmil_1.0 Scaffold5, whole genome shotgun sequence
frog|BGN|NP_001072552.1	ref|NW_024704746.1|	25.818	275	134	6	64	288	68563291	68562527	1.20e-15	83.2	369	61	Callorhinchus milii isolate IMCB2004 unplaced genomic scaffold, IMCB_Cmil_1.0 Scaffold5, whole genome shotgun sequence
frog|BGN|NP_001072552.1	ref|NW_024704746.1|	29.193	161	87	3	64	197	46999410	46998928	3.54e-11	69.7	369	36	Callorhinchus milii isolate IMCB2004 unplaced genomic scaffold, IMCB_Cmil_1.0 Scaffold5, whole genome shotgun sequence
frog|BGN|NP_001072552.1	ref|NW_024704746.1|	36.283	113	69	1	71	180	33404135	33403797	1.32e-10	67.8	369	30	Callorhinchus milii isolate IMCB2004 unplaced genomic scaffold, IMCB_Cmil_1.0 Scaffold5, whole genome shotgun sequence
frog|BGN|NP_001072552.1	ref|NW_024704746.1|	61.224	49	19	0	257	305	33364472	33364326	7.73e-10	65.5	369	13	Callorhinchus milii isolate IMCB2004 unplaced genomic scaffold, IMCB_Cmil_1.0 Scaffold5, whole genome shotgun sequence
frog|BGN|NP_001072552.1	ref|NW_024704746.1|	72.093	43	12	0	77	119	33371058	33370930	1.98e-09	63.9	369	12	Callorhinchus milii isolate IMCB2004 unplaced genomic scaffold, IMCB_Cmil_1.0 Scaffold5, whole genome shotgun sequence
frog|BGN|NP_001072552.1	ref|NW_024704746.1|	26.341	205	145	3	68	266	2755164	2755778	3.16e-09	63.5	369	54	Callorhinchus milii isolate IMCB2004 unplaced genomic scaffold, IMCB_Cmil_1.0 Scaffold5, whole genome shotgun sequence
frog|BGN|NP_001072552.1	ref|NW_024704746.1|	41.975	81	32	2	1	81	33377382	33377185	2.10e-08	60.8	369	22	Callorhinchus milii isolate IMCB2004 unplaced genomic scaffold, IMCB_Cmil_1.0 Scaffold5, whole genome shotgun sequence
frog|BGN|NP_001072552.1	ref|NW_024704746.1|	36.522	115	69	3	210	322	2755182	2755520	2.60e-08	60.5	369	31	Callorhinchus milii isolate IMCB2004 unplaced genomic scaffold, IMCB_Cmil_1.0 Scaffold5, whole genome shotgun sequence
frog|BGN|NP_001072552.1	ref|NW_024704746.1|	28.272	191	113	4	75	261	9530410	9529898	2.96e-07	57.4	369	51	Callorhinchus milii isolate IMCB2004 unplaced genomic scaffold, IMCB_Cmil_1.0 Scaffold5, whole genome shotgun sequence
frog|BGN|NP_001072552.1	ref|NW_024704746.1|	26.207	145	58	1	63	158	35493134	35493568	1.16e-06	55.5	369	26	Callorhinchus milii isolate IMCB2004 unplaced genomic scaffold, IMCB_Cmil_1.0 Scaffold5, whole genome shotgun sequence
frog|BGN|NP_001072552.1	ref|NW_024704746.1|	36.275	102	60	2	73	170	62435223	62435525	1.87e-06	54.7	369	27	Callorhinchus milii isolate IMCB2004 unplaced genomic scaffold, IMCB_Cmil_1.0 Scaffold5, whole genome shotgun sequence
frog|BGN|NP_001072552.1	ref|NW_024704746.1|	31.690	142	90	3	70	209	2755407	2755817	2.19e-06	54.3	369	38	Callorhinchus milii isolate IMCB2004 unplaced genomic scaffold, IMCB_Cmil_1.0 Scaffold5, whole genome shotgun sequence
frog|BGN|NP_001072552.1	ref|NW_024704746.1|	26.136	176	106	4	150	324	53174372	53173914	2.73e-06	54.3	369	47	Callorhinchus milii isolate IMCB2004 unplaced genomic scaffold, IMCB_Cmil_1.0 Scaffold5, whole genome shotgun sequence
frog|BGN|NP_001072552.1	ref|NW_024704748.1|	27.559	254	140	4	64	316	16958527	16957895	6.49e-23	105	369	69	Callorhinchus milii isolate IMCB2004 unplaced genomic scaffold, IMCB_Cmil_1.0 Scaffold7, whole genome shotgun sequence
frog|BGN|NP_001072552.1	ref|NW_024704748.1|	24.627	134	98	1	73	203	11525144	11524743	8.66e-08	58.9	369	36	Callorhinchus milii isolate IMCB2004 unplaced genomic scaffold, IMCB_Cmil_1.0 Scaffold7, whole genome shotgun sequence
frog|BGN|NP_001072552.1	ref|NW_024704753.1|	64.179	67	24	0	303	369	382498	382698	2.66e-22	103	369	18	Callorhinchus milii isolate IMCB2004 unplaced genomic scaffold, IMCB_Cmil_1.0 Scaffold12, whole genome shotgun sequence
frog|BGN|NP_001072552.1	ref|NW_024704753.1|	27.799	259	176	6	64	316	393098	393859	2.32e-19	94.7	369	69	Callorhinchus milii isolate IMCB2004 unplaced genomic scaffold, IMCB_Cmil_1.0 Scaffold12, whole genome shotgun sequence
frog|BGN|NP_001072552.1	ref|NW_024704753.1|	30.625	160	82	3	64	194	19420938	19420459	2.30e-13	76.3	369	36	Callorhinchus milii isolate IMCB2004 unplaced genomic scaffold, IMCB_Cmil_1.0 Scaffold12, whole genome shotgun sequence
frog|BGN|NP_001072552.1	ref|NW_024704753.1|	49.296	71	36	0	119	189	378877	379089	7.41e-13	74.7	369	19	Callorhinchus milii isolate IMCB2004 unplaced genomic scaffold, IMCB_Cmil_1.0 Scaffold12, whole genome shotgun sequence
frog|BGN|NP_001072552.1	ref|NW_024704753.1|	56.000	50	22	0	256	305	382095	382244	4.27e-10	66.2	369	14	Callorhinchus milii isolate IMCB2004 unplaced genomic scaffold, IMCB_Cmil_1.0 Scaffold12, whole genome shotgun sequence
frog|BGN|NP_001072552.1	ref|NW_024704753.1|	30.189	212	128	4	75	267	13233645	13233013	3.24e-09	63.5	369	52	Callorhinchus milii isolate IMCB2004 unplaced genomic scaffold, IMCB_Cmil_1.0 Scaffold12, whole genome shotgun sequence
frog|BGN|NP_001072552.1	ref|NW_024704753.1|	25.907	193	130	4	61	242	18820053	18819481	6.95e-08	59.3	369	49	Callorhinchus milii isolate IMCB2004 unplaced genomic scaffold, IMCB_Cmil_1.0 Scaffold12, whole genome shotgun sequence
frog|BGN|NP_001072552.1	ref|NW_024704753.1|	60.465	43	17	0	77	119	376870	376998	4.09e-07	56.6	369	12	Callorhinchus milii isolate IMCB2004 unplaced genomic scaffold, IMCB_Cmil_1.0 Scaffold12, whole genome shotgun sequence
frog|BGN|NP_001072552.1	ref|NW_024704753.1|	24.265	272	138	8	64	316	2606192	2605524	2.03e-06	54.7	369	69	Callorhinchus milii isolate IMCB2004 unplaced genomic scaffold, IMCB_Cmil_1.0 Scaffold12, whole genome shotgun sequence
frog|BGN|NP_001072552.1	ref|NW_024704753.1|	27.136	199	132	7	100	288	2605760	2605173	7.37e-06	52.8	369	51	Callorhinchus milii isolate IMCB2004 unplaced genomic scaffold, IMCB_Cmil_1.0 Scaffold12, whole genome shotgun sequence
frog|BGN|NP_001072552.1	ref|NW_024704764.1|	30.332	211	136	5	50	251	7872557	7873183	5.07e-21	99.8	369	55	Callorhinchus milii isolate IMCB2004 unplaced genomic scaffold, IMCB_Cmil_1.0 Scaffold23, whole genome shotgun sequence
frog|BGN|NP_001072552.1	ref|NW_024704742.1|	27.660	282	195	5	64	337	120912615	120911773	5.41e-21	99.4	369	74	Callorhinchus milii isolate IMCB2004 unplaced genomic scaffold, IMCB_Cmil_1.0 Scaffold1, whole genome shotgun sequence
frog|BGN|NP_001072552.1	ref|NW_024704742.1|	27.426	237	145	4	64	295	79614154	79614798	5.13e-13	75.1	369	63	Callorhinchus milii isolate IMCB2004 unplaced genomic scaffold, IMCB_Cmil_1.0 Scaffold1, whole genome shotgun sequence
frog|BGN|NP_001072552.1	ref|NW_024704742.1|	26.154	130	93	1	70	196	34717369	34716980	2.46e-09	63.9	369	34	Callorhinchus milii isolate IMCB2004 unplaced genomic scaffold, IMCB_Cmil_1.0 Scaffold1, whole genome shotgun sequence
frog|BGN|NP_001072552.1	ref|NW_024704742.1|	24.453	274	179	6	70	321	56565164	56564361	1.75e-08	61.2	369	68	Callorhinchus milii isolate IMCB2004 unplaced genomic scaffold, IMCB_Cmil_1.0 Scaffold1, whole genome shotgun sequence
frog|BGN|NP_001072552.1	ref|NW_024704775.1|	27.407	270	160	6	62	299	191175	191972	5.71e-21	99.4	369	64	Callorhinchus milii isolate IMCB2004 unplaced genomic scaffold, IMCB_Cmil_1.0 Scaffold34, whole genome shotgun sequence
frog|BGN|NP_001072552.1	ref|NW_024704769.1|	26.894	264	156	6	63	293	2665607	2664828	4.07e-20	96.7	369	63	Callorhinchus milii isolate IMCB2004 unplaced genomic scaffold, IMCB_Cmil_1.0 Scaffold28, whole genome shotgun sequence
frog|BGN|NP_001072552.1	ref|NW_024704747.1|	26.752	314	187	9	63	336	26181833	26180901	7.47e-20	95.9	369	74	Callorhinchus milii isolate IMCB2004 unplaced genomic scaffold, IMCB_Cmil_1.0 Scaffold6, whole genome shotgun sequence
frog|BGN|NP_001072552.1	ref|NW_024704747.1|	28.947	228	151	5	52	270	12274428	12273751	2.04e-19	94.7	369	59	Callorhinchus milii isolate IMCB2004 unplaced genomic scaffold, IMCB_Cmil_1.0 Scaffold6, whole genome shotgun sequence
frog|BGN|NP_001072552.1	ref|NW_024704747.1|	33.628	113	69	3	64	170	14890228	14890566	6.12e-09	62.4	369	29	Callorhinchus milii isolate IMCB2004 unplaced genomic scaffold, IMCB_Cmil_1.0 Scaffold6, whole genome shotgun sequence
frog|BGN|NP_001072552.1	ref|NW_024704745.1|	30.292	274	149	5	74	305	17719760	17720581	7.90e-20	95.9	369	63	Callorhinchus milii isolate IMCB2004 unplaced genomic scaffold, IMCB_Cmil_1.0 Scaffold4, whole genome shotgun sequence
frog|BGN|NP_001072552.1	ref|NW_024704745.1|	28.623	276	158	6	75	311	17743762	17744589	5.15e-19	93.6	369	64	Callorhinchus milii isolate IMCB2004 unplaced genomic scaffold, IMCB_Cmil_1.0 Scaffold4, whole genome shotgun sequence
frog|BGN|NP_001072552.1	ref|NW_024704745.1|	31.500	200	114	4	143	321	17743759	17744352	1.13e-15	83.6	369	49	Callorhinchus milii isolate IMCB2004 unplaced genomic scaffold, IMCB_Cmil_1.0 Scaffold4, whole genome shotgun sequence
frog|BGN|NP_001072552.1	ref|NW_024704745.1|	29.185	233	118	7	82	288	17744032	17744667	2.99e-11	69.7	369	56	Callorhinchus milii isolate IMCB2004 unplaced genomic scaffold, IMCB_Cmil_1.0 Scaffold4, whole genome shotgun sequence
frog|BGN|NP_001072552.1	ref|NW_024704745.1|	28.269	283	148	14	64	296	80762432	80761599	9.23e-10	65.1	369	63	Callorhinchus milii isolate IMCB2004 unplaced genomic scaffold, IMCB_Cmil_1.0 Scaffold4, whole genome shotgun sequence
frog|BGN|NP_001072552.1	ref|NW_024704745.1|	27.059	170	96	4	94	260	51783720	51784154	5.53e-06	53.1	369	45	Callorhinchus milii isolate IMCB2004 unplaced genomic scaffold, IMCB_Cmil_1.0 Scaffold4, whole genome shotgun sequence
frog|BGN|NP_001072552.1	ref|NW_024704757.1|	29.434	265	145	7	96	324	2442063	2442839	3.94e-18	90.9	369	62	Callorhinchus milii isolate IMCB2004 unplaced genomic scaffold, IMCB_Cmil_1.0 Scaffold16, whole genome shotgun sequence
frog|BGN|NP_001072552.1	ref|NW_024704757.1|	27.925	265	163	7	60	321	10852890	10853609	2.22e-11	70.1	369	71	Callorhinchus milii isolate IMCB2004 unplaced genomic scaffold, IMCB_Cmil_1.0 Scaffold16, whole genome shotgun sequence
frog|BGN|NP_001072552.1	ref|NW_024704757.1|	27.451	102	71	1	96	194	2442711	2443016	3.57e-06	53.9	369	27	Callorhinchus milii isolate IMCB2004 unplaced genomic scaffold, IMCB_Cmil_1.0 Scaffold16, whole genome shotgun sequence
frog|BGN|NP_001072552.1	ref|NW_024704754.1|	26.199	271	184	7	58	316	7107087	7107887	7.68e-18	90.1	369	70	Callorhinchus milii isolate IMCB2004 unplaced genomic scaffold, IMCB_Cmil_1.0 Scaffold13, whole genome shotgun sequence
frog|BGN|NP_001072552.1	ref|NW_024704754.1|	26.872	227	130	8	68	280	4346332	4346946	8.59e-10	65.1	369	58	Callorhinchus milii isolate IMCB2004 unplaced genomic scaffold, IMCB_Cmil_1.0 Scaffold13, whole genome shotgun sequence
frog|BGN|NP_001072552.1	ref|NW_024704754.1|	24.342	304	184	9	52	313	4347262	4348161	4.30e-09	63.2	369	71	Callorhinchus milii isolate IMCB2004 unplaced genomic scaffold, IMCB_Cmil_1.0 Scaffold13, whole genome shotgun sequence
frog|BGN|NP_001072552.1	ref|NW_024704754.1|	27.795	331	180	15	72	356	4347097	4348050	1.72e-08	61.2	369	77	Callorhinchus milii isolate IMCB2004 unplaced genomic scaffold, IMCB_Cmil_1.0 Scaffold13, whole genome shotgun sequence
frog|BGN|NP_001072552.1	ref|NW_024705955.1|	29.183	257	167	7	72	316	9721	8960	1.59e-17	89.0	369	66	Callorhinchus milii isolate IMCB2004 unplaced genomic scaffold, IMCB_Cmil_1.0 Scaffold1214, whole genome shotgun sequence
frog|BGN|NP_001072552.1	ref|NW_024705955.1|	27.000	300	162	9	58	322	10495	9662	3.98e-15	81.6	369	72	Callorhinchus milii isolate IMCB2004 unplaced genomic scaffold, IMCB_Cmil_1.0 Scaffold1214, whole genome shotgun sequence
frog|BGN|NP_001072552.1	ref|NW_024705955.1|	25.743	202	125	3	96	294	9424	8885	2.80e-11	69.7	369	54	Callorhinchus milii isolate IMCB2004 unplaced genomic scaffold, IMCB_Cmil_1.0 Scaffold1214, whole genome shotgun sequence
frog|BGN|NP_001072552.1	ref|NW_024705955.1|	25.769	260	173	8	103	353	9835	9089	5.23e-10	65.9	369	68	Callorhinchus milii isolate IMCB2004 unplaced genomic scaffold, IMCB_Cmil_1.0 Scaffold1214, whole genome shotgun sequence
frog|BGN|NP_001072552.1	ref|NW_024704752.1|	27.572	243	146	4	63	297	8470199	8470861	2.35e-16	85.5	369	64	Callorhinchus milii isolate IMCB2004 unplaced genomic scaffold, IMCB_Cmil_1.0 Scaffold11, whole genome shotgun sequence
frog|BGN|NP_001072552.1	ref|NW_024704752.1|	23.377	385	203	9	64	366	3354968	3356092	5.68e-16	84.3	369	82	Callorhinchus milii isolate IMCB2004 unplaced genomic scaffold, IMCB_Cmil_1.0 Scaffold11, whole genome shotgun sequence
frog|BGN|NP_001072552.1	ref|NW_024704752.1|	29.644	253	144	7	96	316	3355358	3356110	1.61e-14	79.7	369	60	Callorhinchus milii isolate IMCB2004 unplaced genomic scaffold, IMCB_Cmil_1.0 Scaffold11, whole genome shotgun sequence
frog|BGN|NP_001072552.1	ref|NW_024704752.1|	28.767	219	146	5	111	321	3349702	3350352	2.38e-12	73.2	369	57	Callorhinchus milii isolate IMCB2004 unplaced genomic scaffold, IMCB_Cmil_1.0 Scaffold11, whole genome shotgun sequence
frog|BGN|NP_001072552.1	ref|NW_024704752.1|	25.087	287	184	8	81	339	126381	127232	1.52e-07	58.2	369	70	Callorhinchus milii isolate IMCB2004 unplaced genomic scaffold, IMCB_Cmil_1.0 Scaffold11, whole genome shotgun sequence
frog|BGN|NP_001072552.1	ref|NW_024704752.1|	26.471	136	94	2	66	195	3350206	3350613	8.83e-07	55.8	369	35	Callorhinchus milii isolate IMCB2004 unplaced genomic scaffold, IMCB_Cmil_1.0 Scaffold11, whole genome shotgun sequence
frog|BGN|NP_001072552.1	ref|NW_024704752.1|	32.323	99	64	2	224	321	17840322	17840032	3.83e-06	53.5	369	27	Callorhinchus milii isolate IMCB2004 unplaced genomic scaffold, IMCB_Cmil_1.0 Scaffold11, whole genome shotgun sequence
frog|BGN|NP_001072552.1	ref|NW_024704743.1|	26.935	323	197	8	64	353	47305513	47306463	2.48e-16	85.5	369	79	Callorhinchus milii isolate IMCB2004 unplaced genomic scaffold, IMCB_Cmil_1.0 Scaffold2, whole genome shotgun sequence
frog|BGN|NP_001072552.1	ref|NW_024704743.1|	27.059	255	156	7	64	313	95298132	95298821	9.36e-12	71.2	369	68	Callorhinchus milii isolate IMCB2004 unplaced genomic scaffold, IMCB_Cmil_1.0 Scaffold2, whole genome shotgun sequence
frog|BGN|NP_001072552.1	ref|NW_024704743.1|	33.871	124	59	3	63	183	45400557	45400868	1.30e-07	58.5	369	33	Callorhinchus milii isolate IMCB2004 unplaced genomic scaffold, IMCB_Cmil_1.0 Scaffold2, whole genome shotgun sequence
frog|BGN|NP_001072552.1	ref|NW_024704772.1|	30.453	243	151	9	64	293	1848679	1847966	5.95e-16	84.3	369	62	Callorhinchus milii isolate IMCB2004 unplaced genomic scaffold, IMCB_Cmil_1.0 Scaffold31, whole genome shotgun sequence
frog|BGN|NP_001072552.1	ref|NW_024704772.1|	28.736	261	146	8	63	288	2798379	2797612	5.06e-15	81.3	369	61	Callorhinchus milii isolate IMCB2004 unplaced genomic scaffold, IMCB_Cmil_1.0 Scaffold31, whole genome shotgun sequence
frog|BGN|NP_001072552.1	ref|NW_024704772.1|	27.922	154	94	4	16	165	1857282	1857704	1.11e-08	61.6	369	41	Callorhinchus milii isolate IMCB2004 unplaced genomic scaffold, IMCB_Cmil_1.0 Scaffold31, whole genome shotgun sequence
frog|BGN|NP_001072552.1	ref|NW_024704772.1|	28.777	139	92	4	91	224	1858167	1858577	2.30e-08	60.8	369	36	Callorhinchus milii isolate IMCB2004 unplaced genomic scaffold, IMCB_Cmil_1.0 Scaffold31, whole genome shotgun sequence
frog|BGN|NP_001072552.1	ref|NW_024704790.1|	27.426	237	126	6	63	295	63217	62633	1.07e-14	80.5	369	63	Callorhinchus milii isolate IMCB2004 unplaced genomic scaffold, IMCB_Cmil_1.0 Scaffold49, whole genome shotgun sequence
frog|BGN|NP_001072552.1	ref|NW_024704782.1|	28.846	312	162	11	6	311	63767	62994	7.14e-14	77.8	369	83	Callorhinchus milii isolate IMCB2004 unplaced genomic scaffold, IMCB_Cmil_1.0 Scaffold41, whole genome shotgun sequence
frog|BGN|NP_001072552.1	ref|NW_024704782.1|	31.754	211	132	7	60	264	64484	63870	6.54e-12	71.6	369	56	Callorhinchus milii isolate IMCB2004 unplaced genomic scaffold, IMCB_Cmil_1.0 Scaffold41, whole genome shotgun sequence
frog|BGN|NP_001072552.1	ref|NW_024704758.1|	27.338	278	149	8	64	311	9714239	9713475	1.58e-13	76.6	369	67	Callorhinchus milii isolate IMCB2004 unplaced genomic scaffold, IMCB_Cmil_1.0 Scaffold17, whole genome shotgun sequence
frog|BGN|NP_001072552.1	ref|NW_024704761.1|	25.940	266	143	8	64	297	2191340	2192071	2.54e-13	76.3	369	63	Callorhinchus milii isolate IMCB2004 unplaced genomic scaffold, IMCB_Cmil_1.0 Scaffold20, whole genome shotgun sequence
frog|BGN|NP_001072552.1	ref|NW_024704770.1|	33.758	157	101	2	138	291	2964375	2964845	1.12e-12	74.3	369	42	Callorhinchus milii isolate IMCB2004 unplaced genomic scaffold, IMCB_Cmil_1.0 Scaffold29, whole genome shotgun sequence
frog|BGN|NP_001072552.1	ref|NW_024704770.1|	26.761	213	149	3	57	266	2964351	2964977	6.41e-10	65.5	369	57	Callorhinchus milii isolate IMCB2004 unplaced genomic scaffold, IMCB_Cmil_1.0 Scaffold29, whole genome shotgun sequence
frog|BGN|NP_001072552.1	ref|NW_024704751.1|	26.293	232	141	6	59	288	3056601	3057212	1.44e-12	73.9	369	62	Callorhinchus milii isolate IMCB2004 unplaced genomic scaffold, IMCB_Cmil_1.0 Scaffold10, whole genome shotgun sequence
frog|BGN|NP_001072552.1	ref|NW_024704751.1|	24.219	256	161	7	64	311	2363911	2364603	1.89e-08	60.8	369	67	Callorhinchus milii isolate IMCB2004 unplaced genomic scaffold, IMCB_Cmil_1.0 Scaffold10, whole genome shotgun sequence
frog|BGN|NP_001072552.1	ref|NW_024704866.1|	32.026	153	77	3	58	207	115896	116282	3.04e-12	72.8	369	41	Callorhinchus milii isolate IMCB2004 unplaced genomic scaffold, IMCB_Cmil_1.0 Scaffold125, whole genome shotgun sequence
frog|BGN|NP_001072552.1	ref|NW_024704866.1|	28.652	178	99	3	133	305	116270	116734	2.30e-10	67.0	369	47	Callorhinchus milii isolate IMCB2004 unplaced genomic scaffold, IMCB_Cmil_1.0 Scaffold125, whole genome shotgun sequence
frog|BGN|NP_001072552.1	ref|NW_024704866.1|	32.061	131	84	3	82	209	116324	116710	7.90e-10	65.5	369	35	Callorhinchus milii isolate IMCB2004 unplaced genomic scaffold, IMCB_Cmil_1.0 Scaffold125, whole genome shotgun sequence
frog|BGN|NP_001072552.1	ref|NW_024704762.1|	28.070	228	133	3	94	291	6015630	6016310	1.75e-11	70.5	369	54	Callorhinchus milii isolate IMCB2004 unplaced genomic scaffold, IMCB_Cmil_1.0 Scaffold21, whole genome shotgun sequence
frog|BGN|NP_001072552.1	ref|NW_024704768.1|	36.283	113	66	3	64	170	3616001	3616339	2.02e-11	70.5	369	29	Callorhinchus milii isolate IMCB2004 unplaced genomic scaffold, IMCB_Cmil_1.0 Scaffold27, whole genome shotgun sequence
frog|BGN|NP_001072552.1	ref|NW_024704801.1|	27.778	144	100	1	64	203	68530	68961	2.13e-09	63.9	369	38	Callorhinchus milii isolate IMCB2004 unplaced genomic scaffold, IMCB_Cmil_1.0 Scaffold60, whole genome shotgun sequence
frog|BGN|NP_001072552.1	ref|NW_024704767.1|	31.373	102	69	1	221	321	7326800	7326495	1.00e-08	62.0	369	27	Callorhinchus milii isolate IMCB2004 unplaced genomic scaffold, IMCB_Cmil_1.0 Scaffold26, whole genome shotgun sequence
zebrafish|BGN|NP_001001825.2	ref|NW_024704760.1|	35.827	254	153	6	69	314	2139951	2140706	9.27e-29	122	374	66	Callorhinchus milii isolate IMCB2004 unplaced genomic scaffold, IMCB_Cmil_1.0 Scaffold19, whole genome shotgun sequence
zebrafish|BGN|NP_001001825.2	ref|NW_024704760.1|	33.099	284	169	9	44	318	2096256	2095441	7.30e-26	114	374	74	Callorhinchus milii isolate IMCB2004 unplaced genomic scaffold, IMCB_Cmil_1.0 Scaffold19, whole genome shotgun sequence
zebrafish|BGN|NP_001001825.2	ref|NW_024704760.1|	35.333	150	90	3	69	213	2126454	2126897	6.27e-13	75.1	374	39	Callorhinchus milii isolate IMCB2004 unplaced genomic scaffold, IMCB_Cmil_1.0 Scaffold19, whole genome shotgun sequence
zebrafish|BGN|NP_001001825.2	ref|NW_024704760.1|	52.239	67	32	0	125	191	2107310	2107110	1.99e-12	73.6	374	18	Callorhinchus milii isolate IMCB2004 unplaced genomic scaffold, IMCB_Cmil_1.0 Scaffold19, whole genome shotgun sequence
zebrafish|BGN|NP_001001825.2	ref|NW_024704760.1|	40.449	89	47	1	280	368	2104647	2104399	5.19e-10	65.9	374	24	Callorhinchus milii isolate IMCB2004 unplaced genomic scaffold, IMCB_Cmil_1.0 Scaffold19, whole genome shotgun sequence
zebrafish|BGN|NP_001001825.2	ref|NW_024704760.1|	25.751	233	159	8	100	321	1455846	1456535	5.41e-07	56.6	374	59	Callorhinchus milii isolate IMCB2004 unplaced genomic scaffold, IMCB_Cmil_1.0 Scaffold19, whole genome shotgun sequence
zebrafish|BGN|NP_001001825.2	ref|NW_024704760.1|	26.901	171	119	3	66	230	359667	360179	5.70e-06	53.1	374	44	Callorhinchus milii isolate IMCB2004 unplaced genomic scaffold, IMCB_Cmil_1.0 Scaffold19, whole genome shotgun sequence
zebrafish|BGN|NP_001001825.2	ref|NW_024704746.1|	29.123	285	193	5	89	369	33404513	33403674	1.12e-26	116	374	75	Callorhinchus milii isolate IMCB2004 unplaced genomic scaffold, IMCB_Cmil_1.0 Scaffold5, whole genome shotgun sequence
zebrafish|BGN|NP_001001825.2	ref|NW_024704746.1|	32.959	267	161	8	69	323	33309909	33309127	2.83e-22	103	374	68	Callorhinchus milii isolate IMCB2004 unplaced genomic scaffold, IMCB_Cmil_1.0 Scaffold5, whole genome shotgun sequence
zebrafish|BGN|NP_001001825.2	ref|NW_024704746.1|	30.712	267	169	9	59	318	33334122	33333349	3.30e-20	97.1	374	70	Callorhinchus milii isolate IMCB2004 unplaced genomic scaffold, IMCB_Cmil_1.0 Scaffold5, whole genome shotgun sequence
zebrafish|BGN|NP_001001825.2	ref|NW_024704746.1|	64.615	65	23	0	309	373	33363605	33363411	4.08e-20	97.1	374	17	Callorhinchus milii isolate IMCB2004 unplaced genomic scaffold, IMCB_Cmil_1.0 Scaffold5, whole genome shotgun sequence
zebrafish|BGN|NP_001001825.2	ref|NW_024704746.1|	29.200	250	171	4	79	324	33404753	33404010	9.77e-18	89.7	374	66	Callorhinchus milii isolate IMCB2004 unplaced genomic scaffold, IMCB_Cmil_1.0 Scaffold5, whole genome shotgun sequence
zebrafish|BGN|NP_001001825.2	ref|NW_024704746.1|	25.000	328	187	9	69	360	68563291	68562377	1.51e-14	80.1	374	78	Callorhinchus milii isolate IMCB2004 unplaced genomic scaffold, IMCB_Cmil_1.0 Scaffold5, whole genome shotgun sequence
zebrafish|BGN|NP_001001825.2	ref|NW_024704746.1|	28.044	271	142	8	69	292	53174462	53173668	1.71e-13	76.6	374	60	Callorhinchus milii isolate IMCB2004 unplaced genomic scaffold, IMCB_Cmil_1.0 Scaffold5, whole genome shotgun sequence
zebrafish|BGN|NP_001001825.2	ref|NW_024704746.1|	54.412	68	31	0	124	191	33368914	33368711	5.43e-13	75.1	374	18	Callorhinchus milii isolate IMCB2004 unplaced genomic scaffold, IMCB_Cmil_1.0 Scaffold5, whole genome shotgun sequence
zebrafish|BGN|NP_001001825.2	ref|NW_024704746.1|	56.000	50	22	0	262	311	33364472	33364323	7.93e-10	65.5	374	13	Callorhinchus milii isolate IMCB2004 unplaced genomic scaffold, IMCB_Cmil_1.0 Scaffold5, whole genome shotgun sequence
zebrafish|BGN|NP_001001825.2	ref|NW_024704746.1|	28.049	164	91	2	66	202	46999419	46998928	1.13e-09	65.1	374	37	Callorhinchus milii isolate IMCB2004 unplaced genomic scaffold, IMCB_Cmil_1.0 Scaffold5, whole genome shotgun sequence
zebrafish|BGN|NP_001001825.2	ref|NW_024704746.1|	36.000	100	64	0	86	185	33404096	33403797	6.60e-09	62.4	374	27	Callorhinchus milii isolate IMCB2004 unplaced genomic scaffold, IMCB_Cmil_1.0 Scaffold5, whole genome shotgun sequence
zebrafish|BGN|NP_001001825.2	ref|NW_024704746.1|	30.994	171	112	3	66	230	35493128	35493640	4.26e-08	60.1	374	44	Callorhinchus milii isolate IMCB2004 unplaced genomic scaffold, IMCB_Cmil_1.0 Scaffold5, whole genome shotgun sequence
zebrafish|BGN|NP_001001825.2	ref|NW_024704746.1|	27.805	205	142	3	73	271	2755164	2755778	1.53e-07	58.2	374	53	Callorhinchus milii isolate IMCB2004 unplaced genomic scaffold, IMCB_Cmil_1.0 Scaffold5, whole genome shotgun sequence
zebrafish|BGN|NP_001001825.2	ref|NW_024704746.1|	62.791	43	16	0	82	124	33371058	33370930	7.47e-07	55.8	374	11	Callorhinchus milii isolate IMCB2004 unplaced genomic scaffold, IMCB_Cmil_1.0 Scaffold5, whole genome shotgun sequence
zebrafish|BGN|NP_001001825.2	ref|NW_024704746.1|	34.513	113	70	2	90	198	48709131	48709469	3.27e-06	53.9	374	29	Callorhinchus milii isolate IMCB2004 unplaced genomic scaffold, IMCB_Cmil_1.0 Scaffold5, whole genome shotgun sequence
zebrafish|BGN|NP_001001825.2	ref|NW_024704753.1|	67.164	67	22	0	308	374	382498	382698	1.97e-23	107	374	18	Callorhinchus milii isolate IMCB2004 unplaced genomic scaffold, IMCB_Cmil_1.0 Scaffold12, whole genome shotgun sequence
zebrafish|BGN|NP_001001825.2	ref|NW_024704753.1|	30.204	245	160	6	67	302	393092	393820	1.06e-17	89.7	374	63	Callorhinchus milii isolate IMCB2004 unplaced genomic scaffold, IMCB_Cmil_1.0 Scaffold12, whole genome shotgun sequence
zebrafish|BGN|NP_001001825.2	ref|NW_024704753.1|	53.521	71	33	0	124	194	378877	379089	9.12e-15	80.9	374	19	Callorhinchus milii isolate IMCB2004 unplaced genomic scaffold, IMCB_Cmil_1.0 Scaffold12, whole genome shotgun sequence
zebrafish|BGN|NP_001001825.2	ref|NW_024704753.1|	64.706	51	18	0	261	311	382095	382247	3.32e-13	75.9	374	14	Callorhinchus milii isolate IMCB2004 unplaced genomic scaffold, IMCB_Cmil_1.0 Scaffold12, whole genome shotgun sequence
zebrafish|BGN|NP_001001825.2	ref|NW_024704753.1|	29.825	228	136	6	68	272	13233693	13233013	8.59e-10	65.5	374	55	Callorhinchus milii isolate IMCB2004 unplaced genomic scaffold, IMCB_Cmil_1.0 Scaffold12, whole genome shotgun sequence
zebrafish|BGN|NP_001001825.2	ref|NW_024704753.1|	28.814	177	93	5	69	216	19420938	19420420	3.26e-09	63.5	374	40	Callorhinchus milii isolate IMCB2004 unplaced genomic scaffold, IMCB_Cmil_1.0 Scaffold12, whole genome shotgun sequence
zebrafish|BGN|NP_001001825.2	ref|NW_024704753.1|	25.714	210	147	4	31	232	18820167	18819541	4.86e-08	59.7	374	54	Callorhinchus milii isolate IMCB2004 unplaced genomic scaffold, IMCB_Cmil_1.0 Scaffold12, whole genome shotgun sequence
zebrafish|BGN|NP_001001825.2	ref|NW_024704753.1|	27.749	191	114	6	156	326	13233624	13233064	9.54e-07	55.8	374	46	Callorhinchus milii isolate IMCB2004 unplaced genomic scaffold, IMCB_Cmil_1.0 Scaffold12, whole genome shotgun sequence
zebrafish|BGN|NP_001001825.2	ref|NW_024704753.1|	60.465	43	17	0	82	124	376870	376998	2.84e-06	54.3	374	11	Callorhinchus milii isolate IMCB2004 unplaced genomic scaffold, IMCB_Cmil_1.0 Scaffold12, whole genome shotgun sequence
zebrafish|BGN|NP_001001825.2	ref|NW_024704753.1|	69.697	33	10	0	231	263	381383	381481	6.28e-06	53.1	374	9	Callorhinchus milii isolate IMCB2004 unplaced genomic scaffold, IMCB_Cmil_1.0 Scaffold12, whole genome shotgun sequence
zebrafish|BGN|NP_001001825.2	ref|NW_024704750.1|	30.038	263	155	5	68	326	2049555	2050268	6.20e-23	105	374	69	Callorhinchus milii isolate IMCB2004 unplaced genomic scaffold, IMCB_Cmil_1.0 Scaffold9, whole genome shotgun sequence
zebrafish|BGN|NP_001001825.2	ref|NW_024704750.1|	28.111	217	122	5	68	274	14252182	14251604	4.74e-12	72.4	374	55	Callorhinchus milii isolate IMCB2004 unplaced genomic scaffold, IMCB_Cmil_1.0 Scaffold9, whole genome shotgun sequence
zebrafish|BGN|NP_001001825.2	ref|NW_024704778.1|	31.227	269	158	5	62	327	50932	50198	3.70e-22	103	374	71	Callorhinchus milii isolate IMCB2004 unplaced genomic scaffold, IMCB_Cmil_1.0 Scaffold37, whole genome shotgun sequence
zebrafish|BGN|NP_001001825.2	ref|NW_024704778.1|	26.697	221	128	6	69	279	405844	406434	4.58e-06	53.5	374	56	Callorhinchus milii isolate IMCB2004 unplaced genomic scaffold, IMCB_Cmil_1.0 Scaffold37, whole genome shotgun sequence
zebrafish|BGN|NP_001001825.2	ref|NW_024704748.1|	26.689	296	165	6	69	363	16958527	16957793	6.94e-22	102	374	79	Callorhinchus milii isolate IMCB2004 unplaced genomic scaffold, IMCB_Cmil_1.0 Scaffold7, whole genome shotgun sequence
zebrafish|BGN|NP_001001825.2	ref|NW_024704752.1|	27.740	292	173	6	68	347	8470199	8470996	1.22e-21	101	374	75	Callorhinchus milii isolate IMCB2004 unplaced genomic scaffold, IMCB_Cmil_1.0 Scaffold11, whole genome shotgun sequence
zebrafish|BGN|NP_001001825.2	ref|NW_024704752.1|	29.242	277	179	7	66	332	3354959	3355768	4.06e-18	90.9	374	71	Callorhinchus milii isolate IMCB2004 unplaced genomic scaffold, IMCB_Cmil_1.0 Scaffold11, whole genome shotgun sequence
zebrafish|BGN|NP_001001825.2	ref|NW_024704752.1|	32.301	226	123	7	98	316	3350002	3350610	8.72e-15	80.9	374	59	Callorhinchus milii isolate IMCB2004 unplaced genomic scaffold, IMCB_Cmil_1.0 Scaffold11, whole genome shotgun sequence
zebrafish|BGN|NP_001001825.2	ref|NW_024704752.1|	28.963	328	184	14	55	371	3355223	3356092	3.73e-13	75.9	374	85	Callorhinchus milii isolate IMCB2004 unplaced genomic scaffold, IMCB_Cmil_1.0 Scaffold11, whole genome shotgun sequence
zebrafish|BGN|NP_001001825.2	ref|NW_024704752.1|	25.776	322	171	9	67	326	3349405	3350352	3.34e-12	72.8	374	70	Callorhinchus milii isolate IMCB2004 unplaced genomic scaffold, IMCB_Cmil_1.0 Scaffold11, whole genome shotgun sequence
zebrafish|BGN|NP_001001825.2	ref|NW_024704757.1|	29.963	267	147	7	97	328	2442051	2442836	4.55e-20	96.7	374	62	Callorhinchus milii isolate IMCB2004 unplaced genomic scaffold, IMCB_Cmil_1.0 Scaffold16, whole genome shotgun sequence
zebrafish|BGN|NP_001001825.2	ref|NW_024704757.1|	27.875	287	174	8	66	321	10852893	10853747	1.09e-15	83.6	374	68	Callorhinchus milii isolate IMCB2004 unplaced genomic scaffold, IMCB_Cmil_1.0 Scaffold16, whole genome shotgun sequence
zebrafish|BGN|NP_001001825.2	ref|NW_024704757.1|	29.189	185	116	5	96	270	2442480	2443019	3.79e-09	63.2	374	47	Callorhinchus milii isolate IMCB2004 unplaced genomic scaffold, IMCB_Cmil_1.0 Scaffold16, whole genome shotgun sequence
zebrafish|BGN|NP_001001825.2	ref|NW_024704757.1|	24.648	284	162	6	41	296	2441454	2442233	1.03e-07	58.9	374	68	Callorhinchus milii isolate IMCB2004 unplaced genomic scaffold, IMCB_Cmil_1.0 Scaffold16, whole genome shotgun sequence
zebrafish|BGN|NP_001001825.2	ref|NW_024704744.1|	27.213	305	166	8	69	347	79694990	79695814	8.20e-20	95.9	374	75	Callorhinchus milii isolate IMCB2004 unplaced genomic scaffold, IMCB_Cmil_1.0 Scaffold3, whole genome shotgun sequence
zebrafish|BGN|NP_001001825.2	ref|NW_024704744.1|	27.203	261	135	5	90	301	34595795	34595031	1.21e-12	74.3	374	57	Callorhinchus milii isolate IMCB2004 unplaced genomic scaffold, IMCB_Cmil_1.0 Scaffold3, whole genome shotgun sequence
zebrafish|BGN|NP_001001825.2	ref|NW_024704744.1|	27.642	246	131	5	103	303	34595963	34595232	1.89e-09	64.3	374	54	Callorhinchus milii isolate IMCB2004 unplaced genomic scaffold, IMCB_Cmil_1.0 Scaffold3, whole genome shotgun sequence
zebrafish|BGN|NP_001001825.2	ref|NW_024704744.1|	26.778	239	144	11	66	293	42311229	42311885	2.12e-07	57.8	374	61	Callorhinchus milii isolate IMCB2004 unplaced genomic scaffold, IMCB_Cmil_1.0 Scaffold3, whole genome shotgun sequence
zebrafish|BGN|NP_001001825.2	ref|NW_024704744.1|	26.267	217	130	4	66	274	92686599	92686015	1.58e-06	55.1	374	56	Callorhinchus milii isolate IMCB2004 unplaced genomic scaffold, IMCB_Cmil_1.0 Scaffold3, whole genome shotgun sequence
zebrafish|BGN|NP_001001825.2	ref|NW_024704747.1|	27.389	314	187	7	67	341	26181836	26180901	1.23e-19	95.5	374	74	Callorhinchus milii isolate IMCB2004 unplaced genomic scaffold, IMCB_Cmil_1.0 Scaffold6, whole genome shotgun sequence
zebrafish|BGN|NP_001001825.2	ref|NW_024704747.1|	24.809	262	151	5	68	326	12274395	12273739	3.06e-11	69.7	374	69	Callorhinchus milii isolate IMCB2004 unplaced genomic scaffold, IMCB_Cmil_1.0 Scaffold6, whole genome shotgun sequence
zebrafish|BGN|NP_001001825.2	ref|NW_024704747.1|	35.398	113	67	3	69	175	14890228	14890566	6.22e-07	56.2	374	29	Callorhinchus milii isolate IMCB2004 unplaced genomic scaffold, IMCB_Cmil_1.0 Scaffold6, whole genome shotgun sequence
zebrafish|BGN|NP_001001825.2	ref|NW_024704769.1|	24.430	307	180	6	68	373	2665607	2664840	2.57e-18	91.7	374	82	Callorhinchus milii isolate IMCB2004 unplaced genomic scaffold, IMCB_Cmil_1.0 Scaffold28, whole genome shotgun sequence
zebrafish|BGN|NP_001001825.2	ref|NW_024704742.1|	28.682	258	133	5	69	321	120912615	120911980	8.44e-18	90.1	374	68	Callorhinchus milii isolate IMCB2004 unplaced genomic scaffold, IMCB_Cmil_1.0 Scaffold1, whole genome shotgun sequence
zebrafish|BGN|NP_001001825.2	ref|NW_024704742.1|	24.179	335	156	10	69	326	79614154	79615095	2.08e-11	70.5	374	69	Callorhinchus milii isolate IMCB2004 unplaced genomic scaffold, IMCB_Cmil_1.0 Scaffold1, whole genome shotgun sequence
zebrafish|BGN|NP_001001825.2	ref|NW_024704742.1|	27.928	222	150	7	101	318	5767132	5767779	3.11e-08	60.5	374	58	Callorhinchus milii isolate IMCB2004 unplaced genomic scaffold, IMCB_Cmil_1.0 Scaffold1, whole genome shotgun sequence
zebrafish|BGN|NP_001001825.2	ref|NW_024704742.1|	29.614	233	137	9	101	320	56565104	56564448	3.85e-07	57.0	374	59	Callorhinchus milii isolate IMCB2004 unplaced genomic scaffold, IMCB_Cmil_1.0 Scaffold1, whole genome shotgun sequence
zebrafish|BGN|NP_001001825.2	ref|NW_024704745.1|	27.986	293	168	7	80	329	17743762	17744640	6.69e-17	87.0	374	67	Callorhinchus milii isolate IMCB2004 unplaced genomic scaffold, IMCB_Cmil_1.0 Scaffold4, whole genome shotgun sequence
zebrafish|BGN|NP_001001825.2	ref|NW_024704745.1|	29.091	275	153	6	79	311	17719760	17720584	1.09e-15	83.6	374	62	Callorhinchus milii isolate IMCB2004 unplaced genomic scaffold, IMCB_Cmil_1.0 Scaffold4, whole genome shotgun sequence
zebrafish|BGN|NP_001001825.2	ref|NW_024704745.1|	27.273	341	195	13	69	373	51783261	51784232	7.52e-14	77.8	374	82	Callorhinchus milii isolate IMCB2004 unplaced genomic scaffold, IMCB_Cmil_1.0 Scaffold4, whole genome shotgun sequence
zebrafish|BGN|NP_001001825.2	ref|NW_024704745.1|	30.795	302	140	16	69	311	80762432	80761557	8.16e-14	77.8	374	65	Callorhinchus milii isolate IMCB2004 unplaced genomic scaffold, IMCB_Cmil_1.0 Scaffold4, whole genome shotgun sequence
zebrafish|BGN|NP_001001825.2	ref|NW_024704745.1|	26.007	273	147	8	99	334	17745103	17745867	2.01e-07	57.8	374	63	Callorhinchus milii isolate IMCB2004 unplaced genomic scaffold, IMCB_Cmil_1.0 Scaffold4, whole genome shotgun sequence
zebrafish|BGN|NP_001001825.2	ref|NW_024704745.1|	26.087	184	123	4	58	230	36980326	36979781	2.03e-07	57.8	374	46	Callorhinchus milii isolate IMCB2004 unplaced genomic scaffold, IMCB_Cmil_1.0 Scaffold4, whole genome shotgun sequence
zebrafish|BGN|NP_001001825.2	ref|NW_024704772.1|	28.626	262	139	5	68	302	2798379	2797657	1.24e-16	86.3	374	63	Callorhinchus milii isolate IMCB2004 unplaced genomic scaffold, IMCB_Cmil_1.0 Scaffold31, whole genome shotgun sequence
zebrafish|BGN|NP_001001825.2	ref|NW_024704772.1|	29.268	246	157	9	57	292	1848700	1847984	1.85e-12	73.6	374	63	Callorhinchus milii isolate IMCB2004 unplaced genomic scaffold, IMCB_Cmil_1.0 Scaffold31, whole genome shotgun sequence
zebrafish|BGN|NP_001001825.2	ref|NW_024704866.1|	33.149	181	119	2	138	316	116270	116812	1.83e-16	85.9	374	48	Callorhinchus milii isolate IMCB2004 unplaced genomic scaffold, IMCB_Cmil_1.0 Scaffold125, whole genome shotgun sequence
zebrafish|BGN|NP_001001825.2	ref|NW_024704866.1|	30.769	143	68	4	87	200	116324	116746	1.54e-06	55.1	374	30	Callorhinchus milii isolate IMCB2004 unplaced genomic scaffold, IMCB_Cmil_1.0 Scaffold125, whole genome shotgun sequence
zebrafish|BGN|NP_001001825.2	ref|NW_024704764.1|	32.308	195	121	5	68	253	7872596	7873174	2.35e-16	85.5	374	50	Callorhinchus milii isolate IMCB2004 unplaced genomic scaffold, IMCB_Cmil_1.0 Scaffold23, whole genome shotgun sequence
zebrafish|BGN|NP_001001825.2	ref|NW_024704764.1|	30.657	137	68	4	69	200	2917160	2917504	4.79e-06	53.5	374	35	Callorhinchus milii isolate IMCB2004 unplaced genomic scaffold, IMCB_Cmil_1.0 Scaffold23, whole genome shotgun sequence
zebrafish|BGN|NP_001001825.2	ref|NW_024704775.1|	24.841	314	177	8	60	369	191154	191930	3.11e-15	82.0	374	83	Callorhinchus milii isolate IMCB2004 unplaced genomic scaffold, IMCB_Cmil_1.0 Scaffold34, whole genome shotgun sequence
zebrafish|BGN|NP_001001825.2	ref|NW_024704770.1|	36.196	163	101	2	137	296	2964357	2964845	8.96e-15	80.9	374	43	Callorhinchus milii isolate IMCB2004 unplaced genomic scaffold, IMCB_Cmil_1.0 Scaffold29, whole genome shotgun sequence
zebrafish|BGN|NP_001001825.2	ref|NW_024704743.1|	28.472	288	169	7	69	321	47305513	47306370	1.25e-14	80.1	374	68	Callorhinchus milii isolate IMCB2004 unplaced genomic scaffold, IMCB_Cmil_1.0 Scaffold2, whole genome shotgun sequence
zebrafish|BGN|NP_001001825.2	ref|NW_024704743.1|	26.557	305	181	11	69	339	95298132	95299019	3.14e-11	69.7	374	72	Callorhinchus milii isolate IMCB2004 unplaced genomic scaffold, IMCB_Cmil_1.0 Scaffold2, whole genome shotgun sequence
zebrafish|BGN|NP_001001825.2	ref|NW_024705955.1|	29.487	234	155	5	96	321	9655	8960	3.92e-14	78.6	374	60	Callorhinchus milii isolate IMCB2004 unplaced genomic scaffold, IMCB_Cmil_1.0 Scaffold1214, whole genome shotgun sequence
zebrafish|BGN|NP_001001825.2	ref|NW_024705955.1|	28.352	261	154	6	69	318	10477	9761	2.41e-13	76.3	374	67	Callorhinchus milii isolate IMCB2004 unplaced genomic scaffold, IMCB_Cmil_1.0 Scaffold1214, whole genome shotgun sequence
zebrafish|BGN|NP_001001825.2	ref|NW_024705955.1|	27.055	292	168	9	86	337	9622	8762	1.77e-11	70.5	374	67	Callorhinchus milii isolate IMCB2004 unplaced genomic scaffold, IMCB_Cmil_1.0 Scaffold1214, whole genome shotgun sequence
zebrafish|BGN|NP_001001825.2	ref|NW_024705955.1|	26.210	248	126	5	101	293	9424	8687	4.55e-11	69.3	374	52	Callorhinchus milii isolate IMCB2004 unplaced genomic scaffold, IMCB_Cmil_1.0 Scaffold1214, whole genome shotgun sequence
zebrafish|BGN|NP_001001825.2	ref|NW_024704754.1|	25.794	252	143	4	69	319	7107111	7107737	1.07e-13	77.4	374	67	Callorhinchus milii isolate IMCB2004 unplaced genomic scaffold, IMCB_Cmil_1.0 Scaffold13, whole genome shotgun sequence
zebrafish|BGN|NP_001001825.2	ref|NW_024704754.1|	29.317	249	152	8	80	310	4347106	4347834	1.11e-06	55.5	374	62	Callorhinchus milii isolate IMCB2004 unplaced genomic scaffold, IMCB_Cmil_1.0 Scaffold13, whole genome shotgun sequence
zebrafish|BGN|NP_001001825.2	ref|NW_024704761.1|	27.306	271	133	10	69	302	2191340	2192071	2.60e-12	73.2	374	63	Callorhinchus milii isolate IMCB2004 unplaced genomic scaffold, IMCB_Cmil_1.0 Scaffold20, whole genome shotgun sequence
zebrafish|BGN|NP_001001825.2	ref|NW_024704758.1|	25.362	276	157	6	69	316	9714239	9713475	2.16e-10	67.0	374	66	Callorhinchus milii isolate IMCB2004 unplaced genomic scaffold, IMCB_Cmil_1.0 Scaffold17, whole genome shotgun sequence
zebrafish|BGN|NP_001001825.2	ref|NW_024704751.1|	24.895	237	148	5	59	293	3056586	3057212	9.30e-10	65.1	374	63	Callorhinchus milii isolate IMCB2004 unplaced genomic scaffold, IMCB_Cmil_1.0 Scaffold10, whole genome shotgun sequence
zebrafish|BGN|NP_001001825.2	ref|NW_024704782.1|	31.633	196	121	7	80	269	64436	63870	1.68e-09	64.3	374	51	Callorhinchus milii isolate IMCB2004 unplaced genomic scaffold, IMCB_Cmil_1.0 Scaffold41, whole genome shotgun sequence
zebrafish|BGN|NP_001001825.2	ref|NW_024704782.1|	29.381	194	107	5	148	316	63560	62994	5.50e-06	53.1	374	45	Callorhinchus milii isolate IMCB2004 unplaced genomic scaffold, IMCB_Cmil_1.0 Scaffold41, whole genome shotgun sequence
zebrafish|BGN|NP_001001825.2	ref|NW_024704768.1|	37.168	113	65	3	69	175	3616001	3616339	1.09e-08	62.0	374	29	Callorhinchus milii isolate IMCB2004 unplaced genomic scaffold, IMCB_Cmil_1.0 Scaffold27, whole genome shotgun sequence
zebrafish|BGN|NP_001001825.2	ref|NW_024704801.1|	30.070	143	96	1	69	207	68530	68958	1.93e-08	60.8	374	37	Callorhinchus milii isolate IMCB2004 unplaced genomic scaffold, IMCB_Cmil_1.0 Scaffold60, whole genome shotgun sequence
zebrafish|BGN|NP_001001825.2	ref|NW_024704767.1|	28.994	169	89	3	63	200	7326884	7326378	1.41e-07	58.2	374	37	Callorhinchus milii isolate IMCB2004 unplaced genomic scaffold, IMCB_Cmil_1.0 Scaffold26, whole genome shotgun sequence
zebrafish|BGN|NP_001001825.2	ref|NW_024705481.1|	25.114	219	125	5	71	256	28154	28792	1.47e-06	55.1	374	50	Callorhinchus milii isolate IMCB2004 unplaced genomic scaffold, IMCB_Cmil_1.0 Scaffold740, whole genome shotgun sequence
zebrafish|BGN|NP_001001825.2	ref|NW_024705201.1|	34.831	89	58	0	66	154	8988	8722	7.40e-06	52.8	374	24	Callorhinchus milii isolate IMCB2004 unplaced genomic scaffold, IMCB_Cmil_1.0 Scaffold460, whole genome shotgun sequence
zebrafish|BGN|NP_001001825.2	ref|NW_024704749.1|	34.286	140	85	4	110	245	16528021	16527611	8.97e-06	52.8	374	36	Callorhinchus milii isolate IMCB2004 unplaced genomic scaffold, IMCB_Cmil_1.0 Scaffold8, whole genome shotgun sequence
lepisosteus_oculatus|BGN|XP_069037386.1	ref|NW_024704760.1|	35.793	271	158	9	58	319	2139951	2140742	5.57e-30	125	362	72	Callorhinchus milii isolate IMCB2004 unplaced genomic scaffold, IMCB_Cmil_1.0 Scaffold19, whole genome shotgun sequence
lepisosteus_oculatus|BGN|XP_069037386.1	ref|NW_024704760.1|	36.296	270	150	10	50	306	2096223	2095441	9.11e-28	119	362	71	Callorhinchus milii isolate IMCB2004 unplaced genomic scaffold, IMCB_Cmil_1.0 Scaffold19, whole genome shotgun sequence
lepisosteus_oculatus|BGN|XP_069037386.1	ref|NW_024704760.1|	33.600	125	78	2	58	177	2126454	2126828	1.79e-11	70.5	362	33	Callorhinchus milii isolate IMCB2004 unplaced genomic scaffold, IMCB_Cmil_1.0 Scaffold19, whole genome shotgun sequence
lepisosteus_oculatus|BGN|XP_069037386.1	ref|NW_024704760.1|	43.077	65	37	0	114	178	2107310	2107116	3.70e-09	63.2	362	18	Callorhinchus milii isolate IMCB2004 unplaced genomic scaffold, IMCB_Cmil_1.0 Scaffold19, whole genome shotgun sequence
lepisosteus_oculatus|BGN|XP_069037386.1	ref|NW_024704760.1|	35.556	90	52	1	268	357	2104647	2104396	8.34e-07	55.8	362	25	Callorhinchus milii isolate IMCB2004 unplaced genomic scaffold, IMCB_Cmil_1.0 Scaffold19, whole genome shotgun sequence
lepisosteus_oculatus|BGN|XP_069037386.1	ref|NW_024704760.1|	26.178	191	83	5	57	189	359673	360245	2.99e-06	53.9	362	37	Callorhinchus milii isolate IMCB2004 unplaced genomic scaffold, IMCB_Cmil_1.0 Scaffold19, whole genome shotgun sequence
lepisosteus_oculatus|BGN|XP_069037386.1	ref|NW_024704760.1|	23.320	253	108	5	51	286	1455546	1456097	3.57e-06	53.9	362	65	Callorhinchus milii isolate IMCB2004 unplaced genomic scaffold, IMCB_Cmil_1.0 Scaffold19, whole genome shotgun sequence
lepisosteus_oculatus|BGN|XP_069037386.1	ref|NW_024704746.1|	34.328	268	161	8	47	307	33334125	33333346	1.06e-27	119	362	72	Callorhinchus milii isolate IMCB2004 unplaced genomic scaffold, IMCB_Cmil_1.0 Scaffold5, whole genome shotgun sequence
lepisosteus_oculatus|BGN|XP_069037386.1	ref|NW_024704746.1|	27.123	365	188	6	67	357	33404756	33403674	2.19e-25	112	362	80	Callorhinchus milii isolate IMCB2004 unplaced genomic scaffold, IMCB_Cmil_1.0 Scaffold5, whole genome shotgun sequence
lepisosteus_oculatus|BGN|XP_069037386.1	ref|NW_024704746.1|	30.712	267	166	9	58	311	33309909	33309127	3.68e-20	96.7	362	70	Callorhinchus milii isolate IMCB2004 unplaced genomic scaffold, IMCB_Cmil_1.0 Scaffold5, whole genome shotgun sequence
lepisosteus_oculatus|BGN|XP_069037386.1	ref|NW_024704746.1|	61.538	65	25	0	297	361	33363605	33363411	8.58e-19	92.8	362	18	Callorhinchus milii isolate IMCB2004 unplaced genomic scaffold, IMCB_Cmil_1.0 Scaffold5, whole genome shotgun sequence
lepisosteus_oculatus|BGN|XP_069037386.1	ref|NW_024704746.1|	26.124	356	183	13	58	339	53174462	53173413	3.18e-17	87.8	362	78	Callorhinchus milii isolate IMCB2004 unplaced genomic scaffold, IMCB_Cmil_1.0 Scaffold5, whole genome shotgun sequence
lepisosteus_oculatus|BGN|XP_069037386.1	ref|NW_024704746.1|	61.538	65	25	0	113	177	33368914	33368720	6.18e-16	84.0	362	18	Callorhinchus milii isolate IMCB2004 unplaced genomic scaffold, IMCB_Cmil_1.0 Scaffold5, whole genome shotgun sequence
lepisosteus_oculatus|BGN|XP_069037386.1	ref|NW_024704746.1|	29.952	207	134	7	126	326	68563288	68562683	3.67e-12	72.4	362	56	Callorhinchus milii isolate IMCB2004 unplaced genomic scaffold, IMCB_Cmil_1.0 Scaffold5, whole genome shotgun sequence
lepisosteus_oculatus|BGN|XP_069037386.1	ref|NW_024704746.1|	31.383	188	123	4	55	238	33404369	33403812	3.84e-12	72.4	362	51	Callorhinchus milii isolate IMCB2004 unplaced genomic scaffold, IMCB_Cmil_1.0 Scaffold5, whole genome shotgun sequence
lepisosteus_oculatus|BGN|XP_069037386.1	ref|NW_024704746.1|	40.708	113	64	1	65	174	33404135	33403797	5.30e-12	72.0	362	30	Callorhinchus milii isolate IMCB2004 unplaced genomic scaffold, IMCB_Cmil_1.0 Scaffold5, whole genome shotgun sequence
lepisosteus_oculatus|BGN|XP_069037386.1	ref|NW_024704746.1|	59.184	49	20	0	250	298	33364472	33364326	2.07e-10	67.0	362	14	Callorhinchus milii isolate IMCB2004 unplaced genomic scaffold, IMCB_Cmil_1.0 Scaffold5, whole genome shotgun sequence
lepisosteus_oculatus|BGN|XP_069037386.1	ref|NW_024704746.1|	33.333	192	113	6	83	273	33333801	33333268	3.31e-10	66.2	362	53	Callorhinchus milii isolate IMCB2004 unplaced genomic scaffold, IMCB_Cmil_1.0 Scaffold5, whole genome shotgun sequence
lepisosteus_oculatus|BGN|XP_069037386.1	ref|NW_024704746.1|	28.659	164	110	4	62	218	2755164	2755655	6.69e-10	65.5	362	43	Callorhinchus milii isolate IMCB2004 unplaced genomic scaffold, IMCB_Cmil_1.0 Scaffold5, whole genome shotgun sequence
lepisosteus_oculatus|BGN|XP_069037386.1	ref|NW_024704746.1|	67.442	43	14	0	71	113	33371058	33370930	4.05e-09	63.2	362	12	Callorhinchus milii isolate IMCB2004 unplaced genomic scaffold, IMCB_Cmil_1.0 Scaffold5, whole genome shotgun sequence
lepisosteus_oculatus|BGN|XP_069037386.1	ref|NW_024704746.1|	31.771	192	113	7	57	233	35493134	35493700	4.83e-09	62.8	362	49	Callorhinchus milii isolate IMCB2004 unplaced genomic scaffold, IMCB_Cmil_1.0 Scaffold5, whole genome shotgun sequence
lepisosteus_oculatus|BGN|XP_069037386.1	ref|NW_024704746.1|	29.530	149	98	3	55	196	46999419	46998973	3.52e-08	60.1	362	39	Callorhinchus milii isolate IMCB2004 unplaced genomic scaffold, IMCB_Cmil_1.0 Scaffold5, whole genome shotgun sequence
lepisosteus_oculatus|BGN|XP_069037386.1	ref|NW_024704746.1|	56.140	57	16	2	21	75	33377334	33377185	8.66e-08	58.9	362	15	Callorhinchus milii isolate IMCB2004 unplaced genomic scaffold, IMCB_Cmil_1.0 Scaffold5, whole genome shotgun sequence
lepisosteus_oculatus|BGN|XP_069037386.1	ref|NW_024704746.1|	33.803	142	86	4	64	202	2755407	2755817	1.34e-06	55.1	362	38	Callorhinchus milii isolate IMCB2004 unplaced genomic scaffold, IMCB_Cmil_1.0 Scaffold5, whole genome shotgun sequence
lepisosteus_oculatus|BGN|XP_069037386.1	ref|NW_024704746.1|	35.294	102	61	2	67	164	62435223	62435525	3.24e-06	53.9	362	27	Callorhinchus milii isolate IMCB2004 unplaced genomic scaffold, IMCB_Cmil_1.0 Scaffold5, whole genome shotgun sequence
lepisosteus_oculatus|BGN|XP_069037386.1	ref|NW_024704746.1|	36.111	108	66	1	69	173	9530410	9530087	5.47e-06	53.1	362	29	Callorhinchus milii isolate IMCB2004 unplaced genomic scaffold, IMCB_Cmil_1.0 Scaffold5, whole genome shotgun sequence
lepisosteus_oculatus|BGN|XP_069037386.1	ref|NW_024704750.1|	28.986	276	145	6	57	281	2049555	2050382	2.46e-22	103	362	62	Callorhinchus milii isolate IMCB2004 unplaced genomic scaffold, IMCB_Cmil_1.0 Scaffold9, whole genome shotgun sequence
lepisosteus_oculatus|BGN|XP_069037386.1	ref|NW_024704750.1|	30.841	214	115	4	57	260	14252182	14251610	5.54e-16	84.3	362	56	Callorhinchus milii isolate IMCB2004 unplaced genomic scaffold, IMCB_Cmil_1.0 Scaffold9, whole genome shotgun sequence
lepisosteus_oculatus|BGN|XP_069037386.1	ref|NW_024704753.1|	68.657	67	21	0	296	362	382498	382698	3.44e-22	102	362	19	Callorhinchus milii isolate IMCB2004 unplaced genomic scaffold, IMCB_Cmil_1.0 Scaffold12, whole genome shotgun sequence
lepisosteus_oculatus|BGN|XP_069037386.1	ref|NW_024704753.1|	29.362	235	153	6	56	286	393122	393799	1.26e-15	83.2	362	64	Callorhinchus milii isolate IMCB2004 unplaced genomic scaffold, IMCB_Cmil_1.0 Scaffold12, whole genome shotgun sequence
lepisosteus_oculatus|BGN|XP_069037386.1	ref|NW_024704753.1|	55.385	65	29	0	113	177	378877	379071	1.56e-13	76.6	362	18	Callorhinchus milii isolate IMCB2004 unplaced genomic scaffold, IMCB_Cmil_1.0 Scaffold12, whole genome shotgun sequence
lepisosteus_oculatus|BGN|XP_069037386.1	ref|NW_024704753.1|	26.866	268	148	7	58	280	2606192	2605398	3.24e-12	72.8	362	62	Callorhinchus milii isolate IMCB2004 unplaced genomic scaffold, IMCB_Cmil_1.0 Scaffold12, whole genome shotgun sequence
lepisosteus_oculatus|BGN|XP_069037386.1	ref|NW_024704753.1|	64.000	50	18	0	249	298	382095	382244	3.27e-12	72.8	362	14	Callorhinchus milii isolate IMCB2004 unplaced genomic scaffold, IMCB_Cmil_1.0 Scaffold12, whole genome shotgun sequence
lepisosteus_oculatus|BGN|XP_069037386.1	ref|NW_024704753.1|	31.250	160	80	4	58	187	19420938	19420459	2.32e-10	67.0	362	36	Callorhinchus milii isolate IMCB2004 unplaced genomic scaffold, IMCB_Cmil_1.0 Scaffold12, whole genome shotgun sequence
lepisosteus_oculatus|BGN|XP_069037386.1	ref|NW_024704753.1|	31.132	212	125	6	69	260	13233645	13233013	5.72e-09	62.4	362	53	Callorhinchus milii isolate IMCB2004 unplaced genomic scaffold, IMCB_Cmil_1.0 Scaffold12, whole genome shotgun sequence
lepisosteus_oculatus|BGN|XP_069037386.1	ref|NW_024704753.1|	26.347	167	111	4	79	239	393380	393862	2.00e-07	57.8	362	44	Callorhinchus milii isolate IMCB2004 unplaced genomic scaffold, IMCB_Cmil_1.0 Scaffold12, whole genome shotgun sequence
lepisosteus_oculatus|BGN|XP_069037386.1	ref|NW_024704753.1|	58.140	43	18	0	71	113	376870	376998	3.10e-07	57.0	362	12	Callorhinchus milii isolate IMCB2004 unplaced genomic scaffold, IMCB_Cmil_1.0 Scaffold12, whole genome shotgun sequence
lepisosteus_oculatus|BGN|XP_069037386.1	ref|NW_024704753.1|	33.654	104	64	3	213	314	393158	393460	6.58e-07	56.2	362	28	Callorhinchus milii isolate IMCB2004 unplaced genomic scaffold, IMCB_Cmil_1.0 Scaffold12, whole genome shotgun sequence
lepisosteus_oculatus|BGN|XP_069037386.1	ref|NW_024704753.1|	25.434	173	120	4	55	220	18820053	18819541	2.26e-06	54.3	362	46	Callorhinchus milii isolate IMCB2004 unplaced genomic scaffold, IMCB_Cmil_1.0 Scaffold12, whole genome shotgun sequence
lepisosteus_oculatus|BGN|XP_069037386.1	ref|NW_024704744.1|	30.241	291	168	8	28	314	79694918	79695697	5.47e-22	102	362	79	Callorhinchus milii isolate IMCB2004 unplaced genomic scaffold, IMCB_Cmil_1.0 Scaffold3, whole genome shotgun sequence
lepisosteus_oculatus|BGN|XP_069037386.1	ref|NW_024704744.1|	27.536	276	152	8	60	289	34595852	34595031	3.54e-12	72.4	362	64	Callorhinchus milii isolate IMCB2004 unplaced genomic scaffold, IMCB_Cmil_1.0 Scaffold3, whole genome shotgun sequence
lepisosteus_oculatus|BGN|XP_069037386.1	ref|NW_024704744.1|	28.085	235	141	10	57	281	42311235	42311885	1.09e-09	64.7	362	62	Callorhinchus milii isolate IMCB2004 unplaced genomic scaffold, IMCB_Cmil_1.0 Scaffold3, whole genome shotgun sequence
lepisosteus_oculatus|BGN|XP_069037386.1	ref|NW_024704778.1|	30.970	268	157	6	52	315	50929	50198	1.25e-20	98.2	362	73	Callorhinchus milii isolate IMCB2004 unplaced genomic scaffold, IMCB_Cmil_1.0 Scaffold37, whole genome shotgun sequence
lepisosteus_oculatus|BGN|XP_069037386.1	ref|NW_024704778.1|	27.273	220	129	5	57	267	405841	406434	9.28e-08	58.9	362	58	Callorhinchus milii isolate IMCB2004 unplaced genomic scaffold, IMCB_Cmil_1.0 Scaffold37, whole genome shotgun sequence
lepisosteus_oculatus|BGN|XP_069037386.1	ref|NW_024704742.1|	27.915	283	192	7	58	330	120912615	120911773	1.51e-19	95.1	362	75	Callorhinchus milii isolate IMCB2004 unplaced genomic scaffold, IMCB_Cmil_1.0 Scaffold1, whole genome shotgun sequence
lepisosteus_oculatus|BGN|XP_069037386.1	ref|NW_024704742.1|	27.532	316	168	10	58	314	79614154	79615095	3.57e-15	81.6	362	71	Callorhinchus milii isolate IMCB2004 unplaced genomic scaffold, IMCB_Cmil_1.0 Scaffold1, whole genome shotgun sequence
lepisosteus_oculatus|BGN|XP_069037386.1	ref|NW_024704742.1|	27.329	161	90	2	64	221	34717369	34716959	7.07e-08	59.3	362	44	Callorhinchus milii isolate IMCB2004 unplaced genomic scaffold, IMCB_Cmil_1.0 Scaffold1, whole genome shotgun sequence
lepisosteus_oculatus|BGN|XP_069037386.1	ref|NW_024704742.1|	35.185	108	65	2	210	314	56570164	56569847	1.54e-06	55.1	362	29	Callorhinchus milii isolate IMCB2004 unplaced genomic scaffold, IMCB_Cmil_1.0 Scaffold1, whole genome shotgun sequence
lepisosteus_oculatus|BGN|XP_069037386.1	ref|NW_024704761.1|	30.522	249	159	8	56	293	2191334	2192071	3.02e-18	90.9	362	66	Callorhinchus milii isolate IMCB2004 unplaced genomic scaffold, IMCB_Cmil_1.0 Scaffold20, whole genome shotgun sequence
lepisosteus_oculatus|BGN|XP_069037386.1	ref|NW_024704748.1|	27.037	270	159	5	57	292	16958530	16957733	4.77e-18	90.5	362	65	Callorhinchus milii isolate IMCB2004 unplaced genomic scaffold, IMCB_Cmil_1.0 Scaffold7, whole genome shotgun sequence
lepisosteus_oculatus|BGN|XP_069037386.1	ref|NW_024704745.1|	28.417	278	155	8	69	304	17743762	17744589	3.45e-17	87.8	362	65	Callorhinchus milii isolate IMCB2004 unplaced genomic scaffold, IMCB_Cmil_1.0 Scaffold4, whole genome shotgun sequence
lepisosteus_oculatus|BGN|XP_069037386.1	ref|NW_024704745.1|	30.657	274	147	7	68	298	17719760	17720581	1.56e-15	82.8	362	64	Callorhinchus milii isolate IMCB2004 unplaced genomic scaffold, IMCB_Cmil_1.0 Scaffold4, whole genome shotgun sequence
lepisosteus_oculatus|BGN|XP_069037386.1	ref|NW_024704745.1|	27.103	321	185	12	57	340	51783258	51784184	6.62e-15	80.9	362	78	Callorhinchus milii isolate IMCB2004 unplaced genomic scaffold, IMCB_Cmil_1.0 Scaffold4, whole genome shotgun sequence
lepisosteus_oculatus|BGN|XP_069037386.1	ref|NW_024704745.1|	29.921	254	141	11	55	279	80762441	80761704	3.72e-10	66.2	362	62	Callorhinchus milii isolate IMCB2004 unplaced genomic scaffold, IMCB_Cmil_1.0 Scaffold4, whole genome shotgun sequence
lepisosteus_oculatus|BGN|XP_069037386.1	ref|NW_024704745.1|	30.811	185	105	8	50	218	36980314	36979781	7.25e-07	55.8	362	47	Callorhinchus milii isolate IMCB2004 unplaced genomic scaffold, IMCB_Cmil_1.0 Scaffold4, whole genome shotgun sequence
lepisosteus_oculatus|BGN|XP_069037386.1	ref|NW_024704775.1|	25.472	318	182	10	44	357	191130	191930	5.21e-17	87.4	362	87	Callorhinchus milii isolate IMCB2004 unplaced genomic scaffold, IMCB_Cmil_1.0 Scaffold34, whole genome shotgun sequence
lepisosteus_oculatus|BGN|XP_069037386.1	ref|NW_024704764.1|	30.846	201	127	6	51	241	7872578	7873174	9.43e-17	86.7	362	53	Callorhinchus milii isolate IMCB2004 unplaced genomic scaffold, IMCB_Cmil_1.0 Scaffold23, whole genome shotgun sequence
lepisosteus_oculatus|BGN|XP_069037386.1	ref|NW_024704764.1|	28.986	138	72	4	56	188	2917154	2917504	1.37e-06	55.1	362	37	Callorhinchus milii isolate IMCB2004 unplaced genomic scaffold, IMCB_Cmil_1.0 Scaffold23, whole genome shotgun sequence
lepisosteus_oculatus|BGN|XP_069037386.1	ref|NW_024704772.1|	31.621	253	150	11	48	286	1848697	1847966	1.22e-16	86.3	362	66	Callorhinchus milii isolate IMCB2004 unplaced genomic scaffold, IMCB_Cmil_1.0 Scaffold31, whole genome shotgun sequence
lepisosteus_oculatus|BGN|XP_069037386.1	ref|NW_024704772.1|	26.056	284	152	7	57	312	2798379	2797618	1.94e-12	73.2	362	71	Callorhinchus milii isolate IMCB2004 unplaced genomic scaffold, IMCB_Cmil_1.0 Scaffold31, whole genome shotgun sequence
lepisosteus_oculatus|BGN|XP_069037386.1	ref|NW_024704772.1|	35.227	88	54	1	85	169	1858167	1858430	2.92e-06	53.9	362	23	Callorhinchus milii isolate IMCB2004 unplaced genomic scaffold, IMCB_Cmil_1.0 Scaffold31, whole genome shotgun sequence
lepisosteus_oculatus|BGN|XP_069037386.1	ref|NW_024704769.1|	27.547	265	152	7	57	286	2665607	2664828	1.92e-16	85.5	362	64	Callorhinchus milii isolate IMCB2004 unplaced genomic scaffold, IMCB_Cmil_1.0 Scaffold28, whole genome shotgun sequence
lepisosteus_oculatus|BGN|XP_069037386.1	ref|NW_024704743.1|	30.233	258	163	8	56	298	47305507	47306274	2.05e-16	85.5	362	67	Callorhinchus milii isolate IMCB2004 unplaced genomic scaffold, IMCB_Cmil_1.0 Scaffold2, whole genome shotgun sequence
lepisosteus_oculatus|BGN|XP_069037386.1	ref|NW_024704743.1|	27.027	259	156	6	55	306	95298123	95298821	1.22e-11	70.9	362	70	Callorhinchus milii isolate IMCB2004 unplaced genomic scaffold, IMCB_Cmil_1.0 Scaffold2, whole genome shotgun sequence
lepisosteus_oculatus|BGN|XP_069037386.1	ref|NW_024704743.1|	33.065	124	60	3	57	177	45400557	45400868	6.25e-07	56.2	362	33	Callorhinchus milii isolate IMCB2004 unplaced genomic scaffold, IMCB_Cmil_1.0 Scaffold2, whole genome shotgun sequence
lepisosteus_oculatus|BGN|XP_069037386.1	ref|NW_024704757.1|	29.167	264	146	8	90	317	2442063	2442839	8.81e-16	83.6	362	63	Callorhinchus milii isolate IMCB2004 unplaced genomic scaffold, IMCB_Cmil_1.0 Scaffold16, whole genome shotgun sequence
lepisosteus_oculatus|BGN|XP_069037386.1	ref|NW_024704757.1|	30.182	275	158	9	54	296	10852890	10853708	8.09e-15	80.5	362	67	Callorhinchus milii isolate IMCB2004 unplaced genomic scaffold, IMCB_Cmil_1.0 Scaffold16, whole genome shotgun sequence
lepisosteus_oculatus|BGN|XP_069037386.1	ref|NW_024704757.1|	36.000	100	63	1	216	314	6118371	6118670	4.20e-08	59.7	362	27	Callorhinchus milii isolate IMCB2004 unplaced genomic scaffold, IMCB_Cmil_1.0 Scaffold16, whole genome shotgun sequence
lepisosteus_oculatus|BGN|XP_069037386.1	ref|NW_024704757.1|	36.000	100	63	1	216	314	6103681	6103980	7.07e-08	59.3	362	27	Callorhinchus milii isolate IMCB2004 unplaced genomic scaffold, IMCB_Cmil_1.0 Scaffold16, whole genome shotgun sequence
lepisosteus_oculatus|BGN|XP_069037386.1	ref|NW_024704752.1|	27.160	243	146	5	57	290	8470199	8470861	2.27e-15	82.4	362	65	Callorhinchus milii isolate IMCB2004 unplaced genomic scaffold, IMCB_Cmil_1.0 Scaffold11, whole genome shotgun sequence
lepisosteus_oculatus|BGN|XP_069037386.1	ref|NW_024704752.1|	26.073	303	181	10	90	359	3355214	3356092	2.41e-11	70.1	362	75	Callorhinchus milii isolate IMCB2004 unplaced genomic scaffold, IMCB_Cmil_1.0 Scaffold11, whole genome shotgun sequence
lepisosteus_oculatus|BGN|XP_069037386.1	ref|NW_024704752.1|	25.260	289	181	8	48	328	3349882	3350667	4.44e-10	65.9	362	78	Callorhinchus milii isolate IMCB2004 unplaced genomic scaffold, IMCB_Cmil_1.0 Scaffold11, whole genome shotgun sequence
lepisosteus_oculatus|BGN|XP_069037386.1	ref|NW_024704752.1|	28.241	216	144	6	108	314	3349711	3350352	1.11e-08	61.6	362	57	Callorhinchus milii isolate IMCB2004 unplaced genomic scaffold, IMCB_Cmil_1.0 Scaffold11, whole genome shotgun sequence
lepisosteus_oculatus|BGN|XP_069037386.1	ref|NW_024704752.1|	36.170	94	59	1	222	314	17840313	17840032	2.44e-07	57.4	362	26	Callorhinchus milii isolate IMCB2004 unplaced genomic scaffold, IMCB_Cmil_1.0 Scaffold11, whole genome shotgun sequence
lepisosteus_oculatus|BGN|XP_069037386.1	ref|NW_024704752.1|	42.466	73	42	0	213	285	13145423	13145641	2.76e-07	57.4	362	20	Callorhinchus milii isolate IMCB2004 unplaced genomic scaffold, IMCB_Cmil_1.0 Scaffold11, whole genome shotgun sequence
lepisosteus_oculatus|BGN|XP_069037386.1	ref|NW_024704752.1|	25.830	271	146	8	55	317	3354959	3355630	3.59e-07	57.0	362	73	Callorhinchus milii isolate IMCB2004 unplaced genomic scaffold, IMCB_Cmil_1.0 Scaffold11, whole genome shotgun sequence
lepisosteus_oculatus|BGN|XP_069037386.1	ref|NW_024704752.1|	29.851	134	61	3	48	148	17840448	17840047	5.01e-06	53.1	362	28	Callorhinchus milii isolate IMCB2004 unplaced genomic scaffold, IMCB_Cmil_1.0 Scaffold11, whole genome shotgun sequence
lepisosteus_oculatus|BGN|XP_069037386.1	ref|NW_024704752.1|	27.240	279	161	13	75	319	126381	127193	5.38e-06	53.1	362	68	Callorhinchus milii isolate IMCB2004 unplaced genomic scaffold, IMCB_Cmil_1.0 Scaffold11, whole genome shotgun sequence
lepisosteus_oculatus|BGN|XP_069037386.1	ref|NW_024704754.1|	27.972	286	171	9	52	304	7107093	7107944	5.52e-15	81.3	362	70	Callorhinchus milii isolate IMCB2004 unplaced genomic scaffold, IMCB_Cmil_1.0 Scaffold13, whole genome shotgun sequence
lepisosteus_oculatus|BGN|XP_069037386.1	ref|NW_024704754.1|	30.677	251	151	8	66	298	4347097	4347834	1.07e-08	61.6	362	64	Callorhinchus milii isolate IMCB2004 unplaced genomic scaffold, IMCB_Cmil_1.0 Scaffold13, whole genome shotgun sequence
lepisosteus_oculatus|BGN|XP_069037386.1	ref|NW_024704754.1|	27.425	299	172	8	54	310	4347286	4348173	8.66e-08	58.9	362	71	Callorhinchus milii isolate IMCB2004 unplaced genomic scaffold, IMCB_Cmil_1.0 Scaffold13, whole genome shotgun sequence
lepisosteus_oculatus|BGN|XP_069037386.1	ref|NW_024704770.1|	36.810	163	99	3	126	284	2964357	2964845	6.99e-15	80.9	362	44	Callorhinchus milii isolate IMCB2004 unplaced genomic scaffold, IMCB_Cmil_1.0 Scaffold29, whole genome shotgun sequence
lepisosteus_oculatus|BGN|XP_069037386.1	ref|NW_024704747.1|	24.042	287	164	5	45	325	12274422	12273706	6.99e-15	80.9	362	78	Callorhinchus milii isolate IMCB2004 unplaced genomic scaffold, IMCB_Cmil_1.0 Scaffold6, whole genome shotgun sequence
lepisosteus_oculatus|BGN|XP_069037386.1	ref|NW_024704747.1|	35.398	113	67	3	58	164	14890228	14890566	4.54e-09	62.8	362	30	Callorhinchus milii isolate IMCB2004 unplaced genomic scaffold, IMCB_Cmil_1.0 Scaffold6, whole genome shotgun sequence
lepisosteus_oculatus|BGN|XP_069037386.1	ref|NW_024704762.1|	30.000	220	143	6	104	314	6015462	6016115	8.57e-15	65.1	362	58	Callorhinchus milii isolate IMCB2004 unplaced genomic scaffold, IMCB_Cmil_1.0 Scaffold21, whole genome shotgun sequence
lepisosteus_oculatus|BGN|XP_069037386.1	ref|NW_024704762.1|	40.000	45	25	1	58	100	6015319	6015453	8.57e-15	37.7	362	12	Callorhinchus milii isolate IMCB2004 unplaced genomic scaffold, IMCB_Cmil_1.0 Scaffold21, whole genome shotgun sequence
lepisosteus_oculatus|BGN|XP_069037386.1	ref|NW_024704762.1|	28.761	226	129	6	90	284	6015636	6016310	2.18e-07	57.8	362	54	Callorhinchus milii isolate IMCB2004 unplaced genomic scaffold, IMCB_Cmil_1.0 Scaffold21, whole genome shotgun sequence
lepisosteus_oculatus|BGN|XP_069037386.1	ref|NW_024704866.1|	34.177	158	101	3	127	281	116270	116743	4.97e-14	78.2	362	43	Callorhinchus milii isolate IMCB2004 unplaced genomic scaffold, IMCB_Cmil_1.0 Scaffold125, whole genome shotgun sequence
lepisosteus_oculatus|BGN|XP_069037386.1	ref|NW_024704768.1|	38.938	113	63	3	58	164	3616001	3616339	8.26e-13	74.3	362	30	Callorhinchus milii isolate IMCB2004 unplaced genomic scaffold, IMCB_Cmil_1.0 Scaffold27, whole genome shotgun sequence
lepisosteus_oculatus|BGN|XP_069037386.1	ref|NW_024705955.1|	26.978	278	162	7	38	306	10498	9761	2.32e-11	70.1	362	74	Callorhinchus milii isolate IMCB2004 unplaced genomic scaffold, IMCB_Cmil_1.0 Scaffold1214, whole genome shotgun sequence
lepisosteus_oculatus|BGN|XP_069037386.1	ref|NW_024705955.1|	28.384	229	143	8	89	307	9835	9182	5.36e-10	65.9	362	60	Callorhinchus milii isolate IMCB2004 unplaced genomic scaffold, IMCB_Cmil_1.0 Scaffold1214, whole genome shotgun sequence
lepisosteus_oculatus|BGN|XP_069037386.1	ref|NW_024705955.1|	27.481	262	176	7	55	304	9466	8687	5.36e-10	65.9	362	69	Callorhinchus milii isolate IMCB2004 unplaced genomic scaffold, IMCB_Cmil_1.0 Scaffold1214, whole genome shotgun sequence
lepisosteus_oculatus|BGN|XP_069037386.1	ref|NW_024705955.1|	26.172	256	175	7	66	309	9721	8960	2.87e-09	63.5	362	67	Callorhinchus milii isolate IMCB2004 unplaced genomic scaffold, IMCB_Cmil_1.0 Scaffold1214, whole genome shotgun sequence
lepisosteus_oculatus|BGN|XP_069037386.1	ref|NW_024705955.1|	27.757	263	174	8	55	304	9682	8903	1.97e-08	60.8	362	69	Callorhinchus milii isolate IMCB2004 unplaced genomic scaffold, IMCB_Cmil_1.0 Scaffold1214, whole genome shotgun sequence
lepisosteus_oculatus|BGN|XP_069037386.1	ref|NW_024705481.1|	26.291	213	121	6	61	241	28157	28783	7.08e-09	62.4	362	50	Callorhinchus milii isolate IMCB2004 unplaced genomic scaffold, IMCB_Cmil_1.0 Scaffold740, whole genome shotgun sequence
lepisosteus_oculatus|BGN|XP_069037386.1	ref|NW_024704801.1|	33.600	125	79	1	58	178	68530	68904	1.02e-08	61.6	362	33	Callorhinchus milii isolate IMCB2004 unplaced genomic scaffold, IMCB_Cmil_1.0 Scaffold60, whole genome shotgun sequence
lepisosteus_oculatus|BGN|XP_069037386.1	ref|NW_024704782.1|	28.452	239	117	7	69	304	63557	62994	3.78e-08	60.1	362	65	Callorhinchus milii isolate IMCB2004 unplaced genomic scaffold, IMCB_Cmil_1.0 Scaffold41, whole genome shotgun sequence
lepisosteus_oculatus|BGN|XP_069037386.1	ref|NW_024704782.1|	27.004	237	124	4	69	304	64436	63870	2.40e-06	54.3	362	65	Callorhinchus milii isolate IMCB2004 unplaced genomic scaffold, IMCB_Cmil_1.0 Scaffold41, whole genome shotgun sequence
lepisosteus_oculatus|BGN|XP_069037386.1	ref|NW_024704758.1|	23.571	280	141	7	57	284	9714242	9713466	1.39e-07	58.2	362	63	Callorhinchus milii isolate IMCB2004 unplaced genomic scaffold, IMCB_Cmil_1.0 Scaffold17, whole genome shotgun sequence
latimeria_chalumnae|BGN|XP_064415290.1	ref|NW_024704778.1|	30.976	297	176	7	28	320	51013	50198	6.07e-24	108	367	80	Callorhinchus milii isolate IMCB2004 unplaced genomic scaffold, IMCB_Cmil_1.0 Scaffold37, whole genome shotgun sequence
latimeria_chalumnae|BGN|XP_064415290.1	ref|NW_024704748.1|	28.244	262	178	5	62	315	16958527	16957748	8.49e-24	107	367	69	Callorhinchus milii isolate IMCB2004 unplaced genomic scaffold, IMCB_Cmil_1.0 Scaffold7, whole genome shotgun sequence
latimeria_chalumnae|BGN|XP_064415290.1	ref|NW_024704760.1|	31.734	271	170	8	62	324	2139951	2140742	1.61e-23	107	367	72	Callorhinchus milii isolate IMCB2004 unplaced genomic scaffold, IMCB_Cmil_1.0 Scaffold19, whole genome shotgun sequence
latimeria_chalumnae|BGN|XP_064415290.1	ref|NW_024704760.1|	32.584	267	159	9	57	311	2096214	2095441	4.96e-23	105	367	69	Callorhinchus milii isolate IMCB2004 unplaced genomic scaffold, IMCB_Cmil_1.0 Scaffold19, whole genome shotgun sequence
latimeria_chalumnae|BGN|XP_064415290.1	ref|NW_024704760.1|	33.094	139	88	2	62	195	2126454	2126870	2.44e-13	76.3	367	37	Callorhinchus milii isolate IMCB2004 unplaced genomic scaffold, IMCB_Cmil_1.0 Scaffold19, whole genome shotgun sequence
latimeria_chalumnae|BGN|XP_064415290.1	ref|NW_024704760.1|	48.684	76	39	0	109	184	2107337	2107110	1.20e-11	70.9	367	21	Callorhinchus milii isolate IMCB2004 unplaced genomic scaffold, IMCB_Cmil_1.0 Scaffold19, whole genome shotgun sequence
latimeria_chalumnae|BGN|XP_064415290.1	ref|NW_024704760.1|	40.000	85	45	1	277	361	2104635	2104399	2.40e-09	63.9	367	23	Callorhinchus milii isolate IMCB2004 unplaced genomic scaffold, IMCB_Cmil_1.0 Scaffold19, whole genome shotgun sequence
latimeria_chalumnae|BGN|XP_064415290.1	ref|NW_024704760.1|	67.500	40	13	0	76	115	2108896	2108777	7.47e-06	52.8	367	11	Callorhinchus milii isolate IMCB2004 unplaced genomic scaffold, IMCB_Cmil_1.0 Scaffold19, whole genome shotgun sequence
latimeria_chalumnae|BGN|XP_064415290.1	ref|NW_024704753.1|	68.657	67	21	0	301	367	382498	382698	2.30e-23	106	367	18	Callorhinchus milii isolate IMCB2004 unplaced genomic scaffold, IMCB_Cmil_1.0 Scaffold12, whole genome shotgun sequence
latimeria_chalumnae|BGN|XP_064415290.1	ref|NW_024704753.1|	56.338	71	31	0	117	187	378877	379089	5.73e-16	84.3	367	19	Callorhinchus milii isolate IMCB2004 unplaced genomic scaffold, IMCB_Cmil_1.0 Scaffold12, whole genome shotgun sequence
latimeria_chalumnae|BGN|XP_064415290.1	ref|NW_024704753.1|	26.357	258	155	5	60	314	393122	393799	3.61e-12	72.4	367	69	Callorhinchus milii isolate IMCB2004 unplaced genomic scaffold, IMCB_Cmil_1.0 Scaffold12, whole genome shotgun sequence
latimeria_chalumnae|BGN|XP_064415290.1	ref|NW_024704753.1|	30.625	160	82	3	62	192	19420938	19420459	5.31e-12	72.0	367	36	Callorhinchus milii isolate IMCB2004 unplaced genomic scaffold, IMCB_Cmil_1.0 Scaffold12, whole genome shotgun sequence
latimeria_chalumnae|BGN|XP_064415290.1	ref|NW_024704753.1|	62.000	50	19	0	254	303	382095	382244	3.32e-11	69.7	367	14	Callorhinchus milii isolate IMCB2004 unplaced genomic scaffold, IMCB_Cmil_1.0 Scaffold12, whole genome shotgun sequence
latimeria_chalumnae|BGN|XP_064415290.1	ref|NW_024704753.1|	25.899	278	160	8	62	319	2606192	2605437	3.21e-09	63.5	367	70	Callorhinchus milii isolate IMCB2004 unplaced genomic scaffold, IMCB_Cmil_1.0 Scaffold12, whole genome shotgun sequence
latimeria_chalumnae|BGN|XP_064415290.1	ref|NW_024704753.1|	35.577	104	62	3	218	319	393158	393460	2.67e-07	57.4	367	28	Callorhinchus milii isolate IMCB2004 unplaced genomic scaffold, IMCB_Cmil_1.0 Scaffold12, whole genome shotgun sequence
latimeria_chalumnae|BGN|XP_064415290.1	ref|NW_024704753.1|	65.116	43	15	0	75	117	376870	376998	2.69e-07	57.4	367	12	Callorhinchus milii isolate IMCB2004 unplaced genomic scaffold, IMCB_Cmil_1.0 Scaffold12, whole genome shotgun sequence
latimeria_chalumnae|BGN|XP_064415290.1	ref|NW_024704753.1|	26.316	171	122	2	59	225	18820053	18819541	1.29e-06	55.1	367	46	Callorhinchus milii isolate IMCB2004 unplaced genomic scaffold, IMCB_Cmil_1.0 Scaffold12, whole genome shotgun sequence
latimeria_chalumnae|BGN|XP_064415290.1	ref|NW_024704753.1|	27.647	170	112	3	80	244	393371	393862	2.18e-06	54.3	367	45	Callorhinchus milii isolate IMCB2004 unplaced genomic scaffold, IMCB_Cmil_1.0 Scaffold12, whole genome shotgun sequence
latimeria_chalumnae|BGN|XP_064415290.1	ref|NW_024704753.1|	26.667	195	137	4	142	333	393140	393715	5.05e-06	53.1	367	52	Callorhinchus milii isolate IMCB2004 unplaced genomic scaffold, IMCB_Cmil_1.0 Scaffold12, whole genome shotgun sequence
latimeria_chalumnae|BGN|XP_064415290.1	ref|NW_024704750.1|	31.179	263	152	6	61	319	2049555	2050268	4.04e-23	105	367	71	Callorhinchus milii isolate IMCB2004 unplaced genomic scaffold, IMCB_Cmil_1.0 Scaffold9, whole genome shotgun sequence
latimeria_chalumnae|BGN|XP_064415290.1	ref|NW_024704750.1|	25.746	268	143	6	61	324	14252182	14251535	8.15e-12	71.6	367	72	Callorhinchus milii isolate IMCB2004 unplaced genomic scaffold, IMCB_Cmil_1.0 Scaffold9, whole genome shotgun sequence
latimeria_chalumnae|BGN|XP_064415290.1	ref|NW_024704746.1|	33.206	262	159	9	57	311	33334107	33333349	5.59e-23	105	367	69	Callorhinchus milii isolate IMCB2004 unplaced genomic scaffold, IMCB_Cmil_1.0 Scaffold5, whole genome shotgun sequence
latimeria_chalumnae|BGN|XP_064415290.1	ref|NW_024704746.1|	31.076	251	167	4	71	317	33404756	33404010	1.02e-22	104	367	67	Callorhinchus milii isolate IMCB2004 unplaced genomic scaffold, IMCB_Cmil_1.0 Scaffold5, whole genome shotgun sequence
latimeria_chalumnae|BGN|XP_064415290.1	ref|NW_024704746.1|	67.692	65	21	0	302	366	33363605	33363411	4.42e-21	99.8	367	18	Callorhinchus milii isolate IMCB2004 unplaced genomic scaffold, IMCB_Cmil_1.0 Scaffold5, whole genome shotgun sequence
latimeria_chalumnae|BGN|XP_064415290.1	ref|NW_024704746.1|	30.502	259	165	7	62	311	33309909	33309151	1.84e-17	89.0	367	68	Callorhinchus milii isolate IMCB2004 unplaced genomic scaffold, IMCB_Cmil_1.0 Scaffold5, whole genome shotgun sequence
latimeria_chalumnae|BGN|XP_064415290.1	ref|NW_024704746.1|	33.171	205	131	4	59	259	33404369	33403761	1.79e-16	85.9	367	55	Callorhinchus milii isolate IMCB2004 unplaced genomic scaffold, IMCB_Cmil_1.0 Scaffold5, whole genome shotgun sequence
latimeria_chalumnae|BGN|XP_064415290.1	ref|NW_024704746.1|	63.077	65	24	0	117	181	33368914	33368720	1.94e-15	82.8	367	18	Callorhinchus milii isolate IMCB2004 unplaced genomic scaffold, IMCB_Cmil_1.0 Scaffold5, whole genome shotgun sequence
latimeria_chalumnae|BGN|XP_064415290.1	ref|NW_024704746.1|	27.536	276	151	6	62	309	68563291	68562527	2.52e-15	82.4	367	68	Callorhinchus milii isolate IMCB2004 unplaced genomic scaffold, IMCB_Cmil_1.0 Scaffold5, whole genome shotgun sequence
latimeria_chalumnae|BGN|XP_064415290.1	ref|NW_024704746.1|	32.370	173	86	3	50	195	46999434	46998928	5.18e-14	78.2	367	40	Callorhinchus milii isolate IMCB2004 unplaced genomic scaffold, IMCB_Cmil_1.0 Scaffold5, whole genome shotgun sequence
latimeria_chalumnae|BGN|XP_064415290.1	ref|NW_024704746.1|	26.766	269	171	8	62	308	53174462	53173668	2.40e-13	76.3	367	67	Callorhinchus milii isolate IMCB2004 unplaced genomic scaffold, IMCB_Cmil_1.0 Scaffold5, whole genome shotgun sequence
latimeria_chalumnae|BGN|XP_064415290.1	ref|NW_024704746.1|	51.899	79	25	3	1	79	33377382	33377185	6.30e-11	68.6	367	22	Callorhinchus milii isolate IMCB2004 unplaced genomic scaffold, IMCB_Cmil_1.0 Scaffold5, whole genome shotgun sequence
latimeria_chalumnae|BGN|XP_064415290.1	ref|NW_024704746.1|	61.224	49	19	0	255	303	33364472	33364326	1.51e-10	67.4	367	13	Callorhinchus milii isolate IMCB2004 unplaced genomic scaffold, IMCB_Cmil_1.0 Scaffold5, whole genome shotgun sequence
latimeria_chalumnae|BGN|XP_064415290.1	ref|NW_024704746.1|	72.093	43	12	0	75	117	33371058	33370930	1.07e-09	65.1	367	12	Callorhinchus milii isolate IMCB2004 unplaced genomic scaffold, IMCB_Cmil_1.0 Scaffold5, whole genome shotgun sequence
latimeria_chalumnae|BGN|XP_064415290.1	ref|NW_024704746.1|	43.478	69	39	0	88	156	35493362	35493568	2.62e-09	63.5	367	19	Callorhinchus milii isolate IMCB2004 unplaced genomic scaffold, IMCB_Cmil_1.0 Scaffold5, whole genome shotgun sequence
latimeria_chalumnae|BGN|XP_064415290.1	ref|NW_024704746.1|	32.323	198	99	7	73	235	9530410	9529817	6.87e-09	62.4	367	44	Callorhinchus milii isolate IMCB2004 unplaced genomic scaffold, IMCB_Cmil_1.0 Scaffold5, whole genome shotgun sequence
latimeria_chalumnae|BGN|XP_064415290.1	ref|NW_024704744.1|	29.032	279	148	7	62	314	79694990	79695754	6.20e-23	105	367	69	Callorhinchus milii isolate IMCB2004 unplaced genomic scaffold, IMCB_Cmil_1.0 Scaffold3, whole genome shotgun sequence
latimeria_chalumnae|BGN|XP_064415290.1	ref|NW_024704744.1|	26.429	280	151	4	64	294	34595852	34595031	2.15e-12	73.2	367	63	Callorhinchus milii isolate IMCB2004 unplaced genomic scaffold, IMCB_Cmil_1.0 Scaffold3, whole genome shotgun sequence
latimeria_chalumnae|BGN|XP_064415290.1	ref|NW_024704744.1|	26.180	233	149	8	61	286	42311235	42311885	1.58e-07	58.2	367	62	Callorhinchus milii isolate IMCB2004 unplaced genomic scaffold, IMCB_Cmil_1.0 Scaffold3, whole genome shotgun sequence
latimeria_chalumnae|BGN|XP_064415290.1	ref|NW_024704752.1|	30.224	268	175	6	62	319	3354968	3355765	1.03e-22	104	367	70	Callorhinchus milii isolate IMCB2004 unplaced genomic scaffold, IMCB_Cmil_1.0 Scaffold11, whole genome shotgun sequence
latimeria_chalumnae|BGN|XP_064415290.1	ref|NW_024704752.1|	27.336	289	178	6	61	340	8470199	8470996	6.57e-16	84.0	367	76	Callorhinchus milii isolate IMCB2004 unplaced genomic scaffold, IMCB_Cmil_1.0 Scaffold11, whole genome shotgun sequence
latimeria_chalumnae|BGN|XP_064415290.1	ref|NW_024704752.1|	28.767	219	128	5	109	322	3349702	3350289	1.78e-08	61.2	367	58	Callorhinchus milii isolate IMCB2004 unplaced genomic scaffold, IMCB_Cmil_1.0 Scaffold11, whole genome shotgun sequence
latimeria_chalumnae|BGN|XP_064415290.1	ref|NW_024704752.1|	28.054	221	109	5	93	309	3350086	3350610	2.84e-08	60.5	367	59	Callorhinchus milii isolate IMCB2004 unplaced genomic scaffold, IMCB_Cmil_1.0 Scaffold11, whole genome shotgun sequence
latimeria_chalumnae|BGN|XP_064415290.1	ref|NW_024704752.1|	23.897	272	154	8	94	351	17841291	17840593	3.07e-07	57.0	367	70	Callorhinchus milii isolate IMCB2004 unplaced genomic scaffold, IMCB_Cmil_1.0 Scaffold11, whole genome shotgun sequence
latimeria_chalumnae|BGN|XP_064415290.1	ref|NW_024704752.1|	33.571	140	75	5	57	181	17840433	17840023	4.87e-06	53.5	367	34	Callorhinchus milii isolate IMCB2004 unplaced genomic scaffold, IMCB_Cmil_1.0 Scaffold11, whole genome shotgun sequence
latimeria_chalumnae|BGN|XP_064415290.1	ref|NW_024704764.1|	30.244	205	132	5	51	246	7872566	7873174	1.64e-19	95.1	367	53	Callorhinchus milii isolate IMCB2004 unplaced genomic scaffold, IMCB_Cmil_1.0 Scaffold23, whole genome shotgun sequence
latimeria_chalumnae|BGN|XP_064415290.1	ref|NW_024704764.1|	35.537	121	55	2	65	182	2917175	2917477	4.23e-09	63.2	367	32	Callorhinchus milii isolate IMCB2004 unplaced genomic scaffold, IMCB_Cmil_1.0 Scaffold23, whole genome shotgun sequence
latimeria_chalumnae|BGN|XP_064415290.1	ref|NW_024704745.1|	29.617	287	162	8	73	319	17743762	17744622	4.00e-19	94.0	367	67	Callorhinchus milii isolate IMCB2004 unplaced genomic scaffold, IMCB_Cmil_1.0 Scaffold4, whole genome shotgun sequence
latimeria_chalumnae|BGN|XP_064415290.1	ref|NW_024704745.1|	30.000	290	159	7	72	319	17719760	17720623	3.97e-17	87.8	367	68	Callorhinchus milii isolate IMCB2004 unplaced genomic scaffold, IMCB_Cmil_1.0 Scaffold4, whole genome shotgun sequence
latimeria_chalumnae|BGN|XP_064415290.1	ref|NW_024704745.1|	29.326	341	188	14	62	366	51783261	51784232	4.40e-16	84.7	367	83	Callorhinchus milii isolate IMCB2004 unplaced genomic scaffold, IMCB_Cmil_1.0 Scaffold4, whole genome shotgun sequence
latimeria_chalumnae|BGN|XP_064415290.1	ref|NW_024704745.1|	31.319	182	103	7	58	223	36980308	36979781	3.54e-08	60.1	367	45	Callorhinchus milii isolate IMCB2004 unplaced genomic scaffold, IMCB_Cmil_1.0 Scaffold4, whole genome shotgun sequence
latimeria_chalumnae|BGN|XP_064415290.1	ref|NW_024704745.1|	26.573	286	149	12	62	294	80762432	80761599	2.09e-07	57.8	367	63	Callorhinchus milii isolate IMCB2004 unplaced genomic scaffold, IMCB_Cmil_1.0 Scaffold4, whole genome shotgun sequence
latimeria_chalumnae|BGN|XP_064415290.1	ref|NW_024704742.1|	27.181	298	183	6	62	327	120912615	120911728	1.54e-18	92.0	367	72	Callorhinchus milii isolate IMCB2004 unplaced genomic scaffold, IMCB_Cmil_1.0 Scaffold1, whole genome shotgun sequence
latimeria_chalumnae|BGN|XP_064415290.1	ref|NW_024704742.1|	27.451	306	162	8	62	309	79614154	79615065	1.57e-15	82.8	367	68	Callorhinchus milii isolate IMCB2004 unplaced genomic scaffold, IMCB_Cmil_1.0 Scaffold1, whole genome shotgun sequence
latimeria_chalumnae|BGN|XP_064415290.1	ref|NW_024704742.1|	23.611	288	164	8	68	319	56565164	56564361	2.28e-06	54.3	367	69	Callorhinchus milii isolate IMCB2004 unplaced genomic scaffold, IMCB_Cmil_1.0 Scaffold1, whole genome shotgun sequence
latimeria_chalumnae|BGN|XP_064415290.1	ref|NW_024704742.1|	27.333	150	103	3	197	342	56570218	56569775	3.88e-06	53.5	367	40	Callorhinchus milii isolate IMCB2004 unplaced genomic scaffold, IMCB_Cmil_1.0 Scaffold1, whole genome shotgun sequence
latimeria_chalumnae|BGN|XP_064415290.1	ref|NW_024704754.1|	26.923	260	182	4	62	314	7107111	7107887	6.32e-18	90.1	367	69	Callorhinchus milii isolate IMCB2004 unplaced genomic scaffold, IMCB_Cmil_1.0 Scaffold13, whole genome shotgun sequence
latimeria_chalumnae|BGN|XP_064415290.1	ref|NW_024704754.1|	28.571	252	156	9	70	303	4347097	4347834	1.93e-06	54.7	367	64	Callorhinchus milii isolate IMCB2004 unplaced genomic scaffold, IMCB_Cmil_1.0 Scaffold13, whole genome shotgun sequence
latimeria_chalumnae|BGN|XP_064415290.1	ref|NW_024704754.1|	29.208	202	112	6	93	283	4347601	4348146	4.87e-06	53.5	367	52	Callorhinchus milii isolate IMCB2004 unplaced genomic scaffold, IMCB_Cmil_1.0 Scaffold13, whole genome shotgun sequence
latimeria_chalumnae|BGN|XP_064415290.1	ref|NW_024704757.1|	30.943	265	155	7	58	319	10852890	10853609	3.97e-17	87.8	367	71	Callorhinchus milii isolate IMCB2004 unplaced genomic scaffold, IMCB_Cmil_1.0 Scaffold16, whole genome shotgun sequence
latimeria_chalumnae|BGN|XP_064415290.1	ref|NW_024704757.1|	28.968	252	143	7	81	322	2442162	2442839	2.99e-12	72.8	367	66	Callorhinchus milii isolate IMCB2004 unplaced genomic scaffold, IMCB_Cmil_1.0 Scaffold16, whole genome shotgun sequence
latimeria_chalumnae|BGN|XP_064415290.1	ref|NW_024704757.1|	26.718	262	175	5	35	289	2441478	2442233	4.74e-10	65.9	367	69	Callorhinchus milii isolate IMCB2004 unplaced genomic scaffold, IMCB_Cmil_1.0 Scaffold16, whole genome shotgun sequence
latimeria_chalumnae|BGN|XP_064415290.1	ref|NW_024704769.1|	25.856	263	185	5	61	315	2665607	2664825	4.08e-17	87.8	367	69	Callorhinchus milii isolate IMCB2004 unplaced genomic scaffold, IMCB_Cmil_1.0 Scaffold28, whole genome shotgun sequence
latimeria_chalumnae|BGN|XP_064415290.1	ref|NW_024704747.1|	29.276	304	188	11	62	351	26181830	26180958	6.56e-17	87.0	367	79	Callorhinchus milii isolate IMCB2004 unplaced genomic scaffold, IMCB_Cmil_1.0 Scaffold6, whole genome shotgun sequence
latimeria_chalumnae|BGN|XP_064415290.1	ref|NW_024704747.1|	25.283	265	163	5	58	312	12274404	12273685	1.67e-13	76.6	367	69	Callorhinchus milii isolate IMCB2004 unplaced genomic scaffold, IMCB_Cmil_1.0 Scaffold6, whole genome shotgun sequence
latimeria_chalumnae|BGN|XP_064415290.1	ref|NW_024704747.1|	38.053	113	64	3	62	168	14890228	14890566	1.44e-10	67.8	367	29	Callorhinchus milii isolate IMCB2004 unplaced genomic scaffold, IMCB_Cmil_1.0 Scaffold6, whole genome shotgun sequence
latimeria_chalumnae|BGN|XP_064415290.1	ref|NW_024704782.1|	30.035	283	139	11	33	309	63683	62994	7.93e-17	87.0	367	75	Callorhinchus milii isolate IMCB2004 unplaced genomic scaffold, IMCB_Cmil_1.0 Scaffold41, whole genome shotgun sequence
latimeria_chalumnae|BGN|XP_064415290.1	ref|NW_024704782.1|	32.889	225	135	10	47	262	64523	63870	2.95e-11	69.7	367	59	Callorhinchus milii isolate IMCB2004 unplaced genomic scaffold, IMCB_Cmil_1.0 Scaffold41, whole genome shotgun sequence
latimeria_chalumnae|BGN|XP_064415290.1	ref|NW_024704761.1|	29.762	252	158	8	60	298	2191334	2192071	1.18e-16	86.3	367	65	Callorhinchus milii isolate IMCB2004 unplaced genomic scaffold, IMCB_Cmil_1.0 Scaffold20, whole genome shotgun sequence
latimeria_chalumnae|BGN|XP_064415290.1	ref|NW_024704743.1|	29.457	258	166	7	60	303	47305507	47306274	6.39e-16	84.0	367	66	Callorhinchus milii isolate IMCB2004 unplaced genomic scaffold, IMCB_Cmil_1.0 Scaffold2, whole genome shotgun sequence
latimeria_chalumnae|BGN|XP_064415290.1	ref|NW_024704743.1|	27.755	245	164	6	59	295	95298123	95298842	3.77e-14	78.6	367	65	Callorhinchus milii isolate IMCB2004 unplaced genomic scaffold, IMCB_Cmil_1.0 Scaffold2, whole genome shotgun sequence
latimeria_chalumnae|BGN|XP_064415290.1	ref|NW_024704743.1|	39.623	106	60	3	54	155	45400536	45400853	1.07e-09	65.1	367	28	Callorhinchus milii isolate IMCB2004 unplaced genomic scaffold, IMCB_Cmil_1.0 Scaffold2, whole genome shotgun sequence
latimeria_chalumnae|BGN|XP_064415290.1	ref|NW_024704772.1|	32.099	243	147	9	62	291	1848679	1847966	2.43e-15	82.4	367	63	Callorhinchus milii isolate IMCB2004 unplaced genomic scaffold, IMCB_Cmil_1.0 Scaffold31, whole genome shotgun sequence
latimeria_chalumnae|BGN|XP_064415290.1	ref|NW_024704772.1|	31.852	135	85	4	93	222	1858179	1858577	2.62e-08	60.5	367	35	Callorhinchus milii isolate IMCB2004 unplaced genomic scaffold, IMCB_Cmil_1.0 Scaffold31, whole genome shotgun sequence
latimeria_chalumnae|BGN|XP_064415290.1	ref|NW_024704772.1|	27.273	209	140	6	91	291	1849648	1849034	6.01e-06	53.1	367	55	Callorhinchus milii isolate IMCB2004 unplaced genomic scaffold, IMCB_Cmil_1.0 Scaffold31, whole genome shotgun sequence
latimeria_chalumnae|BGN|XP_064415290.1	ref|NW_024704763.1|	28.750	320	168	8	62	323	5000775	5001728	2.73e-14	79.0	367	71	Callorhinchus milii isolate IMCB2004 unplaced genomic scaffold, IMCB_Cmil_1.0 Scaffold22, whole genome shotgun sequence
latimeria_chalumnae|BGN|XP_064415290.1	ref|NW_024704770.1|	33.962	159	102	2	134	289	2964369	2964845	4.65e-14	78.6	367	43	Callorhinchus milii isolate IMCB2004 unplaced genomic scaffold, IMCB_Cmil_1.0 Scaffold29, whole genome shotgun sequence
latimeria_chalumnae|BGN|XP_064415290.1	ref|NW_024704770.1|	31.343	201	132	3	70	264	2964375	2964977	3.61e-12	72.4	367	53	Callorhinchus milii isolate IMCB2004 unplaced genomic scaffold, IMCB_Cmil_1.0 Scaffold29, whole genome shotgun sequence
latimeria_chalumnae|BGN|XP_064415290.1	ref|NW_024704775.1|	25.362	276	169	7	55	297	191157	191972	7.29e-14	77.8	367	66	Callorhinchus milii isolate IMCB2004 unplaced genomic scaffold, IMCB_Cmil_1.0 Scaffold34, whole genome shotgun sequence
latimeria_chalumnae|BGN|XP_064415290.1	ref|NW_024705955.1|	28.794	257	168	8	70	314	9721	8960	3.05e-13	75.9	367	67	Callorhinchus milii isolate IMCB2004 unplaced genomic scaffold, IMCB_Cmil_1.0 Scaffold1214, whole genome shotgun sequence
latimeria_chalumnae|BGN|XP_064415290.1	ref|NW_024705955.1|	27.016	248	151	4	72	311	10438	9761	1.99e-12	73.2	367	65	Callorhinchus milii isolate IMCB2004 unplaced genomic scaffold, IMCB_Cmil_1.0 Scaffold1214, whole genome shotgun sequence
latimeria_chalumnae|BGN|XP_064415290.1	ref|NW_024705955.1|	26.271	236	160	6	94	319	9424	8729	1.01e-10	68.2	367	62	Callorhinchus milii isolate IMCB2004 unplaced genomic scaffold, IMCB_Cmil_1.0 Scaffold1214, whole genome shotgun sequence
latimeria_chalumnae|BGN|XP_064415290.1	ref|NW_024704751.1|	27.848	237	140	7	53	286	3056586	3057212	5.53e-13	75.1	367	64	Callorhinchus milii isolate IMCB2004 unplaced genomic scaffold, IMCB_Cmil_1.0 Scaffold10, whole genome shotgun sequence
latimeria_chalumnae|BGN|XP_064415290.1	ref|NW_024704751.1|	26.953	256	154	8	62	309	2363911	2364603	4.01e-08	60.1	367	68	Callorhinchus milii isolate IMCB2004 unplaced genomic scaffold, IMCB_Cmil_1.0 Scaffold10, whole genome shotgun sequence
latimeria_chalumnae|BGN|XP_064415290.1	ref|NW_024704866.1|	30.818	159	108	2	130	286	116267	116743	8.25e-13	74.7	367	43	Callorhinchus milii isolate IMCB2004 unplaced genomic scaffold, IMCB_Cmil_1.0 Scaffold125, whole genome shotgun sequence
latimeria_chalumnae|BGN|XP_064415290.1	ref|NW_024704866.1|	31.613	155	79	3	54	205	115890	116282	1.11e-11	71.2	367	41	Callorhinchus milii isolate IMCB2004 unplaced genomic scaffold, IMCB_Cmil_1.0 Scaffold125, whole genome shotgun sequence
latimeria_chalumnae|BGN|XP_064415290.1	ref|NW_024704768.1|	40.367	109	57	3	62	165	3616001	3616318	3.88e-12	72.4	367	28	Callorhinchus milii isolate IMCB2004 unplaced genomic scaffold, IMCB_Cmil_1.0 Scaffold27, whole genome shotgun sequence
latimeria_chalumnae|BGN|XP_064415290.1	ref|NW_024704801.1|	30.070	143	96	1	62	200	68530	68958	1.74e-09	64.3	367	38	Callorhinchus milii isolate IMCB2004 unplaced genomic scaffold, IMCB_Cmil_1.0 Scaffold60, whole genome shotgun sequence
latimeria_chalumnae|BGN|XP_064415290.1	ref|NW_024705481.1|	27.315	216	118	5	64	246	28154	28783	7.79e-09	62.0	367	50	Callorhinchus milii isolate IMCB2004 unplaced genomic scaffold, IMCB_Cmil_1.0 Scaffold740, whole genome shotgun sequence
latimeria_chalumnae|BGN|XP_064415290.1	ref|NW_024704762.1|	27.434	226	133	6	94	289	6015636	6016310	9.03e-09	62.0	367	53	Callorhinchus milii isolate IMCB2004 unplaced genomic scaffold, IMCB_Cmil_1.0 Scaffold21, whole genome shotgun sequence
latimeria_chalumnae|BGN|XP_064415290.1	ref|NW_024704756.1|	25.869	259	152	9	73	297	16059361	16058603	5.70e-06	53.1	367	61	Callorhinchus milii isolate IMCB2004 unplaced genomic scaffold, IMCB_Cmil_1.0 Scaffold15, whole genome shotgun sequence
scyliorhinus_canicula|BGN|XP_038638277.1	ref|NW_024704760.1|	34.375	224	124	6	53	255	2139846	2140511	4.97e-25	108	268	76	Callorhinchus milii isolate IMCB2004 unplaced genomic scaffold, IMCB_Cmil_1.0 Scaffold19, whole genome shotgun sequence
scyliorhinus_canicula|BGN|XP_038638277.1	ref|NW_024704760.1|	31.754	211	133	6	54	258	2096247	2095630	1.63e-21	98.2	268	76	Callorhinchus milii isolate IMCB2004 unplaced genomic scaffold, IMCB_Cmil_1.0 Scaffold19, whole genome shotgun sequence
scyliorhinus_canicula|BGN|XP_038638277.1	ref|NW_024704760.1|	32.192	146	94	2	67	207	2126433	2126870	4.52e-15	79.3	268	53	Callorhinchus milii isolate IMCB2004 unplaced genomic scaffold, IMCB_Cmil_1.0 Scaffold19, whole genome shotgun sequence
scyliorhinus_canicula|BGN|XP_038638277.1	ref|NW_024704760.1|	30.588	170	116	2	92	261	2095917	2095414	4.39e-13	73.6	268	63	Callorhinchus milii isolate IMCB2004 unplaced genomic scaffold, IMCB_Cmil_1.0 Scaffold19, whole genome shotgun sequence
scyliorhinus_canicula|BGN|XP_038638277.1	ref|NW_024704760.1|	52.239	67	32	0	130	196	2107310	2107110	3.83e-12	70.5	268	25	Callorhinchus milii isolate IMCB2004 unplaced genomic scaffold, IMCB_Cmil_1.0 Scaffold19, whole genome shotgun sequence
scyliorhinus_canicula|BGN|XP_038638277.1	ref|NW_024704760.1|	25.166	151	97	2	74	208	1455570	1456022	2.17e-10	65.5	268	50	Callorhinchus milii isolate IMCB2004 unplaced genomic scaffold, IMCB_Cmil_1.0 Scaffold19, whole genome shotgun sequence
scyliorhinus_canicula|BGN|XP_038638277.1	ref|NW_024704745.1|	34.021	194	103	5	85	255	17743762	17744337	6.77e-22	99.4	268	64	Callorhinchus milii isolate IMCB2004 unplaced genomic scaffold, IMCB_Cmil_1.0 Scaffold4, whole genome shotgun sequence
scyliorhinus_canicula|BGN|XP_038638277.1	ref|NW_024704745.1|	30.198	202	112	4	84	260	17719760	17720353	9.46e-16	81.3	268	66	Callorhinchus milii isolate IMCB2004 unplaced genomic scaffold, IMCB_Cmil_1.0 Scaffold4, whole genome shotgun sequence
scyliorhinus_canicula|BGN|XP_038638277.1	ref|NW_024704745.1|	27.861	201	115	7	92	263	17720033	17720632	4.68e-11	67.4	268	64	Callorhinchus milii isolate IMCB2004 unplaced genomic scaffold, IMCB_Cmil_1.0 Scaffold4, whole genome shotgun sequence
scyliorhinus_canicula|BGN|XP_038638277.1	ref|NW_024704745.1|	32.143	140	76	4	73	195	80762435	80762022	8.57e-09	60.5	268	46	Callorhinchus milii isolate IMCB2004 unplaced genomic scaffold, IMCB_Cmil_1.0 Scaffold4, whole genome shotgun sequence
scyliorhinus_canicula|BGN|XP_038638277.1	ref|NW_024704745.1|	30.702	114	68	2	105	207	79859754	79859413	2.12e-08	59.3	268	38	Callorhinchus milii isolate IMCB2004 unplaced genomic scaffold, IMCB_Cmil_1.0 Scaffold4, whole genome shotgun sequence
scyliorhinus_canicula|BGN|XP_038638277.1	ref|NW_024704745.1|	30.328	122	75	2	92	204	17744032	17744394	1.98e-07	56.2	268	42	Callorhinchus milii isolate IMCB2004 unplaced genomic scaffold, IMCB_Cmil_1.0 Scaffold4, whole genome shotgun sequence
scyliorhinus_canicula|BGN|XP_038638277.1	ref|NW_024704745.1|	29.839	124	74	2	150	260	17743750	17744121	5.33e-06	52.0	268	41	Callorhinchus milii isolate IMCB2004 unplaced genomic scaffold, IMCB_Cmil_1.0 Scaffold4, whole genome shotgun sequence
scyliorhinus_canicula|BGN|XP_038638277.1	ref|NW_024704746.1|	33.511	188	118	4	74	255	33309909	33309349	2.70e-21	97.4	268	68	Callorhinchus milii isolate IMCB2004 unplaced genomic scaffold, IMCB_Cmil_1.0 Scaffold5, whole genome shotgun sequence
scyliorhinus_canicula|BGN|XP_038638277.1	ref|NW_024704746.1|	35.263	190	111	7	72	255	33334098	33333547	3.36e-21	97.4	268	69	Callorhinchus milii isolate IMCB2004 unplaced genomic scaffold, IMCB_Cmil_1.0 Scaffold5, whole genome shotgun sequence
scyliorhinus_canicula|BGN|XP_038638277.1	ref|NW_024704746.1|	33.690	187	119	3	72	255	33404366	33403812	5.71e-17	85.1	268	69	Callorhinchus milii isolate IMCB2004 unplaced genomic scaffold, IMCB_Cmil_1.0 Scaffold5, whole genome shotgun sequence
scyliorhinus_canicula|BGN|XP_038638277.1	ref|NW_024704746.1|	63.077	65	24	0	129	193	33368914	33368720	9.30e-17	84.3	268	24	Callorhinchus milii isolate IMCB2004 unplaced genomic scaffold, IMCB_Cmil_1.0 Scaffold5, whole genome shotgun sequence
scyliorhinus_canicula|BGN|XP_038638277.1	ref|NW_024704746.1|	30.270	185	125	3	83	265	33404756	33404208	1.23e-14	78.2	268	68	Callorhinchus milii isolate IMCB2004 unplaced genomic scaffold, IMCB_Cmil_1.0 Scaffold5, whole genome shotgun sequence
scyliorhinus_canicula|BGN|XP_038638277.1	ref|NW_024704746.1|	30.864	162	85	3	73	207	46999413	46998928	6.08e-13	73.2	268	50	Callorhinchus milii isolate IMCB2004 unplaced genomic scaffold, IMCB_Cmil_1.0 Scaffold5, whole genome shotgun sequence
scyliorhinus_canicula|BGN|XP_038638277.1	ref|NW_024704746.1|	36.154	130	81	1	92	219	2755428	2755817	4.88e-10	64.3	268	48	Callorhinchus milii isolate IMCB2004 unplaced genomic scaffold, IMCB_Cmil_1.0 Scaffold5, whole genome shotgun sequence
scyliorhinus_canicula|BGN|XP_038638277.1	ref|NW_024704746.1|	29.775	178	105	5	74	234	53174462	53173938	9.55e-10	63.5	268	60	Callorhinchus milii isolate IMCB2004 unplaced genomic scaffold, IMCB_Cmil_1.0 Scaffold5, whole genome shotgun sequence
scyliorhinus_canicula|BGN|XP_038638277.1	ref|NW_024704746.1|	43.529	85	28	3	7	91	33377379	33377185	1.32e-09	63.2	268	32	Callorhinchus milii isolate IMCB2004 unplaced genomic scaffold, IMCB_Cmil_1.0 Scaffold5, whole genome shotgun sequence
scyliorhinus_canicula|BGN|XP_038638277.1	ref|NW_024704746.1|	25.714	210	108	5	74	256	68563291	68562725	2.88e-09	62.0	268	68	Callorhinchus milii isolate IMCB2004 unplaced genomic scaffold, IMCB_Cmil_1.0 Scaffold5, whole genome shotgun sequence
scyliorhinus_canicula|BGN|XP_038638277.1	ref|NW_024704746.1|	63.043	46	17	0	86	131	33371061	33370924	7.13e-09	60.8	268	17	Callorhinchus milii isolate IMCB2004 unplaced genomic scaffold, IMCB_Cmil_1.0 Scaffold5, whole genome shotgun sequence
scyliorhinus_canicula|BGN|XP_038638277.1	ref|NW_024704746.1|	37.374	99	59	1	85	180	9530410	9530114	2.35e-08	59.3	268	36	Callorhinchus milii isolate IMCB2004 unplaced genomic scaffold, IMCB_Cmil_1.0 Scaffold5, whole genome shotgun sequence
scyliorhinus_canicula|BGN|XP_038638277.1	ref|NW_024704746.1|	27.950	161	107	3	78	233	2755164	2755634	2.46e-08	59.3	268	58	Callorhinchus milii isolate IMCB2004 unplaced genomic scaffold, IMCB_Cmil_1.0 Scaffold5, whole genome shotgun sequence
scyliorhinus_canicula|BGN|XP_038638277.1	ref|NW_024704746.1|	34.906	106	56	2	83	180	62435223	62435525	1.16e-06	53.9	268	37	Callorhinchus milii isolate IMCB2004 unplaced genomic scaffold, IMCB_Cmil_1.0 Scaffold5, whole genome shotgun sequence
scyliorhinus_canicula|BGN|XP_038638277.1	ref|NW_024704746.1|	27.941	136	94	2	73	204	35493134	35493541	4.22e-06	52.4	268	49	Callorhinchus milii isolate IMCB2004 unplaced genomic scaffold, IMCB_Cmil_1.0 Scaffold5, whole genome shotgun sequence
scyliorhinus_canicula|BGN|XP_038638277.1	ref|NW_024704746.1|	41.270	63	37	0	106	168	35493380	35493568	6.68e-06	51.6	268	24	Callorhinchus milii isolate IMCB2004 unplaced genomic scaffold, IMCB_Cmil_1.0 Scaffold5, whole genome shotgun sequence
scyliorhinus_canicula|BGN|XP_038638277.1	ref|NW_024704764.1|	31.795	195	122	5	73	258	7872596	7873174	3.76e-21	97.1	268	69	Callorhinchus milii isolate IMCB2004 unplaced genomic scaffold, IMCB_Cmil_1.0 Scaffold23, whole genome shotgun sequence
scyliorhinus_canicula|BGN|XP_038638277.1	ref|NW_024704764.1|	30.303	132	67	3	77	205	2917175	2917504	8.57e-07	54.3	268	48	Callorhinchus milii isolate IMCB2004 unplaced genomic scaffold, IMCB_Cmil_1.0 Scaffold23, whole genome shotgun sequence
scyliorhinus_canicula|BGN|XP_038638277.1	ref|NW_024704778.1|	33.333	189	102	3	68	255	50929	50432	5.39e-21	96.7	268	70	Callorhinchus milii isolate IMCB2004 unplaced genomic scaffold, IMCB_Cmil_1.0 Scaffold37, whole genome shotgun sequence
scyliorhinus_canicula|BGN|XP_038638277.1	ref|NW_024704778.1|	31.081	148	97	3	76	220	50554	50117	4.44e-10	64.3	268	54	Callorhinchus milii isolate IMCB2004 unplaced genomic scaffold, IMCB_Cmil_1.0 Scaffold37, whole genome shotgun sequence
scyliorhinus_canicula|BGN|XP_038638277.1	ref|NW_024704744.1|	30.612	196	112	3	74	268	79694990	79695508	2.75e-20	94.7	268	73	Callorhinchus milii isolate IMCB2004 unplaced genomic scaffold, IMCB_Cmil_1.0 Scaffold3, whole genome shotgun sequence
scyliorhinus_canicula|BGN|XP_038638277.1	ref|NW_024704744.1|	27.660	188	106	4	76	260	34595852	34595370	1.34e-10	65.9	268	69	Callorhinchus milii isolate IMCB2004 unplaced genomic scaffold, IMCB_Cmil_1.0 Scaffold3, whole genome shotgun sequence
scyliorhinus_canicula|BGN|XP_038638277.1	ref|NW_024704744.1|	25.359	209	115	5	73	245	42311235	42311846	1.28e-09	63.2	268	65	Callorhinchus milii isolate IMCB2004 unplaced genomic scaffold, IMCB_Cmil_1.0 Scaffold3, whole genome shotgun sequence
scyliorhinus_canicula|BGN|XP_038638277.1	ref|NW_024704744.1|	28.646	192	105	5	73	255	92686593	92686087	2.38e-07	56.2	268	68	Callorhinchus milii isolate IMCB2004 unplaced genomic scaffold, IMCB_Cmil_1.0 Scaffold3, whole genome shotgun sequence
scyliorhinus_canicula|BGN|XP_038638277.1	ref|NW_024704748.1|	30.000	200	125	4	73	262	16958530	16957946	4.80e-20	94.0	268	71	Callorhinchus milii isolate IMCB2004 unplaced genomic scaffold, IMCB_Cmil_1.0 Scaffold7, whole genome shotgun sequence
scyliorhinus_canicula|BGN|XP_038638277.1	ref|NW_024704750.1|	29.570	186	105	3	73	256	2049555	2050040	2.83e-19	91.7	268	69	Callorhinchus milii isolate IMCB2004 unplaced genomic scaffold, IMCB_Cmil_1.0 Scaffold9, whole genome shotgun sequence
scyliorhinus_canicula|BGN|XP_038638277.1	ref|NW_024704750.1|	34.807	181	114	3	92	268	2049750	2050292	2.41e-18	89.0	268	66	Callorhinchus milii isolate IMCB2004 unplaced genomic scaffold, IMCB_Cmil_1.0 Scaffold9, whole genome shotgun sequence
scyliorhinus_canicula|BGN|XP_038638277.1	ref|NW_024704753.1|	32.086	187	116	4	72	255	393122	393658	2.52e-17	85.9	268	69	Callorhinchus milii isolate IMCB2004 unplaced genomic scaffold, IMCB_Cmil_1.0 Scaffold12, whole genome shotgun sequence
scyliorhinus_canicula|BGN|XP_038638277.1	ref|NW_024704753.1|	56.338	71	31	0	129	199	378877	379089	6.21e-17	84.7	268	26	Callorhinchus milii isolate IMCB2004 unplaced genomic scaffold, IMCB_Cmil_1.0 Scaffold12, whole genome shotgun sequence
scyliorhinus_canicula|BGN|XP_038638277.1	ref|NW_024704753.1|	28.125	160	86	3	74	204	19420938	19420459	2.03e-11	68.6	268	49	Callorhinchus milii isolate IMCB2004 unplaced genomic scaffold, IMCB_Cmil_1.0 Scaffold12, whole genome shotgun sequence
scyliorhinus_canicula|BGN|XP_038638277.1	ref|NW_024704753.1|	28.070	171	115	3	73	237	18820047	18819541	1.09e-08	60.1	268	62	Callorhinchus milii isolate IMCB2004 unplaced genomic scaffold, IMCB_Cmil_1.0 Scaffold12, whole genome shotgun sequence
scyliorhinus_canicula|BGN|XP_038638277.1	ref|NW_024704753.1|	25.157	159	102	3	50	192	2606264	2605791	1.66e-08	59.7	268	53	Callorhinchus milii isolate IMCB2004 unplaced genomic scaffold, IMCB_Cmil_1.0 Scaffold12, whole genome shotgun sequence
scyliorhinus_canicula|BGN|XP_038638277.1	ref|NW_024704753.1|	62.222	45	17	0	85	129	376864	376998	9.40e-08	57.4	268	17	Callorhinchus milii isolate IMCB2004 unplaced genomic scaffold, IMCB_Cmil_1.0 Scaffold12, whole genome shotgun sequence
scyliorhinus_canicula|BGN|XP_038638277.1	ref|NW_024704754.1|	26.829	205	143	3	68	266	7107093	7107704	1.81e-16	83.6	268	74	Callorhinchus milii isolate IMCB2004 unplaced genomic scaffold, IMCB_Cmil_1.0 Scaffold13, whole genome shotgun sequence
scyliorhinus_canicula|BGN|XP_038638277.1	ref|NW_024704754.1|	28.378	222	116	7	72	253	4347292	4347948	8.76e-06	51.2	268	68	Callorhinchus milii isolate IMCB2004 unplaced genomic scaffold, IMCB_Cmil_1.0 Scaffold13, whole genome shotgun sequence
scyliorhinus_canicula|BGN|XP_038638277.1	ref|NW_024704742.1|	30.481	187	104	4	74	256	120912615	120912121	2.57e-16	83.2	268	68	Callorhinchus milii isolate IMCB2004 unplaced genomic scaffold, IMCB_Cmil_1.0 Scaffold1, whole genome shotgun sequence
scyliorhinus_canicula|BGN|XP_038638277.1	ref|NW_024704742.1|	29.231	130	89	1	80	206	34717369	34716980	3.38e-13	73.9	268	47	Callorhinchus milii isolate IMCB2004 unplaced genomic scaffold, IMCB_Cmil_1.0 Scaffold1, whole genome shotgun sequence
scyliorhinus_canicula|BGN|XP_038638277.1	ref|NW_024704742.1|	27.861	201	131	5	74	262	79614154	79614750	4.28e-12	70.5	268	71	Callorhinchus milii isolate IMCB2004 unplaced genomic scaffold, IMCB_Cmil_1.0 Scaffold1, whole genome shotgun sequence
scyliorhinus_canicula|BGN|XP_038638277.1	ref|NW_024704742.1|	25.628	199	116	5	94	260	120912273	120911677	5.08e-09	61.2	268	62	Callorhinchus milii isolate IMCB2004 unplaced genomic scaffold, IMCB_Cmil_1.0 Scaffold1, whole genome shotgun sequence
scyliorhinus_canicula|BGN|XP_038638277.1	ref|NW_024704761.1|	29.493	217	117	7	72	255	2191334	2191975	6.68e-16	81.6	268	69	Callorhinchus milii isolate IMCB2004 unplaced genomic scaffold, IMCB_Cmil_1.0 Scaffold20, whole genome shotgun sequence
scyliorhinus_canicula|BGN|XP_038638277.1	ref|NW_024704743.1|	35.461	141	86	2	72	207	47305507	47305929	6.27e-15	79.0	268	51	Callorhinchus milii isolate IMCB2004 unplaced genomic scaffold, IMCB_Cmil_1.0 Scaffold2, whole genome shotgun sequence
scyliorhinus_canicula|BGN|XP_038638277.1	ref|NW_024704743.1|	31.783	129	65	3	69	194	45400545	45400871	1.29e-08	60.1	268	47	Callorhinchus milii isolate IMCB2004 unplaced genomic scaffold, IMCB_Cmil_1.0 Scaffold2, whole genome shotgun sequence
scyliorhinus_canicula|BGN|XP_038638277.1	ref|NW_024704743.1|	26.554	177	120	5	74	245	95298132	95298647	2.47e-07	56.2	268	64	Callorhinchus milii isolate IMCB2004 unplaced genomic scaffold, IMCB_Cmil_1.0 Scaffold2, whole genome shotgun sequence
scyliorhinus_canicula|BGN|XP_038638277.1	ref|NW_024704743.1|	30.769	117	78	1	106	219	47306122	47306472	3.13e-07	55.8	268	43	Callorhinchus milii isolate IMCB2004 unplaced genomic scaffold, IMCB_Cmil_1.0 Scaffold2, whole genome shotgun sequence
scyliorhinus_canicula|BGN|XP_038638277.1	ref|NW_024704769.1|	26.244	221	114	4	73	266	2665607	2665011	1.53e-14	77.8	268	72	Callorhinchus milii isolate IMCB2004 unplaced genomic scaffold, IMCB_Cmil_1.0 Scaffold28, whole genome shotgun sequence
scyliorhinus_canicula|BGN|XP_038638277.1	ref|NW_024704768.1|	35.200	125	57	2	74	194	3616001	3616315	3.31e-14	76.6	268	45	Callorhinchus milii isolate IMCB2004 unplaced genomic scaffold, IMCB_Cmil_1.0 Scaffold27, whole genome shotgun sequence
scyliorhinus_canicula|BGN|XP_038638277.1	ref|NW_024704763.1|	32.338	201	122	5	74	262	5000775	5001371	7.06e-14	75.9	268	71	Callorhinchus milii isolate IMCB2004 unplaced genomic scaffold, IMCB_Cmil_1.0 Scaffold22, whole genome shotgun sequence
scyliorhinus_canicula|BGN|XP_038638277.1	ref|NW_024704747.1|	29.464	224	121	7	74	263	26181830	26181168	9.17e-14	75.5	268	71	Callorhinchus milii isolate IMCB2004 unplaced genomic scaffold, IMCB_Cmil_1.0 Scaffold6, whole genome shotgun sequence
scyliorhinus_canicula|BGN|XP_038638277.1	ref|NW_024704747.1|	33.824	136	64	3	74	205	14890228	14890569	3.34e-10	64.7	268	49	Callorhinchus milii isolate IMCB2004 unplaced genomic scaffold, IMCB_Cmil_1.0 Scaffold6, whole genome shotgun sequence
scyliorhinus_canicula|BGN|XP_038638277.1	ref|NW_024704747.1|	24.737	190	90	4	71	207	12274401	12273832	5.34e-08	58.2	268	51	Callorhinchus milii isolate IMCB2004 unplaced genomic scaffold, IMCB_Cmil_1.0 Scaffold6, whole genome shotgun sequence
scyliorhinus_canicula|BGN|XP_038638277.1	ref|NW_024704747.1|	30.631	111	74	1	106	213	12274074	12273742	4.58e-07	55.5	268	40	Callorhinchus milii isolate IMCB2004 unplaced genomic scaffold, IMCB_Cmil_1.0 Scaffold6, whole genome shotgun sequence
scyliorhinus_canicula|BGN|XP_038638277.1	ref|NW_024704747.1|	27.673	159	106	4	105	256	26181512	26181042	9.73e-07	54.3	268	57	Callorhinchus milii isolate IMCB2004 unplaced genomic scaffold, IMCB_Cmil_1.0 Scaffold6, whole genome shotgun sequence
scyliorhinus_canicula|BGN|XP_038638277.1	ref|NW_024704866.1|	33.913	115	74	2	143	255	116270	116614	1.26e-12	72.0	268	42	Callorhinchus milii isolate IMCB2004 unplaced genomic scaffold, IMCB_Cmil_1.0 Scaffold125, whole genome shotgun sequence
scyliorhinus_canicula|BGN|XP_038638277.1	ref|NW_024704866.1|	29.252	147	79	3	73	217	115911	116282	6.87e-11	67.0	268	54	Callorhinchus milii isolate IMCB2004 unplaced genomic scaffold, IMCB_Cmil_1.0 Scaffold125, whole genome shotgun sequence
scyliorhinus_canicula|BGN|XP_038638277.1	ref|NW_024704866.1|	28.662	157	85	2	76	205	116276	116746	1.81e-09	62.8	268	49	Callorhinchus milii isolate IMCB2004 unplaced genomic scaffold, IMCB_Cmil_1.0 Scaffold125, whole genome shotgun sequence
scyliorhinus_canicula|BGN|XP_038638277.1	ref|NW_024704770.1|	34.711	121	78	1	142	261	2964357	2964719	1.61e-12	71.6	268	45	Callorhinchus milii isolate IMCB2004 unplaced genomic scaffold, IMCB_Cmil_1.0 Scaffold29, whole genome shotgun sequence
scyliorhinus_canicula|BGN|XP_038638277.1	ref|NW_024704770.1|	26.214	206	112	6	82	252	2964375	2964977	4.99e-09	61.2	268	64	Callorhinchus milii isolate IMCB2004 unplaced genomic scaffold, IMCB_Cmil_1.0 Scaffold29, whole genome shotgun sequence
scyliorhinus_canicula|BGN|XP_038638277.1	ref|NW_024704772.1|	27.907	215	120	6	74	255	1848679	1848041	4.09e-12	70.5	268	68	Callorhinchus milii isolate IMCB2004 unplaced genomic scaffold, IMCB_Cmil_1.0 Scaffold31, whole genome shotgun sequence
scyliorhinus_canicula|BGN|XP_038638277.1	ref|NW_024704772.1|	27.488	211	105	5	73	256	2798379	2797810	1.01e-10	66.2	268	69	Callorhinchus milii isolate IMCB2004 unplaced genomic scaffold, IMCB_Cmil_1.0 Scaffold31, whole genome shotgun sequence
scyliorhinus_canicula|BGN|XP_038638277.1	ref|NW_024704772.1|	30.370	135	87	4	105	234	1858179	1858577	3.80e-10	64.7	268	49	Callorhinchus milii isolate IMCB2004 unplaced genomic scaffold, IMCB_Cmil_1.0 Scaffold31, whole genome shotgun sequence
scyliorhinus_canicula|BGN|XP_038638277.1	ref|NW_024704772.1|	25.140	179	106	3	106	256	1849495	1848959	4.10e-06	52.4	268	56	Callorhinchus milii isolate IMCB2004 unplaced genomic scaffold, IMCB_Cmil_1.0 Scaffold31, whole genome shotgun sequence
scyliorhinus_canicula|BGN|XP_038638277.1	ref|NW_024704772.1|	27.811	169	91	4	106	268	1849567	1849136	5.28e-06	52.0	268	61	Callorhinchus milii isolate IMCB2004 unplaced genomic scaffold, IMCB_Cmil_1.0 Scaffold31, whole genome shotgun sequence
scyliorhinus_canicula|BGN|XP_038638277.1	ref|NW_024704752.1|	28.571	196	126	5	73	256	8470199	8470780	4.79e-12	70.5	268	69	Callorhinchus milii isolate IMCB2004 unplaced genomic scaffold, IMCB_Cmil_1.0 Scaffold11, whole genome shotgun sequence
scyliorhinus_canicula|BGN|XP_038638277.1	ref|NW_024704775.1|	23.415	205	149	4	68	266	191163	191771	4.11e-11	67.4	268	74	Callorhinchus milii isolate IMCB2004 unplaced genomic scaffold, IMCB_Cmil_1.0 Scaffold34, whole genome shotgun sequence
scyliorhinus_canicula|BGN|XP_038638277.1	ref|NW_024704790.1|	27.320	194	107	6	73	256	63217	62708	9.19e-10	63.5	268	69	Callorhinchus milii isolate IMCB2004 unplaced genomic scaffold, IMCB_Cmil_1.0 Scaffold49, whole genome shotgun sequence
scyliorhinus_canicula|BGN|XP_038638277.1	ref|NW_024705481.1|	27.442	215	117	6	77	258	28157	28783	1.78e-09	62.8	268	68	Callorhinchus milii isolate IMCB2004 unplaced genomic scaffold, IMCB_Cmil_1.0 Scaffold740, whole genome shotgun sequence
scyliorhinus_canicula|BGN|XP_038638277.1	ref|NW_024704762.1|	27.320	194	128	5	81	262	6015552	6016130	1.17e-07	57.0	268	68	Callorhinchus milii isolate IMCB2004 unplaced genomic scaffold, IMCB_Cmil_1.0 Scaffold21, whole genome shotgun sequence
scyliorhinus_canicula|BGN|XP_038638277.1	ref|NW_024704758.1|	27.536	138	77	2	73	208	9714242	9713892	2.21e-07	56.2	268	51	Callorhinchus milii isolate IMCB2004 unplaced genomic scaffold, IMCB_Cmil_1.0 Scaffold17, whole genome shotgun sequence
scyliorhinus_canicula|BGN|XP_038638277.1	ref|NW_024704801.1|	25.874	143	102	1	74	212	68530	68958	3.64e-07	55.5	268	52	Callorhinchus milii isolate IMCB2004 unplaced genomic scaffold, IMCB_Cmil_1.0 Scaffold60, whole genome shotgun sequence
scyliorhinus_canicula|BGN|XP_038638277.1	ref|NW_024704767.1|	21.839	174	98	4	71	206	7326896	7326375	7.41e-07	54.7	268	51	Callorhinchus milii isolate IMCB2004 unplaced genomic scaffold, IMCB_Cmil_1.0 Scaffold26, whole genome shotgun sequence
scyliorhinus_canicula|BGN|XP_038638277.1	ref|NW_024704757.1|	28.467	137	70	3	74	182	10852902	10853312	2.45e-06	53.1	268	41	Callorhinchus milii isolate IMCB2004 unplaced genomic scaffold, IMCB_Cmil_1.0 Scaffold16, whole genome shotgun sequence
scyliorhinus_canicula|BGN|XP_038638277.1	ref|NW_024705955.1|	24.107	224	128	6	70	256	9685	9029	3.59e-06	52.4	268	70	Callorhinchus milii isolate IMCB2004 unplaced genomic scaffold, IMCB_Cmil_1.0 Scaffold1214, whole genome shotgun sequence
whale_shark|BGN|XP_048475905.1	ref|NW_024704746.1|	64.615	65	23	0	96	160	33363605	33363411	3.40e-24	102	161	40	Callorhinchus milii isolate IMCB2004 unplaced genomic scaffold, IMCB_Cmil_1.0 Scaffold5, whole genome shotgun sequence
whale_shark|BGN|XP_048475905.1	ref|NW_024704746.1|	48.980	49	25	0	49	97	33364472	33364326	4.85e-07	52.8	161	30	Callorhinchus milii isolate IMCB2004 unplaced genomic scaffold, IMCB_Cmil_1.0 Scaffold5, whole genome shotgun sequence
whale_shark|BGN|XP_048475905.1	ref|NW_024704746.1|	27.737	137	95	2	20	156	33404072	33403674	5.94e-06	49.3	161	85	Callorhinchus milii isolate IMCB2004 unplaced genomic scaffold, IMCB_Cmil_1.0 Scaffold5, whole genome shotgun sequence
whale_shark|BGN|XP_048475905.1	ref|NW_024704753.1|	59.701	67	27	0	95	161	382498	382698	7.11e-22	95.1	161	42	Callorhinchus milii isolate IMCB2004 unplaced genomic scaffold, IMCB_Cmil_1.0 Scaffold12, whole genome shotgun sequence
whale_shark|BGN|XP_048475905.1	ref|NW_024704753.1|	54.167	48	22	0	50	97	382101	382244	2.38e-11	65.1	161	30	Callorhinchus milii isolate IMCB2004 unplaced genomic scaffold, IMCB_Cmil_1.0 Scaffold12, whole genome shotgun sequence
whale_shark|BGN|XP_048475905.1	ref|NW_024704753.1|	34.021	97	60	2	19	113	393176	393460	2.01e-08	56.6	161	59	Callorhinchus milii isolate IMCB2004 unplaced genomic scaffold, IMCB_Cmil_1.0 Scaffold12, whole genome shotgun sequence
whale_shark|BGN|XP_048475905.1	ref|NW_024704760.1|	39.326	89	40	2	72	156	2104632	2104396	8.71e-11	63.5	161	53	Callorhinchus milii isolate IMCB2004 unplaced genomic scaffold, IMCB_Cmil_1.0 Scaffold19, whole genome shotgun sequence
whale_shark|BGN|XP_048475905.1	ref|NW_024705481.1|	36.667	90	56	1	18	106	28223	28492	5.19e-09	58.2	161	55	Callorhinchus milii isolate IMCB2004 unplaced genomic scaffold, IMCB_Cmil_1.0 Scaffold740, whole genome shotgun sequence
whale_shark|BGN|XP_048475905.1	ref|NW_024704744.1|	33.333	93	58	2	18	108	79695197	79695469	3.95e-06	50.1	161	57	Callorhinchus milii isolate IMCB2004 unplaced genomic scaffold, IMCB_Cmil_1.0 Scaffold3, whole genome shotgun sequence
