gene	accession	species	gene_id	isoform	length	status	reason	old_header	new_header
OGN	XP_066051950.1	Chamaea fasciata	136296614		292	kept	representative	XP_066051950.1 OGN [organism=Chamaea fasciata] [GeneID=136296614]	Chamaea_fasciata|OGN|XP_066051950.1
OGN	XP_043421717.1	Prionailurus bengalensis	122474715		298	kept	representative	XP_043421717.1 OGN [organism=Prionailurus bengalensis] [GeneID=122474715]	Prionailurus_bengalensis|OGN|XP_043421717.1
OGN	XP_029989373.1	Sphaeramia orbicularis	115418949		280	kept	representative	XP_029989373.1 ogna [organism=Sphaeramia orbicularis] [GeneID=115418949]	Sphaeramia_orbicularis|OGN|XP_029989373.1
OGN	XP_053172524.1	Scomber japonicus	128356107		283	kept	representative	XP_053172524.1 ogna [organism=Scomber japonicus] [GeneID=128356107]	Scomber_japonicus|OGN|XP_053172524.1
OGN	XP_056292470.1	Pseudoliparis swirei	130207791		281	kept	representative	XP_056292470.1 ogna [organism=Pseudoliparis swirei] [GeneID=130207791]	Pseudoliparis_swirei|OGN|XP_056292470.1
OGN	XP_058551964.1	Neofelis nebulosa	131492224	X1	308	kept	representative	XP_058551964.1 OGN [organism=Neofelis nebulosa] [GeneID=131492224] [isoform=X1]	Neofelis_nebulosa|OGN|XP_058551964.1
OGN	XP_058551965.1	Neofelis nebulosa	131492224	X2	361	excluded	extra_isoform_same_locus	XP_058551965.1 OGN [organism=Neofelis nebulosa] [GeneID=131492224] [isoform=X2]	Neofelis_nebulosa|OGN|XP_058551965.1
OGN	XP_002934273.1	Xenopus tropicalis	100487346		294	kept	representative	XP_002934273.1 ogn [organism=Xenopus tropicalis] [GeneID=100487346]	Xenopus_tropicalis|OGN|XP_002934273.1
OGN	XP_001918010.2	Equus caballus	100054772	X1	298	kept	representative	XP_001918010.2 OGN [organism=Equus caballus] [GeneID=100054772] [isoform=X1]	Equus_caballus|OGN|XP_001918010.2
OGN	XP_023483407.1	Equus caballus	100054772	X2	356	excluded	extra_isoform_same_locus	XP_023483407.1 OGN [organism=Equus caballus] [GeneID=100054772] [isoform=X2]	Equus_caballus|OGN|XP_023483407.1
OGN	XP_010171004.2	Antrostomus carolinensis	104528642		267	kept	representative	XP_010171004.2 OGN [organism=Antrostomus carolinensis] [GeneID=104528642]	Antrostomus_carolinensis|OGN|XP_010171004.2
OGN	XP_011852247.1	Mandrillus leucophaeus	105551569	X1	356	excluded	extra_isoform_same_locus	XP_011852247.1 OGN [organism=Mandrillus leucophaeus] [GeneID=105551569] [isoform=X1]	Mandrillus_leucophaeus|OGN|XP_011852247.1
OGN	XP_011852248.1	Mandrillus leucophaeus	105551569	X2	298	kept	representative	XP_011852248.1 OGN [organism=Mandrillus leucophaeus] [GeneID=105551569] [isoform=X2]	Mandrillus_leucophaeus|OGN|XP_011852248.1
OGN	XP_011852249.1	Mandrillus leucophaeus	105551569	X2	298	excluded	extra_isoform_same_locus	XP_011852249.1 OGN [organism=Mandrillus leucophaeus] [GeneID=105551569] [isoform=X2]	Mandrillus_leucophaeus|OGN|XP_011852249.1
OGN	XP_055165610.1	Nyctereutes procyonoides	129499766		297	kept	representative	XP_055165610.1 OGN [organism=Nyctereutes procyonoides] [GeneID=129499766]	Nyctereutes_procyonoides|OGN|XP_055165610.1
OGN	XP_033994573.1	Trematomus bernacchii	117489430		283	kept	representative	XP_033994573.1 ogna [organism=Trematomus bernacchii] [GeneID=117489430]	Trematomus_bernacchii|OGN|XP_033994573.1
OGN	XP_035518281.1	Morone saxatilis	118328599		283	kept	representative	XP_035518281.1 ogna [organism=Morone saxatilis] [GeneID=118328599]	Morone_saxatilis|OGN|XP_035518281.1
OGN	XP_066113551.1	Saccopteryx bilineata	136324501		298	kept	representative	XP_066113551.1 OGN [organism=Saccopteryx bilineata] [GeneID=136324501]	Saccopteryx_bilineata|OGN|XP_066113551.1
OGN	XP_072522171.1	Salminus brasiliensis	140543053		296	kept	representative	XP_072522171.1 ogna [organism=Salminus brasiliensis] [GeneID=140543053]	Salminus_brasiliensis|OGN|XP_072522171.1
OGN	XP_075825831.1	Microtus pennsylvanicus	142848115		298	kept	representative	XP_075825831.1 Ogn [organism=Microtus pennsylvanicus] [GeneID=142848115]	Microtus_pennsylvanicus|OGN|XP_075825831.1
OGN	XP_075825832.1	Microtus pennsylvanicus	142848115		298	excluded	extra_isoform_same_locus	XP_075825832.1 Ogn [organism=Microtus pennsylvanicus] [GeneID=142848115]	Microtus_pennsylvanicus|OGN|XP_075825832.1
OGN	XP_082344113.1	Vanellus vanellus	309675653	1	293	kept	representative	XP_082344113.1 OGN [organism=Vanellus vanellus] [GeneID=309675653] [isoform=1]	Vanellus_vanellus|OGN|XP_082344113.1
OGN	XP_082344114.1	Vanellus vanellus	309675653	2	292	excluded	extra_isoform_same_locus	XP_082344114.1 OGN [organism=Vanellus vanellus] [GeneID=309675653] [isoform=2]	Vanellus_vanellus|OGN|XP_082344114.1
OGN	XP_029455250.1	Rhinatrema bivittatum	115090381		291	kept	representative	XP_029455250.1 OGN [organism=Rhinatrema bivittatum] [GeneID=115090381]	Rhinatrema_bivittatum|OGN|XP_029455250.1
OGN	XP_073448775.1	Aquarana catesbeiana	141103274	X1	296	kept	representative	XP_073448775.1 OGN [organism=Aquarana catesbeiana] [GeneID=141103274] [isoform=X1]	Aquarana_catesbeiana|OGN|XP_073448775.1
OGN	XP_073448776.1	Aquarana catesbeiana	141103274	X2	264	excluded	extra_isoform_same_locus	XP_073448776.1 OGN [organism=Aquarana catesbeiana] [GeneID=141103274] [isoform=X2]	Aquarana_catesbeiana|OGN|XP_073448776.1
OGN	XP_083827478.1	Trachurus trachurus	310985726		283	kept	representative	XP_083827478.1 ogna [organism=Trachurus trachurus] [GeneID=310985726]	Trachurus_trachurus|OGN|XP_083827478.1
OGN	XP_009919477.1	Haliaeetus albicilla	104319456		293	kept	representative	XP_009919477.1 OGN [organism=Haliaeetus albicilla] [GeneID=104319456]	Haliaeetus_albicilla|OGN|XP_009919477.1
OGN	XP_063204185.1	Chroicocephalus ridibundus	134521540		293	kept	representative	XP_063204185.1 OGN [organism=Chroicocephalus ridibundus] [GeneID=134521540]	Chroicocephalus_ridibundus|OGN|XP_063204185.1
OGN	XP_037348107.1	Talpa occidentalis	119230742		298	kept	representative	XP_037348107.1 OGN [organism=Talpa occidentalis] [GeneID=119230742]	Talpa_occidentalis|OGN|XP_037348107.1
OGN	XP_053809329.1	Vidua chalybeata	128793903		293	kept	representative	XP_053809329.1 OGN [organism=Vidua chalybeata] [GeneID=128793903]	Vidua_chalybeata|OGN|XP_053809329.1
OGN	XP_008061052.1	Carlito syrichta	103265149	X1	356	excluded	extra_isoform_same_locus	XP_008061052.1 OGN [organism=Carlito syrichta] [GeneID=103265149] [isoform=X1]	Carlito_syrichta|OGN|XP_008061052.1
OGN	XP_008061057.1	Carlito syrichta	103265149	X2	298	kept	representative	XP_008061057.1 OGN [organism=Carlito syrichta] [GeneID=103265149] [isoform=X2]	Carlito_syrichta|OGN|XP_008061057.1
OGN	XP_021570434.1	Carlito syrichta	103265149	X2	298	excluded	extra_isoform_same_locus	XP_021570434.1 OGN [organism=Carlito syrichta] [GeneID=103265149] [isoform=X2]	Carlito_syrichta|OGN|XP_021570434.1
OGN	XP_077767238.1	Canis aureus	144321850		361	kept	representative	XP_077767238.1 OGN [organism=Canis aureus] [GeneID=144321850]	Canis_aureus|OGN|XP_077767238.1
OGN	XP_010197915.1	Colius striatus	104555976		292	kept	representative	XP_010197915.1 OGN [organism=Colius striatus] [GeneID=104555976]	Colius_striatus|OGN|XP_010197915.1
OGN	XP_084023090.1	Coregonus lavaretus	311133480		298	kept	representative	XP_084023090.1 ogna [organism=Coregonus lavaretus] [GeneID=311133480]	Coregonus_lavaretus|OGN|XP_084023090.1
OGN	XP_067254903.1	Chanodichthys erythropterus	137029239		292	kept	representative	XP_067254903.1 ogna [organism=Chanodichthys erythropterus] [GeneID=137029239]	Chanodichthys_erythropterus|OGN|XP_067254903.1
OGN	XP_067254904.1	Chanodichthys erythropterus	137029239		292	excluded	extra_isoform_same_locus	XP_067254904.1 ogna [organism=Chanodichthys erythropterus] [GeneID=137029239]	Chanodichthys_erythropterus|OGN|XP_067254904.1
OGN	XP_071984370.1	Engystomops pustulosus	140104642	X1	293	kept	representative	XP_071984370.1 OGN [organism=Engystomops pustulosus] [GeneID=140104642] [isoform=X1]	Engystomops_pustulosus|OGN|XP_071984370.1
OGN	XP_071984371.1	Engystomops pustulosus	140104642	X2	292	excluded	extra_isoform_same_locus	XP_071984371.1 OGN [organism=Engystomops pustulosus] [GeneID=140104642] [isoform=X2]	Engystomops_pustulosus|OGN|XP_071984371.1
OGN	XP_081658823.1	Leptonychotes weddellii	102743627		298	kept	representative	XP_081658823.1 OGN [organism=Leptonychotes weddellii] [GeneID=102743627]	Leptonychotes_weddellii|OGN|XP_081658823.1
OGN	XP_027556664.1	Neopelma chrysocephalum	113976071		293	kept	representative	XP_027556664.1 OGN [organism=Neopelma chrysocephalum] [GeneID=113976071]	Neopelma_chrysocephalum|OGN|XP_027556664.1
OGN	XP_020486414.1	Labrus bergylta	109981798		283	kept	representative	XP_020486414.1 ogna [organism=Labrus bergylta] [GeneID=109981798]	Labrus_bergylta|OGN|XP_020486414.1
OGN	XP_014268721.1	Maylandia zebra	105940842		283	kept	representative	XP_014268721.1 ogna [organism=Maylandia zebra] [GeneID=105940842]	Maylandia_zebra|OGN|XP_014268721.1
OGN	XP_082390897.1	Aulonocara stuartgranti	309707438		283	kept	representative	XP_082390897.1 ogna [organism=Aulonocara stuartgranti] [GeneID=309707438]	Aulonocara_stuartgranti|OGN|XP_082390897.1
OGN	XP_029287308.1	Cottoperca gobio	115008122		282	kept	representative	XP_029287308.1 ogna [organism=Cottoperca gobio] [GeneID=115008122]	Cottoperca_gobio|OGN|XP_029287308.1
OGN	XP_029287309.1	Cottoperca gobio	115008122		282	excluded	extra_isoform_same_locus	XP_029287309.1 ogna [organism=Cottoperca gobio] [GeneID=115008122]	Cottoperca_gobio|OGN|XP_029287309.1
OGN	XP_021071694.2	Mus pahari	110334167		297	kept	representative	XP_021071694.2 Ogn [organism=Mus pahari] [GeneID=110334167]	Mus_pahari|OGN|XP_021071694.2
OGN	XP_081791040.1	Natrix helvetica	309382935	1	298	kept	representative	XP_081791040.1 OGN [organism=Natrix helvetica] [GeneID=309382935] [isoform=1]	Natrix_helvetica|OGN|XP_081791040.1
OGN	XP_081791041.1	Natrix helvetica	309382935	1	298	excluded	extra_isoform_same_locus	XP_081791041.1 OGN [organism=Natrix helvetica] [GeneID=309382935] [isoform=1]	Natrix_helvetica|OGN|XP_081791041.1
OGN	XP_081791042.1	Natrix helvetica	309382935	1	298	excluded	extra_isoform_same_locus	XP_081791042.1 OGN [organism=Natrix helvetica] [GeneID=309382935] [isoform=1]	Natrix_helvetica|OGN|XP_081791042.1
OGN	XP_029851808.1	Aquila chrysaetos chrysaetos	115333253		293	kept	representative	XP_029851808.1 OGN [organism=Aquila chrysaetos chrysaetos] [GeneID=115333253]	Aquila_chrysaetos_chrysaetos|OGN|XP_029851808.1
OGN	XP_041874051.1	Corvus kubaryi	121659710		293	kept	representative	XP_041874051.1 OGN [organism=Corvus kubaryi] [GeneID=121659710]	Corvus_kubaryi|OGN|XP_041874051.1
OGN	XP_027470179.1	Zalophus californianus	113933974		298	kept	representative	XP_027470179.1 OGN [organism=Zalophus californianus] [GeneID=113933974]	Zalophus_californianus|OGN|XP_027470179.1
OGN	XP_084560306.1	Hypomesus nipponensis	146273283		223	kept	representative	XP_084560306.1 ogna [organism=Hypomesus nipponensis] [GeneID=146273283]	Hypomesus_nipponensis|OGN|XP_084560306.1
OGN	XP_085857932.1	Somniosus microcephalus	147111175		307	kept	representative	XP_085857932.1 ogna [organism=Somniosus microcephalus] [GeneID=147111175]	Somniosus_microcephalus|OGN|XP_085857932.1
OGN	XP_069721614.1	Phaenicophaeus curvirostris	138725023		297	kept	representative	XP_069721614.1 OGN [organism=Phaenicophaeus curvirostris] [GeneID=138725023]	Phaenicophaeus_curvirostris|OGN|XP_069721614.1
OGN	XP_034020732.1	Thalassophryne amazonica	117505242		288	kept	representative	XP_034020732.1 ogna [organism=Thalassophryne amazonica] [GeneID=117505242]	Thalassophryne_amazonica|OGN|XP_034020732.1
OGN	XP_079412163.1	Gobius niger	306962761		275	kept	representative	XP_079412163.1 ogna [organism=Gobius niger] [GeneID=306962761]	Gobius_niger|OGN|XP_079412163.1
OGN	XP_012581676.1	Condylura cristata	101623421		305	kept	representative	XP_012581676.1 OGN [organism=Condylura cristata] [GeneID=101623421]	Condylura_cristata|OGN|XP_012581676.1
OGN	XP_006102264.1	Myotis lucifugus	102436301		290	kept	representative	XP_006102264.1 OGN [organism=Myotis lucifugus] [GeneID=102436301]	Myotis_lucifugus|OGN|XP_006102264.1
OGN	XP_034170328.1	Pangasianodon hypophthalmus	113537969		283	kept	representative	XP_034170328.1 ogna [organism=Pangasianodon hypophthalmus] [GeneID=113537969]	Pangasianodon_hypophthalmus|OGN|XP_034170328.1
OGN	XP_049439601.1	Epinephelus fuscoguttatus	125893102		283	kept	representative	XP_049439601.1 ogna [organism=Epinephelus fuscoguttatus] [GeneID=125893102]	Epinephelus_fuscoguttatus|OGN|XP_049439601.1
OGN	XP_007669099.1	Ornithorhynchus anatinus	100082041		300	kept	representative	XP_007669099.1 OGN [organism=Ornithorhynchus anatinus] [GeneID=100082041]	Ornithorhynchus_anatinus|OGN|XP_007669099.1
OGN	XP_017305659.1	Ictalurus punctatus	108254830		281	kept	representative	XP_017305659.1 ogna [organism=Ictalurus punctatus] [GeneID=108254830]	Ictalurus_punctatus|OGN|XP_017305659.1
OGN	XP_009634944.1	Egretta garzetta	104124324		293	kept	representative	XP_009634944.1 OGN [organism=Egretta garzetta] [GeneID=104124324]	Egretta_garzetta|OGN|XP_009634944.1
OGN	XP_029775305.1	Suricata suricatta	115275727		300	kept	representative	XP_029775305.1 OGN [organism=Suricata suricatta] [GeneID=115275727]	Suricata_suricatta|OGN|XP_029775305.1
OGN	XP_046882329.1	Hypomesus transpacificus	124471770		300	kept	representative	XP_046882329.1 ogna [organism=Hypomesus transpacificus] [GeneID=124471770]	Hypomesus_transpacificus|OGN|XP_046882329.1
OGN	XP_078105312.1	Sander vitreus	144517222		281	kept	representative	XP_078105312.1 ogna [organism=Sander vitreus] [GeneID=144517222]	Sander_vitreus|OGN|XP_078105312.1
OGN	XP_032406542.1	Xiphophorus hellerii	116711240		281	kept	representative	XP_032406542.1 ogna [organism=Xiphophorus hellerii] [GeneID=116711240]	Xiphophorus_hellerii|OGN|XP_032406542.1
OGN	XP_028618980.1	Grammomys surdaster	114617567		298	kept	representative	XP_028618980.1 Ogn [organism=Grammomys surdaster] [GeneID=114617567]	Grammomys_surdaster|OGN|XP_028618980.1
OGN	XP_028618981.1	Grammomys surdaster	114617567		298	excluded	extra_isoform_same_locus	XP_028618981.1 Ogn [organism=Grammomys surdaster] [GeneID=114617567]	Grammomys_surdaster|OGN|XP_028618981.1
OGN	XP_084755181.1	Pipistrellus hanaki	311630189		290	kept	representative	XP_084755181.1 OGN [organism=Pipistrellus hanaki] [GeneID=311630189]	Pipistrellus_hanaki|OGN|XP_084755181.1
OGN	XP_020820032.1	Phascolarctos cinereus	110192919		285	kept	representative	XP_020820032.1 OGN [organism=Phascolarctos cinereus] [GeneID=110192919]	Phascolarctos_cinereus|OGN|XP_020820032.1
OGN	XP_009978596.1	Tauraco erythrolophus	104374227		293	kept	representative	XP_009978596.1 OGN [organism=Tauraco erythrolophus] [GeneID=104374227]	Tauraco_erythrolophus|OGN|XP_009978596.1
OGN	XP_024588743.1	Neophocaena asiaeorientalis asiaeorientalis	112391601		299	kept	representative	XP_024588743.1 OGN [organism=Neophocaena asiaeorientalis asiaeorientalis] [GeneID=112391601]	Neophocaena_asiaeorientalis_asiaeorientalis|OGN|XP_024588743.1
OGN	XP_024588744.1	Neophocaena asiaeorientalis asiaeorientalis	112391601		299	excluded	extra_isoform_same_locus	XP_024588744.1 OGN [organism=Neophocaena asiaeorientalis asiaeorientalis] [GeneID=112391601]	Neophocaena_asiaeorientalis_asiaeorientalis|OGN|XP_024588744.1
OGN	XP_080565346.1	Muscardinus avellanarius	308272421		350	kept	representative	XP_080565346.1 OGN [organism=Muscardinus avellanarius] [GeneID=308272421]	Muscardinus_avellanarius|OGN|XP_080565346.1
OGN	XP_043078793.1	Puntigrus tetrazona	122327465		289	kept	representative	XP_043078793.1 ogna [organism=Puntigrus tetrazona] [GeneID=122327465]	Puntigrus_tetrazona|OGN|XP_043078793.1
OGN	XP_066183005.1	Sylvia atricapilla	136366076		292	kept	representative	XP_066183005.1 OGN [organism=Sylvia atricapilla] [GeneID=136366076]	Sylvia_atricapilla|OGN|XP_066183005.1
OGN	XP_084172621.1	Notolepis coatsorum	311230273		276	kept	representative	XP_084172621.1 ogna [organism=Notolepis coatsorum] [GeneID=311230273]	Notolepis_coatsorum|OGN|XP_084172621.1
OGN	XP_040262976.1	Bufo bufo	120978731		293	kept	representative	XP_040262976.1 OGN [organism=Bufo bufo] [GeneID=120978731]	Bufo_bufo|OGN|XP_040262976.1
OGN	XP_040262977.1	Bufo bufo	120978731		293	excluded	extra_isoform_same_locus	XP_040262977.1 OGN [organism=Bufo bufo] [GeneID=120978731]	Bufo_bufo|OGN|XP_040262977.1
OGN	XP_027858681.1	Xiphophorus couchianus	114135522		281	kept	representative	XP_027858681.1 ogna [organism=Xiphophorus couchianus] [GeneID=114135522]	Xiphophorus_couchianus|OGN|XP_027858681.1
OGN	XP_019360666.1	Gavialis gangeticus	109289170	X1	298	excluded	extra_isoform_same_locus	XP_019360666.1 OGN [organism=Gavialis gangeticus] [GeneID=109289170] [isoform=X1]	Gavialis_gangeticus|OGN|XP_019360666.1
OGN	XP_019360667.1	Gavialis gangeticus	109289170	X2	293	kept	representative	XP_019360667.1 OGN [organism=Gavialis gangeticus] [GeneID=109289170] [isoform=X2]	Gavialis_gangeticus|OGN|XP_019360667.1
OGN	XP_039590174.1	Passer montanus	120514108		293	kept	representative	XP_039590174.1 OGN [organism=Passer montanus] [GeneID=120514108]	Passer_montanus|OGN|XP_039590174.1
OGN	XP_062064474.1	Lepus europaeus	133771996		298	kept	representative	XP_062064474.1 OGN [organism=Lepus europaeus] [GeneID=133771996]	Lepus_europaeus|OGN|XP_062064474.1
OGN	XP_032116381.1	Sapajus apella	116538221		298	kept	representative	XP_032116381.1 OGN [organism=Sapajus apella] [GeneID=116538221]	Sapajus_apella|OGN|XP_032116381.1
OGN	XP_064012456.1	Pogoniulus pusillus	135182365		293	kept	representative	XP_064012456.1 OGN [organism=Pogoniulus pusillus] [GeneID=135182365]	Pogoniulus_pusillus|OGN|XP_064012456.1
OGN	XP_015984335.1	Rousettus aegyptiacus	107502052	X1	298	kept	representative	XP_015984335.1 OGN [organism=Rousettus aegyptiacus] [GeneID=107502052] [isoform=X1]	Rousettus_aegyptiacus|OGN|XP_015984335.1
OGN	XP_015984336.1	Rousettus aegyptiacus	107502052	X1	298	excluded	extra_isoform_same_locus	XP_015984336.1 OGN [organism=Rousettus aegyptiacus] [GeneID=107502052] [isoform=X1]	Rousettus_aegyptiacus|OGN|XP_015984336.1
OGN	XP_036074208.1	Rousettus aegyptiacus	107502052	X2	356	excluded	extra_isoform_same_locus	XP_036074208.1 OGN [organism=Rousettus aegyptiacus] [GeneID=107502052] [isoform=X2]	Rousettus_aegyptiacus|OGN|XP_036074208.1
OGN	XP_029006308.1	Betta splendens	114855336		281	kept	representative	XP_029006308.1 ogna [organism=Betta splendens] [GeneID=114855336]	Betta_splendens|OGN|XP_029006308.1
OGN	XP_086006181.1	Fistularia commersonii	147232901		283	kept	representative	XP_086006181.1 ogna [organism=Fistularia commersonii] [GeneID=147232901]	Fistularia_commersonii|OGN|XP_086006181.1
OGN	XP_018541929.2	Lates calcarifer	108889784		285	kept	representative	XP_018541929.2 ogna [organism=Lates calcarifer] [GeneID=108889784]	Lates_calcarifer|OGN|XP_018541929.2
OGN	XP_084387625.1	Aythya ferina	311442355		293	kept	representative	XP_084387625.1 OGN [organism=Aythya ferina] [GeneID=311442355]	Aythya_ferina|OGN|XP_084387625.1
OGN	XP_084785240.1	Perissodus microlepis	146387475		283	kept	representative	XP_084785240.1 ogna [organism=Perissodus microlepis] [GeneID=146387475]	Perissodus_microlepis|OGN|XP_084785240.1
OGN	XP_057887932.1	Melospiza georgiana	131088130		291	kept	representative	XP_057887932.1 OGN [organism=Melospiza georgiana] [GeneID=131088130]	Melospiza_georgiana|OGN|XP_057887932.1
OGN	XP_028263092.1	Parambassis ranga	114436816		283	kept	representative	XP_028263092.1 ogna [organism=Parambassis ranga] [GeneID=114436816]	Parambassis_ranga|OGN|XP_028263092.1
OGN	XP_084093574.1	Talpa europaea	311173463		356	kept	representative	XP_084093574.1 OGN [organism=Talpa europaea] [GeneID=311173463]	Talpa_europaea|OGN|XP_084093574.1
OGN	XP_032893168.1	Amblyraja radiata	116983483	X1	315	excluded	extra_isoform_same_locus	XP_032893168.1 ogna [organism=Amblyraja radiata] [GeneID=116983483] [isoform=X1]	Amblyraja_radiata|OGN|XP_032893168.1
OGN	XP_032893169.1	Amblyraja radiata	116983483	X2	314	kept	representative	XP_032893169.1 ogna [organism=Amblyraja radiata] [GeneID=116983483] [isoform=X2]	Amblyraja_radiata|OGN|XP_032893169.1
OGN	XP_084695970.1	Heloderma suspectum	146354809		308	kept	representative	XP_084695970.1 OGN [organism=Heloderma suspectum] [GeneID=146354809]	Heloderma_suspectum|OGN|XP_084695970.1
OGN	XP_084695971.1	Heloderma suspectum	146354809		308	excluded	extra_isoform_same_locus	XP_084695971.1 OGN [organism=Heloderma suspectum] [GeneID=146354809]	Heloderma_suspectum|OGN|XP_084695971.1
OGN	XP_065802942.1	Muntiacus reevesi	136176532		299	kept	representative	XP_065802942.1 OGN [organism=Muntiacus reevesi] [GeneID=136176532]	Muntiacus_reevesi|OGN|XP_065802942.1
OGN	XP_065802943.1	Muntiacus reevesi	136176532		299	excluded	extra_isoform_same_locus	XP_065802943.1 OGN [organism=Muntiacus reevesi] [GeneID=136176532]	Muntiacus_reevesi|OGN|XP_065802943.1
OGN	XP_012602595.1	Microcebus murinus	105861569	X2	298	kept	representative	XP_012602595.1 OGN [organism=Microcebus murinus] [GeneID=105861569] [isoform=X2]	Microcebus_murinus|OGN|XP_012602595.1
OGN	XP_075864616.1	Microcebus murinus	105861569	X1	356	excluded	extra_isoform_same_locus	XP_075864616.1 OGN [organism=Microcebus murinus] [GeneID=105861569] [isoform=X1]	Microcebus_murinus|OGN|XP_075864616.1
OGN	XP_068108091.1	Hyperolius riggenbachi	137531949		296	kept	representative	XP_068108091.1 OGN [organism=Hyperolius riggenbachi] [GeneID=137531949]	Hyperolius_riggenbachi|OGN|XP_068108091.1
OGN	XP_078059468.1	Mustelus asterias	144485019		309	kept	representative	XP_078059468.1 ogna [organism=Mustelus asterias] [GeneID=144485019]	Mustelus_asterias|OGN|XP_078059468.1
OGN	XP_075370079.1	Mycteria americana	142415528		293	kept	representative	XP_075370079.1 OGN [organism=Mycteria americana] [GeneID=142415528]	Mycteria_americana|OGN|XP_075370079.1
OGN	XP_077679218.1	Eretmochelys imbricata	144268343		297	kept	representative	XP_077679218.1 OGN [organism=Eretmochelys imbricata] [GeneID=144268343]	Eretmochelys_imbricata|OGN|XP_077679218.1
OGN	XP_079197639.1	Symphodus melops	306822453		282	kept	representative	XP_079197639.1 ogna [organism=Symphodus melops] [GeneID=306822453]	Symphodus_melops|OGN|XP_079197639.1
OGN	XP_085263294.1	Rhamphochromis longiceps	146670326		283	kept	representative	XP_085263294.1 ogna [organism=Rhamphochromis longiceps] [GeneID=146670326]	Rhamphochromis_longiceps|OGN|XP_085263294.1
OGN	XP_075015429.1	Calonectris borealis	142086355		291	kept	representative	XP_075015429.1 OGN [organism=Calonectris borealis] [GeneID=142086355]	Calonectris_borealis|OGN|XP_075015429.1
OGN	XP_075429924.1	Ascaphus truei	142467870		296	kept	representative	XP_075429924.1 OGN [organism=Ascaphus truei] [GeneID=142467870]	Ascaphus_truei|OGN|XP_075429924.1
OGN	XP_009327543.1	Pygoscelis adeliae	103921325		293	kept	representative	XP_009327543.1 OGN [organism=Pygoscelis adeliae] [GeneID=103921325]	Pygoscelis_adeliae|OGN|XP_009327543.1
OGN	XP_034442417.1	Hippoglossus hippoglossus	117762075		283	kept	representative	XP_034442417.1 ogna [organism=Hippoglossus hippoglossus] [GeneID=117762075]	Hippoglossus_hippoglossus|OGN|XP_034442417.1
OGN	XP_010178190.1	Mesitornis unicolor	104537100		292	kept	representative	XP_010178190.1 OGN [organism=Mesitornis unicolor] [GeneID=104537100]	Mesitornis_unicolor|OGN|XP_010178190.1
OGN	XP_067908428.1	Heterodontus francisci	137380399		311	kept	representative	XP_067908428.1 ogna [organism=Heterodontus francisci] [GeneID=137380399]	Heterodontus_francisci|OGN|XP_067908428.1
OGN	XP_014725230.1	Sturnus vulgaris	106849261		293	kept	representative	XP_014725230.1 OGN [organism=Sturnus vulgaris] [GeneID=106849261]	Sturnus_vulgaris|OGN|XP_014725230.1
OGN	XP_039654224.1	Perca fluviatilis	120557725		284	kept	representative	XP_039654224.1 ogna [organism=Perca fluviatilis] [GeneID=120557725]	Perca_fluviatilis|OGN|XP_039654224.1
OGN	XP_041747762.1	Coregonus clupeaformis	121577875	X1	298	kept	representative	XP_041747762.1 ogna [organism=Coregonus clupeaformis] [GeneID=121577875] [isoform=X1]	Coregonus_clupeaformis|OGN|XP_041747762.1
OGN	XP_041747763.1	Coregonus clupeaformis	121577875	X2	267	excluded	extra_isoform_same_locus	XP_041747763.1 ogna [organism=Coregonus clupeaformis] [GeneID=121577875] [isoform=X2]	Coregonus_clupeaformis|OGN|XP_041747763.1
OGN	XP_077429886.1	Vanacampus margaritifer	144056738		288	kept	representative	XP_077429886.1 ogna [organism=Vanacampus margaritifer] [GeneID=144056738]	Vanacampus_margaritifer|OGN|XP_077429886.1
OGN	XP_043879911.1	Solea senegalensis	122768177		285	kept	representative	XP_043879911.1 ogna [organism=Solea senegalensis] [GeneID=122768177]	Solea_senegalensis|OGN|XP_043879911.1
OGN	XP_033092671.1	Trachypithecus francoisi	117098338		298	kept	representative	XP_033092671.1 OGN [organism=Trachypithecus francoisi] [GeneID=117098338]	Trachypithecus_francoisi|OGN|XP_033092671.1
OGN	XP_078965576.1	Sciurus vulgaris	306643366		381	kept	representative	XP_078965576.1 OGN [organism=Sciurus vulgaris] [GeneID=306643366]	Sciurus_vulgaris|OGN|XP_078965576.1
OGN	XP_028431433.1	Perca flavescens	114554057		284	kept	representative	XP_028431433.1 ogna [organism=Perca flavescens] [GeneID=114554057]	Perca_flavescens|OGN|XP_028431433.1
OGN	XP_053509122.1	Ictalurus furcatus	128625088		281	kept	representative	XP_053509122.1 ogna [organism=Ictalurus furcatus] [GeneID=128625088]	Ictalurus_furcatus|OGN|XP_053509122.1
OGN	XP_023271874.1	Seriola lalandi dorsalis	111662298		283	kept	representative	XP_023271874.1 ogna [organism=Seriola lalandi dorsalis] [GeneID=111662298]	Seriola_lalandi_dorsalis|OGN|XP_023271874.1
OGN	XP_003468318.2	Cavia porcellus	100716067	X1	352	excluded	extra_isoform_same_locus	XP_003468318.2 Ogn [organism=Cavia porcellus] [GeneID=100716067] [isoform=X1]	Cavia_porcellus|OGN|XP_003468318.2
OGN	XP_013006121.1	Cavia porcellus	100716067	X3	297	kept	representative	XP_013006121.1 Ogn [organism=Cavia porcellus] [GeneID=100716067] [isoform=X3]	Cavia_porcellus|OGN|XP_013006121.1
OGN	XP_013006122.1	Cavia porcellus	100716067	X3	297	excluded	extra_isoform_same_locus	XP_013006122.1 Ogn [organism=Cavia porcellus] [GeneID=100716067] [isoform=X3]	Cavia_porcellus|OGN|XP_013006122.1
OGN	XP_063083411.1	Cavia porcellus	100716067	X2	299	excluded	extra_isoform_same_locus	XP_063083411.1 Ogn [organism=Cavia porcellus] [GeneID=100716067] [isoform=X2]	Cavia_porcellus|OGN|XP_063083411.1
OGN	XP_063083412.1	Cavia porcellus	100716067	X3	297	excluded	extra_isoform_same_locus	XP_063083412.1 Ogn [organism=Cavia porcellus] [GeneID=100716067] [isoform=X3]	Cavia_porcellus|OGN|XP_063083412.1
OGN	XP_049588495.1	Syngnathus scovelli	125976709		273	kept	representative	XP_049588495.1 ogna [organism=Syngnathus scovelli] [GeneID=125976709]	Syngnathus_scovelli|OGN|XP_049588495.1
OGN	XP_080747222.1	Rhamphochromis sp. 'chilingali'	308402341		283	kept	representative	XP_080747222.1 ogna [organism=Rhamphochromis sp. 'chilingali'] [GeneID=308402341]	Rhamphochromis_sp._chilingali|OGN|XP_080747222.1
OGN	XP_036276011.1	Pipistrellus kuhlii	118708698		290	kept	representative	XP_036276011.1 OGN [organism=Pipistrellus kuhlii] [GeneID=118708698]	Pipistrellus_kuhlii|OGN|XP_036276011.1
OGN	XP_083516842.1	Poromitra crassiceps	310798232		283	kept	representative	XP_083516842.1 ogna [organism=Poromitra crassiceps] [GeneID=310798232]	Poromitra_crassiceps|OGN|XP_083516842.1
OGN	XP_084316933.1	Borostomias antarcticus	311327716		297	kept	representative	XP_084316933.1 ogna [organism=Borostomias antarcticus] [GeneID=311327716]	Borostomias_antarcticus|OGN|XP_084316933.1
OGN	XP_070750850.1	Pristiophorus japonicus	139276739		309	kept	representative	XP_070750850.1 ogna [organism=Pristiophorus japonicus] [GeneID=139276739]	Pristiophorus_japonicus|OGN|XP_070750850.1
OGN	XP_055435036.1	Bubalus kerabau	129650501		299	kept	representative	XP_055435036.1 OGN [organism=Bubalus kerabau] [GeneID=129650501]	Bubalus_kerabau|OGN|XP_055435036.1
OGN	XP_007097395.1	Panthera tigris	102949780		298	kept	representative	XP_007097395.1 OGN [organism=Panthera tigris] [GeneID=102949780]	Panthera_tigris|OGN|XP_007097395.1
OGN	XP_022420320.1	Delphinapterus leucas	111169940		299	kept	representative	XP_022420320.1 OGN [organism=Delphinapterus leucas] [GeneID=111169940]	Delphinapterus_leucas|OGN|XP_022420320.1
OGN	XP_022420321.1	Delphinapterus leucas	111169940		299	excluded	extra_isoform_same_locus	XP_022420321.1 OGN [organism=Delphinapterus leucas] [GeneID=111169940]	Delphinapterus_leucas|OGN|XP_022420321.1
OGN	XP_083972123.1	Abramis brama	311084137		281	kept	representative	XP_083972123.1 ogna [organism=Abramis brama] [GeneID=311084137]	Abramis_brama|OGN|XP_083972123.1
OGN	NP_054776.1	Homo sapiens	4969	2 precursor	298	kept	representative	NP_054776.1 OGN [organism=Homo sapiens] [GeneID=4969] [isoform=2 precursor]	Homo_sapiens|OGN|NP_054776.1
OGN	NP_077727.3	Homo sapiens	4969	1	356	excluded	extra_isoform_same_locus	NP_077727.3 OGN [organism=Homo sapiens] [GeneID=4969] [isoform=1]	Homo_sapiens|OGN|NP_077727.3
OGN	NP_148935.1	Homo sapiens	4969	2 precursor	298	excluded	extra_isoform_same_locus	NP_148935.1 OGN [organism=Homo sapiens] [GeneID=4969] [isoform=2 precursor]	Homo_sapiens|OGN|NP_148935.1
OGN	XP_071756876.1	Centroberyx gerrardi	139912853		290	kept	representative	XP_071756876.1 ogna [organism=Centroberyx gerrardi] [GeneID=139912853]	Centroberyx_gerrardi|OGN|XP_071756876.1
OGN	XP_029946835.1	Salarias fasciatus	115388042		283	kept	representative	XP_029946835.1 ogna [organism=Salarias fasciatus] [GeneID=115388042]	Salarias_fasciatus|OGN|XP_029946835.1
OGN	XP_054071828.1	Rissa tridactyla	128915489		293	kept	representative	XP_054071828.1 OGN [organism=Rissa tridactyla] [GeneID=128915489]	Rissa_tridactyla|OGN|XP_054071828.1
OGN	XP_062264360.1	Platichthys flesus	133971135		283	kept	representative	XP_062264360.1 ogna [organism=Platichthys flesus] [GeneID=133971135]	Platichthys_flesus|OGN|XP_062264360.1
OGN	XP_021035476.1	Mus caroli	110307601	X1	322	excluded	extra_isoform_same_locus	XP_021035476.1 Ogn [organism=Mus caroli] [GeneID=110307601] [isoform=X1]	Mus_caroli|OGN|XP_021035476.1
OGN	XP_029324047.1	Mus caroli	110307601	X2	298	kept	representative	XP_029324047.1 Ogn [organism=Mus caroli] [GeneID=110307601] [isoform=X2]	Mus_caroli|OGN|XP_029324047.1
OGN	XP_030586286.1	Archocentrus centrarchus	115780960		282	kept	representative	XP_030586286.1 ogna [organism=Archocentrus centrarchus] [GeneID=115780960]	Archocentrus_centrarchus|OGN|XP_030586286.1
OGN	XP_065264803.1	Emys orbicularis	135881957		298	kept	representative	XP_065264803.1 OGN [organism=Emys orbicularis] [GeneID=135881957]	Emys_orbicularis|OGN|XP_065264803.1
OGN	XP_008289485.1	Stegastes partitus	103364217		282	kept	representative	XP_008289485.1 ogna [organism=Stegastes partitus] [GeneID=103364217]	Stegastes_partitus|OGN|XP_008289485.1
OGN	XP_005522268.1	Pseudopodoces humilis	102102811		293	kept	representative	XP_005522268.1 OGN [organism=Pseudopodoces humilis] [GeneID=102102811]	Pseudopodoces_humilis|OGN|XP_005522268.1
OGN	XP_008921821.1	Manacus vitellinus	103757428		293	kept	representative	XP_008921821.1 OGN [organism=Manacus vitellinus] [GeneID=103757428]	Manacus_vitellinus|OGN|XP_008921821.1
OGN	XP_082550459.1	Mustela nivalis	309845887		298	kept	representative	XP_082550459.1 OGN [organism=Mustela nivalis] [GeneID=309845887]	Mustela_nivalis|OGN|XP_082550459.1
OGN	XP_030357792.1	Strigops habroptila	115614705	X1	299	kept	representative	XP_030357792.1 OGN [organism=Strigops habroptila] [GeneID=115614705] [isoform=X1]	Strigops_habroptila|OGN|XP_030357792.1
OGN	XP_030357793.1	Strigops habroptila	115614705	X1	299	excluded	extra_isoform_same_locus	XP_030357793.1 OGN [organism=Strigops habroptila] [GeneID=115614705] [isoform=X1]	Strigops_habroptila|OGN|XP_030357793.1
OGN	XP_030357794.1	Strigops habroptila	115614705	X2	247	excluded	extra_isoform_same_locus	XP_030357794.1 OGN [organism=Strigops habroptila] [GeneID=115614705] [isoform=X2]	Strigops_habroptila|OGN|XP_030357794.1
OGN	XP_004620166.1	Sorex araneus	101556668		298	kept	representative	XP_004620166.1 OGN [organism=Sorex araneus] [GeneID=101556668]	Sorex_araneus|OGN|XP_004620166.1
OGN	XP_084398882.1	Chelon labrosus	311486764		282	kept	representative	XP_084398882.1 ogna [organism=Chelon labrosus] [GeneID=311486764]	Chelon_labrosus|OGN|XP_084398882.1
OGN	XP_062441217.1	Rhea pennata	134145598		293	kept	representative	XP_062441217.1 OGN [organism=Rhea pennata] [GeneID=134145598]	Rhea_pennata|OGN|XP_062441217.1
OGN	XP_050813850.1	Gopherus flavomarginatus	127053336		298	kept	representative	XP_050813850.1 OGN [organism=Gopherus flavomarginatus] [GeneID=127053336]	Gopherus_flavomarginatus|OGN|XP_050813850.1
OGN	XP_050813851.1	Gopherus flavomarginatus	127053336		298	excluded	extra_isoform_same_locus	XP_050813851.1 OGN [organism=Gopherus flavomarginatus] [GeneID=127053336]	Gopherus_flavomarginatus|OGN|XP_050813851.1
OGN	XP_083012263.1	Crinia signifera	146025930	X1	338	excluded	extra_isoform_same_locus	XP_083012263.1 OGN [organism=Crinia signifera] [GeneID=146025930] [isoform=X1]	Crinia_signifera|OGN|XP_083012263.1
OGN	XP_083012264.1	Crinia signifera	146025930	X2	298	kept	representative	XP_083012264.1 OGN [organism=Crinia signifera] [GeneID=146025930] [isoform=X2]	Crinia_signifera|OGN|XP_083012264.1
OGN	XP_083012265.1	Crinia signifera	146025930	X2	298	excluded	extra_isoform_same_locus	XP_083012265.1 OGN [organism=Crinia signifera] [GeneID=146025930] [isoform=X2]	Crinia_signifera|OGN|XP_083012265.1
OGN	XP_025787333.1	Puma concolor	112868577		298	kept	representative	XP_025787333.1 OGN [organism=Puma concolor] [GeneID=112868577]	Puma_concolor|OGN|XP_025787333.1
OGN	XP_041945215.1	Alosa sapidissima	121707053		296	kept	representative	XP_041945215.1 ogna [organism=Alosa sapidissima] [GeneID=121707053]	Alosa_sapidissima|OGN|XP_041945215.1
OGN	XP_061076629.1	Conger conger	133110488		287	kept	representative	XP_061076629.1 ogna [organism=Conger conger] [GeneID=133110488]	Conger_conger|OGN|XP_061076629.1
OGN	XP_071458875.1	Marmota flaviventris	114104743		296	kept	representative	XP_071458875.1 Ogn [organism=Marmota flaviventris] [GeneID=114104743]	Marmota_flaviventris|OGN|XP_071458875.1
OGN	XP_072455320.1	Notamacropus eugenii	140497823		280	kept	representative	XP_072455320.1 OGN [organism=Notamacropus eugenii] [GeneID=140497823]	Notamacropus_eugenii|OGN|XP_072455320.1
OGN	XP_004598875.2	Ochotona princeps	101534761		298	kept	representative	XP_004598875.2 OGN [organism=Ochotona princeps] [GeneID=101534761]	Ochotona_princeps|OGN|XP_004598875.2
OGN	XP_058528938.1	Ochotona princeps	101534761		298	excluded	extra_isoform_same_locus	XP_058528938.1 OGN [organism=Ochotona princeps] [GeneID=101534761]	Ochotona_princeps|OGN|XP_058528938.1
OGN	XP_027668756.1	Falco cherrug	102054175		293	kept	representative	XP_027668756.1 OGN [organism=Falco cherrug] [GeneID=102054175]	Falco_cherrug|OGN|XP_027668756.1
OGN	XP_086326435.1	Leptosomus discolor	104339965		293	kept	representative	XP_086326435.1 OGN [organism=Leptosomus discolor] [GeneID=104339965]	Leptosomus_discolor|OGN|XP_086326435.1
OGN	XP_074814315.1	Natator depressus	141990693		297	kept	representative	XP_074814315.1 OGN [organism=Natator depressus] [GeneID=141990693]	Natator_depressus|OGN|XP_074814315.1
OGN	XP_032492068.1	Phocoena sinus	116756012		299	kept	representative	XP_032492068.1 OGN [organism=Phocoena sinus] [GeneID=116756012]	Phocoena_sinus|OGN|XP_032492068.1
OGN	XP_032492069.1	Phocoena sinus	116756012		299	excluded	extra_isoform_same_locus	XP_032492069.1 OGN [organism=Phocoena sinus] [GeneID=116756012]	Phocoena_sinus|OGN|XP_032492069.1
OGN	XP_038596082.1	Tachyglossus aculeatus	119919599		300	kept	representative	XP_038596082.1 OGN [organism=Tachyglossus aculeatus] [GeneID=119919599]	Tachyglossus_aculeatus|OGN|XP_038596082.1
OGN	XP_051483241.1	Apus apus	127388147		298	kept	representative	XP_051483241.1 OGN [organism=Apus apus] [GeneID=127388147]	Apus_apus|OGN|XP_051483241.1
OGN	XP_079396388.1	Tetrao urogallus	306950109		293	kept	representative	XP_079396388.1 OGN [organism=Tetrao urogallus] [GeneID=306950109]	Tetrao_urogallus|OGN|XP_079396388.1
OGN	XP_038551628.1	Micropterus salmoides	119885598		285	kept	representative	XP_038551628.1 ogna [organism=Micropterus salmoides] [GeneID=119885598]	Micropterus_salmoides|OGN|XP_038551628.1
OGN	XP_061056601.1	Eubalaena glacialis	133098004		299	kept	representative	XP_061056601.1 OGN [organism=Eubalaena glacialis] [GeneID=133098004]	Eubalaena_glacialis|OGN|XP_061056601.1
OGN	XP_072698700.1	Canis lupus baileyi	140641978		361	kept	representative	XP_072698700.1 OGN [organism=Canis lupus baileyi] [GeneID=140641978]	Canis_lupus_baileyi|OGN|XP_072698700.1
OGN	XP_059118954.1	Peromyscus eremicus	131910983		298	kept	representative	XP_059118954.1 Ogn [organism=Peromyscus eremicus] [GeneID=131910983]	Peromyscus_eremicus|OGN|XP_059118954.1
OGN	XP_080037923.1	Carcharhinus amblyrhynchos	145336949		309	kept	representative	XP_080037923.1 ogna [organism=Carcharhinus amblyrhynchos] [GeneID=145336949]	Carcharhinus_amblyrhynchos|OGN|XP_080037923.1
OGN	XP_044121979.1	Neogale vison	122917774	X1	298	kept	representative	XP_044121979.1 OGN [organism=Neogale vison] [GeneID=122917774] [isoform=X1]	Neogale_vison|OGN|XP_044121979.1
OGN	XP_044121980.1	Neogale vison	122917774	X2	244	excluded	extra_isoform_same_locus	XP_044121980.1 OGN [organism=Neogale vison] [GeneID=122917774] [isoform=X2]	Neogale_vison|OGN|XP_044121980.1
OGN	XP_080675984.1	Martes martes	308353136	1	298	kept	representative	XP_080675984.1 OGN [organism=Martes martes] [GeneID=308353136] [isoform=1]	Martes_martes|OGN|XP_080675984.1
OGN	XP_080675985.1	Martes martes	308353136	2	215	excluded	extra_isoform_same_locus	XP_080675985.1 OGN [organism=Martes martes] [GeneID=308353136] [isoform=2]	Martes_martes|OGN|XP_080675985.1
OGN	XP_012507284.1	Propithecus coquereli	105816421	X1	356	excluded	extra_isoform_same_locus	XP_012507284.1 OGN [organism=Propithecus coquereli] [GeneID=105816421] [isoform=X1]	Propithecus_coquereli|OGN|XP_012507284.1
OGN	XP_012507285.1	Propithecus coquereli	105816421	X2	383	excluded	relative_length	XP_012507285.1 OGN [organism=Propithecus coquereli] [GeneID=105816421] [isoform=X2]	Propithecus_coquereli|OGN|XP_012507285.1
OGN	XP_012507286.1	Propithecus coquereli	105816421	X3	298	kept	representative	XP_012507286.1 OGN [organism=Propithecus coquereli] [GeneID=105816421] [isoform=X3]	Propithecus_coquereli|OGN|XP_012507286.1
OGN	XP_013927126.1	Thamnophis sirtalis	106553202		296	kept	representative	XP_013927126.1 OGN [organism=Thamnophis sirtalis] [GeneID=106553202]	Thamnophis_sirtalis|OGN|XP_013927126.1
OGN	XP_013927127.1	Thamnophis sirtalis	106553202		296	excluded	extra_isoform_same_locus	XP_013927127.1 OGN [organism=Thamnophis sirtalis] [GeneID=106553202]	Thamnophis_sirtalis|OGN|XP_013927127.1
OGN	XP_030812765.1	Camarhynchus parvulus	115908371		291	kept	representative	XP_030812765.1 OGN [organism=Camarhynchus parvulus] [GeneID=115908371]	Camarhynchus_parvulus|OGN|XP_030812765.1
OGN	XP_083459680.1	Podarcis filfolensis	310757820	1	307	kept	representative	XP_083459680.1 OGN [organism=Podarcis filfolensis] [GeneID=310757820] [isoform=1]	Podarcis_filfolensis|OGN|XP_083459680.1
OGN	XP_083459681.1	Podarcis filfolensis	310757820	1	307	excluded	extra_isoform_same_locus	XP_083459681.1 OGN [organism=Podarcis filfolensis] [GeneID=310757820] [isoform=1]	Podarcis_filfolensis|OGN|XP_083459681.1
OGN	XP_063147929.1	Candoia aspera	134489269		297	kept	representative	XP_063147929.1 OGN [organism=Candoia aspera] [GeneID=134489269]	Candoia_aspera|OGN|XP_063147929.1
OGN	XP_076012988.1	Genypterus blacodes	143005457		292	kept	representative	XP_076012988.1 ogna [organism=Genypterus blacodes] [GeneID=143005457]	Genypterus_blacodes|OGN|XP_076012988.1
OGN	XP_040611889.1	Mesocricetus auratus	101833723		296	kept	representative	XP_040611889.1 Ogn [organism=Mesocricetus auratus] [GeneID=101833723]	Mesocricetus_auratus|OGN|XP_040611889.1
OGN	XP_041812149.1	Chelmon rostratus	121620239		283	kept	representative	XP_041812149.1 ogna [organism=Chelmon rostratus] [GeneID=121620239]	Chelmon_rostratus|OGN|XP_041812149.1
OGN	XP_013800732.1	Apteryx mantelli	106486656		293	kept	representative	XP_013800732.1 OGN [organism=Apteryx mantelli] [GeneID=106486656]	Apteryx_mantelli|OGN|XP_013800732.1
OGN	XP_079856698.1	Zeus faber	307230294		286	kept	representative	XP_079856698.1 ogna [organism=Zeus faber] [GeneID=307230294]	Zeus_faber|OGN|XP_079856698.1
OGN	XP_085942272.1	Leptonotus elevatus	147167755		284	kept	representative	XP_085942272.1 ogna [organism=Leptonotus elevatus] [GeneID=147167755]	Leptonotus_elevatus|OGN|XP_085942272.1
OGN	XP_074952665.1	Phalacrocorax aristotelis	142058778		293	kept	representative	XP_074952665.1 OGN [organism=Phalacrocorax aristotelis] [GeneID=142058778]	Phalacrocorax_aristotelis|OGN|XP_074952665.1
OGN	XP_074952666.1	Phalacrocorax aristotelis	142058778		293	excluded	extra_isoform_same_locus	XP_074952666.1 OGN [organism=Phalacrocorax aristotelis] [GeneID=142058778]	Phalacrocorax_aristotelis|OGN|XP_074952666.1
OGN	XP_077582645.1	Stigmatopora nigra	144203175		277	kept	representative	XP_077582645.1 ogna [organism=Stigmatopora nigra] [GeneID=144203175]	Stigmatopora_nigra|OGN|XP_077582645.1
OGN	XP_007577609.1	Poecilia formosa	103155741	X2	280	excluded	extra_isoform_same_locus	XP_007577609.1 ogna [organism=Poecilia formosa] [GeneID=103155741] [isoform=X2]	Poecilia_formosa|OGN|XP_007577609.1
OGN	XP_016519275.1	Poecilia formosa	103155741	X1	281	kept	representative	XP_016519275.1 ogna [organism=Poecilia formosa] [GeneID=103155741] [isoform=X1]	Poecilia_formosa|OGN|XP_016519275.1
OGN	XP_023791345.1	Cyanistes caeruleus	111935216		293	kept	representative	XP_023791345.1 OGN [organism=Cyanistes caeruleus] [GeneID=111935216]	Cyanistes_caeruleus|OGN|XP_023791345.1
OGN	XP_023791346.1	Cyanistes caeruleus	111935216		293	excluded	extra_isoform_same_locus	XP_023791346.1 OGN [organism=Cyanistes caeruleus] [GeneID=111935216]	Cyanistes_caeruleus|OGN|XP_023791346.1
OGN	XP_030276565.1	Sparus aurata	115583636		283	kept	representative	XP_030276565.1 ogna [organism=Sparus aurata] [GeneID=115583636]	Sparus_aurata|OGN|XP_030276565.1
OGN	XP_033938177.1	Pseudochaenichthys georgianus	117446227		283	kept	representative	XP_033938177.1 ogna [organism=Pseudochaenichthys georgianus] [GeneID=117446227]	Pseudochaenichthys_georgianus|OGN|XP_033938177.1
OGN	XP_021550120.1	Neomonachus schauinslandi	110584410		298	kept	representative	XP_021550120.1 OGN [organism=Neomonachus schauinslandi] [GeneID=110584410]	Neomonachus_schauinslandi|OGN|XP_021550120.1
OGN	XP_036386274.1	Megalops cyprinoides	118778729		292	kept	representative	XP_036386274.1 ogna [organism=Megalops cyprinoides] [GeneID=118778729]	Megalops_cyprinoides|OGN|XP_036386274.1
OGN	XP_052500626.1	Budorcas taxicolor	128052194		357	kept	representative	XP_052500626.1 OGN [organism=Budorcas taxicolor] [GeneID=128052194]	Budorcas_taxicolor|OGN|XP_052500626.1
OGN	XP_006127625.2	Pelodiscus sinensis	102449136		296	kept	representative	XP_006127625.2 OGN [organism=Pelodiscus sinensis] [GeneID=102449136]	Pelodiscus_sinensis|OGN|XP_006127625.2
OGN	XP_083811095.1	Clangula hyemalis	310974994		293	kept	representative	XP_083811095.1 OGN [organism=Clangula hyemalis] [GeneID=310974994]	Clangula_hyemalis|OGN|XP_083811095.1
OGN	XP_026023014.1	Astatotilapia calliptera	113022140		283	kept	representative	XP_026023014.1 ogna [organism=Astatotilapia calliptera] [GeneID=113022140]	Astatotilapia_calliptera|OGN|XP_026023014.1
OGN	XP_026954138.1	Aethalodelphis obliquidens	113615669		299	kept	representative	XP_026954138.1 OGN [organism=Aethalodelphis obliquidens] [GeneID=113615669]	Aethalodelphis_obliquidens|OGN|XP_026954138.1
OGN	XP_026954139.1	Aethalodelphis obliquidens	113615669		299	excluded	extra_isoform_same_locus	XP_026954139.1 OGN [organism=Aethalodelphis obliquidens] [GeneID=113615669]	Aethalodelphis_obliquidens|OGN|XP_026954139.1
OGN	XP_029057553.1	Monodon monoceros	114883749		299	kept	representative	XP_029057553.1 OGN [organism=Monodon monoceros] [GeneID=114883749]	Monodon_monoceros|OGN|XP_029057553.1
OGN	XP_082257076.1	Balaenoptera borealis	309632908		382	kept	representative	XP_082257076.1 OGN [organism=Balaenoptera borealis] [GeneID=309632908]	Balaenoptera_borealis|OGN|XP_082257076.1
OGN	XP_014720312.1	Equus asinus	106846189	X1	298	kept	representative	XP_014720312.1 OGN [organism=Equus asinus] [GeneID=106846189] [isoform=X1]	Equus_asinus|OGN|XP_014720312.1
OGN	XP_044612733.1	Equus asinus	106846189	X2	356	excluded	extra_isoform_same_locus	XP_044612733.1 OGN [organism=Equus asinus] [GeneID=106846189] [isoform=X2]	Equus_asinus|OGN|XP_044612733.1
OGN	XP_056707093.1	Euleptes europaea	130478868		296	kept	representative	XP_056707093.1 OGN [organism=Euleptes europaea] [GeneID=130478868]	Euleptes_europaea|OGN|XP_056707093.1
OGN	XP_003260541.1	Nomascus leucogenys	100600905		298	kept	representative	XP_003260541.1 OGN [organism=Nomascus leucogenys] [GeneID=100600905]	Nomascus_leucogenys|OGN|XP_003260541.1
OGN	XP_030660171.1	Nomascus leucogenys	100600905		298	excluded	extra_isoform_same_locus	XP_030660171.1 OGN [organism=Nomascus leucogenys] [GeneID=100600905]	Nomascus_leucogenys|OGN|XP_030660171.1
OGN	XP_024125713.1	Oryzias melastigma	112144993		280	kept	representative	XP_024125713.1 ogna [organism=Oryzias melastigma] [GeneID=112144993]	Oryzias_melastigma|OGN|XP_024125713.1
OGN	XP_044512692.1	Gracilinanus agilis	123230627		288	kept	representative	XP_044512692.1 OGN [organism=Gracilinanus agilis] [GeneID=123230627]	Gracilinanus_agilis|OGN|XP_044512692.1
OGN	XP_053298759.1	Pleuronectes platessa	128458125		283	kept	representative	XP_053298759.1 ogna [organism=Pleuronectes platessa] [GeneID=128458125]	Pleuronectes_platessa|OGN|XP_053298759.1
OGN	XP_006161521.1	Tupaia belangeri chinensis	102493616	X1	293	kept	representative	XP_006161521.1 OGN [organism=Tupaia belangeri chinensis] [GeneID=102493616] [isoform=X1]	Tupaia_belangeri_chinensis|OGN|XP_006161521.1
OGN	XP_027621328.1	Tupaia belangeri chinensis	102493616	X2	351	excluded	extra_isoform_same_locus	XP_027621328.1 OGN [organism=Tupaia belangeri chinensis] [GeneID=102493616] [isoform=X2]	Tupaia_belangeri_chinensis|OGN|XP_027621328.1
OGN	XP_048171305.1	Corvus hawaiiensis	125331406		293	kept	representative	XP_048171305.1 OGN [organism=Corvus hawaiiensis] [GeneID=125331406]	Corvus_hawaiiensis|OGN|XP_048171305.1
OGN	XP_050617516.1	Macaca thibetana thibetana	126937808	X1	298	kept	representative	XP_050617516.1 OGN [organism=Macaca thibetana thibetana] [GeneID=126937808] [isoform=X1]	Macaca_thibetana_thibetana|OGN|XP_050617516.1
OGN	XP_050617517.1	Macaca thibetana thibetana	126937808	X2	356	excluded	extra_isoform_same_locus	XP_050617517.1 OGN [organism=Macaca thibetana thibetana] [GeneID=126937808] [isoform=X2]	Macaca_thibetana_thibetana|OGN|XP_050617517.1
OGN	XP_041047326.1	Carcharodon carcharias	121279877		311	kept	representative	XP_041047326.1 ogna [organism=Carcharodon carcharias] [GeneID=121279877]	Carcharodon_carcharias|OGN|XP_041047326.1
OGN	XP_006783027.1	Neolamprologus brichardi	102796314		283	kept	representative	XP_006783027.1 ogna [organism=Neolamprologus brichardi] [GeneID=102796314]	Neolamprologus_brichardi|OGN|XP_006783027.1
OGN	XP_020662287.1	Pogona vitticeps	110085976		307	kept	representative	XP_020662287.1 OGN [organism=Pogona vitticeps] [GeneID=110085976]	Pogona_vitticeps|OGN|XP_020662287.1
OGN	XP_078241575.1	Pogona vitticeps	110085976		307	excluded	extra_isoform_same_locus	XP_078241575.1 OGN [organism=Pogona vitticeps] [GeneID=110085976]	Pogona_vitticeps|OGN|XP_078241575.1
OGN	XP_060621896.2	Anolis sagrei	132769211		302	kept	representative	XP_060621896.2 OGN [organism=Anolis sagrei] [GeneID=132769211]	Anolis_sagrei|OGN|XP_060621896.2
OGN	XP_060621897.2	Anolis sagrei	132769211		302	excluded	extra_isoform_same_locus	XP_060621897.2 OGN [organism=Anolis sagrei] [GeneID=132769211]	Anolis_sagrei|OGN|XP_060621897.2
OGN	XP_060621898.2	Anolis sagrei	132769211		302	excluded	extra_isoform_same_locus	XP_060621898.2 OGN [organism=Anolis sagrei] [GeneID=132769211]	Anolis_sagrei|OGN|XP_060621898.2
OGN	XP_046236738.1	Scatophagus argus	124054589		283	kept	representative	XP_046236738.1 ogna [organism=Scatophagus argus] [GeneID=124054589]	Scatophagus_argus|OGN|XP_046236738.1
OGN	XP_005881721.1	Myotis brandtii	102248701		290	kept	representative	XP_005881721.1 OGN [organism=Myotis brandtii] [GeneID=102248701]	Myotis_brandtii|OGN|XP_005881721.1
OGN	XP_062486663.1	Pezoporus occidentalis	134169821		299	kept	representative	XP_062486663.1 OGN [organism=Pezoporus occidentalis] [GeneID=134169821]	Pezoporus_occidentalis|OGN|XP_062486663.1
OGN	XP_062486664.1	Pezoporus occidentalis	134169821		299	excluded	extra_isoform_same_locus	XP_062486664.1 OGN [organism=Pezoporus occidentalis] [GeneID=134169821]	Pezoporus_occidentalis|OGN|XP_062486664.1
OGN	XP_078270151.1	Rhinoraja longicauda	144601718		306	kept	representative	XP_078270151.1 ogna [organism=Rhinoraja longicauda] [GeneID=144601718]	Rhinoraja_longicauda|OGN|XP_078270151.1
OGN	XP_017675376.1	Lepidothrix coronata	108499729		293	kept	representative	XP_017675376.1 OGN [organism=Lepidothrix coronata] [GeneID=108499729]	Lepidothrix_coronata|OGN|XP_017675376.1
OGN	XP_030150228.1	Lynx canadensis	115500054		298	kept	representative	XP_030150228.1 OGN [organism=Lynx canadensis] [GeneID=115500054]	Lynx_canadensis|OGN|XP_030150228.1
OGN	XP_065099723.1	Paramisgurnus dabryanus	135721428		287	kept	representative	XP_065099723.1 ogna [organism=Paramisgurnus dabryanus] [GeneID=135721428]	Paramisgurnus_dabryanus|OGN|XP_065099723.1
OGN	XP_056128756.1	Lampris incognitus	130106604		289	kept	representative	XP_056128756.1 ogna [organism=Lampris incognitus] [GeneID=130106604]	Lampris_incognitus|OGN|XP_056128756.1
OGN	XP_006261180.1	Alligator mississippiensis	102558923	X2	293	kept	representative	XP_006261180.1 OGN [organism=Alligator mississippiensis] [GeneID=102558923] [isoform=X2]	Alligator_mississippiensis|OGN|XP_006261180.1
OGN	XP_059572037.1	Alligator mississippiensis	102558923	X1	295	excluded	extra_isoform_same_locus	XP_059572037.1 OGN [organism=Alligator mississippiensis] [GeneID=102558923] [isoform=X1]	Alligator_mississippiensis|OGN|XP_059572037.1
OGN	XP_004313641.1	Tursiops truncatus	101332013		299	kept	representative	XP_004313641.1 OGN [organism=Tursiops truncatus] [GeneID=101332013]	Tursiops_truncatus|OGN|XP_004313641.1
OGN	XP_019796033.1	Tursiops truncatus	101332013		299	excluded	extra_isoform_same_locus	XP_019796033.1 OGN [organism=Tursiops truncatus] [GeneID=101332013]	Tursiops_truncatus|OGN|XP_019796033.1
OGN	XP_067601045.1	Pseudorca crassidens	137228050		299	kept	representative	XP_067601045.1 OGN [organism=Pseudorca crassidens] [GeneID=137228050]	Pseudorca_crassidens|OGN|XP_067601045.1
OGN	XP_067601046.1	Pseudorca crassidens	137228050		299	excluded	extra_isoform_same_locus	XP_067601046.1 OGN [organism=Pseudorca crassidens] [GeneID=137228050]	Pseudorca_crassidens|OGN|XP_067601046.1
OGN	XP_009935750.2	Opisthocomus hoazin	104332061		293	kept	representative	XP_009935750.2 OGN [organism=Opisthocomus hoazin] [GeneID=104332061]	Opisthocomus_hoazin|OGN|XP_009935750.2
OGN	XP_059268016.1	Mustela nigripes	132024879		298	kept	representative	XP_059268016.1 OGN [organism=Mustela nigripes] [GeneID=132024879]	Mustela_nigripes|OGN|XP_059268016.1
OGN	XP_083748534.1	Microchirus variegatus	310929600		285	kept	representative	XP_083748534.1 ogna [organism=Microchirus variegatus] [GeneID=310929600]	Microchirus_variegatus|OGN|XP_083748534.1
OGN	XP_048877958.1	Brienomyrus brachyistius	125747154	X1	276	kept	representative	XP_048877958.1 ogna [organism=Brienomyrus brachyistius] [GeneID=125747154] [isoform=X1]	Brienomyrus_brachyistius|OGN|XP_048877958.1
OGN	XP_048877959.1	Brienomyrus brachyistius	125747154	X2	275	excluded	extra_isoform_same_locus	XP_048877959.1 ogna [organism=Brienomyrus brachyistius] [GeneID=125747154] [isoform=X2]	Brienomyrus_brachyistius|OGN|XP_048877959.1
OGN	XP_050950150.1	Labeo rohita	127153218		289	kept	representative	XP_050950150.1 ogna [organism=Labeo rohita] [GeneID=127153218]	Labeo_rohita|OGN|XP_050950150.1
OGN	XP_060691480.1	Hemiscyllium ocellatum	132822298		311	kept	representative	XP_060691480.1 ogna [organism=Hemiscyllium ocellatum] [GeneID=132822298]	Hemiscyllium_ocellatum|OGN|XP_060691480.1
OGN	XP_081704699.1	Podarcis erhardii	309334336	1	307	kept	representative	XP_081704699.1 OGN [organism=Podarcis erhardii] [GeneID=309334336] [isoform=1]	Podarcis_erhardii|OGN|XP_081704699.1
OGN	XP_081704700.1	Podarcis erhardii	309334336	1	307	excluded	extra_isoform_same_locus	XP_081704700.1 OGN [organism=Podarcis erhardii] [GeneID=309334336] [isoform=1]	Podarcis_erhardii|OGN|XP_081704700.1
OGN	XP_068057648.1	Anomalospiza imberbis	137480487		293	kept	representative	XP_068057648.1 OGN [organism=Anomalospiza imberbis] [GeneID=137480487]	Anomalospiza_imberbis|OGN|XP_068057648.1
OGN	XP_010085860.1	Pterocles gutturalis	104472026		293	kept	representative	XP_010085860.1 OGN [organism=Pterocles gutturalis] [GeneID=104472026]	Pterocles_gutturalis|OGN|XP_010085860.1
OGN	XP_058027315.1	Ahaetulla prasina	131192306		298	kept	representative	XP_058027315.1 OGN [organism=Ahaetulla prasina] [GeneID=131192306]	Ahaetulla_prasina|OGN|XP_058027315.1
OGN	XP_058027316.1	Ahaetulla prasina	131192306		298	excluded	extra_isoform_same_locus	XP_058027316.1 OGN [organism=Ahaetulla prasina] [GeneID=131192306]	Ahaetulla_prasina|OGN|XP_058027316.1
OGN	XP_071380733.1	Centroberyx affinis	139648493		289	kept	representative	XP_071380733.1 ogna [organism=Centroberyx affinis] [GeneID=139648493]	Centroberyx_affinis|OGN|XP_071380733.1
OGN	XP_037239135.1	Falco rusticolus	119146105		293	kept	representative	XP_037239135.1 OGN [organism=Falco rusticolus] [GeneID=119146105]	Falco_rusticolus|OGN|XP_037239135.1
OGN	XP_082673135.1	Cygnus columbianus	309904993		293	kept	representative	XP_082673135.1 OGN [organism=Cygnus columbianus] [GeneID=309904993]	Cygnus_columbianus|OGN|XP_082673135.1
OGN	XP_085014949.1	Neolamprologus multifasciatus	146518114		283	kept	representative	XP_085014949.1 ogna [organism=Neolamprologus multifasciatus] [GeneID=146518114]	Neolamprologus_multifasciatus|OGN|XP_085014949.1
OGN	XP_005025680.1	Anas platyrhynchos	101796514		293	kept	representative	XP_005025680.1 OGN [organism=Anas platyrhynchos] [GeneID=101796514]	Anas_platyrhynchos|OGN|XP_005025680.1
OGN	XP_040449460.1	Falco naumanni	121087965		293	kept	representative	XP_040449460.1 OGN [organism=Falco naumanni] [GeneID=121087965]	Falco_naumanni|OGN|XP_040449460.1
OGN	XP_027691700.1	Vombatus ursinus	114023295		285	kept	representative	XP_027691700.1 OGN [organism=Vombatus ursinus] [GeneID=114023295]	Vombatus_ursinus|OGN|XP_027691700.1
OGN	XP_053577164.1	Bombina bombina	128666531		295	kept	representative	XP_053577164.1 OGN [organism=Bombina bombina] [GeneID=128666531]	Bombina_bombina|OGN|XP_053577164.1
OGN	XP_006757465.1	Myotis davidii	102760618		290	kept	representative	XP_006757465.1 OGN [organism=Myotis davidii] [GeneID=102760618]	Myotis_davidii|OGN|XP_006757465.1
OGN	XP_009478049.1	Pelecanus crispus	104028679		293	kept	representative	XP_009478049.1 OGN [organism=Pelecanus crispus] [GeneID=104028679]	Pelecanus_crispus|OGN|XP_009478049.1
OGN	XP_064823493.1	Oncorhynchus masou masou	135541291	X1	314	excluded	extra_isoform_same_locus	XP_064823493.1 ogna [organism=Oncorhynchus masou masou] [GeneID=135541291] [isoform=X1]	Oncorhynchus_masou_masou|OGN|XP_064823493.1
OGN	XP_064823494.1	Oncorhynchus masou masou	135541291	X2	298	kept	representative	XP_064823494.1 ogna [organism=Oncorhynchus masou masou] [GeneID=135541291] [isoform=X2]	Oncorhynchus_masou_masou|OGN|XP_064823494.1
OGN	XP_060925601.1	Limanda limanda	132999841		283	kept	representative	XP_060925601.1 ogna [organism=Limanda limanda] [GeneID=132999841]	Limanda_limanda|OGN|XP_060925601.1
OGN	XP_079282266.1	Barbus barbus	306875512	1	288	kept	representative	XP_079282266.1 LOC306875512 [organism=Barbus barbus] [GeneID=306875512] [isoform=1]	Barbus_barbus|OGN|XP_079282266.1
OGN	XP_079282267.1	Barbus barbus	306875512	2	281	excluded	extra_isoform_same_locus	XP_079282267.1 LOC306875512 [organism=Barbus barbus] [GeneID=306875512] [isoform=2]	Barbus_barbus|OGN|XP_079282267.1
OGN	XP_034058231.1	Gymnodraco acuticeps	117537191		283	kept	representative	XP_034058231.1 ogna [organism=Gymnodraco acuticeps] [GeneID=117537191]	Gymnodraco_acuticeps|OGN|XP_034058231.1
OGN	XP_059336436.1	Ammospiza nelsoni	132078359		291	kept	representative	XP_059336436.1 OGN [organism=Ammospiza nelsoni] [GeneID=132078359]	Ammospiza_nelsoni|OGN|XP_059336436.1
OGN	XP_072277275.1	Pyxicephalus adspersus	140337420		297	kept	representative	XP_072277275.1 OGN [organism=Pyxicephalus adspersus] [GeneID=140337420]	Pyxicephalus_adspersus|OGN|XP_072277275.1
OGN	XP_048813979.1	Lagopus muta	125698993		293	kept	representative	XP_048813979.1 OGN [organism=Lagopus muta] [GeneID=125698993]	Lagopus_muta|OGN|XP_048813979.1
OGN	XP_048813980.1	Lagopus muta	125698993		293	excluded	extra_isoform_same_locus	XP_048813980.1 OGN [organism=Lagopus muta] [GeneID=125698993]	Lagopus_muta|OGN|XP_048813980.1
OGN	XP_060766609.1	Neoarius graeffei	132874444		284	kept	representative	XP_060766609.1 ogna [organism=Neoarius graeffei] [GeneID=132874444]	Neoarius_graeffei|OGN|XP_060766609.1
OGN	XP_062271788.1	Scomber scombrus	133977601		283	kept	representative	XP_062271788.1 ogna [organism=Scomber scombrus] [GeneID=133977601]	Scomber_scombrus|OGN|XP_062271788.1
OGN	XP_081990549.1	Larus argentatus	309473571		293	kept	representative	XP_081990549.1 OGN [organism=Larus argentatus] [GeneID=309473571]	Larus_argentatus|OGN|XP_081990549.1
OGN	XP_041638596.1	Cheilinus undulatus	121506791		283	kept	representative	XP_041638596.1 ogna [organism=Cheilinus undulatus] [GeneID=121506791]	Cheilinus_undulatus|OGN|XP_041638596.1
OGN	XP_045324825.1	Leopardus geoffroyi	123593252		298	kept	representative	XP_045324825.1 OGN [organism=Leopardus geoffroyi] [GeneID=123593252]	Leopardus_geoffroyi|OGN|XP_045324825.1
OGN	XP_059958385.1	Mesoplodon densirostris	132492681		299	kept	representative	XP_059958385.1 OGN [organism=Mesoplodon densirostris] [GeneID=132492681]	Mesoplodon_densirostris|OGN|XP_059958385.1
OGN	XP_023655487.1	Paramormyrops kingsleyae	111837541	X1	276	kept	representative	XP_023655487.1 ogna [organism=Paramormyrops kingsleyae] [GeneID=111837541] [isoform=X1]	Paramormyrops_kingsleyae|OGN|XP_023655487.1
OGN	XP_072571673.1	Paramormyrops kingsleyae	111837541	X2	275	excluded	extra_isoform_same_locus	XP_072571673.1 ogna [organism=Paramormyrops kingsleyae] [GeneID=111837541] [isoform=X2]	Paramormyrops_kingsleyae|OGN|XP_072571673.1
OGN	XP_034366679.1	Arvicanthis niloticus	117714135		298	kept	representative	XP_034366679.1 Ogn [organism=Arvicanthis niloticus] [GeneID=117714135]	Arvicanthis_niloticus|OGN|XP_034366679.1
OGN	XP_071193130.1	Salvelinus alpinus	139536475	X1	298	kept	representative	XP_071193130.1 ogna [organism=Salvelinus alpinus] [GeneID=139536475] [isoform=X1]	Salvelinus_alpinus|OGN|XP_071193130.1
OGN	XP_071193131.1	Salvelinus alpinus	139536475	X2	264	excluded	extra_isoform_same_locus	XP_071193131.1 ogna [organism=Salvelinus alpinus] [GeneID=139536475] [isoform=X2]	Salvelinus_alpinus|OGN|XP_071193131.1
OGN	XP_038668531.1	Scyliorhinus canicula	119973939		303	kept	representative	XP_038668531.1 ogna [organism=Scyliorhinus canicula] [GeneID=119973939]	Scyliorhinus_canicula|OGN|XP_038668531.1
OGN	XP_005807625.1	Xiphophorus maculatus	102232901		281	kept	representative	XP_005807625.1 ogna [organism=Xiphophorus maculatus] [GeneID=102232901]	Xiphophorus_maculatus|OGN|XP_005807625.1
OGN	XP_061543730.1	Phycodurus eques	133408643		288	kept	representative	XP_061543730.1 ogna [organism=Phycodurus eques] [GeneID=133408643]	Phycodurus_eques|OGN|XP_061543730.1
OGN	XP_009818290.1	Gavia stellata	104263334		293	kept	representative	XP_009818290.1 OGN [organism=Gavia stellata] [GeneID=104263334]	Gavia_stellata|OGN|XP_009818290.1
OGN	XP_059679091.1	Gavia stellata	104263334		293	excluded	extra_isoform_same_locus	XP_059679091.1 OGN [organism=Gavia stellata] [GeneID=104263334]	Gavia_stellata|OGN|XP_059679091.1
OGN	XP_085158606.1	Rhea americana	146597253		293	kept	representative	XP_085158606.1 OGN [organism=Rhea americana] [GeneID=146597253]	Rhea_americana|OGN|XP_085158606.1
OGN	XP_036752787.1	Manis pentadactyla	118918258		298	kept	representative	XP_036752787.1 OGN [organism=Manis pentadactyla] [GeneID=118918258]	Manis_pentadactyla|OGN|XP_036752787.1
OGN	XP_086056293.1	Aulostomus chinensis	147268522		282	kept	representative	XP_086056293.1 ogna [organism=Aulostomus chinensis] [GeneID=147268522]	Aulostomus_chinensis|OGN|XP_086056293.1
OGN	XP_013056827.1	Anser cygnoides	106049190		293	kept	representative	XP_013056827.1 OGN [organism=Anser cygnoides] [GeneID=106049190]	Anser_cygnoides|OGN|XP_013056827.1
OGN	XP_058928409.1	Kogia breviceps	131761559		299	kept	representative	XP_058928409.1 OGN [organism=Kogia breviceps] [GeneID=131761559]	Kogia_breviceps|OGN|XP_058928409.1
OGN	XP_066897235.1	Kogia breviceps	131761559		299	excluded	extra_isoform_same_locus	XP_066897235.1 OGN [organism=Kogia breviceps] [GeneID=131761559]	Kogia_breviceps|OGN|XP_066897235.1
OGN	XP_065543141.1	Lathamus discolor	136018118		299	kept	representative	XP_065543141.1 OGN [organism=Lathamus discolor] [GeneID=136018118]	Lathamus_discolor|OGN|XP_065543141.1
OGN	XP_065543142.1	Lathamus discolor	136018118		299	excluded	extra_isoform_same_locus	XP_065543142.1 OGN [organism=Lathamus discolor] [GeneID=136018118]	Lathamus_discolor|OGN|XP_065543142.1
OGN	XP_079173298.1	Erithacus rubecula	306807521		291	kept	representative	XP_079173298.1 OGN [organism=Erithacus rubecula] [GeneID=306807521]	Erithacus_rubecula|OGN|XP_079173298.1
OGN	XP_031977181.1	Corvus moneduloides	116449610		293	kept	representative	XP_031977181.1 OGN [organism=Corvus moneduloides] [GeneID=116449610]	Corvus_moneduloides|OGN|XP_031977181.1
OGN	XP_036043888.1	Onychomys torridus	118584053		371	kept	representative	XP_036043888.1 Ogn [organism=Onychomys torridus] [GeneID=118584053]	Onychomys_torridus|OGN|XP_036043888.1
OGN	XP_025215774.1	Theropithecus gelada	112608213	X1	356	excluded	extra_isoform_same_locus	XP_025215774.1 OGN [organism=Theropithecus gelada] [GeneID=112608213] [isoform=X1]	Theropithecus_gelada|OGN|XP_025215774.1
OGN	XP_025215777.1	Theropithecus gelada	112608213	X2	298	kept	representative	XP_025215777.1 OGN [organism=Theropithecus gelada] [GeneID=112608213] [isoform=X2]	Theropithecus_gelada|OGN|XP_025215777.1
OGN	XP_038188961.1	Arvicola amphibius	119816414		298	kept	representative	XP_038188961.1 Ogn [organism=Arvicola amphibius] [GeneID=119816414]	Arvicola_amphibius|OGN|XP_038188961.1
OGN	XP_038188963.1	Arvicola amphibius	119816414		298	excluded	extra_isoform_same_locus	XP_038188963.1 Ogn [organism=Arvicola amphibius] [GeneID=119816414]	Arvicola_amphibius|OGN|XP_038188963.1
OGN	XP_032927087.1	Catharus ustulatus	117002280		293	kept	representative	XP_032927087.1 OGN [organism=Catharus ustulatus] [GeneID=117002280]	Catharus_ustulatus|OGN|XP_032927087.1
OGN	XP_085780374.1	Syngnathus leptorhynchus	147049620		277	kept	representative	XP_085780374.1 ogna [organism=Syngnathus leptorhynchus] [GeneID=147049620]	Syngnathus_leptorhynchus|OGN|XP_085780374.1
OGN	XP_045878209.1	Meles meles	123952777		356	kept	representative	XP_045878209.1 OGN [organism=Meles meles] [GeneID=123952777]	Meles_meles|OGN|XP_045878209.1
OGN	XP_079365431.1	Electrona antarctica	306928975		269	kept	representative	XP_079365431.1 ogna [organism=Electrona antarctica] [GeneID=306928975]	Electrona_antarctica|OGN|XP_079365431.1
OGN	XP_019486060.1	Hipposideros armiger	109375240		298	kept	representative	XP_019486060.1 OGN [organism=Hipposideros armiger] [GeneID=109375240]	Hipposideros_armiger|OGN|XP_019486060.1
OGN	XP_020377273.1	Rhincodon typus	109921652		309	kept	representative	XP_020377273.1 ogna [organism=Rhincodon typus] [GeneID=109921652]	Rhincodon_typus|OGN|XP_020377273.1
OGN	XP_055983764.1	Sorex fumeus	130035864		298	kept	representative	XP_055983764.1 OGN [organism=Sorex fumeus] [GeneID=130035864]	Sorex_fumeus|OGN|XP_055983764.1
OGN	XP_048288959.2	Myodes glareolus	125399565		298	kept	representative	XP_048288959.2 Ogn [organism=Myodes glareolus] [GeneID=125399565]	Myodes_glareolus|OGN|XP_048288959.2
OGN	XP_084650824.1	Acomys minous	311604668	1	371	excluded	extra_isoform_same_locus	XP_084650824.1 OGN [organism=Acomys minous] [GeneID=311604668] [isoform=1]	Acomys_minous|OGN|XP_084650824.1
OGN	XP_084650825.1	Acomys minous	311604668	2	298	kept	representative	XP_084650825.1 OGN [organism=Acomys minous] [GeneID=311604668] [isoform=2]	Acomys_minous|OGN|XP_084650825.1
OGN	XP_001145422.1	Pan troglodytes	739901	X1	298	kept	representative	XP_001145422.1 OGN [organism=Pan troglodytes] [GeneID=739901] [isoform=X1]	Pan_troglodytes|OGN|XP_001145422.1
OGN	XP_063644590.1	Pan troglodytes	739901	X2	356	excluded	extra_isoform_same_locus	XP_063644590.1 OGN [organism=Pan troglodytes] [GeneID=739901] [isoform=X2]	Pan_troglodytes|OGN|XP_063644590.1
OGN	XP_080351313.1	Blennius ocellaris	308129305		283	kept	representative	XP_080351313.1 ogna [organism=Blennius ocellaris] [GeneID=308129305]	Blennius_ocellaris|OGN|XP_080351313.1
OGN	XP_080649563.1	Protomyctophum bolini	308336159		269	kept	representative	XP_080649563.1 ogna [organism=Protomyctophum bolini] [GeneID=308336159]	Protomyctophum_bolini|OGN|XP_080649563.1
OGN	XP_006025939.1	Alligator sinensis	102368043	X1	298	excluded	extra_isoform_same_locus	XP_006025939.1 OGN [organism=Alligator sinensis] [GeneID=102368043] [isoform=X1]	Alligator_sinensis|OGN|XP_006025939.1
OGN	XP_006025940.1	Alligator sinensis	102368043	X2	293	kept	representative	XP_006025940.1 OGN [organism=Alligator sinensis] [GeneID=102368043] [isoform=X2]	Alligator_sinensis|OGN|XP_006025940.1
OGN	XP_010290000.1	Phaethon lepturus	104615462		293	kept	representative	XP_010290000.1 OGN [organism=Phaethon lepturus] [GeneID=104615462]	Phaethon_lepturus|OGN|XP_010290000.1
OGN	XP_051874866.1	Pristis pectinata	127572059		309	kept	representative	XP_051874866.1 ogna [organism=Pristis pectinata] [GeneID=127572059]	Pristis_pectinata|OGN|XP_051874866.1
OGN	XP_058615608.1	Onychostoma macrolepis	131529755		288	kept	representative	XP_058615608.1 ogna [organism=Onychostoma macrolepis] [GeneID=131529755]	Onychostoma_macrolepis|OGN|XP_058615608.1
OGN	XP_063267928.1	Prinia subflava	134558217		292	kept	representative	XP_063267928.1 OGN [organism=Prinia subflava] [GeneID=134558217]	Prinia_subflava|OGN|XP_063267928.1
OGN	XP_037634408.1	Sebastes umbrosus	119493303		283	kept	representative	XP_037634408.1 ogna [organism=Sebastes umbrosus] [GeneID=119493303]	Sebastes_umbrosus|OGN|XP_037634408.1
OGN	XP_061202980.1	Neopsephotus bourkii	133208821		299	kept	representative	XP_061202980.1 OGN [organism=Neopsephotus bourkii] [GeneID=133208821]	Neopsephotus_bourkii|OGN|XP_061202980.1
OGN	XP_062315149.1	Osmerus eperlanus	134018856		298	kept	representative	XP_062315149.1 ogna [organism=Osmerus eperlanus] [GeneID=134018856]	Osmerus_eperlanus|OGN|XP_062315149.1
OGN	XP_076865407.1	Brachyhypopomus gauderio	143517129		289	kept	representative	XP_076865407.1 ogna [organism=Brachyhypopomus gauderio] [GeneID=143517129]	Brachyhypopomus_gauderio|OGN|XP_076865407.1
OGN	XP_081380520.1	Giraffa tippelskirchi	145519386		299	kept	representative	XP_081380520.1 OGN [organism=Giraffa tippelskirchi] [GeneID=145519386]	Giraffa_tippelskirchi|OGN|XP_081380520.1
OGN	XP_081380521.1	Giraffa tippelskirchi	145519386		299	excluded	extra_isoform_same_locus	XP_081380521.1 OGN [organism=Giraffa tippelskirchi] [GeneID=145519386]	Giraffa_tippelskirchi|OGN|XP_081380521.1
OGN	XP_081380522.1	Giraffa tippelskirchi	145519386		299	excluded	extra_isoform_same_locus	XP_081380522.1 OGN [organism=Giraffa tippelskirchi] [GeneID=145519386]	Giraffa_tippelskirchi|OGN|XP_081380522.1
OGN	XP_003795094.1	Otolemur garnettii	100963756	X2	298	kept	representative	XP_003795094.1 OGN [organism=Otolemur garnettii] [GeneID=100963756] [isoform=X2]	Otolemur_garnettii|OGN|XP_003795094.1
OGN	XP_003795095.1	Otolemur garnettii	100963756	X1	356	excluded	extra_isoform_same_locus	XP_003795095.1 OGN [organism=Otolemur garnettii] [GeneID=100963756] [isoform=X1]	Otolemur_garnettii|OGN|XP_003795095.1
OGN	XP_023372007.1	Otolemur garnettii	100963756	X2	298	excluded	extra_isoform_same_locus	XP_023372007.1 OGN [organism=Otolemur garnettii] [GeneID=100963756] [isoform=X2]	Otolemur_garnettii|OGN|XP_023372007.1
OGN	XP_004647608.1	Octodon degus	101576892		298	kept	representative	XP_004647608.1 Ogn [organism=Octodon degus] [GeneID=101576892]	Octodon_degus|OGN|XP_004647608.1
OGN	XP_033781955.1	Geotrypetes seraphini	117351165		291	kept	representative	XP_033781955.1 OGN [organism=Geotrypetes seraphini] [GeneID=117351165]	Geotrypetes_seraphini|OGN|XP_033781955.1
OGN	XP_021513900.1	Meriones unguiculatus	110561708		297	kept	representative	XP_021513900.1 Ogn [organism=Meriones unguiculatus] [GeneID=110561708]	Meriones_unguiculatus|OGN|XP_021513900.1
OGN	XP_060228256.1	Meriones unguiculatus	110561708		297	excluded	extra_isoform_same_locus	XP_060228256.1 Ogn [organism=Meriones unguiculatus] [GeneID=110561708]	Meriones_unguiculatus|OGN|XP_060228256.1
OGN	XP_084929156.1	Lichenostomus cassidix	146431869		293	kept	representative	XP_084929156.1 OGN [organism=Lichenostomus cassidix] [GeneID=146431869]	Lichenostomus_cassidix|OGN|XP_084929156.1
OGN	XP_003938253.2	Saimiri boliviensis	101043906		356	kept	representative	XP_003938253.2 OGN [organism=Saimiri boliviensis] [GeneID=101043906]	Saimiri_boliviensis|OGN|XP_003938253.2
OGN	XP_064579985.1	Zonotrichia leucophrys gambelii	135453166		291	kept	representative	XP_064579985.1 OGN [organism=Zonotrichia leucophrys gambelii] [GeneID=135453166]	Zonotrichia_leucophrys_gambelii|OGN|XP_064579985.1
OGN	XP_032164310.1	Mustela erminea	116570827		298	kept	representative	XP_032164310.1 OGN [organism=Mustela erminea] [GeneID=116570827]	Mustela_erminea|OGN|XP_032164310.1
OGN	XP_007529235.1	Erinaceus europaeus	103118940	X2	297	kept	representative	XP_007529235.1 OGN [organism=Erinaceus europaeus] [GeneID=103118940] [isoform=X2]	Erinaceus_europaeus|OGN|XP_007529235.1
OGN	XP_016046333.1	Erinaceus europaeus	103118940	X2	297	excluded	extra_isoform_same_locus	XP_016046333.1 OGN [organism=Erinaceus europaeus] [GeneID=103118940] [isoform=X2]	Erinaceus_europaeus|OGN|XP_016046333.1
OGN	XP_060056578.1	Erinaceus europaeus	103118940	X1	298	excluded	extra_isoform_same_locus	XP_060056578.1 OGN [organism=Erinaceus europaeus] [GeneID=103118940] [isoform=X1]	Erinaceus_europaeus|OGN|XP_060056578.1
OGN	XP_060056579.1	Erinaceus europaeus	103118940	X1	298	excluded	extra_isoform_same_locus	XP_060056579.1 OGN [organism=Erinaceus europaeus] [GeneID=103118940] [isoform=X1]	Erinaceus_europaeus|OGN|XP_060056579.1
OGN	XP_060056580.1	Erinaceus europaeus	103118940	X1	298	excluded	extra_isoform_same_locus	XP_060056580.1 OGN [organism=Erinaceus europaeus] [GeneID=103118940] [isoform=X1]	Erinaceus_europaeus|OGN|XP_060056580.1
OGN	XP_030703097.1	Globicephala melas	115847435		299	kept	representative	XP_030703097.1 OGN [organism=Globicephala melas] [GeneID=115847435]	Globicephala_melas|OGN|XP_030703097.1
OGN	XP_069330116.1	Eulemur rufifrons	138387122	X1	356	excluded	extra_isoform_same_locus	XP_069330116.1 OGN [organism=Eulemur rufifrons] [GeneID=138387122] [isoform=X1]	Eulemur_rufifrons|OGN|XP_069330116.1
OGN	XP_069330117.1	Eulemur rufifrons	138387122	X2	298	kept	representative	XP_069330117.1 OGN [organism=Eulemur rufifrons] [GeneID=138387122] [isoform=X2]	Eulemur_rufifrons|OGN|XP_069330117.1
OGN	XP_032996653.1	Lacerta agilis	117041715		306	kept	representative	XP_032996653.1 OGN [organism=Lacerta agilis] [GeneID=117041715]	Lacerta_agilis|OGN|XP_032996653.1
OGN	XP_032996654.1	Lacerta agilis	117041715		306	excluded	extra_isoform_same_locus	XP_032996654.1 OGN [organism=Lacerta agilis] [GeneID=117041715]	Lacerta_agilis|OGN|XP_032996654.1
OGN	XP_033829571.1	Periophthalmus magnuspinnatus	117377297		312	kept	representative	XP_033829571.1 ogna [organism=Periophthalmus magnuspinnatus] [GeneID=117377297]	Periophthalmus_magnuspinnatus|OGN|XP_033829571.1
OGN	XP_049895124.1	Epinephelus moara	126386675		283	kept	representative	XP_049895124.1 ogna [organism=Epinephelus moara] [GeneID=126386675]	Epinephelus_moara|OGN|XP_049895124.1
OGN	XP_060897248.1	Labrus mixtus	132976960		283	kept	representative	XP_060897248.1 ogna [organism=Labrus mixtus] [GeneID=132976960]	Labrus_mixtus|OGN|XP_060897248.1
OGN	XP_004384277.1	Trichechus manatus latirostris	101356491	X1	298	kept	representative	XP_004384277.1 OGN [organism=Trichechus manatus latirostris] [GeneID=101356491] [isoform=X1]	Trichechus_manatus_latirostris|OGN|XP_004384277.1
OGN	XP_012413271.1	Trichechus manatus latirostris	101356491	X2	356	excluded	extra_isoform_same_locus	XP_012413271.1 OGN [organism=Trichechus manatus latirostris] [GeneID=101356491] [isoform=X2]	Trichechus_manatus_latirostris|OGN|XP_012413271.1
OGN	XP_035245248.1	Anguilla anguilla	118211844		298	kept	representative	XP_035245248.1 ogna [organism=Anguilla anguilla] [GeneID=118211844]	Anguilla_anguilla|OGN|XP_035245248.1
OGN	XP_005582312.1	Macaca fascicularis	102127435	X1	298	kept	representative	XP_005582312.1 OGN [organism=Macaca fascicularis] [GeneID=102127435] [isoform=X1]	Macaca_fascicularis|OGN|XP_005582312.1
OGN	XP_045228918.1	Macaca fascicularis	102127435	X2	356	excluded	extra_isoform_same_locus	XP_045228918.1 OGN [organism=Macaca fascicularis] [GeneID=102127435] [isoform=X2]	Macaca_fascicularis|OGN|XP_045228918.1
OGN	XP_079539077.1	Notothenia rossii	307040275		283	kept	representative	XP_079539077.1 ogna [organism=Notothenia rossii] [GeneID=307040275]	Notothenia_rossii|OGN|XP_079539077.1
OGN	XP_037534952.1	Nematolebias whitei	119412047		281	kept	representative	XP_037534952.1 ogna [organism=Nematolebias whitei] [GeneID=119412047]	Nematolebias_whitei|OGN|XP_037534952.1
OGN	XP_084203844.1	Pagrus pagrus	311253677		283	kept	representative	XP_084203844.1 ogna [organism=Pagrus pagrus] [GeneID=311253677]	Pagrus_pagrus|OGN|XP_084203844.1
OGN	XP_074533224.1	Halichoeres trimaculatus	141796153		283	kept	representative	XP_074533224.1 ogna [organism=Halichoeres trimaculatus] [GeneID=141796153]	Halichoeres_trimaculatus|OGN|XP_074533224.1
OGN	XP_039932027.1	Hirundo rustica	120758161		293	kept	representative	XP_039932027.1 OGN [organism=Hirundo rustica] [GeneID=120758161]	Hirundo_rustica|OGN|XP_039932027.1
OGN	XP_049492463.1	Panthera uncia	125926735		298	kept	representative	XP_049492463.1 OGN [organism=Panthera uncia] [GeneID=125926735]	Panthera_uncia|OGN|XP_049492463.1
OGN	XP_049492548.1	Panthera uncia	125926735		298	excluded	extra_isoform_same_locus	XP_049492548.1 OGN [organism=Panthera uncia] [GeneID=125926735]	Panthera_uncia|OGN|XP_049492548.1
OGN	XP_049626078.1	Suncus etruscus	126003768		356	kept	representative	XP_049626078.1 OGN [organism=Suncus etruscus] [GeneID=126003768]	Suncus_etruscus|OGN|XP_049626078.1
OGN	XP_054136687.1	Melozone crissalis	128939626		291	kept	representative	XP_054136687.1 OGN [organism=Melozone crissalis] [GeneID=128939626]	Melozone_crissalis|OGN|XP_054136687.1
OGN	XP_040060676.2	Gasterosteus aculeatus	120835645		283	kept	representative	XP_040060676.2 ogna [organism=Gasterosteus aculeatus] [GeneID=120835645]	Gasterosteus_aculeatus|OGN|XP_040060676.2
OGN	XP_086611890.1	Chlamydotis macqueenii	104484476		298	kept	representative	XP_086611890.1 OGN [organism=Chlamydotis macqueenii] [GeneID=104484476]	Chlamydotis_macqueenii|OGN|XP_086611890.1
OGN	XP_068171094.1	Antennarius striatus	137595129		286	kept	representative	XP_068171094.1 ogna [organism=Antennarius striatus] [GeneID=137595129]	Antennarius_striatus|OGN|XP_068171094.1
OGN	XP_079783692.1	Stenella coeruleoalba	307189475	1	299	kept	representative	XP_079783692.1 OGN [organism=Stenella coeruleoalba] [GeneID=307189475] [isoform=1]	Stenella_coeruleoalba|OGN|XP_079783692.1
OGN	XP_079783693.1	Stenella coeruleoalba	307189475	1	299	excluded	extra_isoform_same_locus	XP_079783693.1 OGN [organism=Stenella coeruleoalba] [GeneID=307189475] [isoform=1]	Stenella_coeruleoalba|OGN|XP_079783693.1
OGN	XP_081119693.1	Spermophilus citellus	308631979		296	kept	representative	XP_081119693.1 OGN [organism=Spermophilus citellus] [GeneID=308631979]	Spermophilus_citellus|OGN|XP_081119693.1
OGN	XP_004717793.1	Echinops telfairi	101648750		296	kept	representative	XP_004717793.1 OGN [organism=Echinops telfairi] [GeneID=101648750]	Echinops_telfairi|OGN|XP_004717793.1
OGN	XP_045154582.1	Echinops telfairi	101648750		296	excluded	extra_isoform_same_locus	XP_045154582.1 OGN [organism=Echinops telfairi] [GeneID=101648750]	Echinops_telfairi|OGN|XP_045154582.1
OGN	XP_046313702.1	Marmota monax	124101643		296	kept	representative	XP_046313702.1 Ogn [organism=Marmota monax] [GeneID=124101643]	Marmota_monax|OGN|XP_046313702.1
OGN	XP_064161982.1	Anguilla rostrata	135238192		298	kept	representative	XP_064161982.1 ogna [organism=Anguilla rostrata] [GeneID=135238192]	Anguilla_rostrata|OGN|XP_064161982.1
OGN	XP_079056690.1	Caprimulgus europaeus	306724231		293	kept	representative	XP_079056690.1 OGN [organism=Caprimulgus europaeus] [GeneID=306724231]	Caprimulgus_europaeus|OGN|XP_079056690.1
OGN	XP_051550178.1	Myxocyprinus asiaticus	127438558		291	kept	representative	XP_051550178.1 ogna [organism=Myxocyprinus asiaticus] [GeneID=127438558]	Myxocyprinus_asiaticus|OGN|XP_051550178.1
OGN	XP_051550179.1	Myxocyprinus asiaticus	127438558		291	excluded	extra_isoform_same_locus	XP_051550179.1 ogna [organism=Myxocyprinus asiaticus] [GeneID=127438558]	Myxocyprinus_asiaticus|OGN|XP_051550179.1
OGN	XP_048714326.1	Caretta caretta	125640154		297	kept	representative	XP_048714326.1 OGN [organism=Caretta caretta] [GeneID=125640154]	Caretta_caretta|OGN|XP_048714326.1
OGN	XP_055073897.2	Misgurnus anguillicaudatus	129453604		286	kept	representative	XP_055073897.2 ogna [organism=Misgurnus anguillicaudatus] [GeneID=129453604]	Misgurnus_anguillicaudatus|OGN|XP_055073897.2
OGN	XP_079449445.1	Phoxinus phoxinus	306988380		281	kept	representative	XP_079449445.1 ogna [organism=Phoxinus phoxinus] [GeneID=306988380]	Phoxinus_phoxinus|OGN|XP_079449445.1
OGN	XP_052583262.1	Peromyscus californicus insignis	128103177		298	kept	representative	XP_052583262.1 Ogn [organism=Peromyscus californicus insignis] [GeneID=128103177]	Peromyscus_californicus_insignis|OGN|XP_052583262.1
OGN	XP_052583263.1	Peromyscus californicus insignis	128103177		298	excluded	extra_isoform_same_locus	XP_052583263.1 Ogn [organism=Peromyscus californicus insignis] [GeneID=128103177]	Peromyscus_californicus_insignis|OGN|XP_052583263.1
OGN	XP_077458311.1	Stigmatopora argus	144075303	X1	277	kept	representative	XP_077458311.1 ogna [organism=Stigmatopora argus] [GeneID=144075303] [isoform=X1]	Stigmatopora_argus|OGN|XP_077458311.1
OGN	XP_077458313.1	Stigmatopora argus	144075303	X2	276	excluded	extra_isoform_same_locus	XP_077458313.1 ogna [organism=Stigmatopora argus] [GeneID=144075303] [isoform=X2]	Stigmatopora_argus|OGN|XP_077458313.1
OGN	XP_047202526.1	Girardinichthys multiradiatus	124856269		280	kept	representative	XP_047202526.1 ogna [organism=Girardinichthys multiradiatus] [GeneID=124856269]	Girardinichthys_multiradiatus|OGN|XP_047202526.1
OGN	XP_083918119.1	Gymnoscopelus microlampas	311048723		269	kept	representative	XP_083918119.1 ogna [organism=Gymnoscopelus microlampas] [GeneID=311048723]	Gymnoscopelus_microlampas|OGN|XP_083918119.1
OGN	XP_069431786.1	Ovis canadensis	138433311		299	kept	representative	XP_069431786.1 OGN [organism=Ovis canadensis] [GeneID=138433311]	Ovis_canadensis|OGN|XP_069431786.1
OGN	XP_080481545.1	Psittacula echo	308224984		293	kept	representative	XP_080481545.1 OGN [organism=Psittacula echo] [GeneID=308224984]	Psittacula_echo|OGN|XP_080481545.1
OGN	NP_001125484.1	Pongo abelii	100172393		298	kept	representative	NP_001125484.1 OGN [organism=Pongo abelii] [GeneID=100172393]	Pongo_abelii|OGN|NP_001125484.1
OGN	XP_009242897.1	Pongo abelii	100172393	X1	356	excluded	extra_isoform_same_locus	XP_009242897.1 OGN [organism=Pongo abelii] [GeneID=100172393] [isoform=X1]	Pongo_abelii|OGN|XP_009242897.1
OGN	XP_025916949.1	Apteryx rowi	112963789		293	kept	representative	XP_025916949.1 OGN [organism=Apteryx rowi] [GeneID=112963789]	Apteryx_rowi|OGN|XP_025916949.1
OGN	XP_074007912.1	Numenius arquata	141467332		293	kept	representative	XP_074007912.1 OGN [organism=Numenius arquata] [GeneID=141467332]	Numenius_arquata|OGN|XP_074007912.1
OGN	XP_080782491.1	Micromys minutus	308428091		387	excluded	relative_length	XP_080782491.1 OGN [organism=Micromys minutus] [GeneID=308428091]	Micromys_minutus|OGN|XP_080782491.1
OGN	XP_026374916.1	Ursus arctos	113270094	X1	361	excluded	extra_isoform_same_locus	XP_026374916.1 OGN [organism=Ursus arctos] [GeneID=113270094] [isoform=X1]	Ursus_arctos|OGN|XP_026374916.1
OGN	XP_044247213.1	Ursus arctos	113270094	X2	305	kept	representative	XP_044247213.1 OGN [organism=Ursus arctos] [GeneID=113270094] [isoform=X2]	Ursus_arctos|OGN|XP_044247213.1
OGN	XP_032020418.1	Hylobates moloch	116475242	X1	298	kept	representative	XP_032020418.1 OGN [organism=Hylobates moloch] [GeneID=116475242] [isoform=X1]	Hylobates_moloch|OGN|XP_032020418.1
OGN	XP_058300738.1	Hylobates moloch	116475242	X2	356	excluded	extra_isoform_same_locus	XP_058300738.1 OGN [organism=Hylobates moloch] [GeneID=116475242] [isoform=X2]	Hylobates_moloch|OGN|XP_058300738.1
OGN	XP_023119315.1	Amphiprion ocellaris	111564131		282	kept	representative	XP_023119315.1 ogna [organism=Amphiprion ocellaris] [GeneID=111564131]	Amphiprion_ocellaris|OGN|XP_023119315.1
OGN	XP_010873260.1	Esox lucius	105013427		297	kept	representative	XP_010873260.1 ogna [organism=Esox lucius] [GeneID=105013427]	Esox_lucius|OGN|XP_010873260.1
OGN	XP_072137096.1	Mobula birostris	140211281		380	kept	representative	XP_072137096.1 ogna [organism=Mobula birostris] [GeneID=140211281]	Mobula_birostris|OGN|XP_072137096.1
OGN	XP_010567543.1	Haliaeetus leucocephalus	104832860	X1	293	kept	representative	XP_010567543.1 OGN [organism=Haliaeetus leucocephalus] [GeneID=104832860] [isoform=X1]	Haliaeetus_leucocephalus|OGN|XP_010567543.1
OGN	XP_010567544.1	Haliaeetus leucocephalus	104832860	X2	297	excluded	extra_isoform_same_locus	XP_010567544.1 OGN [organism=Haliaeetus leucocephalus] [GeneID=104832860] [isoform=X2]	Haliaeetus_leucocephalus|OGN|XP_010567544.1
OGN	XP_003421140.1	Loxodonta africana	100657299	X1	298	kept	representative	XP_003421140.1 OGN [organism=Loxodonta africana] [GeneID=100657299] [isoform=X1]	Loxodonta_africana|OGN|XP_003421140.1
OGN	XP_023395996.1	Loxodonta africana	100657299	X2	356	excluded	extra_isoform_same_locus	XP_023395996.1 OGN [organism=Loxodonta africana] [GeneID=100657299] [isoform=X2]	Loxodonta_africana|OGN|XP_023395996.1
OGN	XP_083210013.1	Vipera ursinii	310635200		298	kept	representative	XP_083210013.1 OGN [organism=Vipera ursinii] [GeneID=310635200]	Vipera_ursinii|OGN|XP_083210013.1
OGN	XP_049682791.1	Astur gentilis	126049813		293	kept	representative	XP_049682791.1 OGN [organism=Astur gentilis] [GeneID=126049813]	Astur_gentilis|OGN|XP_049682791.1
OGN	XP_021783396.1	Papio anubis	101002663		298	kept	representative	XP_021783396.1 OGN [organism=Papio anubis] [GeneID=101002663]	Papio_anubis|OGN|XP_021783396.1
OGN	XP_036840188.1	Oncorhynchus mykiss	110528669		298	kept	representative	XP_036840188.1 ogna [organism=Oncorhynchus mykiss] [GeneID=110528669]	Oncorhynchus_mykiss|OGN|XP_036840188.1
OGN	XP_038266633.1	Dermochelys coriacea	119859061	X2	297	kept	representative	XP_038266633.1 OGN [organism=Dermochelys coriacea] [GeneID=119859061] [isoform=X2]	Dermochelys_coriacea|OGN|XP_038266633.1
OGN	XP_043374778.1	Dermochelys coriacea	119859061	X1	297	excluded	extra_isoform_same_locus	XP_043374778.1 OGN [organism=Dermochelys coriacea] [GeneID=119859061] [isoform=X1]	Dermochelys_coriacea|OGN|XP_043374778.1
OGN	XP_052535207.1	Tympanuchus pallidicinctus	128078734		291	kept	representative	XP_052535207.1 OGN [organism=Tympanuchus pallidicinctus] [GeneID=128078734]	Tympanuchus_pallidicinctus|OGN|XP_052535207.1
OGN	XP_053889749.1	Malaclemys terrapin pileata	128840152		298	kept	representative	XP_053889749.1 OGN [organism=Malaclemys terrapin pileata] [GeneID=128840152]	Malaclemys_terrapin_pileata|OGN|XP_053889749.1
OGN	XP_079121476.1	Melanostigma gelatinosum	306775111		283	kept	representative	XP_079121476.1 ogna [organism=Melanostigma gelatinosum] [GeneID=306775111]	Melanostigma_gelatinosum|OGN|XP_079121476.1
OGN	XP_009863365.1	Apaloderma vittatum	104270641		293	kept	representative	XP_009863365.1 OGN [organism=Apaloderma vittatum] [GeneID=104270641]	Apaloderma_vittatum|OGN|XP_009863365.1
OGN	XP_044028909.1	Siniperca chuatsi	122865041		283	kept	representative	XP_044028909.1 ogna [organism=Siniperca chuatsi] [GeneID=122865041]	Siniperca_chuatsi|OGN|XP_044028909.1
OGN	XP_011782912.1	Colobus angolensis palliatus	105501528		302	kept	representative	XP_011782912.1 OGN [organism=Colobus angolensis palliatus] [GeneID=105501528]	Colobus_angolensis_palliatus|OGN|XP_011782912.1
OGN	XP_022368343.1	Enhydra lutris kenyoni	111153552		298	kept	representative	XP_022368343.1 LOC111153552 [organism=Enhydra lutris kenyoni] [GeneID=111153552]	Enhydra_lutris_kenyoni|OGN|XP_022368343.1
OGN	XP_085130877.1	Mchenga conophoros	146574805		283	kept	representative	XP_085130877.1 ogna [organism=Mchenga conophoros] [GeneID=146574805]	Mchenga_conophoros|OGN|XP_085130877.1
OGN	XP_065701554.1	Patagioenas fasciata	136105719		293	kept	representative	XP_065701554.1 OGN [organism=Patagioenas fasciata] [GeneID=136105719]	Patagioenas_fasciata|OGN|XP_065701554.1
OGN	XP_019392599.1	Crocodylus porosus	109311419	X1	298	excluded	extra_isoform_same_locus	XP_019392599.1 OGN [organism=Crocodylus porosus] [GeneID=109311419] [isoform=X1]	Crocodylus_porosus|OGN|XP_019392599.1
OGN	XP_019392600.1	Crocodylus porosus	109311419	X2	293	kept	representative	XP_019392600.1 OGN [organism=Crocodylus porosus] [GeneID=109311419] [isoform=X2]	Crocodylus_porosus|OGN|XP_019392600.1
OGN	XP_055283443.1	Moschus berezovskii	129557002		299	kept	representative	XP_055283443.1 OGN [organism=Moschus berezovskii] [GeneID=129557002]	Moschus_berezovskii|OGN|XP_055283443.1
OGN	XP_055283444.1	Moschus berezovskii	129557002		299	excluded	extra_isoform_same_locus	XP_055283444.1 OGN [organism=Moschus berezovskii] [GeneID=129557002]	Moschus_berezovskii|OGN|XP_055283444.1
OGN	XP_055283445.1	Moschus berezovskii	129557002		299	excluded	extra_isoform_same_locus	XP_055283445.1 OGN [organism=Moschus berezovskii] [GeneID=129557002]	Moschus_berezovskii|OGN|XP_055283445.1
OGN	XP_044157690.1	Bufo gargarizans	122943758		293	kept	representative	XP_044157690.1 OGN [organism=Bufo gargarizans] [GeneID=122943758]	Bufo_gargarizans|OGN|XP_044157690.1
OGN	XP_044157692.1	Bufo gargarizans	122943758		293	excluded	extra_isoform_same_locus	XP_044157692.1 OGN [organism=Bufo gargarizans] [GeneID=122943758]	Bufo_gargarizans|OGN|XP_044157692.1
OGN	XP_068409398.1	Eschrichtius robustus	137770549		299	kept	representative	XP_068409398.1 OGN [organism=Eschrichtius robustus] [GeneID=137770549]	Eschrichtius_robustus|OGN|XP_068409398.1
OGN	XP_047557034.1	Lutra lutra	125084006		298	kept	representative	XP_047557034.1 OGN [organism=Lutra lutra] [GeneID=125084006]	Lutra_lutra|OGN|XP_047557034.1
OGN	XP_084149060.1	Netta rufina	311213112		293	kept	representative	XP_084149060.1 OGN [organism=Netta rufina] [GeneID=311213112]	Netta_rufina|OGN|XP_084149060.1
OGN	XP_077082163.1	Siphateles boraxobius	143735793		281	kept	representative	XP_077082163.1 ogna [organism=Siphateles boraxobius] [GeneID=143735793]	Siphateles_boraxobius|OGN|XP_077082163.1
OGN	XP_034962090.1	Zootoca vivipara	118080653		307	kept	representative	XP_034962090.1 OGN [organism=Zootoca vivipara] [GeneID=118080653]	Zootoca_vivipara|OGN|XP_034962090.1
OGN	XP_034962091.1	Zootoca vivipara	118080653		307	excluded	extra_isoform_same_locus	XP_034962091.1 OGN [organism=Zootoca vivipara] [GeneID=118080653]	Zootoca_vivipara|OGN|XP_034962091.1
OGN	XP_060127476.1	Zootoca vivipara	118080653		307	excluded	extra_isoform_same_locus	XP_060127476.1 OGN [organism=Zootoca vivipara] [GeneID=118080653]	Zootoca_vivipara|OGN|XP_060127476.1
OGN	XP_054243380.1	Indicator indicator	128971756		291	kept	representative	XP_054243380.1 OGN [organism=Indicator indicator] [GeneID=128971756]	Indicator_indicator|OGN|XP_054243380.1
OGN	XP_019569387.1	Rhinolophus sinicus	109435765		303	kept	representative	XP_019569387.1 OGN [organism=Rhinolophus sinicus] [GeneID=109435765]	Rhinolophus_sinicus|OGN|XP_019569387.1
OGN	XP_074735773.1	Strix uralensis	141947935	X1	293	kept	representative	XP_074735773.1 OGN [organism=Strix uralensis] [GeneID=141947935] [isoform=X1]	Strix_uralensis|OGN|XP_074735773.1
OGN	XP_074735774.1	Strix uralensis	141947935	X2	292	excluded	extra_isoform_same_locus	XP_074735774.1 OGN [organism=Strix uralensis] [GeneID=141947935] [isoform=X2]	Strix_uralensis|OGN|XP_074735774.1
OGN	XP_042542511.1	Dipodomys spectabilis	122113556		298	kept	representative	XP_042542511.1 Ogn [organism=Dipodomys spectabilis] [GeneID=122113556]	Dipodomys_spectabilis|OGN|XP_042542511.1
OGN	XP_006209278.2	Vicugna pacos	102542980		297	kept	representative	XP_006209278.2 OGN [organism=Vicugna pacos] [GeneID=102542980]	Vicugna_pacos|OGN|XP_006209278.2
OGN	XP_006209279.2	Vicugna pacos	102542980		297	excluded	extra_isoform_same_locus	XP_006209279.2 OGN [organism=Vicugna pacos] [GeneID=102542980]	Vicugna_pacos|OGN|XP_006209279.2
OGN	XP_066414440.1	Molothrus aeneus	136561840		293	kept	representative	XP_066414440.1 OGN [organism=Molothrus aeneus] [GeneID=136561840]	Molothrus_aeneus|OGN|XP_066414440.1
OGN	XP_080280272.1	Gymnoscopelus braueri	308082408		269	kept	representative	XP_080280272.1 ogna [organism=Gymnoscopelus braueri] [GeneID=308082408]	Gymnoscopelus_braueri|OGN|XP_080280272.1
OGN	XP_032370522.1	Etheostoma spectabile	116688525		284	kept	representative	XP_032370522.1 ogna [organism=Etheostoma spectabile] [GeneID=116688525]	Etheostoma_spectabile|OGN|XP_032370522.1
OGN	XP_040014653.1	Xiphias gladius	120807068		283	kept	representative	XP_040014653.1 ogna [organism=Xiphias gladius] [GeneID=120807068]	Xiphias_gladius|OGN|XP_040014653.1
OGN	NP_001310151.1	Coturnix japonica	107319663		293	kept	representative	NP_001310151.1 OGN [organism=Coturnix japonica] [GeneID=107319663]	Coturnix_japonica|OGN|NP_001310151.1
OGN	XP_032641773.1	Chelonoidis abingdonii	116827960		298	kept	representative	XP_032641773.1 OGN [organism=Chelonoidis abingdonii] [GeneID=116827960]	Chelonoidis_abingdonii|OGN|XP_032641773.1
OGN	XP_032641774.1	Chelonoidis abingdonii	116827960		298	excluded	extra_isoform_same_locus	XP_032641774.1 OGN [organism=Chelonoidis abingdonii] [GeneID=116827960]	Chelonoidis_abingdonii|OGN|XP_032641774.1
OGN	XP_060714635.1	Tachysurus vachellii	132838370		284	kept	representative	XP_060714635.1 ogna [organism=Tachysurus vachellii] [GeneID=132838370]	Tachysurus_vachellii|OGN|XP_060714635.1
OGN	XP_079604285.1	Pollachius pollachius	307084041		286	kept	representative	XP_079604285.1 ogna [organism=Pollachius pollachius] [GeneID=307084041]	Pollachius_pollachius|OGN|XP_079604285.1
OGN	XP_085313436.1	Copadichromis virginalis	146710067		283	kept	representative	XP_085313436.1 ogna [organism=Copadichromis virginalis] [GeneID=146710067]	Copadichromis_virginalis|OGN|XP_085313436.1
OGN	XP_009975121.2	Tyto alba	104369324		294	kept	representative	XP_009975121.2 OGN [organism=Tyto alba] [GeneID=104369324]	Tyto_alba|OGN|XP_009975121.2
OGN	XP_028574683.2	Podarcis muralis	114591618		307	kept	representative	XP_028574683.2 OGN [organism=Podarcis muralis] [GeneID=114591618]	Podarcis_muralis|OGN|XP_028574683.2
OGN	XP_083878380.1	Eutrigla gurnardus	311021600		283	kept	representative	XP_083878380.1 ogna [organism=Eutrigla gurnardus] [GeneID=311021600]	Eutrigla_gurnardus|OGN|XP_083878380.1
OGN	XP_012378317.1	Dasypus novemcinctus	101435954		298	kept	representative	XP_012378317.1 OGN [organism=Dasypus novemcinctus] [GeneID=101435954]	Dasypus_novemcinctus|OGN|XP_012378317.1
OGN	XP_066553957.1	Amia ocellicauda	136733599		301	kept	representative	XP_066553957.1 ogna [organism=Amia ocellicauda] [GeneID=136733599]	Amia_ocellicauda|OGN|XP_066553957.1
OGN	XP_079823464.1	Podarcis cretensis	307211077	1	307	kept	representative	XP_079823464.1 OGN [organism=Podarcis cretensis] [GeneID=307211077] [isoform=1]	Podarcis_cretensis|OGN|XP_079823464.1
OGN	XP_079823465.1	Podarcis cretensis	307211077	1	307	excluded	extra_isoform_same_locus	XP_079823465.1 OGN [organism=Podarcis cretensis] [GeneID=307211077] [isoform=1]	Podarcis_cretensis|OGN|XP_079823465.1
OGN	XP_010210583.1	Tinamus guttatus	104565587		292	kept	representative	XP_010210583.1 OGN [organism=Tinamus guttatus] [GeneID=104565587]	Tinamus_guttatus|OGN|XP_010210583.1
OGN	XP_023958753.2	Chrysemys picta bellii	101954026		298	kept	representative	XP_023958753.2 OGN [organism=Chrysemys picta bellii] [GeneID=101954026]	Chrysemys_picta_bellii|OGN|XP_023958753.2
OGN	XP_068884263.1	Aphelocoma coerulescens	138117650		293	kept	representative	XP_068884263.1 OGN [organism=Aphelocoma coerulescens] [GeneID=138117650]	Aphelocoma_coerulescens|OGN|XP_068884263.1
OGN	XP_062956938.1	Cynocephalus volans	134380741		298	kept	representative	XP_062956938.1 OGN [organism=Cynocephalus volans] [GeneID=134380741]	Cynocephalus_volans|OGN|XP_062956938.1
OGN	XP_019289837.1	Panthera pardus	109257887		298	kept	representative	XP_019289837.1 OGN [organism=Panthera pardus] [GeneID=109257887]	Panthera_pardus|OGN|XP_019289837.1
OGN	XP_024436537.1	Desmodus rotundus	112323115		297	kept	representative	XP_024436537.1 OGN [organism=Desmodus rotundus] [GeneID=112323115]	Desmodus_rotundus|OGN|XP_024436537.1
OGN	XP_010608878.2	Fukomys damarensis	104852789		353	kept	representative	XP_010608878.2 Ogn [organism=Fukomys damarensis] [GeneID=104852789]	Fukomys_damarensis|OGN|XP_010608878.2
OGN	XP_027948873.1	Eumetopias jubatus	114200769		298	kept	representative	XP_027948873.1 OGN [organism=Eumetopias jubatus] [GeneID=114200769]	Eumetopias_jubatus|OGN|XP_027948873.1
OGN	XP_028680020.2	Erpetoichthys calabaricus	114668431		289	kept	representative	XP_028680020.2 ogna [organism=Erpetoichthys calabaricus] [GeneID=114668431]	Erpetoichthys_calabaricus|OGN|XP_028680020.2
OGN	XP_061019622.1	Dama dama	133071189		299	kept	representative	XP_061019622.1 OGN [organism=Dama dama] [GeneID=133071189]	Dama_dama|OGN|XP_061019622.1
OGN	XP_061019623.1	Dama dama	133071189		299	excluded	extra_isoform_same_locus	XP_061019623.1 OGN [organism=Dama dama] [GeneID=133071189]	Dama_dama|OGN|XP_061019623.1
OGN	NP_001272542.1	Capra hircus	100860756		299	kept	representative	NP_001272542.1 OGN [organism=Capra hircus] [GeneID=100860756]	Capra_hircus|OGN|NP_001272542.1
OGN	XP_013821522.2	Capra hircus	100860756	X1	299	excluded	extra_isoform_same_locus	XP_013821522.2 OGN [organism=Capra hircus] [GeneID=100860756] [isoform=X1]	Capra_hircus|OGN|XP_013821522.2
OGN	XP_017907251.1	Capra hircus	100860756	X1	299	excluded	extra_isoform_same_locus	XP_017907251.1 OGN [organism=Capra hircus] [GeneID=100860756] [isoform=X1]	Capra_hircus|OGN|XP_017907251.1
OGN	XP_005987115.1	Latimeria chalumnae	102354551		304	kept	representative	XP_005987115.1 OGNA [organism=Latimeria chalumnae] [GeneID=102354551]	Latimeria_chalumnae|OGN|XP_005987115.1
OGN	XP_005987116.1	Latimeria chalumnae	102354551		304	excluded	extra_isoform_same_locus	XP_005987116.1 OGNA [organism=Latimeria chalumnae] [GeneID=102354551]	Latimeria_chalumnae|OGN|XP_005987116.1
OGN	XP_080850358.1	Podarcis pityusensis	308470782	1	307	kept	representative	XP_080850358.1 OGN [organism=Podarcis pityusensis] [GeneID=308470782] [isoform=1]	Podarcis_pityusensis|OGN|XP_080850358.1
OGN	XP_080850359.1	Podarcis pityusensis	308470782	1	307	excluded	extra_isoform_same_locus	XP_080850359.1 OGN [organism=Podarcis pityusensis] [GeneID=308470782] [isoform=1]	Podarcis_pityusensis|OGN|XP_080850359.1
OGN	XP_062842831.1	Trichomycterus rosablanca	134301859		271	kept	representative	XP_062842831.1 ogna [organism=Trichomycterus rosablanca] [GeneID=134301859]	Trichomycterus_rosablanca|OGN|XP_062842831.1
OGN	XP_068276009.1	Nyctibius grandis	137674505		293	kept	representative	XP_068276009.1 OGN [organism=Nyctibius grandis] [GeneID=137674505]	Nyctibius_grandis|OGN|XP_068276009.1
OGN	XP_032775503.1	Rattus rattus	116915223		298	kept	representative	XP_032775503.1 Ogn [organism=Rattus rattus] [GeneID=116915223]	Rattus_rattus|OGN|XP_032775503.1
OGN	XP_044880883.1	Mauremys mutica	123374724		296	kept	representative	XP_044880883.1 OGN [organism=Mauremys mutica] [GeneID=123374724]	Mauremys_mutica|OGN|XP_044880883.1
OGN	XP_083285360.1	Podarcis tiliguerta	310672277	1	307	kept	representative	XP_083285360.1 OGN [organism=Podarcis tiliguerta] [GeneID=310672277] [isoform=1]	Podarcis_tiliguerta|OGN|XP_083285360.1
OGN	XP_083285361.1	Podarcis tiliguerta	310672277	1	307	excluded	extra_isoform_same_locus	XP_083285361.1 OGN [organism=Podarcis tiliguerta] [GeneID=310672277] [isoform=1]	Podarcis_tiliguerta|OGN|XP_083285361.1
OGN	XP_070700613.1	Pempheris klunzingeri	139213846		283	kept	representative	XP_070700613.1 ogna [organism=Pempheris klunzingeri] [GeneID=139213846]	Pempheris_klunzingeri|OGN|XP_070700613.1
OGN	XP_076202151.1	Aptenodytes patagonicus	143164010		293	kept	representative	XP_076202151.1 OGN [organism=Aptenodytes patagonicus] [GeneID=143164010]	Aptenodytes_patagonicus|OGN|XP_076202151.1
OGN	XP_010743857.1	Larimichthys crocea	104930691		282	kept	representative	XP_010743857.1 ogna [organism=Larimichthys crocea] [GeneID=104930691]	Larimichthys_crocea|OGN|XP_010743857.1
OGN	XP_054358616.1	Pongo pygmaeus	129044626		298	kept	representative	XP_054358616.1 OGN [organism=Pongo pygmaeus] [GeneID=129044626]	Pongo_pygmaeus|OGN|XP_054358616.1
OGN	XP_063071144.1	Engraulis encrasicolus	134462175		290	kept	representative	XP_063071144.1 ogna [organism=Engraulis encrasicolus] [GeneID=134462175]	Engraulis_encrasicolus|OGN|XP_063071144.1
OGN	XP_035007389.1	Hippoglossus stenolepis	118104546		283	kept	representative	XP_035007389.1 ogna [organism=Hippoglossus stenolepis] [GeneID=118104546]	Hippoglossus_stenolepis|OGN|XP_035007389.1
OGN	XP_078399497.1	Cetorhinus maximus	144681614		311	kept	representative	XP_078399497.1 ogna [organism=Cetorhinus maximus] [GeneID=144681614]	Cetorhinus_maximus|OGN|XP_078399497.1
OGN	XP_030426935.1	Gopherus evgoodei	115655527		298	kept	representative	XP_030426935.1 OGN [organism=Gopherus evgoodei] [GeneID=115655527]	Gopherus_evgoodei|OGN|XP_030426935.1
OGN	XP_030426936.1	Gopherus evgoodei	115655527		298	excluded	extra_isoform_same_locus	XP_030426936.1 OGN [organism=Gopherus evgoodei] [GeneID=115655527]	Gopherus_evgoodei|OGN|XP_030426936.1
OGN	XP_005485606.2	Zonotrichia albicollis	102062062		291	kept	representative	XP_005485606.2 OGN [organism=Zonotrichia albicollis] [GeneID=102062062]	Zonotrichia_albicollis|OGN|XP_005485606.2
OGN	XP_012327619.1	Aotus nancymaae	105730777		298	kept	representative	XP_012327619.1 OGN [organism=Aotus nancymaae] [GeneID=105730777]	Aotus_nancymaae|OGN|XP_012327619.1
OGN	XP_080959338.1	Myotis nattereri	308527816		290	kept	representative	XP_080959338.1 OGN [organism=Myotis nattereri] [GeneID=308527816]	Myotis_nattereri|OGN|XP_080959338.1
OGN	XP_012705490.2	Fundulus heteroclitus	105915806		280	kept	representative	XP_012705490.2 ogna [organism=Fundulus heteroclitus] [GeneID=105915806]	Fundulus_heteroclitus|OGN|XP_012705490.2
OGN	XP_059780390.1	Balaenoptera ricei	132366944		299	kept	representative	XP_059780390.1 OGN [organism=Balaenoptera ricei] [GeneID=132366944]	Balaenoptera_ricei|OGN|XP_059780390.1
OGN	XP_073325155.1	Pagrus major	140998698		283	kept	representative	XP_073325155.1 ogna [organism=Pagrus major] [GeneID=140998698]	Pagrus_major|OGN|XP_073325155.1
OGN	XP_006900783.1	Elephantulus edwardii	102867939		297	kept	representative	XP_006900783.1 OGN [organism=Elephantulus edwardii] [GeneID=102867939]	Elephantulus_edwardii|OGN|XP_006900783.1
OGN	XP_010020497.1	Nestor notabilis	104411706		299	kept	representative	XP_010020497.1 OGN [organism=Nestor notabilis] [GeneID=104411706]	Nestor_notabilis|OGN|XP_010020497.1
OGN	XP_040215523.1	Rana temporaria	120945434		297	kept	representative	XP_040215523.1 OGN [organism=Rana temporaria] [GeneID=120945434]	Rana_temporaria|OGN|XP_040215523.1
OGN	XP_083725646.1	Zosterops lateralis	310913804		292	kept	representative	XP_083725646.1 OGN [organism=Zosterops lateralis] [GeneID=310913804]	Zosterops_lateralis|OGN|XP_083725646.1
OGN	XP_007229668.1	Astyanax mexicanus	103023385		291	kept	representative	XP_007229668.1 ogna [organism=Astyanax mexicanus] [GeneID=103023385]	Astyanax_mexicanus|OGN|XP_007229668.1
OGN	XP_049327939.1	Astyanax mexicanus	103023385		291	excluded	extra_isoform_same_locus	XP_049327939.1 ogna [organism=Astyanax mexicanus] [GeneID=103023385]	Astyanax_mexicanus|OGN|XP_049327939.1
OGN	XP_004652358.1	Jaculus jaculus	101609245		340	kept	representative	XP_004652358.1 Ogn [organism=Jaculus jaculus] [GeneID=101609245]	Jaculus_jaculus|OGN|XP_004652358.1
OGN	XP_026580392.1	Pseudonaja textilis	113453093		298	kept	representative	XP_026580392.1 OGN [organism=Pseudonaja textilis] [GeneID=113453093]	Pseudonaja_textilis|OGN|XP_026580392.1
OGN	XP_026580399.1	Pseudonaja textilis	113453093		298	excluded	extra_isoform_same_locus	XP_026580399.1 OGN [organism=Pseudonaja textilis] [GeneID=113453093]	Pseudonaja_textilis|OGN|XP_026580399.1
OGN	XP_079562102.1	Hyperoodon ampullatus	307054342		299	kept	representative	XP_079562102.1 OGN [organism=Hyperoodon ampullatus] [GeneID=307054342]	Hyperoodon_ampullatus|OGN|XP_079562102.1
OGN	XP_009474989.1	Nipponia nippon	104022943		293	kept	representative	XP_009474989.1 OGN [organism=Nipponia nippon] [GeneID=104022943]	Nipponia_nippon|OGN|XP_009474989.1
OGN	XP_056886311.1	Takifugu flavidus	130524316		280	kept	representative	XP_056886311.1 ogna [organism=Takifugu flavidus] [GeneID=130524316]	Takifugu_flavidus|OGN|XP_056886311.1
OGN	XP_082068118.1	Podarcis vaucheri	309526056	1	307	kept	representative	XP_082068118.1 OGN [organism=Podarcis vaucheri] [GeneID=309526056] [isoform=1]	Podarcis_vaucheri|OGN|XP_082068118.1
OGN	XP_082068119.1	Podarcis vaucheri	309526056	1	307	excluded	extra_isoform_same_locus	XP_082068119.1 OGN [organism=Podarcis vaucheri] [GeneID=309526056] [isoform=1]	Podarcis_vaucheri|OGN|XP_082068119.1
OGN	XP_031152671.1	Sander lucioperca	116047813		284	kept	representative	XP_031152671.1 ogna [organism=Sander lucioperca] [GeneID=116047813]	Sander_lucioperca|OGN|XP_031152671.1
OGN	XP_084595850.1	Lutjanus erythropterus	146332141		283	kept	representative	XP_084595850.1 ogna [organism=Lutjanus erythropterus] [GeneID=146332141]	Lutjanus_erythropterus|OGN|XP_084595850.1
OGN	XP_027592073.1	Pipra filicauda	113995785		293	kept	representative	XP_027592073.1 OGN [organism=Pipra filicauda] [GeneID=113995785]	Pipra_filicauda|OGN|XP_027592073.1
OGN	XP_054693699.1	Grus americana	129211157		296	kept	representative	XP_054693699.1 OGN [organism=Grus americana] [GeneID=129211157]	Grus_americana|OGN|XP_054693699.1
OGN	XP_045932510.1	Micropterus dolomieu	123987556		285	kept	representative	XP_045932510.1 ogna [organism=Micropterus dolomieu] [GeneID=123987556]	Micropterus_dolomieu|OGN|XP_045932510.1
OGN	XP_067096080.1	Osmerus mordax	136945879		300	kept	representative	XP_067096080.1 ogna [organism=Osmerus mordax] [GeneID=136945879]	Osmerus_mordax|OGN|XP_067096080.1
OGN	XP_005355223.1	Microtus ochrogaster	101980633		298	kept	representative	XP_005355223.1 Ogn [organism=Microtus ochrogaster] [GeneID=101980633]	Microtus_ochrogaster|OGN|XP_005355223.1
OGN	XP_013204599.1	Microtus ochrogaster	101980633		298	excluded	extra_isoform_same_locus	XP_013204599.1 Ogn [organism=Microtus ochrogaster] [GeneID=101980633]	Microtus_ochrogaster|OGN|XP_013204599.1
OGN	XP_026638959.1	Microtus ochrogaster	101980633		298	excluded	extra_isoform_same_locus	XP_026638959.1 Ogn [organism=Microtus ochrogaster] [GeneID=101980633]	Microtus_ochrogaster|OGN|XP_026638959.1
OGN	XP_011900406.1	Cercocebus atys	105578790		298	kept	representative	XP_011900406.1 OGN [organism=Cercocebus atys] [GeneID=105578790]	Cercocebus_atys|OGN|XP_011900406.1
OGN	XP_063020513.1	Melospiza melodia melodia	134422414		291	kept	representative	XP_063020513.1 OGN [organism=Melospiza melodia melodia] [GeneID=134422414]	Melospiza_melodia_melodia|OGN|XP_063020513.1
OGN	XP_068452045.1	Clinocottus analis	137798914		284	kept	representative	XP_068452045.1 ogna [organism=Clinocottus analis] [GeneID=137798914]	Clinocottus_analis|OGN|XP_068452045.1
OGN	XP_040425126.1	Cygnus olor	121075680		283	kept	representative	XP_040425126.1 OGN [organism=Cygnus olor] [GeneID=121075680]	Cygnus_olor|OGN|XP_040425126.1
OGN	XP_081994168.1	Leuciscus leuciscus	309475314		281	kept	representative	XP_081994168.1 ogna [organism=Leuciscus leuciscus] [GeneID=309475314]	Leuciscus_leuciscus|OGN|XP_081994168.1
OGN	XP_062977263.1	Elgaria multicarinata webbii	134395155	X1	304	kept	representative	XP_062977263.1 OGN [organism=Elgaria multicarinata webbii] [GeneID=134395155] [isoform=X1]	Elgaria_multicarinata_webbii|OGN|XP_062977263.1
OGN	XP_062977264.1	Elgaria multicarinata webbii	134395155	X1	304	excluded	extra_isoform_same_locus	XP_062977264.1 OGN [organism=Elgaria multicarinata webbii] [GeneID=134395155] [isoform=X1]	Elgaria_multicarinata_webbii|OGN|XP_062977264.1
OGN	XP_062977265.1	Elgaria multicarinata webbii	134395155	X2	258	excluded	extra_isoform_same_locus	XP_062977265.1 OGN [organism=Elgaria multicarinata webbii] [GeneID=134395155] [isoform=X2]	Elgaria_multicarinata_webbii|OGN|XP_062977265.1
OGN	XP_009995214.1	Chaetura pelagica	104388093		298	kept	representative	XP_009995214.1 OGN [organism=Chaetura pelagica] [GeneID=104388093]	Chaetura_pelagica|OGN|XP_009995214.1
OGN	XP_074908867.1	Buteo buteo	142042637		293	kept	representative	XP_074908867.1 OGN [organism=Buteo buteo] [GeneID=142042637]	Buteo_buteo|OGN|XP_074908867.1
OGN	NP_001099573.1	Rattus norvegicus	291015		298	kept	representative	NP_001099573.1 Ogn [organism=Rattus norvegicus] [GeneID=291015]	Rattus_norvegicus|OGN|NP_001099573.1
OGN	XP_008769712.1	Rattus norvegicus	291015	X1	404	excluded	relative_length	XP_008769712.1 Ogn [organism=Rattus norvegicus] [GeneID=291015] [isoform=X1]	Rattus_norvegicus|OGN|XP_008769712.1
OGN	XP_063132219.1	Rattus norvegicus	291015	X1	404	excluded	relative_length	XP_063132219.1 Ogn [organism=Rattus norvegicus] [GeneID=291015] [isoform=X1]	Rattus_norvegicus|OGN|XP_063132219.1
OGN	XP_018407801.1	Nanorana parkeri	108783682		295	kept	representative	XP_018407801.1 OGN [organism=Nanorana parkeri] [GeneID=108783682]	Nanorana_parkeri|OGN|XP_018407801.1
OGN	XP_039547002.1	Pimephales promelas	120492811		275	kept	representative	XP_039547002.1 ogna [organism=Pimephales promelas] [GeneID=120492811]	Pimephales_promelas|OGN|XP_039547002.1
OGN	XP_046955346.1	Lynx rufus	124526403		328	kept	representative	XP_046955346.1 OGN [organism=Lynx rufus] [GeneID=124526403]	Lynx_rufus|OGN|XP_046955346.1
OGN	XP_083628147.1	Protomyctophum parallelum	310863575		269	kept	representative	XP_083628147.1 ogna [organism=Protomyctophum parallelum] [GeneID=310863575]	Protomyctophum_parallelum|OGN|XP_083628147.1
OGN	XP_007182440.1	Balaenoptera acutorostrata	103004148		299	kept	representative	XP_007182440.1 OGN [organism=Balaenoptera acutorostrata] [GeneID=103004148]	Balaenoptera_acutorostrata|OGN|XP_007182440.1
OGN	XP_031716708.1	Anarrhichthys ocellatus	116390771		283	kept	representative	XP_031716708.1 ogna [organism=Anarrhichthys ocellatus] [GeneID=116390771]	Anarrhichthys_ocellatus|OGN|XP_031716708.1
OGN	XP_061282195.1	Bos javanicus	133253041		299	kept	representative	XP_061282195.1 OGN [organism=Bos javanicus] [GeneID=133253041]	Bos_javanicus|OGN|XP_061282195.1
OGN	XP_061282196.1	Bos javanicus	133253041		299	excluded	extra_isoform_same_locus	XP_061282196.1 OGN [organism=Bos javanicus] [GeneID=133253041]	Bos_javanicus|OGN|XP_061282196.1
OGN	XP_042180858.1	Oncorhynchus tshawytscha	112255096		298	kept	representative	XP_042180858.1 ogna [organism=Oncorhynchus tshawytscha] [GeneID=112255096]	Oncorhynchus_tshawytscha|OGN|XP_042180858.1
OGN	XP_014023864.2	Salmo salar	106583805		297	kept	representative	XP_014023864.2 ogna [organism=Salmo salar] [GeneID=106583805]	Salmo_salar|OGN|XP_014023864.2
OGN	XP_039860720.1	Simochromis diagramma	120717002		187	excluded	relative_length	XP_039860720.1 ogna [organism=Simochromis diagramma] [GeneID=120717002]	Simochromis_diagramma|OGN|XP_039860720.1
OGN	XP_058997082.1	Mustela lutreola	131812068		298	kept	representative	XP_058997082.1 OGN [organism=Mustela lutreola] [GeneID=131812068]	Mustela_lutreola|OGN|XP_058997082.1
OGN	XP_076599637.1	Chaetodon auriga	143328402		283	kept	representative	XP_076599637.1 ogna [organism=Chaetodon auriga] [GeneID=143328402]	Chaetodon_auriga|OGN|XP_076599637.1
OGN	XP_081033260.1	Podarcis bocagei	308577009	1	307	kept	representative	XP_081033260.1 OGN [organism=Podarcis bocagei] [GeneID=308577009] [isoform=1]	Podarcis_bocagei|OGN|XP_081033260.1
OGN	XP_081033261.1	Podarcis bocagei	308577009	1	307	excluded	extra_isoform_same_locus	XP_081033261.1 OGN [organism=Podarcis bocagei] [GeneID=308577009] [isoform=1]	Podarcis_bocagei|OGN|XP_081033261.1
OGN	XP_039736309.1	Pteropus medius	120616782	X1	146	excluded	absolute_length	XP_039736309.1 OGN [organism=Pteropus medius] [GeneID=120616782] [isoform=X1]	Pteropus_medius|OGN|XP_039736309.1
OGN	XP_039736310.1	Pteropus medius	120616782	X2	90	excluded	absolute_length	XP_039736310.1 OGN [organism=Pteropus medius] [GeneID=120616782] [isoform=X2]	Pteropus_medius|OGN|XP_039736310.1
OGN	XP_006992340.1	Peromyscus maniculatus bairdii	102920055		298	kept	representative	XP_006992340.1 Ogn [organism=Peromyscus maniculatus bairdii] [GeneID=102920055]	Peromyscus_maniculatus_bairdii|OGN|XP_006992340.1
OGN	XP_042134394.1	Peromyscus maniculatus bairdii	102920055		298	excluded	extra_isoform_same_locus	XP_042134394.1 Ogn [organism=Peromyscus maniculatus bairdii] [GeneID=102920055]	Peromyscus_maniculatus_bairdii|OGN|XP_042134394.1
OGN	XP_076429427.1	Peromyscus maniculatus bairdii	102920055		298	excluded	extra_isoform_same_locus	XP_076429427.1 Ogn [organism=Peromyscus maniculatus bairdii] [GeneID=102920055]	Peromyscus_maniculatus_bairdii|OGN|XP_076429427.1
OGN	XP_063766742.1	Eleginops maclovinus	134882753		283	kept	representative	XP_063766742.1 ogna [organism=Eleginops maclovinus] [GeneID=134882753]	Eleginops_maclovinus|OGN|XP_063766742.1
OGN	XP_028301993.1	Gouania willdenowi	114462997		283	kept	representative	XP_028301993.1 ogna [organism=Gouania willdenowi] [GeneID=114462997]	Gouania_willdenowi|OGN|XP_028301993.1
OGN	XP_004766201.1	Mustela putorius furo	101687653		298	kept	representative	XP_004766201.1 OGN [organism=Mustela putorius furo] [GeneID=101687653]	Mustela_putorius_furo|OGN|XP_004766201.1
OGN	XP_082624069.1	Aythya marila	309881694		293	kept	representative	XP_082624069.1 OGN [organism=Aythya marila] [GeneID=309881694]	Aythya_marila|OGN|XP_082624069.1
OGN	XP_057181572.1	Triplophysa rosa	130548667		279	kept	representative	XP_057181572.1 ogna [organism=Triplophysa rosa] [GeneID=130548667]	Triplophysa_rosa|OGN|XP_057181572.1
OGN	XP_080524947.1	Plecotus auritus	308248656	1	290	kept	representative	XP_080524947.1 OGN [organism=Plecotus auritus] [GeneID=308248656] [isoform=1]	Plecotus_auritus|OGN|XP_080524947.1
OGN	XP_080524948.1	Plecotus auritus	308248656	2	258	excluded	extra_isoform_same_locus	XP_080524948.1 OGN [organism=Plecotus auritus] [GeneID=308248656] [isoform=2]	Plecotus_auritus|OGN|XP_080524948.1
OGN	XP_080524949.1	Plecotus auritus	308248656	3	237	excluded	extra_isoform_same_locus	XP_080524949.1 OGN [organism=Plecotus auritus] [GeneID=308248656] [isoform=3]	Plecotus_auritus|OGN|XP_080524949.1
OGN	XP_008591952.1	Galeopterus variegatus	103609404		298	kept	representative	XP_008591952.1 OGN [organism=Galeopterus variegatus] [GeneID=103609404]	Galeopterus_variegatus|OGN|XP_008591952.1
OGN	XP_036893050.1	Sturnira hondurensis	118980518		297	kept	representative	XP_036893050.1 OGN [organism=Sturnira hondurensis] [GeneID=118980518]	Sturnira_hondurensis|OGN|XP_036893050.1
OGN	XP_058700617.1	Poecile atricapillus	131581962		293	kept	representative	XP_058700617.1 OGN [organism=Poecile atricapillus] [GeneID=131581962]	Poecile_atricapillus|OGN|XP_058700617.1
OGN	XP_058700618.1	Poecile atricapillus	131581962		293	excluded	extra_isoform_same_locus	XP_058700618.1 OGN [organism=Poecile atricapillus] [GeneID=131581962]	Poecile_atricapillus|OGN|XP_058700618.1
OGN	XP_058700619.1	Poecile atricapillus	131581962		293	excluded	extra_isoform_same_locus	XP_058700619.1 OGN [organism=Poecile atricapillus] [GeneID=131581962]	Poecile_atricapillus|OGN|XP_058700619.1
OGN	XP_037652887.1	Choloepus didactylus	119504635	X1	298	kept	representative	XP_037652887.1 OGN [organism=Choloepus didactylus] [GeneID=119504635] [isoform=X1]	Choloepus_didactylus|OGN|XP_037652887.1
OGN	XP_037652888.1	Choloepus didactylus	119504635	X1	298	excluded	extra_isoform_same_locus	XP_037652888.1 OGN [organism=Choloepus didactylus] [GeneID=119504635] [isoform=X1]	Choloepus_didactylus|OGN|XP_037652888.1
OGN	XP_037652890.1	Choloepus didactylus	119504635	X2	356	excluded	extra_isoform_same_locus	XP_037652890.1 OGN [organism=Choloepus didactylus] [GeneID=119504635] [isoform=X2]	Choloepus_didactylus|OGN|XP_037652890.1
OGN	XP_073908458.1	Castor canadensis	109685462		298	kept	representative	XP_073908458.1 LOC109685462 [organism=Castor canadensis] [GeneID=109685462]	Castor_canadensis|OGN|XP_073908458.1
OGN	XP_006631165.2	Lepisosteus oculatus	102689260		295	kept	representative	XP_006631165.2 ogna [organism=Lepisosteus oculatus] [GeneID=102689260]	Lepisosteus_oculatus|OGN|XP_006631165.2
OGN	XP_072237521.1	Leuresthes tenuis	140302892		283	kept	representative	XP_072237521.1 ogna [organism=Leuresthes tenuis] [GeneID=140302892]	Leuresthes_tenuis|OGN|XP_072237521.1
OGN	XP_043835422.1	Dromiciops gliroides	122737068		285	kept	representative	XP_043835422.1 OGN [organism=Dromiciops gliroides] [GeneID=122737068]	Dromiciops_gliroides|OGN|XP_043835422.1
OGN	XP_061584764.1	Cololabis saira	133449610		437	excluded	relative_length	XP_061584764.1 ogna [organism=Cololabis saira] [GeneID=133449610]	Cololabis_saira|OGN|XP_061584764.1
OGN	XP_067424264.1	Emydura macquarii macquarii	137166427		300	kept	representative	XP_067424264.1 OGN [organism=Emydura macquarii macquarii] [GeneID=137166427]	Emydura_macquarii_macquarii|OGN|XP_067424264.1
OGN	XP_068014139.1	Melanerpes formicivorus	137450978		291	kept	representative	XP_068014139.1 OGN [organism=Melanerpes formicivorus] [GeneID=137450978]	Melanerpes_formicivorus|OGN|XP_068014139.1
OGN	XP_029358510.1	Echeneis naucrates	115043885		283	kept	representative	XP_029358510.1 ogna [organism=Echeneis naucrates] [GeneID=115043885]	Echeneis_naucrates|OGN|XP_029358510.1
OGN	XP_047686831.1	Prionailurus viverrinus	125150682		308	kept	representative	XP_047686831.1 OGN [organism=Prionailurus viverrinus] [GeneID=125150682]	Prionailurus_viverrinus|OGN|XP_047686831.1
OGN	XP_081860772.1	Phaethon aethereus	309408734		293	kept	representative	XP_081860772.1 OGN [organism=Phaethon aethereus] [GeneID=309408734]	Phaethon_aethereus|OGN|XP_081860772.1
OGN	XP_082492194.1	Mesoplodon mirus	309812348		382	kept	representative	XP_082492194.1 OGN [organism=Mesoplodon mirus] [GeneID=309812348]	Mesoplodon_mirus|OGN|XP_082492194.1
OGN	XP_081173545.1	Vipera berus	308662030		298	kept	representative	XP_081173545.1 OGN [organism=Vipera berus] [GeneID=308662030]	Vipera_berus|OGN|XP_081173545.1
OGN	XP_054472796.1	Anoplopoma fimbria	129105668		283	kept	representative	XP_054472796.1 ogna [organism=Anoplopoma fimbria] [GeneID=129105668]	Anoplopoma_fimbria|OGN|XP_054472796.1
OGN	XP_060466288.1	Panthera onca	132663755		298	kept	representative	XP_060466288.1 OGN [organism=Panthera onca] [GeneID=132663755]	Panthera_onca|OGN|XP_060466288.1
OGN	XP_070256953.1	Myotis yumanensis	138998838		290	kept	representative	XP_070256953.1 OGN [organism=Myotis yumanensis] [GeneID=138998838]	Myotis_yumanensis|OGN|XP_070256953.1
OGN	XP_080402091.1	Nansenia antarctica	308171094		251	kept	representative	XP_080402091.1 ogna [organism=Nansenia antarctica] [GeneID=308171094]	Nansenia_antarctica|OGN|XP_080402091.1
OGN	XP_015283092.1	Gekko japonicus	107124206		306	kept	representative	XP_015283092.1 OGN [organism=Gekko japonicus] [GeneID=107124206]	Gekko_japonicus|OGN|XP_015283092.1
OGN	XP_053844985.1	Vidua macroura	128813696		293	kept	representative	XP_053844985.1 OGN [organism=Vidua macroura] [GeneID=128813696]	Vidua_macroura|OGN|XP_053844985.1
OGN	XP_085633053.1	Trachurus japonicus	146987659		283	kept	representative	XP_085633053.1 ogna [organism=Trachurus japonicus] [GeneID=146987659]	Trachurus_japonicus|OGN|XP_085633053.1
OGN	XP_009089233.1	Serinus canaria	103816946		293	kept	representative	XP_009089233.1 OGN [organism=Serinus canaria] [GeneID=103816946]	Serinus_canaria|OGN|XP_009089233.1
OGN	XP_076693483.1	Callospermophilus lateralis	143383006		296	kept	representative	XP_076693483.1 Ogn [organism=Callospermophilus lateralis] [GeneID=143383006]	Callospermophilus_lateralis|OGN|XP_076693483.1
OGN	XP_076693485.1	Callospermophilus lateralis	143383006		296	excluded	extra_isoform_same_locus	XP_076693485.1 Ogn [organism=Callospermophilus lateralis] [GeneID=143383006]	Callospermophilus_lateralis|OGN|XP_076693485.1
OGN	XP_047635254.1	Phacochoerus africanus	125126946		298	kept	representative	XP_047635254.1 OGN [organism=Phacochoerus africanus] [GeneID=125126946]	Phacochoerus_africanus|OGN|XP_047635254.1
OGN	XP_047635255.1	Phacochoerus africanus	125126946		298	excluded	extra_isoform_same_locus	XP_047635255.1 OGN [organism=Phacochoerus africanus] [GeneID=125126946]	Phacochoerus_africanus|OGN|XP_047635255.1
OGN	XP_085974960.1	Hippocampus guttulatus	147201743		286	kept	representative	XP_085974960.1 ogna [organism=Hippocampus guttulatus] [GeneID=147201743]	Hippocampus_guttulatus|OGN|XP_085974960.1
OGN	XP_067270865.1	Pseudorasbora parva	137039451		292	kept	representative	XP_067270865.1 ogna [organism=Pseudorasbora parva] [GeneID=137039451]	Pseudorasbora_parva|OGN|XP_067270865.1
OGN	XP_048200740.1	Perognathus longimembris pacificus	125350295		298	kept	representative	XP_048200740.1 Ogn [organism=Perognathus longimembris pacificus] [GeneID=125350295]	Perognathus_longimembris_pacificus|OGN|XP_048200740.1
OGN	XP_084320448.1	Micromesistius poutassou	311338969		286	kept	representative	XP_084320448.1 ogna [organism=Micromesistius poutassou] [GeneID=311338969]	Micromesistius_poutassou|OGN|XP_084320448.1
OGN	NP_001248169.1	Macaca mulatta	706168		298	kept	representative	NP_001248169.1 OGN [organism=Macaca mulatta] [GeneID=706168]	Macaca_mulatta|OGN|NP_001248169.1
OGN	XP_014972731.3	Macaca mulatta	706168	X1	298	excluded	extra_isoform_same_locus	XP_014972731.3 OGN [organism=Macaca mulatta] [GeneID=706168] [isoform=X1]	Macaca_mulatta|OGN|XP_014972731.3
OGN	XP_077821324.1	Macaca mulatta	706168	X2	356	excluded	extra_isoform_same_locus	XP_077821324.1 OGN [organism=Macaca mulatta] [GeneID=706168] [isoform=X2]	Macaca_mulatta|OGN|XP_077821324.1
OGN	XP_068830249.1	Capricornis sumatraensis	138081085	X1	299	kept	representative	XP_068830249.1 OGN [organism=Capricornis sumatraensis] [GeneID=138081085] [isoform=X1]	Capricornis_sumatraensis|OGN|XP_068830249.1
OGN	XP_068830250.1	Capricornis sumatraensis	138081085	X2	281	excluded	extra_isoform_same_locus	XP_068830250.1 OGN [organism=Capricornis sumatraensis] [GeneID=138081085] [isoform=X2]	Capricornis_sumatraensis|OGN|XP_068830250.1
OGN	XP_028719664.1	Peromyscus leucopus	114689502	X1	298	excluded	extra_isoform_same_locus	XP_028719664.1 Ogn [organism=Peromyscus leucopus] [GeneID=114689502] [isoform=X1]	Peromyscus_leucopus|OGN|XP_028719664.1
OGN	XP_037061635.1	Peromyscus leucopus	114689502	X2	297	kept	representative	XP_037061635.1 Ogn [organism=Peromyscus leucopus] [GeneID=114689502] [isoform=X2]	Peromyscus_leucopus|OGN|XP_037061635.1
OGN	XP_079098529.1	Telmatherina bonti	306757373		283	kept	representative	XP_079098529.1 ogna [organism=Telmatherina bonti] [GeneID=306757373]	Telmatherina_bonti|OGN|XP_079098529.1
OGN	XP_079327774.1	Barbatula barbatula	306902804		279	kept	representative	XP_079327774.1 ogna [organism=Barbatula barbatula] [GeneID=306902804]	Barbatula_barbatula|OGN|XP_079327774.1
OGN	XP_038004613.1	Motacilla alba alba	119705868		293	kept	representative	XP_038004613.1 OGN [organism=Motacilla alba alba] [GeneID=119705868]	Motacilla_alba_alba|OGN|XP_038004613.1
OGN	XP_047438992.1	Mugil cephalus	125006726		282	kept	representative	XP_047438992.1 ogna [organism=Mugil cephalus] [GeneID=125006726]	Mugil_cephalus|OGN|XP_047438992.1
OGN	XP_051932328.1	Hippocampus zosterae	127607739		286	kept	representative	XP_051932328.1 ogna [organism=Hippocampus zosterae] [GeneID=127607739]	Hippocampus_zosterae|OGN|XP_051932328.1
OGN	XP_010834283.1	Bison bison bison	104985696		299	kept	representative	XP_010834283.1 OGN [organism=Bison bison bison] [GeneID=104985696]	Bison_bison_bison|OGN|XP_010834283.1
OGN	XP_010834284.1	Bison bison bison	104985696		299	excluded	extra_isoform_same_locus	XP_010834284.1 OGN [organism=Bison bison bison] [GeneID=104985696]	Bison_bison_bison|OGN|XP_010834284.1
OGN	XP_010834285.1	Bison bison bison	104985696		299	excluded	extra_isoform_same_locus	XP_010834285.1 OGN [organism=Bison bison bison] [GeneID=104985696]	Bison_bison_bison|OGN|XP_010834285.1
OGN	XP_015258074.1	Cyprinodon variegatus	107103067		303	kept	representative	XP_015258074.1 ogna [organism=Cyprinodon variegatus] [GeneID=107103067]	Cyprinodon_variegatus|OGN|XP_015258074.1
OGN	XP_031214128.1	Mastomys coucha	116081674		298	kept	representative	XP_031214128.1 Ogn [organism=Mastomys coucha] [GeneID=116081674]	Mastomys_coucha|OGN|XP_031214128.1
OGN	XP_008407100.1	Poecilia reticulata	103464645	X1	281	kept	representative	XP_008407100.1 ogna [organism=Poecilia reticulata] [GeneID=103464645] [isoform=X1]	Poecilia_reticulata|OGN|XP_008407100.1
OGN	XP_008407101.1	Poecilia reticulata	103464645	X2	280	excluded	extra_isoform_same_locus	XP_008407101.1 ogna [organism=Poecilia reticulata] [GeneID=103464645] [isoform=X2]	Poecilia_reticulata|OGN|XP_008407101.1
OGN	XP_036134369.1	Molossus molossus	118641343		298	kept	representative	XP_036134369.1 OGN [organism=Molossus molossus] [GeneID=118641343]	Molossus_molossus|OGN|XP_036134369.1
OGN	XP_036246641.1	Molothrus ater	118691532		293	kept	representative	XP_036246641.1 OGN [organism=Molothrus ater] [GeneID=118691532]	Molothrus_ater|OGN|XP_036246641.1
OGN	XP_038839847.1	Salvelinus namaycush	120037976		298	kept	representative	XP_038839847.1 ogna [organism=Salvelinus namaycush] [GeneID=120037976]	Salvelinus_namaycush|OGN|XP_038839847.1
OGN	XP_081916097.1	Streptopelia decaocto	309443220		293	kept	representative	XP_081916097.1 OGN [organism=Streptopelia decaocto] [GeneID=309443220]	Streptopelia_decaocto|OGN|XP_081916097.1
OGN	XP_004284167.1	Orcinus orca	101287445		299	kept	representative	XP_004284167.1 OGN [organism=Orcinus orca] [GeneID=101287445]	Orcinus_orca|OGN|XP_004284167.1
OGN	XP_033269512.1	Orcinus orca	101287445		299	excluded	extra_isoform_same_locus	XP_033269512.1 OGN [organism=Orcinus orca] [GeneID=101287445]	Orcinus_orca|OGN|XP_033269512.1
OGN	XP_049567481.1	Orcinus orca	101287445		299	excluded	extra_isoform_same_locus	XP_049567481.1 OGN [organism=Orcinus orca] [GeneID=101287445]	Orcinus_orca|OGN|XP_049567481.1
OGN	XP_007111354.1	Physeter macrocephalus	102984485		299	kept	representative	XP_007111354.1 OGN [organism=Physeter macrocephalus] [GeneID=102984485]	Physeter_macrocephalus|OGN|XP_007111354.1
OGN	XP_082144777.1	Coloeus monedula	309577002		293	kept	representative	XP_082144777.1 OGN [organism=Coloeus monedula] [GeneID=309577002]	Coloeus_monedula|OGN|XP_082144777.1
OGN	XP_081006977.1	Miniopterus schreibersii	308563631	1	298	kept	representative	XP_081006977.1 OGN [organism=Miniopterus schreibersii] [GeneID=308563631] [isoform=1]	Miniopterus_schreibersii|OGN|XP_081006977.1
OGN	XP_081006978.1	Miniopterus schreibersii	308563631	1	298	excluded	extra_isoform_same_locus	XP_081006978.1 OGN [organism=Miniopterus schreibersii] [GeneID=308563631] [isoform=1]	Miniopterus_schreibersii|OGN|XP_081006978.1
OGN	XP_041315693.1	Pyrgilauda ruficollis	121349404		293	kept	representative	XP_041315693.1 OGN [organism=Pyrgilauda ruficollis] [GeneID=121349404]	Pyrgilauda_ruficollis|OGN|XP_041315693.1
OGN	XP_076125212.1	Alosa pseudoharengus	143104794		296	kept	representative	XP_076125212.1 ogna [organism=Alosa pseudoharengus] [GeneID=143104794]	Alosa_pseudoharengus|OGN|XP_076125212.1
OGN	XP_071405823.1	Pithys albifrons albifrons	139669281		293	kept	representative	XP_071405823.1 OGN [organism=Pithys albifrons albifrons] [GeneID=139669281]	Pithys_albifrons_albifrons|OGN|XP_071405823.1
OGN	XP_071405824.1	Pithys albifrons albifrons	139669281		293	excluded	extra_isoform_same_locus	XP_071405824.1 OGN [organism=Pithys albifrons albifrons] [GeneID=139669281]	Pithys_albifrons_albifrons|OGN|XP_071405824.1
OGN	XP_071405826.1	Pithys albifrons albifrons	139669281		293	excluded	extra_isoform_same_locus	XP_071405826.1 OGN [organism=Pithys albifrons albifrons] [GeneID=139669281]	Pithys_albifrons_albifrons|OGN|XP_071405826.1
OGN	XP_008634270.1	Corvus brachyrhynchos	103617711		293	kept	representative	XP_008634270.1 OGN [organism=Corvus brachyrhynchos] [GeneID=103617711]	Corvus_brachyrhynchos|OGN|XP_008634270.1
OGN	XP_073405685.1	Dendrobates tinctorius	141052352		295	kept	representative	XP_073405685.1 OGN [organism=Dendrobates tinctorius] [GeneID=141052352]	Dendrobates_tinctorius|OGN|XP_073405685.1
OGN	XP_039072399.1	Hyaena hyaena	120219628		298	kept	representative	XP_039072399.1 OGN [organism=Hyaena hyaena] [GeneID=120219628]	Hyaena_hyaena|OGN|XP_039072399.1
OGN	XP_051271570.1	Dicentrarchus labrax	127372158		283	kept	representative	XP_051271570.1 ogna [organism=Dicentrarchus labrax] [GeneID=127372158]	Dicentrarchus_labrax|OGN|XP_051271570.1
OGN	XP_055451182.1	Psammomys obesus	129667525		384	excluded	relative_length	XP_055451182.1 Ogn [organism=Psammomys obesus] [GeneID=129667525]	Psammomys_obesus|OGN|XP_055451182.1
OGN	XP_035298859.1	Cricetulus griseus	100755182		296	kept	representative	XP_035298859.1 Ogn [organism=Cricetulus griseus] [GeneID=100755182]	Cricetulus_griseus|OGN|XP_035298859.1
OGN	XP_035313604.1	Cricetulus griseus	100755182		296	excluded	extra_isoform_same_locus	XP_035313604.1 Ogn [organism=Cricetulus griseus] [GeneID=100755182]	Cricetulus_griseus|OGN|XP_035313604.1
OGN	NP_001075585.1	Oryctolagus cuniculus	100008835		298	kept	representative	NP_001075585.1 OGN [organism=Oryctolagus cuniculus] [GeneID=100008835]	Oryctolagus_cuniculus|OGN|NP_001075585.1
OGN	XP_074770687.1	Athene noctua	141964319		293	kept	representative	XP_074770687.1 OGN [organism=Athene noctua] [GeneID=141964319]	Athene_noctua|OGN|XP_074770687.1
OGN	XP_036167116.1	Myotis myotis	118657346		290	kept	representative	XP_036167116.1 OGN [organism=Myotis myotis] [GeneID=118657346]	Myotis_myotis|OGN|XP_036167116.1
OGN	XP_007967938.1	Chlorocebus sabaeus	103219756	X1	298	kept	representative	XP_007967938.1 OGN [organism=Chlorocebus sabaeus] [GeneID=103219756] [isoform=X1]	Chlorocebus_sabaeus|OGN|XP_007967938.1
OGN	XP_072877547.1	Chlorocebus sabaeus	103219756	X2	356	excluded	extra_isoform_same_locus	XP_072877547.1 OGN [organism=Chlorocebus sabaeus] [GeneID=103219756] [isoform=X2]	Chlorocebus_sabaeus|OGN|XP_072877547.1
OGN	XP_081241264.1	Scardinius erythrophthalmus	308702352		281	kept	representative	XP_081241264.1 ogna [organism=Scardinius erythrophthalmus] [GeneID=308702352]	Scardinius_erythrophthalmus|OGN|XP_081241264.1
OGN	XP_021384875.1	Lonchura striata	110469944		293	kept	representative	XP_021384875.1 OGN [organism=Lonchura striata] [GeneID=110469944]	Lonchura_striata|OGN|XP_021384875.1
OGN	XP_046194614.1	Oncorhynchus gorbuscha	124024924		286	kept	representative	XP_046194614.1 ogna [organism=Oncorhynchus gorbuscha] [GeneID=124024924]	Oncorhynchus_gorbuscha|OGN|XP_046194614.1
OGN	XP_082325960.1	Balaenoptera physalus	309664427		382	kept	representative	XP_082325960.1 OGN [organism=Balaenoptera physalus] [GeneID=309664427]	Balaenoptera_physalus|OGN|XP_082325960.1
OGN	XP_005052963.1	Ficedula albicollis	101813973		293	kept	representative	XP_005052963.1 OGN [organism=Ficedula albicollis] [GeneID=101813973]	Ficedula_albicollis|OGN|XP_005052963.1
OGN	XP_012881820.1	Dipodomys ordii	105993185		269	kept	representative	XP_012881820.1 Ogn [organism=Dipodomys ordii] [GeneID=105993185]	Dipodomys_ordii|OGN|XP_012881820.1
OGN	XP_040101791.1	Oryx dammah	120867406		299	kept	representative	XP_040101791.1 OGN [organism=Oryx dammah] [GeneID=120867406]	Oryx_dammah|OGN|XP_040101791.1
OGN	XP_040101801.1	Oryx dammah	120867406		299	excluded	extra_isoform_same_locus	XP_040101801.1 OGN [organism=Oryx dammah] [GeneID=120867406]	Oryx_dammah|OGN|XP_040101801.1
OGN	XP_005141619.2	Melopsittacus undulatus	101871380		293	kept	representative	XP_005141619.2 OGN [organism=Melopsittacus undulatus] [GeneID=101871380]	Melopsittacus_undulatus|OGN|XP_005141619.2
OGN	XP_072928780.1	Hemitrygon akajei	140742012	X1	381	excluded	extra_isoform_same_locus	XP_072928780.1 ogna [organism=Hemitrygon akajei] [GeneID=140742012] [isoform=X1]	Hemitrygon_akajei|OGN|XP_072928780.1
OGN	XP_072928781.1	Hemitrygon akajei	140742012	X2	328	kept	representative	XP_072928781.1 ogna [organism=Hemitrygon akajei] [GeneID=140742012] [isoform=X2]	Hemitrygon_akajei|OGN|XP_072928781.1
OGN	XP_010152895.1	Eurypyga helias	104503662	X1	295	excluded	extra_isoform_same_locus	XP_010152895.1 OGN [organism=Eurypyga helias] [GeneID=104503662] [isoform=X1]	Eurypyga_helias|OGN|XP_010152895.1
OGN	XP_010152896.1	Eurypyga helias	104503662	X2	293	kept	representative	XP_010152896.1 OGN [organism=Eurypyga helias] [GeneID=104503662] [isoform=X2]	Eurypyga_helias|OGN|XP_010152896.1
OGN	XP_039204163.1	Crotalus tigris	120310142		297	kept	representative	XP_039204163.1 OGN [organism=Crotalus tigris] [GeneID=120310142]	Crotalus_tigris|OGN|XP_039204163.1
OGN	XP_073208467.1	Lepidochelys kempii	140914471		297	kept	representative	XP_073208467.1 OGN [organism=Lepidochelys kempii] [GeneID=140914471]	Lepidochelys_kempii|OGN|XP_073208467.1
OGN	XP_080206519.1	Nesoenas mayeri	308043969		293	kept	representative	XP_080206519.1 OGN [organism=Nesoenas mayeri] [GeneID=308043969]	Nesoenas_mayeri|OGN|XP_080206519.1
OGN	XP_028853214.1	Denticeps clupeoides	114800244		292	kept	representative	XP_028853214.1 ogna [organism=Denticeps clupeoides] [GeneID=114800244]	Denticeps_clupeoides|OGN|XP_028853214.1
OGN	XP_045700884.1	Phyllostomus hastatus	123822773		297	kept	representative	XP_045700884.1 OGN [organism=Phyllostomus hastatus] [GeneID=123822773]	Phyllostomus_hastatus|OGN|XP_045700884.1
OGN	XP_047382065.1	Sciurus carolinensis	124965271	X1	297	kept	representative	XP_047382065.1 Ogn [organism=Sciurus carolinensis] [GeneID=124965271] [isoform=X1]	Sciurus_carolinensis|OGN|XP_047382065.1
OGN	XP_047382066.1	Sciurus carolinensis	124965271	X2	355	excluded	extra_isoform_same_locus	XP_047382066.1 Ogn [organism=Sciurus carolinensis] [GeneID=124965271] [isoform=X2]	Sciurus_carolinensis|OGN|XP_047382066.1
OGN	XP_082512069.1	Grampus griseus	309823564	1	299	kept	representative	XP_082512069.1 OGN [organism=Grampus griseus] [GeneID=309823564] [isoform=1]	Grampus_griseus|OGN|XP_082512069.1
OGN	XP_082512070.1	Grampus griseus	309823564	1	299	excluded	extra_isoform_same_locus	XP_082512070.1 OGN [organism=Grampus griseus] [GeneID=309823564] [isoform=1]	Grampus_griseus|OGN|XP_082512070.1
OGN	XP_037107770.1	Syngnathus acus	119123078		277	kept	representative	XP_037107770.1 ogna [organism=Syngnathus acus] [GeneID=119123078]	Syngnathus_acus|OGN|XP_037107770.1
OGN	XP_056461159.1	Gadus chalcogrammus	130401439		286	kept	representative	XP_056461159.1 ogna [organism=Gadus chalcogrammus] [GeneID=130401439]	Gadus_chalcogrammus|OGN|XP_056461159.1
OGN	XP_083652714.1	Anser anser	310880549		293	kept	representative	XP_083652714.1 OGN [organism=Anser anser] [GeneID=310880549]	Anser_anser|OGN|XP_083652714.1
OGN	XP_035954042.1	Halichoerus grypus	118539502		298	kept	representative	XP_035954042.1 OGN [organism=Halichoerus grypus] [GeneID=118539502]	Halichoerus_grypus|OGN|XP_035954042.1
OGN	XP_063282551.1	Pelobates fuscus	134568138		290	kept	representative	XP_063282551.1 OGN [organism=Pelobates fuscus] [GeneID=134568138]	Pelobates_fuscus|OGN|XP_063282551.1
OGN	XP_019952206.1	Paralichthys olivaceus	109635476		283	kept	representative	XP_019952206.1 ogna [organism=Paralichthys olivaceus] [GeneID=109635476]	Paralichthys_olivaceus|OGN|XP_019952206.1
OGN	XP_057701932.1	Corythoichthys intestinalis	130921723		277	kept	representative	XP_057701932.1 ogna [organism=Corythoichthys intestinalis] [GeneID=130921723]	Corythoichthys_intestinalis|OGN|XP_057701932.1
OGN	XP_042262300.1	Thunnus maccoyii	121894053		296	kept	representative	XP_042262300.1 ogna [organism=Thunnus maccoyii] [GeneID=121894053]	Thunnus_maccoyii|OGN|XP_042262300.1
OGN	XP_064524251.1	Pseudopipra pipra	135420555		293	kept	representative	XP_064524251.1 OGN [organism=Pseudopipra pipra] [GeneID=135420555]	Pseudopipra_pipra|OGN|XP_064524251.1
OGN	XP_042305582.1	Sceloporus undulatus	121921491		308	kept	representative	XP_042305582.1 OGN [organism=Sceloporus undulatus] [GeneID=121921491]	Sceloporus_undulatus|OGN|XP_042305582.1
OGN	XP_080583444.1	Nannobrachium achirus	308286320		277	kept	representative	XP_080583444.1 ogna [organism=Nannobrachium achirus] [GeneID=308286320]	Nannobrachium_achirus|OGN|XP_080583444.1
OGN	XP_014829633.1	Poecilia mexicana	106908155	X1	281	kept	representative	XP_014829633.1 ogna [organism=Poecilia mexicana] [GeneID=106908155] [isoform=X1]	Poecilia_mexicana|OGN|XP_014829633.1
OGN	XP_014829634.1	Poecilia mexicana	106908155	X2	280	excluded	extra_isoform_same_locus	XP_014829634.1 ogna [organism=Poecilia mexicana] [GeneID=106908155] [isoform=X2]	Poecilia_mexicana|OGN|XP_014829634.1
OGN	XP_003210067.1	Meleagris gallopavo	100550863		293	kept	representative	XP_003210067.1 OGN [organism=Meleagris gallopavo] [GeneID=100550863]	Meleagris_gallopavo|OGN|XP_003210067.1
OGN	XP_004393632.1	Odobenus rosmarus divergens	101379850	X1	298	kept	representative	XP_004393632.1 OGN [organism=Odobenus rosmarus divergens] [GeneID=101379850] [isoform=X1]	Odobenus_rosmarus_divergens|OGN|XP_004393632.1
OGN	XP_004393633.1	Odobenus rosmarus divergens	101379850	X1	298	excluded	extra_isoform_same_locus	XP_004393633.1 OGN [organism=Odobenus rosmarus divergens] [GeneID=101379850] [isoform=X1]	Odobenus_rosmarus_divergens|OGN|XP_004393633.1
OGN	XP_012422209.1	Odobenus rosmarus divergens	101379850	X2	335	excluded	extra_isoform_same_locus	XP_012422209.1 OGN [organism=Odobenus rosmarus divergens] [GeneID=101379850] [isoform=X2]	Odobenus_rosmarus_divergens|OGN|XP_012422209.1
OGN	XP_005422457.1	Geospiza fortis	102043068		291	kept	representative	XP_005422457.1 OGN [organism=Geospiza fortis] [GeneID=102043068]	Geospiza_fortis|OGN|XP_005422457.1
OGN	NP_989540.1	Gallus gallus	374039		294	kept	representative	NP_989540.1 OGN [organism=Gallus gallus] [GeneID=374039]	Gallus_gallus|OGN|NP_989540.1
OGN	XP_006876832.1	Chrysochloris asiatica	102813019		293	kept	representative	XP_006876832.1 OGN [organism=Chrysochloris asiatica] [GeneID=102813019]	Chrysochloris_asiatica|OGN|XP_006876832.1
OGN	XP_053233612.1	Podarcis raffonei	128408237	X1	307	kept	representative	XP_053233612.1 OGN [organism=Podarcis raffonei] [GeneID=128408237] [isoform=X1]	Podarcis_raffonei|OGN|XP_053233612.1
OGN	XP_053233613.1	Podarcis raffonei	128408237	X1	307	excluded	extra_isoform_same_locus	XP_053233613.1 OGN [organism=Podarcis raffonei] [GeneID=128408237] [isoform=X1]	Podarcis_raffonei|OGN|XP_053233613.1
OGN	XP_053233614.1	Podarcis raffonei	128408237	X2	254	excluded	extra_isoform_same_locus	XP_053233614.1 OGN [organism=Podarcis raffonei] [GeneID=128408237] [isoform=X2]	Podarcis_raffonei|OGN|XP_053233614.1
OGN	XP_050000423.1	Alexandromys fortis	126503027		298	kept	representative	XP_050000423.1 Ogn [organism=Alexandromys fortis] [GeneID=126503027]	Alexandromys_fortis|OGN|XP_050000423.1
OGN	XP_050000424.1	Alexandromys fortis	126503027		298	excluded	extra_isoform_same_locus	XP_050000424.1 Ogn [organism=Alexandromys fortis] [GeneID=126503027]	Alexandromys_fortis|OGN|XP_050000424.1
OGN	XP_019716039.1	Hippocampus comes	109510285		286	kept	representative	XP_019716039.1 ogna [organism=Hippocampus comes] [GeneID=109510285]	Hippocampus_comes|OGN|XP_019716039.1
OGN	XP_082178811.1	Platalea leucorodia	309595563		293	kept	representative	XP_082178811.1 OGN [organism=Platalea leucorodia] [GeneID=309595563]	Platalea_leucorodia|OGN|XP_082178811.1
OGN	XP_030229875.1	Gadus morhua	115556741		286	kept	representative	XP_030229875.1 ogna [organism=Gadus morhua] [GeneID=115556741]	Gadus_morhua|OGN|XP_030229875.1
OGN	XP_075177901.1	Anomaloglossus baeobatrachus	142249850		295	kept	representative	XP_075177901.1 OGN [organism=Anomaloglossus baeobatrachus] [GeneID=142249850]	Anomaloglossus_baeobatrachus|OGN|XP_075177901.1
OGN	XP_075318058.1	Odontesthes bonariensis	142377636		283	kept	representative	XP_075318058.1 ogna [organism=Odontesthes bonariensis] [GeneID=142377636]	Odontesthes_bonariensis|OGN|XP_075318058.1
OGN	XP_026202895.1	Anabas testudineus	113153468		283	kept	representative	XP_026202895.1 ogna [organism=Anabas testudineus] [GeneID=113153468]	Anabas_testudineus|OGN|XP_026202895.1
OGN	XP_072732094.1	Ciconia boyciana	140658058		293	kept	representative	XP_072732094.1 OGN [organism=Ciconia boyciana] [GeneID=140658058]	Ciconia_boyciana|OGN|XP_072732094.1
OGN	XP_072732095.1	Ciconia boyciana	140658058		293	excluded	extra_isoform_same_locus	XP_072732095.1 OGN [organism=Ciconia boyciana] [GeneID=140658058]	Ciconia_boyciana|OGN|XP_072732095.1
OGN	XP_057910622.2	Doryrhamphus excisus	131106007		280	kept	representative	XP_057910622.2 ogna [organism=Doryrhamphus excisus] [GeneID=131106007]	Doryrhamphus_excisus|OGN|XP_057910622.2
OGN	XP_032555452.1	Chiroxiphia lanceolata	116792545		298	kept	representative	XP_032555452.1 OGN [organism=Chiroxiphia lanceolata] [GeneID=116792545]	Chiroxiphia_lanceolata|OGN|XP_032555452.1
OGN	XP_043309694.1	Cervus canadensis	122432040		298	kept	representative	XP_043309694.1 OGN [organism=Cervus canadensis] [GeneID=122432040]	Cervus_canadensis|OGN|XP_043309694.1
OGN	XP_051833599.1	Antechinus flavipes	127549521	X1	285	kept	representative	XP_051833599.1 OGN [organism=Antechinus flavipes] [GeneID=127549521] [isoform=X1]	Antechinus_flavipes|OGN|XP_051833599.1
OGN	XP_051833607.1	Antechinus flavipes	127549521	X2	284	excluded	extra_isoform_same_locus	XP_051833607.1 OGN [organism=Antechinus flavipes] [GeneID=127549521] [isoform=X2]	Antechinus_flavipes|OGN|XP_051833607.1
OGN	XP_077181851.1	Paroedura picta	143832015		295	kept	representative	XP_077181851.1 OGN [organism=Paroedura picta] [GeneID=143832015]	Paroedura_picta|OGN|XP_077181851.1
OGN	XP_077181853.1	Paroedura picta	143832015		295	excluded	extra_isoform_same_locus	XP_077181853.1 OGN [organism=Paroedura picta] [GeneID=143832015]	Paroedura_picta|OGN|XP_077181853.1
OGN	XP_069534310.1	Semicossyphus pulcher	138605774		286	kept	representative	XP_069534310.1 ogna [organism=Semicossyphus pulcher] [GeneID=138605774]	Semicossyphus_pulcher|OGN|XP_069534310.1
OGN	XP_042567660.1	Cyprinus carpio	109046491		289	kept	representative	XP_042567660.1 ogna [organism=Cyprinus carpio] [GeneID=109046491]	Cyprinus_carpio|OGN|XP_042567660.1
OGN	XP_054496222.2	Agelaius phoeniceus	129125009	X1	293	kept	representative	XP_054496222.2 OGN [organism=Agelaius phoeniceus] [GeneID=129125009] [isoform=X1]	Agelaius_phoeniceus|OGN|XP_054496222.2
OGN	XP_077040385.1	Agelaius phoeniceus	129125009	X2	255	excluded	extra_isoform_same_locus	XP_077040385.1 OGN [organism=Agelaius phoeniceus] [GeneID=129125009] [isoform=X2]	Agelaius_phoeniceus|OGN|XP_077040385.1
OGN	XP_069006412.1	Embiotoca jacksoni	138198721		280	kept	representative	XP_069006412.1 ogna [organism=Embiotoca jacksoni] [GeneID=138198721]	Embiotoca_jacksoni|OGN|XP_069006412.1
OGN	XP_074494758.1	Sebastes fasciatus	141769517		283	kept	representative	XP_074494758.1 ogna [organism=Sebastes fasciatus] [GeneID=141769517]	Sebastes_fasciatus|OGN|XP_074494758.1
OGN	XP_056258371.1	Seriola aureovittata	130185758		283	kept	representative	XP_056258371.1 ogna [organism=Seriola aureovittata] [GeneID=130185758]	Seriola_aureovittata|OGN|XP_056258371.1
OGN	XP_086149241.1	Aulonocara sp. 'chitande type north' Nkhata Bay	147331077		283	kept	representative	XP_086149241.1 ogna [organism=Aulonocara sp. 'chitande type north' Nkhata Bay] [GeneID=147331077]	Aulonocara_sp._chitande_type_north_Nkhata_Bay|OGN|XP_086149241.1
OGN	XP_025840185.1	Vulpes vulpes	112908810		297	kept	representative	XP_025840185.1 OGN [organism=Vulpes vulpes] [GeneID=112908810]	Vulpes_vulpes|OGN|XP_025840185.1
OGN	XP_069889377.1	Dipodomys merriami	138834681	X1	298	kept	representative	XP_069889377.1 Ogn [organism=Dipodomys merriami] [GeneID=138834681] [isoform=X1]	Dipodomys_merriami|OGN|XP_069889377.1
OGN	XP_069889378.1	Dipodomys merriami	138834681	X2	354	excluded	extra_isoform_same_locus	XP_069889378.1 Ogn [organism=Dipodomys merriami] [GeneID=138834681] [isoform=X2]	Dipodomys_merriami|OGN|XP_069889378.1
OGN	XP_075951788.1	Anarhichas minor	142954578		283	kept	representative	XP_075951788.1 ogna [organism=Anarhichas minor] [GeneID=142954578]	Anarhichas_minor|OGN|XP_075951788.1
OGN	XP_029908130.1	Myripristis murdjan	115359689		289	kept	representative	XP_029908130.1 ogna [organism=Myripristis murdjan] [GeneID=115359689]	Myripristis_murdjan|OGN|XP_029908130.1
OGN	XP_031587361.1	Oreochromis aureus	116313724		283	kept	representative	XP_031587361.1 ogna [organism=Oreochromis aureus] [GeneID=116313724]	Oreochromis_aureus|OGN|XP_031587361.1
OGN	XP_041282027.1	Onychostruthus taczanowskii	121347437		293	kept	representative	XP_041282027.1 OGN [organism=Onychostruthus taczanowskii] [GeneID=121347437]	Onychostruthus_taczanowskii|OGN|XP_041282027.1
OGN	XP_068550178.1	Anas acuta	137862247		293	kept	representative	XP_068550178.1 OGN [organism=Anas acuta] [GeneID=137862247]	Anas_acuta|OGN|XP_068550178.1
OGN	NP_001302657.1	Sus scrofa	106509723		298	kept	representative	NP_001302657.1 OGN [organism=Sus scrofa] [GeneID=106509723]	Sus_scrofa|OGN|NP_001302657.1
OGN	XP_013851234.1	Sus scrofa	106509723	X1	298	excluded	extra_isoform_same_locus	XP_013851234.1 OGN [organism=Sus scrofa] [GeneID=106509723] [isoform=X1]	Sus_scrofa|OGN|XP_013851234.1
OGN	XP_014187723.1	Haplochromis burtoni	102300978		283	kept	representative	XP_014187723.1 ogna [organism=Haplochromis burtoni] [GeneID=102300978]	Haplochromis_burtoni|OGN|XP_014187723.1
OGN	XP_043563825.1	Chiloscyllium plagiosum	122558929		311	kept	representative	XP_043563825.1 ogna [organism=Chiloscyllium plagiosum] [GeneID=122558929]	Chiloscyllium_plagiosum|OGN|XP_043563825.1
OGN	XP_025971764.2	Dromaius novaehollandiae	112992746		293	kept	representative	XP_025971764.2 OGN [organism=Dromaius novaehollandiae] [GeneID=112992746]	Dromaius_novaehollandiae|OGN|XP_025971764.2
OGN	XP_044899427.1	Felis catus	102899607		298	kept	representative	XP_044899427.1 OGN [organism=Felis catus] [GeneID=102899607]	Felis_catus|OGN|XP_044899427.1
OGN	XP_043933342.1	Protopterus annectens	122806736		292	kept	representative	XP_043933342.1 OGN [organism=Protopterus annectens] [GeneID=122806736]	Protopterus_annectens|OGN|XP_043933342.1
OGN	XP_025279468.1	Canis lupus dingo	112644911		361	kept	representative	XP_025279468.1 OGN [organism=Canis lupus dingo] [GeneID=112644911]	Canis_lupus_dingo|OGN|XP_025279468.1
OGN	XP_046731740.1	Silurus meridionalis	124402639		240	kept	representative	XP_046731740.1 ogna [organism=Silurus meridionalis] [GeneID=124402639]	Silurus_meridionalis|OGN|XP_046731740.1
OGN	XP_035193282.1	Oxyura jamaicensis	118173125		292	kept	representative	XP_035193282.1 OGN [organism=Oxyura jamaicensis] [GeneID=118173125]	Oxyura_jamaicensis|OGN|XP_035193282.1
OGN	XP_005901895.1	Bos mutus	102278456		299	kept	representative	XP_005901895.1 OGN [organism=Bos mutus] [GeneID=102278456]	Bos_mutus|OGN|XP_005901895.1
OGN	XP_069567384.1	Brachyistius frenatus	138628306		283	kept	representative	XP_069567384.1 ogna [organism=Brachyistius frenatus] [GeneID=138628306]	Brachyistius_frenatus|OGN|XP_069567384.1
OGN	XP_072438228.1	Chiloscyllium punctatum	140483704		311	kept	representative	XP_072438228.1 ogna [organism=Chiloscyllium punctatum] [GeneID=140483704]	Chiloscyllium_punctatum|OGN|XP_072438228.1
OGN	XP_009272889.1	Aptenodytes forsteri	103895103		293	kept	representative	XP_009272889.1 OGN [organism=Aptenodytes forsteri] [GeneID=103895103]	Aptenodytes_forsteri|OGN|XP_009272889.1
OGN	XP_034885159.1	Mirounga leonina	118026400		298	kept	representative	XP_034885159.1 OGN [organism=Mirounga leonina] [GeneID=118026400]	Mirounga_leonina|OGN|XP_034885159.1
OGN	XP_059800882.1	Hypanus sabinus	132378165		381	kept	representative	XP_059800882.1 ogna [organism=Hypanus sabinus] [GeneID=132378165]	Hypanus_sabinus|OGN|XP_059800882.1
OGN	XP_081885936.1	Branta canadensis	309426323		293	kept	representative	XP_081885936.1 OGN [organism=Branta canadensis] [GeneID=309426323]	Branta_canadensis|OGN|XP_081885936.1
OGN	XP_085895983.1	Filicampus tigris	147142741	X1	284	kept	representative	XP_085895983.1 ogna [organism=Filicampus tigris] [GeneID=147142741] [isoform=X1]	Filicampus_tigris|OGN|XP_085895983.1
OGN	XP_085895984.1	Filicampus tigris	147142741	X2	247	excluded	extra_isoform_same_locus	XP_085895984.1 ogna [organism=Filicampus tigris] [GeneID=147142741] [isoform=X2]	Filicampus_tigris|OGN|XP_085895984.1
OGN	XP_045628538.1	Ursus americanus	123776538		361	kept	representative	XP_045628538.1 OGN [organism=Ursus americanus] [GeneID=123776538]	Ursus_americanus|OGN|XP_045628538.1
OGN	XP_071017890.1	Oncorhynchus clarkii lewisi	139413927		298	kept	representative	XP_071017890.1 ogna [organism=Oncorhynchus clarkii lewisi] [GeneID=139413927]	Oncorhynchus_clarkii_lewisi|OGN|XP_071017890.1
OGN	XP_010143617.1	Buceros rhinoceros silvestris	104501497		291	kept	representative	XP_010143617.1 OGN [organism=Buceros rhinoceros silvestris] [GeneID=104501497]	Buceros_rhinoceros_silvestris|OGN|XP_010143617.1
OGN	XP_075881262.1	Nelusetta ayraudi	142887474		284	kept	representative	XP_075881262.1 ogna [organism=Nelusetta ayraudi] [GeneID=142887474]	Nelusetta_ayraudi|OGN|XP_075881262.1
OGN	XP_015813777.3	Nothobranchius furzeri	107384821		281	kept	representative	XP_015813777.3 ogna [organism=Nothobranchius furzeri] [GeneID=107384821]	Nothobranchius_furzeri|OGN|XP_015813777.3
OGN	XP_021104147.1	Heterocephalus glaber	101696505		356	kept	representative	XP_021104147.1 Ogn [organism=Heterocephalus glaber] [GeneID=101696505]	Heterocephalus_glaber|OGN|XP_021104147.1
OGN	XP_074140686.1	Sminthopsis crassicaudata	141552128	X1	286	kept	representative	XP_074140686.1 OGN [organism=Sminthopsis crassicaudata] [GeneID=141552128] [isoform=X1]	Sminthopsis_crassicaudata|OGN|XP_074140686.1
OGN	XP_074140689.1	Sminthopsis crassicaudata	141552128	X2	285	excluded	extra_isoform_same_locus	XP_074140689.1 OGN [organism=Sminthopsis crassicaudata] [GeneID=141552128] [isoform=X2]	Sminthopsis_crassicaudata|OGN|XP_074140689.1
OGN	XP_042736026.1	Lagopus leucura	122184843		293	kept	representative	XP_042736026.1 OGN [organism=Lagopus leucura] [GeneID=122184843]	Lagopus_leucura|OGN|XP_042736026.1
OGN	XP_053157054.1	Hemicordylus capensis	128347047		305	kept	representative	XP_053157054.1 OGN [organism=Hemicordylus capensis] [GeneID=128347047]	Hemicordylus_capensis|OGN|XP_053157054.1
OGN	XP_053157055.1	Hemicordylus capensis	128347047		305	excluded	extra_isoform_same_locus	XP_053157055.1 OGN [organism=Hemicordylus capensis] [GeneID=128347047]	Hemicordylus_capensis|OGN|XP_053157055.1
OGN	XP_084271730.1	Rutilus rutilus	311294635		281	kept	representative	XP_084271730.1 ogna [organism=Rutilus rutilus] [GeneID=311294635]	Rutilus_rutilus|OGN|XP_084271730.1
OGN	XP_012428226.1	Taeniopygia guttata	100229795		293	kept	representative	XP_012428226.1 OGN [organism=Taeniopygia guttata] [GeneID=100229795]	Taeniopygia_guttata|OGN|XP_012428226.1
OGN	XP_007907071.1	Callorhinchus milii	103188775		298	kept	representative	XP_007907071.1 ogna [organism=Callorhinchus milii] [GeneID=103188775]	Callorhinchus_milii|OGN|XP_007907071.1
OGN	XP_021579137.1	Ictidomys tridecemlineatus	101973209	X1	296	kept	representative	XP_021579137.1 Ogn [organism=Ictidomys tridecemlineatus] [GeneID=101973209] [isoform=X1]	Ictidomys_tridecemlineatus|OGN|XP_021579137.1
OGN	XP_077886721.1	Ictidomys tridecemlineatus	101973209	X2	249	excluded	extra_isoform_same_locus	XP_077886721.1 Ogn [organism=Ictidomys tridecemlineatus] [GeneID=101973209] [isoform=X2]	Ictidomys_tridecemlineatus|OGN|XP_077886721.1
OGN	XP_077886722.1	Ictidomys tridecemlineatus	101973209	X3	243	excluded	extra_isoform_same_locus	XP_077886722.1 Ogn [organism=Ictidomys tridecemlineatus] [GeneID=101973209] [isoform=X3]	Ictidomys_tridecemlineatus|OGN|XP_077886722.1
OGN	XP_064310290.1	Phalacrocorax carbo	104040269		293	kept	representative	XP_064310290.1 OGN [organism=Phalacrocorax carbo] [GeneID=104040269]	Phalacrocorax_carbo|OGN|XP_064310290.1
OGN	XP_064310292.1	Phalacrocorax carbo	104040269		293	excluded	extra_isoform_same_locus	XP_064310292.1 OGN [organism=Phalacrocorax carbo] [GeneID=104040269]	Phalacrocorax_carbo|OGN|XP_064310292.1
OGN	XP_071350970.1	Trachinotus anak	139630967		283	kept	representative	XP_071350970.1 ogna [organism=Trachinotus anak] [GeneID=139630967]	Trachinotus_anak|OGN|XP_071350970.1
OGN	XP_077132111.1	Ranitomeya variabilis	143787341		295	kept	representative	XP_077132111.1 OGN [organism=Ranitomeya variabilis] [GeneID=143787341]	Ranitomeya_variabilis|OGN|XP_077132111.1
OGN	XP_077132112.1	Ranitomeya variabilis	143787341		295	excluded	extra_isoform_same_locus	XP_077132112.1 OGN [organism=Ranitomeya variabilis] [GeneID=143787341]	Ranitomeya_variabilis|OGN|XP_077132112.1
OGN	XP_080921755.1	Rhinolophus hipposideros	308504612	1	299	kept	representative	XP_080921755.1 OGN [organism=Rhinolophus hipposideros] [GeneID=308504612] [isoform=1]	Rhinolophus_hipposideros|OGN|XP_080921755.1
OGN	XP_080921756.1	Rhinolophus hipposideros	308504612	2	259	excluded	extra_isoform_same_locus	XP_080921756.1 OGN [organism=Rhinolophus hipposideros] [GeneID=308504612] [isoform=2]	Rhinolophus_hipposideros|OGN|XP_080921756.1
OGN	XP_006922856.2	Pteropus alecto	102878601		356	kept	representative	XP_006922856.2 OGN [organism=Pteropus alecto] [GeneID=102878601]	Pteropus_alecto|OGN|XP_006922856.2
OGN	XP_067854721.1	Heptranchias perlo	137334114	X1	309	kept	representative	XP_067854721.1 ogna [organism=Heptranchias perlo] [GeneID=137334114] [isoform=X1]	Heptranchias_perlo|OGN|XP_067854721.1
OGN	XP_067854722.1	Heptranchias perlo	137334114	X2	266	excluded	extra_isoform_same_locus	XP_067854722.1 ogna [organism=Heptranchias perlo] [GeneID=137334114] [isoform=X2]	Heptranchias_perlo|OGN|XP_067854722.1
OGN	XP_075143478.1	Leptodactylus fuscus	142218576	X1	293	kept	representative	XP_075143478.1 OGN [organism=Leptodactylus fuscus] [GeneID=142218576] [isoform=X1]	Leptodactylus_fuscus|OGN|XP_075143478.1
OGN	XP_075143479.1	Leptodactylus fuscus	142218576	X1	293	excluded	extra_isoform_same_locus	XP_075143479.1 OGN [organism=Leptodactylus fuscus] [GeneID=142218576] [isoform=X1]	Leptodactylus_fuscus|OGN|XP_075143479.1
OGN	XP_075143480.1	Leptodactylus fuscus	142218576	X2	292	excluded	extra_isoform_same_locus	XP_075143480.1 OGN [organism=Leptodactylus fuscus] [GeneID=142218576] [isoform=X2]	Leptodactylus_fuscus|OGN|XP_075143480.1
OGN	XP_008689088.1	Ursus maritimus	103663165		361	kept	representative	XP_008689088.1 OGN [organism=Ursus maritimus] [GeneID=103663165]	Ursus_maritimus|OGN|XP_008689088.1
OGN	XP_031681677.1	Oncorhynchus kisutch	109885050		298	kept	representative	XP_031681677.1 ogna [organism=Oncorhynchus kisutch] [GeneID=109885050]	Oncorhynchus_kisutch|OGN|XP_031681677.1
OGN	XP_053518779.1	Artibeus jamaicensis	119058133		297	kept	representative	XP_053518779.1 OGN [organism=Artibeus jamaicensis] [GeneID=119058133]	Artibeus_jamaicensis|OGN|XP_053518779.1
OGN	XP_049752082.1	Elephas maximus indicus	126082945	X1	298	kept	representative	XP_049752082.1 OGN [organism=Elephas maximus indicus] [GeneID=126082945] [isoform=X1]	Elephas_maximus_indicus|OGN|XP_049752082.1
OGN	XP_049752083.1	Elephas maximus indicus	126082945	X2	356	excluded	extra_isoform_same_locus	XP_049752083.1 OGN [organism=Elephas maximus indicus] [GeneID=126082945] [isoform=X2]	Elephas_maximus_indicus|OGN|XP_049752083.1
OGN	XP_052013227.1	Apodemus sylvaticus	127664963		298	kept	representative	XP_052013227.1 Ogn [organism=Apodemus sylvaticus] [GeneID=127664963]	Apodemus_sylvaticus|OGN|XP_052013227.1
OGN	XP_052013228.1	Apodemus sylvaticus	127664963		298	excluded	extra_isoform_same_locus	XP_052013228.1 Ogn [organism=Apodemus sylvaticus] [GeneID=127664963]	Apodemus_sylvaticus|OGN|XP_052013228.1
OGN	XP_055504251.1	Leucoraja erinaceus	129704877	X1	315	excluded	extra_isoform_same_locus	XP_055504251.1 ogna [organism=Leucoraja erinaceus] [GeneID=129704877] [isoform=X1]	Leucoraja_erinaceus|OGN|XP_055504251.1
OGN	XP_055504252.1	Leucoraja erinaceus	129704877	X2	314	kept	representative	XP_055504252.1 ogna [organism=Leucoraja erinaceus] [GeneID=129704877] [isoform=X2]	Leucoraja_erinaceus|OGN|XP_055504252.1
OGN	XP_038127952.1	Cyprinodon tularosa	119774495		278	kept	representative	XP_038127952.1 ogna [organism=Cyprinodon tularosa] [GeneID=119774495]	Cyprinodon_tularosa|OGN|XP_038127952.1
OGN	XP_071296104.1	Agelaius tricolor	139596034	X1	293	kept	representative	XP_071296104.1 OGN [organism=Agelaius tricolor] [GeneID=139596034] [isoform=X1]	Agelaius_tricolor|OGN|XP_071296104.1
OGN	XP_071296105.1	Agelaius tricolor	139596034	X2	255	excluded	extra_isoform_same_locus	XP_071296105.1 OGN [organism=Agelaius tricolor] [GeneID=139596034] [isoform=X2]	Agelaius_tricolor|OGN|XP_071296105.1
OGN	XP_059512271.1	Myotis daubentonii	132211777	X1	290	kept	representative	XP_059512271.1 OGN [organism=Myotis daubentonii] [GeneID=132211777] [isoform=X1]	Myotis_daubentonii|OGN|XP_059512271.1
OGN	XP_059512272.1	Myotis daubentonii	132211777	X2	258	excluded	extra_isoform_same_locus	XP_059512272.1 OGN [organism=Myotis daubentonii] [GeneID=132211777] [isoform=X2]	Myotis_daubentonii|OGN|XP_059512272.1
OGN	XP_059871033.1	Delphinus delphis	132427504		299	kept	representative	XP_059871033.1 OGN [organism=Delphinus delphis] [GeneID=132427504]	Delphinus_delphis|OGN|XP_059871033.1
OGN	XP_059871034.1	Delphinus delphis	132427504		299	excluded	extra_isoform_same_locus	XP_059871034.1 OGN [organism=Delphinus delphis] [GeneID=132427504]	Delphinus_delphis|OGN|XP_059871034.1
OGN	XP_056380025.1	Hyla sarda	130275732		291	kept	representative	XP_056380025.1 OGN [organism=Hyla sarda] [GeneID=130275732]	Hyla_sarda|OGN|XP_056380025.1
OGN	XP_004442783.1	Ceratotherium simum simum	101396259		298	kept	representative	XP_004442783.1 LOC101396259 [organism=Ceratotherium simum simum] [GeneID=101396259]	Ceratotherium_simum_simum|OGN|XP_004442783.1
OGN	XP_015496031.1	Parus major	107210146		293	kept	representative	XP_015496031.1 OGN [organism=Parus major] [GeneID=107210146]	Parus_major|OGN|XP_015496031.1
OGN	XP_058668758.1	Ammospiza caudacuta	131562961		291	kept	representative	XP_058668758.1 OGN [organism=Ammospiza caudacuta] [GeneID=131562961]	Ammospiza_caudacuta|OGN|XP_058668758.1
OGN	XP_061730763.1	Nerophis ophidion	133535194		284	kept	representative	XP_061730763.1 ogna [organism=Nerophis ophidion] [GeneID=133535194]	Nerophis_ophidion|OGN|XP_061730763.1
OGN	XP_004086171.1	Oryzias latipes	101156231		280	kept	representative	XP_004086171.1 ogna [organism=Oryzias latipes] [GeneID=101156231]	Oryzias_latipes|OGN|XP_004086171.1
OGN	XP_082698735.1	Leucopleurus acutus	309963999		299	kept	representative	XP_082698735.1 OGN [organism=Leucopleurus acutus] [GeneID=309963999]	Leucopleurus_acutus|OGN|XP_082698735.1
OGN	XP_066224463.1	Saccopteryx leptura	136394745		298	kept	representative	XP_066224463.1 OGN [organism=Saccopteryx leptura] [GeneID=136394745]	Saccopteryx_leptura|OGN|XP_066224463.1
OGN	XP_073500433.1	Phyllobates terribilis	141157283		295	kept	representative	XP_073500433.1 OGN [organism=Phyllobates terribilis] [GeneID=141157283]	Phyllobates_terribilis|OGN|XP_073500433.1
OGN	XP_079074780.1	Taurulus bubalis	306736962		282	kept	representative	XP_079074780.1 ogna [organism=Taurulus bubalis] [GeneID=306736962]	Taurulus_bubalis|OGN|XP_079074780.1
OGN	XP_034389813.1	Cyclopterus lumpus	117731515		283	kept	representative	XP_034389813.1 ogna [organism=Cyclopterus lumpus] [GeneID=117731515]	Cyclopterus_lumpus|OGN|XP_034389813.1
OGN	XP_039336789.1	Mauremys reevesii	120368617		298	kept	representative	XP_039336789.1 OGN [organism=Mauremys reevesii] [GeneID=120368617]	Mauremys_reevesii|OGN|XP_039336789.1
OGN	XP_039336790.1	Mauremys reevesii	120368617		298	excluded	extra_isoform_same_locus	XP_039336790.1 OGN [organism=Mauremys reevesii] [GeneID=120368617]	Mauremys_reevesii|OGN|XP_039336790.1
OGN	XP_039336791.1	Mauremys reevesii	120368617		298	excluded	extra_isoform_same_locus	XP_039336791.1 OGN [organism=Mauremys reevesii] [GeneID=120368617]	Mauremys_reevesii|OGN|XP_039336791.1
OGN	XP_051977548.1	Xyrauchen texanus	127639534		291	kept	representative	XP_051977548.1 ogna [organism=Xyrauchen texanus] [GeneID=127639534]	Xyrauchen_texanus|OGN|XP_051977548.1
OGN	XP_051977549.1	Xyrauchen texanus	127639534		291	excluded	extra_isoform_same_locus	XP_051977549.1 ogna [organism=Xyrauchen texanus] [GeneID=127639534]	Xyrauchen_texanus|OGN|XP_051977549.1
OGN	XP_038322617.1	Canis lupus familiaris	610704		361	kept	representative	XP_038322617.1 OGN [organism=Canis lupus familiaris] [GeneID=610704]	Canis_lupus_familiaris|OGN|XP_038322617.1
OGN	XP_038383338.1	Canis lupus familiaris	610704		361	excluded	extra_isoform_same_locus	XP_038383338.1 OGN [organism=Canis lupus familiaris] [GeneID=610704]	Canis_lupus_familiaris|OGN|XP_038383338.1
OGN	XP_038447637.1	Canis lupus familiaris	610704		361	excluded	extra_isoform_same_locus	XP_038447637.1 OGN [organism=Canis lupus familiaris] [GeneID=610704]	Canis_lupus_familiaris|OGN|XP_038447637.1
OGN	XP_038511431.1	Canis lupus familiaris	610704		361	excluded	extra_isoform_same_locus	XP_038511431.1 OGN [organism=Canis lupus familiaris] [GeneID=610704]	Canis_lupus_familiaris|OGN|XP_038511431.1
OGN	XP_853340.2	Canis lupus familiaris	610704		361	excluded	extra_isoform_same_locus	XP_853340.2 OGN [organism=Canis lupus familiaris] [GeneID=610704]	Canis_lupus_familiaris|OGN|XP_853340.2
OGN	XP_062923645.1	Mobula hypostoma	134356626		380	kept	representative	XP_062923645.1 ogna [organism=Mobula hypostoma] [GeneID=134356626]	Mobula_hypostoma|OGN|XP_062923645.1
OGN	XP_042768198.1	Panthera leo	122204687		298	kept	representative	XP_042768198.1 OGN [organism=Panthera leo] [GeneID=122204687]	Panthera_leo|OGN|XP_042768198.1
OGN	XP_010308272.1	Balearica regulorum gibbericeps	104641345		301	kept	representative	XP_010308272.1 OGN [organism=Balearica regulorum gibbericeps] [GeneID=104641345]	Balearica_regulorum_gibbericeps|OGN|XP_010308272.1
OGN	XP_017374469.1	Cebus imitator	108296498		298	kept	representative	XP_017374469.1 OGN [organism=Cebus imitator] [GeneID=108296498]	Cebus_imitator|OGN|XP_017374469.1
OGN	XP_018600137.1	Scleropages formosus	108929819		285	kept	representative	XP_018600137.1 ogna [organism=Scleropages formosus] [GeneID=108929819]	Scleropages_formosus|OGN|XP_018600137.1
OGN	XP_056098459.1	Rhinichthys klamathensis goyatoka	130077290		281	kept	representative	XP_056098459.1 ogna [organism=Rhinichthys klamathensis goyatoka] [GeneID=130077290]	Rhinichthys_klamathensis_goyatoka|OGN|XP_056098459.1
OGN	XP_082122606.1	Pelophylax lessonae	309562338		297	kept	representative	XP_082122606.1 OGN [organism=Pelophylax lessonae] [GeneID=309562338]	Pelophylax_lessonae|OGN|XP_082122606.1
OGN	XP_075039113.1	Mixophyes fleayi	142099509		291	kept	representative	XP_075039113.1 OGN [organism=Mixophyes fleayi] [GeneID=142099509]	Mixophyes_fleayi|OGN|XP_075039113.1
OGN	XP_066452521.1	Eleutherodactylus coqui	136621156		294	kept	representative	XP_066452521.1 OGN [organism=Eleutherodactylus coqui] [GeneID=136621156]	Eleutherodactylus_coqui|OGN|XP_066452521.1
OGN	XP_075405981.1	Tenrec ecaudatus	142448225		296	kept	representative	XP_075405981.1 OGN [organism=Tenrec ecaudatus] [GeneID=142448225]	Tenrec_ecaudatus|OGN|XP_075405981.1
OGN	XP_007055647.1	Chelonia mydas	102944274		297	kept	representative	XP_007055647.1 OGN [organism=Chelonia mydas] [GeneID=102944274]	Chelonia_mydas|OGN|XP_007055647.1
OGN	XP_019822136.2	Bos indicus	109563256		299	kept	representative	XP_019822136.2 OGN [organism=Bos indicus] [GeneID=109563256]	Bos_indicus|OGN|XP_019822136.2
OGN	XP_070650405.1	Bos indicus	109563256		299	excluded	extra_isoform_same_locus	XP_070650405.1 OGN [organism=Bos indicus] [GeneID=109563256]	Bos_indicus|OGN|XP_070650405.1
OGN	XP_037346258.1	Pungitius pungitius	119229708		283	kept	representative	XP_037346258.1 ogna [organism=Pungitius pungitius] [GeneID=119229708]	Pungitius_pungitius|OGN|XP_037346258.1
OGN	XP_042365674.1	Plectropomus leopardus	121960135		283	kept	representative	XP_042365674.1 ogna [organism=Plectropomus leopardus] [GeneID=121960135]	Plectropomus_leopardus|OGN|XP_042365674.1
OGN	XP_083795114.1	Echiichthys vipera	310965413		283	kept	representative	XP_083795114.1 ogna [organism=Echiichthys vipera] [GeneID=310965413]	Echiichthys_vipera|OGN|XP_083795114.1
OGN	XP_017499502.1	Manis javanica	108386239		298	kept	representative	XP_017499502.1 OGN [organism=Manis javanica] [GeneID=108386239]	Manis_javanica|OGN|XP_017499502.1
OGN	XP_060095871.1	Heteronotia binoei	132572626		305	kept	representative	XP_060095871.1 OGN [organism=Heteronotia binoei] [GeneID=132572626]	Heteronotia_binoei|OGN|XP_060095871.1
OGN	XP_063796781.1	Pseudophryne corroboree	134958247		295	kept	representative	XP_063796781.1 OGN [organism=Pseudophryne corroboree] [GeneID=134958247]	Pseudophryne_corroboree|OGN|XP_063796781.1
OGN	XP_065498521.1	Caloenas nicobarica	135992945		293	kept	representative	XP_065498521.1 OGN [organism=Caloenas nicobarica] [GeneID=135992945]	Caloenas_nicobarica|OGN|XP_065498521.1
OGN	XP_081094145.1	Mesoplodon bidens	308619359		382	kept	representative	XP_081094145.1 OGN [organism=Mesoplodon bidens] [GeneID=308619359]	Mesoplodon_bidens|OGN|XP_081094145.1
OGN	XP_031807418.1	Sarcophilus harrisii	100933811	X1	285	kept	representative	XP_031807418.1 OGN [organism=Sarcophilus harrisii] [GeneID=100933811] [isoform=X1]	Sarcophilus_harrisii|OGN|XP_031807418.1
OGN	XP_031807422.1	Sarcophilus harrisii	100933811	X1	285	excluded	extra_isoform_same_locus	XP_031807422.1 OGN [organism=Sarcophilus harrisii] [GeneID=100933811] [isoform=X1]	Sarcophilus_harrisii|OGN|XP_031807422.1
OGN	XP_031807425.1	Sarcophilus harrisii	100933811	X2	284	excluded	extra_isoform_same_locus	XP_031807425.1 OGN [organism=Sarcophilus harrisii] [GeneID=100933811] [isoform=X2]	Sarcophilus_harrisii|OGN|XP_031807425.1
OGN	XP_051649159.1	Manacus candei	127473514		293	kept	representative	XP_051649159.1 OGN [organism=Manacus candei] [GeneID=127473514]	Manacus_candei|OGN|XP_051649159.1
OGN	XP_045738034.1	Mirounga angustirostris	123849472		298	kept	representative	XP_045738034.1 OGN [organism=Mirounga angustirostris] [GeneID=123849472]	Mirounga_angustirostris|OGN|XP_045738034.1
OGN	XP_079746558.1	Squalius cephalus	307169686		281	kept	representative	XP_079746558.1 ogna [organism=Squalius cephalus] [GeneID=307169686]	Squalius_cephalus|OGN|XP_079746558.1
OGN	XP_008942566.1	Merops nubicus	103776791		294	kept	representative	XP_008942566.1 OGN [organism=Merops nubicus] [GeneID=103776791]	Merops_nubicus|OGN|XP_008942566.1
OGN	XP_017260277.2	Kryptolebias marmoratus	108229129		283	kept	representative	XP_017260277.2 ogna [organism=Kryptolebias marmoratus] [GeneID=108229129]	Kryptolebias_marmoratus|OGN|XP_017260277.2
OGN	XP_028387784.1	Phyllostomus discolor	114512849		297	kept	representative	XP_028387784.1 OGN [organism=Phyllostomus discolor] [GeneID=114512849]	Phyllostomus_discolor|OGN|XP_028387784.1
OGN	XP_053723347.1	Synchiropus splendidus	128760219		280	kept	representative	XP_053723347.1 ogna [organism=Synchiropus splendidus] [GeneID=128760219]	Synchiropus_splendidus|OGN|XP_053723347.1
OGN	XP_061641680.1	Phyllopteryx taeniolatus	133483872	X1	288	kept	representative	XP_061641680.1 ogna [organism=Phyllopteryx taeniolatus] [GeneID=133483872] [isoform=X1]	Phyllopteryx_taeniolatus|OGN|XP_061641680.1
OGN	XP_061641681.1	Phyllopteryx taeniolatus	133483872	X2	233	excluded	extra_isoform_same_locus	XP_061641681.1 ogna [organism=Phyllopteryx taeniolatus] [GeneID=133483872] [isoform=X2]	Phyllopteryx_taeniolatus|OGN|XP_061641681.1
OGN	XP_032049753.1	Aythya fuligula	116492884		293	kept	representative	XP_032049753.1 OGN [organism=Aythya fuligula] [GeneID=116492884]	Aythya_fuligula|OGN|XP_032049753.1
OGN	XP_026262728.1	Urocitellus parryii	113195419		296	kept	representative	XP_026262728.1 Ogn [organism=Urocitellus parryii] [GeneID=113195419]	Urocitellus_parryii|OGN|XP_026262728.1
OGN	XP_085210637.1	Diplotaxodon limnothrissa	146632594		283	kept	representative	XP_085210637.1 ogna [organism=Diplotaxodon limnothrissa] [GeneID=146632594]	Diplotaxodon_limnothrissa|OGN|XP_085210637.1
OGN	XP_002927736.2	Ailuropoda melanoleuca	100471891		361	kept	representative	XP_002927736.2 OGN [organism=Ailuropoda melanoleuca] [GeneID=100471891]	Ailuropoda_melanoleuca|OGN|XP_002927736.2
OGN	XP_039626795.1	Polypterus senegalus	120540256		289	kept	representative	XP_039626795.1 ogna [organism=Polypterus senegalus] [GeneID=120540256]	Polypterus_senegalus|OGN|XP_039626795.1
OGN	XP_061474051.1	Rhineura floridana	133380569	X1	383	excluded	relative_length	XP_061474051.1 OGN [organism=Rhineura floridana] [GeneID=133380569] [isoform=X1]	Rhineura_floridana|OGN|XP_061474051.1
OGN	XP_061474052.1	Rhineura floridana	133380569	X2	306	kept	representative	XP_061474052.1 OGN [organism=Rhineura floridana] [GeneID=133380569] [isoform=X2]	Rhineura_floridana|OGN|XP_061474052.1
OGN	XP_083390699.1	Silurus aristotelis	310722199		281	kept	representative	XP_083390699.1 ogna [organism=Silurus aristotelis] [GeneID=310722199]	Silurus_aristotelis|OGN|XP_083390699.1
OGN	XP_008318921.1	Cynoglossus semilaevis	103386440		285	kept	representative	XP_008318921.1 ogna [organism=Cynoglossus semilaevis] [GeneID=103386440]	Cynoglossus_semilaevis|OGN|XP_008318921.1
OGN	XP_040889601.1	Toxotes jaculatrix	121179068		283	kept	representative	XP_040889601.1 ogna [organism=Toxotes jaculatrix] [GeneID=121179068]	Toxotes_jaculatrix|OGN|XP_040889601.1
OGN	NP_001013588.1	Danio rerio	541445		292	kept	representative	NP_001013588.1 ogna [organism=Danio rerio] [GeneID=541445]	Danio_rerio|OGN|NP_001013588.1
OGN	XP_076994936.1	Tamandua tetradactyla	143665432	X1	298	kept	representative	XP_076994936.1 OGN [organism=Tamandua tetradactyla] [GeneID=143665432] [isoform=X1]	Tamandua_tetradactyla|OGN|XP_076994936.1
OGN	XP_076994947.1	Tamandua tetradactyla	143665432	X1	298	excluded	extra_isoform_same_locus	XP_076994947.1 OGN [organism=Tamandua tetradactyla] [GeneID=143665432] [isoform=X1]	Tamandua_tetradactyla|OGN|XP_076994947.1
OGN	XP_076994955.1	Tamandua tetradactyla	143665432	X2	356	excluded	extra_isoform_same_locus	XP_076994955.1 OGN [organism=Tamandua tetradactyla] [GeneID=143665432] [isoform=X2]	Tamandua_tetradactyla|OGN|XP_076994955.1
OGN	XP_054832121.1	Eublepharis macularius	129327466		305	kept	representative	XP_054832121.1 OGN [organism=Eublepharis macularius] [GeneID=129327466]	Eublepharis_macularius|OGN|XP_054832121.1
OGN	XP_067442538.1	Thunnus thynnus	137181076		283	kept	representative	XP_067442538.1 ogna [organism=Thunnus thynnus] [GeneID=137181076]	Thunnus_thynnus|OGN|XP_067442538.1
OGN	XP_050168606.1	Myiozetetes cayanensis	126638632		293	kept	representative	XP_050168606.1 OGN [organism=Myiozetetes cayanensis] [GeneID=126638632]	Myiozetetes_cayanensis|OGN|XP_050168606.1
OGN	XP_053340475.1	Clarias gariepinus	128511579		278	kept	representative	XP_053340475.1 ogna [organism=Clarias gariepinus] [GeneID=128511579]	Clarias_gariepinus|OGN|XP_053340475.1
OGN	XP_053325596.1	Spea bombifrons	128500457		289	kept	representative	XP_053325596.1 OGN [organism=Spea bombifrons] [GeneID=128500457]	Spea_bombifrons|OGN|XP_053325596.1
OGN	XP_056303230.1	Danio aesculapii	130215448		292	kept	representative	XP_056303230.1 ogna [organism=Danio aesculapii] [GeneID=130215448]	Danio_aesculapii|OGN|XP_056303230.1
OGN	XP_057259168.1	Pezoporus wallicus	130595984		299	kept	representative	XP_057259168.1 OGN [organism=Pezoporus wallicus] [GeneID=130595984]	Pezoporus_wallicus|OGN|XP_057259168.1
OGN	XP_010973132.1	Camelus dromedarius	105084665		297	kept	representative	XP_010973132.1 OGN [organism=Camelus dromedarius] [GeneID=105084665]	Camelus_dromedarius|OGN|XP_010973132.1
OGN	XP_010973133.1	Camelus dromedarius	105084665		297	excluded	extra_isoform_same_locus	XP_010973133.1 OGN [organism=Camelus dromedarius] [GeneID=105084665]	Camelus_dromedarius|OGN|XP_010973133.1
OGN	XP_066472089.1	Tiliqua scincoides	136640713		302	kept	representative	XP_066472089.1 OGN [organism=Tiliqua scincoides] [GeneID=136640713]	Tiliqua_scincoides|OGN|XP_066472089.1
OGN	XP_066472090.1	Tiliqua scincoides	136640713		302	excluded	extra_isoform_same_locus	XP_066472090.1 OGN [organism=Tiliqua scincoides] [GeneID=136640713]	Tiliqua_scincoides|OGN|XP_066472090.1
OGN	XP_074055407.1	Macrotis lagotis	141496689		285	kept	representative	XP_074055407.1 OGN [organism=Macrotis lagotis] [GeneID=141496689]	Macrotis_lagotis|OGN|XP_074055407.1
OGN	XP_079882431.1	Ammodytes marinus	307249537		283	kept	representative	XP_079882431.1 ogna [organism=Ammodytes marinus] [GeneID=307249537]	Ammodytes_marinus|OGN|XP_079882431.1
OGN	XP_065734784.1	Phocoena phocoena	136124199		299	kept	representative	XP_065734784.1 OGN [organism=Phocoena phocoena] [GeneID=136124199]	Phocoena_phocoena|OGN|XP_065734784.1
OGN	XP_078517519.1	Lissotriton helveticus	144782178		291	kept	representative	XP_078517519.1 OGN [organism=Lissotriton helveticus] [GeneID=144782178]	Lissotriton_helveticus|OGN|XP_078517519.1
OGN	XP_078517520.1	Lissotriton helveticus	144782178		291	excluded	extra_isoform_same_locus	XP_078517520.1 OGN [organism=Lissotriton helveticus] [GeneID=144782178]	Lissotriton_helveticus|OGN|XP_078517520.1
OGN	XP_078517521.1	Lissotriton helveticus	144782178		291	excluded	extra_isoform_same_locus	XP_078517521.1 OGN [organism=Lissotriton helveticus] [GeneID=144782178]	Lissotriton_helveticus|OGN|XP_078517521.1
OGN	XP_048403281.1	Stegostoma tigrinum	125460185		309	kept	representative	XP_048403281.1 ogna [organism=Stegostoma tigrinum] [GeneID=125460185]	Stegostoma_tigrinum|OGN|XP_048403281.1
OGN	XP_061894317.1	Entelurus aequoreus	133643656		283	kept	representative	XP_061894317.1 ogna [organism=Entelurus aequoreus] [GeneID=133643656]	Entelurus_aequoreus|OGN|XP_061894317.1
OGN	XP_084070499.1	Fringilla coelebs	311158773		293	kept	representative	XP_084070499.1 OGN [organism=Fringilla coelebs] [GeneID=311158773]	Fringilla_coelebs|OGN|XP_084070499.1
OGN	XP_006190069.1	Camelus ferus	102506578		297	kept	representative	XP_006190069.1 OGN [organism=Camelus ferus] [GeneID=102506578]	Camelus_ferus|OGN|XP_006190069.1
OGN	XP_006190070.1	Camelus ferus	102506578		297	excluded	extra_isoform_same_locus	XP_006190070.1 OGN [organism=Camelus ferus] [GeneID=102506578]	Camelus_ferus|OGN|XP_006190070.1
OGN	XP_063329736.1	Pelmatolapia mariae	134627512		283	kept	representative	XP_063329736.1 ogna [organism=Pelmatolapia mariae] [GeneID=134627512]	Pelmatolapia_mariae|OGN|XP_063329736.1
OGN	XP_009067903.1	Acanthisitta chloris	103797438		293	kept	representative	XP_009067903.1 OGN [organism=Acanthisitta chloris] [GeneID=103797438]	Acanthisitta_chloris|OGN|XP_009067903.1
OGN	XP_026536326.1	Notechis scutatus	113420570		298	kept	representative	XP_026536326.1 OGN [organism=Notechis scutatus] [GeneID=113420570]	Notechis_scutatus|OGN|XP_026536326.1
OGN	XP_026536327.1	Notechis scutatus	113420570		298	excluded	extra_isoform_same_locus	XP_026536327.1 OGN [organism=Notechis scutatus] [GeneID=113420570]	Notechis_scutatus|OGN|XP_026536327.1
OGN	XP_051027059.1	Acomys russatus	127211278		386	excluded	relative_length	XP_051027059.1 Ogn [organism=Acomys russatus] [GeneID=127211278]	Acomys_russatus|OGN|XP_051027059.1
OGN	XP_012675401.2	Clupea harengus	105893521		288	kept	representative	XP_012675401.2 ogna [organism=Clupea harengus] [GeneID=105893521]	Clupea_harengus|OGN|XP_012675401.2
OGN	XP_060011465.1	Lagenorhynchus albirostris	132523805		299	kept	representative	XP_060011465.1 OGN [organism=Lagenorhynchus albirostris] [GeneID=132523805]	Lagenorhynchus_albirostris|OGN|XP_060011465.1
OGN	XP_064860651.1	Oncorhynchus nerka	115122857		292	kept	representative	XP_064860651.1 ogna [organism=Oncorhynchus nerka] [GeneID=115122857]	Oncorhynchus_nerka|OGN|XP_064860651.1
OGN	XP_054443991.1	Pteronotus mesoamericanus	129082338		297	kept	representative	XP_054443991.1 OGN [organism=Pteronotus mesoamericanus] [GeneID=129082338]	Pteronotus_mesoamericanus|OGN|XP_054443991.1
OGN	XP_011377249.1	Pteropus vampyrus	105304681		356	kept	representative	XP_011377249.1 OGN [organism=Pteropus vampyrus] [GeneID=105304681]	Pteropus_vampyrus|OGN|XP_011377249.1
OGN	XP_056614073.1	Triplophysa dalaica	130429502		279	kept	representative	XP_056614073.1 ogna [organism=Triplophysa dalaica] [GeneID=130429502]	Triplophysa_dalaica|OGN|XP_056614073.1
OGN	XP_033481701.1	Epinephelus lanceolatus	117256407		283	kept	representative	XP_033481701.1 ogna [organism=Epinephelus lanceolatus] [GeneID=117256407]	Epinephelus_lanceolatus|OGN|XP_033481701.1
OGN	XP_075688433.1	Rhinoderma darwinii	142657288	X1	294	kept	representative	XP_075688433.1 OGN [organism=Rhinoderma darwinii] [GeneID=142657288] [isoform=X1]	Rhinoderma_darwinii|OGN|XP_075688433.1
OGN	XP_075688434.1	Rhinoderma darwinii	142657288	X2	244	excluded	extra_isoform_same_locus	XP_075688434.1 OGN [organism=Rhinoderma darwinii] [GeneID=142657288] [isoform=X2]	Rhinoderma_darwinii|OGN|XP_075688434.1
OGN	XP_059712166.1	Haemorhous mexicanus	132332165		293	kept	representative	XP_059712166.1 OGN [organism=Haemorhous mexicanus] [GeneID=132332165]	Haemorhous_mexicanus|OGN|XP_059712166.1
OGN	XP_003807891.2	Pan paniscus	100978729	X1	298	kept	representative	XP_003807891.2 OGN [organism=Pan paniscus] [GeneID=100978729] [isoform=X1]	Pan_paniscus|OGN|XP_003807891.2
OGN	XP_063450400.1	Pan paniscus	100978729	X2	356	excluded	extra_isoform_same_locus	XP_063450400.1 OGN [organism=Pan paniscus] [GeneID=100978729] [isoform=X2]	Pan_paniscus|OGN|XP_063450400.1
OGN	XP_035486977.1	Scophthalmus maximus	118309219		279	kept	representative	XP_035486977.1 ogna [organism=Scophthalmus maximus] [GeneID=118309219]	Scophthalmus_maximus|OGN|XP_035486977.1
OGN	XP_041837237.1	Melanotaenia boesemani	121637260		283	kept	representative	XP_041837237.1 ogna [organism=Melanotaenia boesemani] [GeneID=121637260]	Melanotaenia_boesemani|OGN|XP_041837237.1
OGN	XP_027648193.1	Falco peregrinus	101915428		293	kept	representative	XP_027648193.1 OGN [organism=Falco peregrinus] [GeneID=101915428]	Falco_peregrinus|OGN|XP_027648193.1
OGN	XP_069593005.1	Ranitomeya imitator	138647697		295	kept	representative	XP_069593005.1 OGN [organism=Ranitomeya imitator] [GeneID=138647697]	Ranitomeya_imitator|OGN|XP_069593005.1
OGN	XP_077308603.1	Lithobates pipiens	143927947		297	kept	representative	XP_077308603.1 OGN [organism=Lithobates pipiens] [GeneID=143927947]	Lithobates_pipiens|OGN|XP_077308603.1
OGN	XP_058229803.1	Hemibagrus wyckioides	131342683		283	kept	representative	XP_058229803.1 ogna [organism=Hemibagrus wyckioides] [GeneID=131342683]	Hemibagrus_wyckioides|OGN|XP_058229803.1
OGN	XP_061687462.1	Syngnathoides biaculeatus	133506993		288	kept	representative	XP_061687462.1 ogna [organism=Syngnathoides biaculeatus] [GeneID=133506993]	Syngnathoides_biaculeatus|OGN|XP_061687462.1
OGN	XP_026871057.2	Electrophorus electricus	113580591		289	kept	representative	XP_026871057.2 ogna [organism=Electrophorus electricus] [GeneID=113580591]	Electrophorus_electricus|OGN|XP_026871057.2
OGN	XP_061785742.1	Nerophis lumbriciformis	133576484		284	kept	representative	XP_061785742.1 ogna [organism=Nerophis lumbriciformis] [GeneID=133576484]	Nerophis_lumbriciformis|OGN|XP_061785742.1
OGN	XP_073700453.1	Garra rufa	141338737		289	kept	representative	XP_073700453.1 ogna [organism=Garra rufa] [GeneID=141338737]	Garra_rufa|OGN|XP_073700453.1
OGN	XP_016064464.1	Miniopterus natalensis	107534029		298	kept	representative	XP_016064464.1 OGN [organism=Miniopterus natalensis] [GeneID=107534029]	Miniopterus_natalensis|OGN|XP_016064464.1
OGN	XP_007428717.1	Python bivittatus	103058144		298	kept	representative	XP_007428717.1 OGN [organism=Python bivittatus] [GeneID=103058144]	Python_bivittatus|OGN|XP_007428717.1
OGN	XP_034294560.1	Pantherophis guttatus	117678008		298	kept	representative	XP_034294560.1 OGN [organism=Pantherophis guttatus] [GeneID=117678008]	Pantherophis_guttatus|OGN|XP_034294560.1
OGN	XP_034294569.1	Pantherophis guttatus	117678008		298	excluded	extra_isoform_same_locus	XP_034294569.1 OGN [organism=Pantherophis guttatus] [GeneID=117678008]	Pantherophis_guttatus|OGN|XP_034294569.1
OGN	XP_036593523.1	Trichosurus vulpecula	118830726		285	kept	representative	XP_036593523.1 OGN [organism=Trichosurus vulpecula] [GeneID=118830726]	Trichosurus_vulpecula|OGN|XP_036593523.1
OGN	XP_057643168.1	Chionomys nivalis	130885600		298	kept	representative	XP_057643168.1 Ogn [organism=Chionomys nivalis] [GeneID=130885600]	Chionomys_nivalis|OGN|XP_057643168.1
OGN	XP_057643169.1	Chionomys nivalis	130885600		298	excluded	extra_isoform_same_locus	XP_057643169.1 Ogn [organism=Chionomys nivalis] [GeneID=130885600]	Chionomys_nivalis|OGN|XP_057643169.1
OGN	XP_054640308.1	Dunckerocampus dactyliophorus	129186257		284	kept	representative	XP_054640308.1 ogna [organism=Dunckerocampus dactyliophorus] [GeneID=129186257]	Dunckerocampus_dactyliophorus|OGN|XP_054640308.1
OGN	XP_034631602.1	Trachemys scripta elegans	117880043		298	kept	representative	XP_034631602.1 OGN [organism=Trachemys scripta elegans] [GeneID=117880043]	Trachemys_scripta_elegans|OGN|XP_034631602.1
OGN	XP_069823298.1	Dendropsophus ebraccatus	138788851		290	kept	representative	XP_069823298.1 OGN [organism=Dendropsophus ebraccatus] [GeneID=138788851]	Dendropsophus_ebraccatus|OGN|XP_069823298.1
OGN	XP_080241493.1	Falco punctatus	308062999		293	kept	representative	XP_080241493.1 OGN [organism=Falco punctatus] [GeneID=308062999]	Falco_punctatus|OGN|XP_080241493.1
OGN	XP_080702159.1	Sprattus sprattus	308371187		289	kept	representative	XP_080702159.1 ogna [organism=Sprattus sprattus] [GeneID=308371187]	Sprattus_sprattus|OGN|XP_080702159.1
OGN	XP_048343989.1	Sphaerodactylus townsendi	125428254		305	kept	representative	XP_048343989.1 OGN [organism=Sphaerodactylus townsendi] [GeneID=125428254]	Sphaerodactylus_townsendi|OGN|XP_048343989.1
OGN	XP_044205843.1	Thunnus albacares	122981250		283	kept	representative	XP_044205843.1 ogna [organism=Thunnus albacares] [GeneID=122981250]	Thunnus_albacares|OGN|XP_044205843.1
OGN	XP_079664223.1	Gobio gobio	307120880	1	292	kept	representative	XP_079664223.1 ogna [organism=Gobio gobio] [GeneID=307120880] [isoform=1]	Gobio_gobio|OGN|XP_079664223.1
OGN	XP_079664224.1	Gobio gobio	307120880	1	292	excluded	extra_isoform_same_locus	XP_079664224.1 ogna [organism=Gobio gobio] [GeneID=307120880] [isoform=1]	Gobio_gobio|OGN|XP_079664224.1
OGN	XP_020466854.1	Monopterus albus	109966391		280	kept	representative	XP_020466854.1 ogna [organism=Monopterus albus] [GeneID=109966391]	Monopterus_albus|OGN|XP_020466854.1
OGN	XP_040305547.1	Herpailurus yagouaroundi	121013790		298	kept	representative	XP_040305547.1 OGN [organism=Herpailurus yagouaroundi] [GeneID=121013790]	Herpailurus_yagouaroundi|OGN|XP_040305547.1
OGN	XP_027742256.1	Empidonax traillii	114058773		293	kept	representative	XP_027742256.1 OGN [organism=Empidonax traillii] [GeneID=114058773]	Empidonax_traillii|OGN|XP_027742256.1
OGN	XP_036957848.1	Acanthopagrus latus	119021585		283	kept	representative	XP_036957848.1 ogna [organism=Acanthopagrus latus] [GeneID=119021585]	Acanthopagrus_latus|OGN|XP_036957848.1
OGN	XP_008497159.1	Calypte anna	103533113		293	kept	representative	XP_008497159.1 OGN [organism=Calypte anna] [GeneID=103533113]	Calypte_anna|OGN|XP_008497159.1
OGN	XP_070759287.1	Enoplosus armatus	139283208		283	kept	representative	XP_070759287.1 ogna [organism=Enoplosus armatus] [GeneID=139283208]	Enoplosus_armatus|OGN|XP_070759287.1
OGN	XP_009702501.1	Cariama cristata	104164758		293	kept	representative	XP_009702501.1 OGN [organism=Cariama cristata] [GeneID=104164758]	Cariama_cristata|OGN|XP_009702501.1
OGN	XP_026713541.1	Athene cunicularia	113484989		293	kept	representative	XP_026713541.1 OGN [organism=Athene cunicularia] [GeneID=113484989]	Athene_cunicularia|OGN|XP_026713541.1
OGN	XP_009686394.1	Struthio camelus	104152675	X1	293	kept	representative	XP_009686394.1 OGN [organism=Struthio camelus] [GeneID=104152675] [isoform=X1]	Struthio_camelus|OGN|XP_009686394.1
OGN	XP_009686395.1	Struthio camelus	104152675	X2	292	excluded	extra_isoform_same_locus	XP_009686395.1 OGN [organism=Struthio camelus] [GeneID=104152675] [isoform=X2]	Struthio_camelus|OGN|XP_009686395.1
OGN	XP_077385983.1	Festucalex cinctus	144023910		280	kept	representative	XP_077385983.1 ogna [organism=Festucalex cinctus] [GeneID=144023910]	Festucalex_cinctus|OGN|XP_077385983.1
OGN	XP_027496395.1	Corapipo altera	113945891		293	kept	representative	XP_027496395.1 OGN [organism=Corapipo altera] [GeneID=113945891]	Corapipo_altera|OGN|XP_027496395.1
OGN	XP_032722357.1	Lontra canadensis	116872944		298	kept	representative	XP_032722357.1 OGN [organism=Lontra canadensis] [GeneID=116872944]	Lontra_canadensis|OGN|XP_032722357.1
OGN	XP_031465167.1	Phasianus colchicus	116239244		293	kept	representative	XP_031465167.1 OGN [organism=Phasianus colchicus] [GeneID=116239244]	Phasianus_colchicus|OGN|XP_031465167.1
OGN	XP_079041437.1	Pholis gunnellus	306715081		283	kept	representative	XP_079041437.1 ogna [organism=Pholis gunnellus] [GeneID=306715081]	Pholis_gunnellus|OGN|XP_079041437.1
OGN	XP_081288611.1	Grus grus	308724798		296	kept	representative	XP_081288611.1 OGN [organism=Grus grus] [GeneID=308724798]	Grus_grus|OGN|XP_081288611.1
OGN	XP_045419117.1	Lemur catta	123646336		298	kept	representative	XP_045419117.1 OGN [organism=Lemur catta] [GeneID=123646336]	Lemur_catta|OGN|XP_045419117.1
OGN	XP_010388200.1	Corvus cornix cornix	104683193		293	kept	representative	XP_010388200.1 OGN [organism=Corvus cornix cornix] [GeneID=104683193]	Corvus_cornix_cornix|OGN|XP_010388200.1
OGN	XP_006063166.1	Bubalus bubalis	102397872		299	kept	representative	XP_006063166.1 OGN [organism=Bubalus bubalis] [GeneID=102397872]	Bubalus_bubalis|OGN|XP_006063166.1
OGN	XP_070591883.1	Erythrolamprus reginae	139158471		298	kept	representative	XP_070591883.1 OGN [organism=Erythrolamprus reginae] [GeneID=139158471]	Erythrolamprus_reginae|OGN|XP_070591883.1
OGN	XP_074692689.1	Strix aluco	141928419	X1	293	kept	representative	XP_074692689.1 OGN [organism=Strix aluco] [GeneID=141928419] [isoform=X1]	Strix_aluco|OGN|XP_074692689.1
OGN	XP_074692690.1	Strix aluco	141928419	X2	292	excluded	extra_isoform_same_locus	XP_074692690.1 OGN [organism=Strix aluco] [GeneID=141928419] [isoform=X2]	Strix_aluco|OGN|XP_074692690.1
OGN	XP_029548658.1	Salmo trutta	115149956		296	kept	representative	XP_029548658.1 ogna [organism=Salmo trutta] [GeneID=115149956]	Salmo_trutta|OGN|XP_029548658.1
OGN	XP_009577450.1	Fulmarus glacialis	104077787		291	kept	representative	XP_009577450.1 OGN [organism=Fulmarus glacialis] [GeneID=104077787]	Fulmarus_glacialis|OGN|XP_009577450.1
OGN	XP_010373410.1	Rhinopithecus roxellana	104671591		298	kept	representative	XP_010373410.1 OGN [organism=Rhinopithecus roxellana] [GeneID=104671591]	Rhinopithecus_roxellana|OGN|XP_010373410.1
OGN	XP_013870763.1	Austrofundulus limnaeus	106522334		278	kept	representative	XP_013870763.1 ogna [organism=Austrofundulus limnaeus] [GeneID=106522334]	Austrofundulus_limnaeus|OGN|XP_013870763.1
OGN	XP_007468230.1	Lipotes vexillifer	103081376	X1	299	kept	representative	XP_007468230.1 OGN [organism=Lipotes vexillifer] [GeneID=103081376] [isoform=X1]	Lipotes_vexillifer|OGN|XP_007468230.1
OGN	XP_007468231.1	Lipotes vexillifer	103081376	X2	299	excluded	extra_isoform_same_locus	XP_007468231.1 OGN [organism=Lipotes vexillifer] [GeneID=103081376] [isoform=X2]	Lipotes_vexillifer|OGN|XP_007468231.1
OGN	XP_054022771.1	Dryobates pubescens	104306641		291	kept	representative	XP_054022771.1 OGN [organism=Dryobates pubescens] [GeneID=104306641]	Dryobates_pubescens|OGN|XP_054022771.1
OGN	XP_014808997.1	Calidris pugnax	106894687		293	kept	representative	XP_014808997.1 OGN [organism=Calidris pugnax] [GeneID=106894687]	Calidris_pugnax|OGN|XP_014808997.1
OGN	XP_008103380.1	Anolis carolinensis	103277939		302	kept	representative	XP_008103380.1 ogn [organism=Anolis carolinensis] [GeneID=103277939]	Anolis_carolinensis|OGN|XP_008103380.1
OGN	XP_008103381.1	Anolis carolinensis	103277939		302	excluded	extra_isoform_same_locus	XP_008103381.1 ogn [organism=Anolis carolinensis] [GeneID=103277939]	Anolis_carolinensis|OGN|XP_008103381.1
OGN	XP_080092932.1	Raja brachyura	145375141		315	kept	representative	XP_080092932.1 ogna [organism=Raja brachyura] [GeneID=145375141]	Raja_brachyura|OGN|XP_080092932.1
OGN	XP_011769514.1	Macaca nemestrina	105498855	X1	298	kept	representative	XP_011769514.1 OGN [organism=Macaca nemestrina] [GeneID=105498855] [isoform=X1]	Macaca_nemestrina|OGN|XP_011769514.1
OGN	XP_070933654.1	Macaca nemestrina	105498855	X2	356	excluded	extra_isoform_same_locus	XP_070933654.1 OGN [organism=Macaca nemestrina] [GeneID=105498855] [isoform=X2]	Macaca_nemestrina|OGN|XP_070933654.1
OGN	XP_042638492.1	Orycteropus afer afer	103207406		357	kept	representative	XP_042638492.1 OGN [organism=Orycteropus afer afer] [GeneID=103207406]	Orycteropus_afer_afer|OGN|XP_042638492.1
OGN	XP_008851107.1	Nannospalax galili	103749962		298	kept	representative	XP_008851107.1 Ogn [organism=Nannospalax galili] [GeneID=103749962]	Nannospalax_galili|OGN|XP_008851107.1
OGN	XP_067359623.1	Channa argus	137127086		283	kept	representative	XP_067359623.1 ogna [organism=Channa argus] [GeneID=137127086]	Channa_argus|OGN|XP_067359623.1
OGN	XP_068598806.1	Brachionichthys hirsutus	137898663		286	kept	representative	XP_068598806.1 ogna [organism=Brachionichthys hirsutus] [GeneID=137898663]	Brachionichthys_hirsutus|OGN|XP_068598806.1
OGN	XP_035414336.1	Cygnus atratus	118253736		293	kept	representative	XP_035414336.1 OGN [organism=Cygnus atratus] [GeneID=118253736]	Cygnus_atratus|OGN|XP_035414336.1
OGN	XP_032064990.1	Thamnophis elegans	116503012		296	kept	representative	XP_032064990.1 OGN [organism=Thamnophis elegans] [GeneID=116503012]	Thamnophis_elegans|OGN|XP_032064990.1
OGN	XP_043783817.1	Cervus elaphus	122710225		298	kept	representative	XP_043783817.1 OGN [organism=Cervus elaphus] [GeneID=122710225]	Cervus_elaphus|OGN|XP_043783817.1
OGN	NP_776371.1	Bos taurus	280884		299	kept	representative	NP_776371.1 OGN [organism=Bos taurus] [GeneID=280884]	Bos_taurus|OGN|NP_776371.1
OGN	XP_058487419.1	Solea solea	131460711		285	kept	representative	XP_058487419.1 ogna [organism=Solea solea] [GeneID=131460711]	Solea_solea|OGN|XP_058487419.1
OGN	XP_008532630.1	Equus przewalskii	103560337	X1	298	kept	representative	XP_008532630.1 OGN [organism=Equus przewalskii] [GeneID=103560337] [isoform=X1]	Equus_przewalskii|OGN|XP_008532630.1
OGN	XP_070446672.1	Equus przewalskii	103560337	X2	356	excluded	extra_isoform_same_locus	XP_070446672.1 OGN [organism=Equus przewalskii] [GeneID=103560337] [isoform=X2]	Equus_przewalskii|OGN|XP_070446672.1
OGN	XP_057578488.1	Hippopotamus amphibius kiboko	130845381		299	kept	representative	XP_057578488.1 OGN [organism=Hippopotamus amphibius kiboko] [GeneID=130845381]	Hippopotamus_amphibius_kiboko|OGN|XP_057578488.1
OGN	XP_057578489.1	Hippopotamus amphibius kiboko	130845381		299	excluded	extra_isoform_same_locus	XP_057578489.1 OGN [organism=Hippopotamus amphibius kiboko] [GeneID=130845381]	Hippopotamus_amphibius_kiboko|OGN|XP_057578489.1
OGN	XP_074861918.1	Carettochelys insculpta	142019236		299	kept	representative	XP_074861918.1 OGN [organism=Carettochelys insculpta] [GeneID=142019236]	Carettochelys_insculpta|OGN|XP_074861918.1
OGN	XP_024051428.1	Terrapene triunguis	112103750		298	kept	representative	XP_024051428.1 OGN [organism=Terrapene triunguis] [GeneID=112103750]	Terrapene_triunguis|OGN|XP_024051428.1
OGN	XP_051050265.1	Phodopus roborovskii	127229253		297	kept	representative	XP_051050265.1 Ogn [organism=Phodopus roborovskii] [GeneID=127229253]	Phodopus_roborovskii|OGN|XP_051050265.1
OGN	XP_054906148.1	Poeciliopsis prolifica	129372716		280	kept	representative	XP_054906148.1 ogna [organism=Poeciliopsis prolifica] [GeneID=129372716]	Poeciliopsis_prolifica|OGN|XP_054906148.1
OGN	XP_005508934.2	Columba livia	102088451		293	kept	representative	XP_005508934.2 OGN [organism=Columba livia] [GeneID=102088451]	Columba_livia|OGN|XP_005508934.2
OGN	XP_008155091.1	Eptesicus fuscus	103300009		290	kept	representative	XP_008155091.1 OGN [organism=Eptesicus fuscus] [GeneID=103300009]	Eptesicus_fuscus|OGN|XP_008155091.1
OGN	XP_009556834.2	Cuculus canorus	104057204		297	kept	representative	XP_009556834.2 OGN [organism=Cuculus canorus] [GeneID=104057204]	Cuculus_canorus|OGN|XP_009556834.2
OGN	XP_048110195.1	Alosa alosa	125301610		296	kept	representative	XP_048110195.1 ogna [organism=Alosa alosa] [GeneID=125301610]	Alosa_alosa|OGN|XP_048110195.1
OGN	XP_034724874.1	Etheostoma cragini	117943077		282	kept	representative	XP_034724874.1 ogna [organism=Etheostoma cragini] [GeneID=117943077]	Etheostoma_cragini|OGN|XP_034724874.1
OGN	XP_077630091.1	Crocuta crocuta	144239790		298	kept	representative	XP_077630091.1 OGN [organism=Crocuta crocuta] [GeneID=144239790]	Crocuta_crocuta|OGN|XP_077630091.1
OGN	XP_014936248.1	Acinonyx jubatus	106982586		298	kept	representative	XP_014936248.1 OGN [organism=Acinonyx jubatus] [GeneID=106982586]	Acinonyx_jubatus|OGN|XP_014936248.1
OGN	XP_056660002.1	Monodelphis domestica	100619456		288	kept	representative	XP_056660002.1 OGN [organism=Monodelphis domestica] [GeneID=100619456]	Monodelphis_domestica|OGN|XP_056660002.1
OGN	XP_083582993.1	Podarcis gaigeae	310838916	1	307	kept	representative	XP_083582993.1 OGN [organism=Podarcis gaigeae] [GeneID=310838916] [isoform=1]	Podarcis_gaigeae|OGN|XP_083582993.1
OGN	XP_083582994.1	Podarcis gaigeae	310838916	1	307	excluded	extra_isoform_same_locus	XP_083582994.1 OGN [organism=Podarcis gaigeae] [GeneID=310838916] [isoform=1]	Podarcis_gaigeae|OGN|XP_083582994.1
OGN	XP_022597843.1	Seriola dumerili	111219445		283	kept	representative	XP_022597843.1 ogna [organism=Seriola dumerili] [GeneID=111219445]	Seriola_dumerili|OGN|XP_022597843.1
OGN	XP_055127927.1	Symphalangus syndactylus	129479205	X1	356	excluded	extra_isoform_same_locus	XP_055127927.1 OGN [organism=Symphalangus syndactylus] [GeneID=129479205] [isoform=X1]	Symphalangus_syndactylus|OGN|XP_055127927.1
OGN	XP_055127928.1	Symphalangus syndactylus	129479205	X2	298	kept	representative	XP_055127928.1 OGN [organism=Symphalangus syndactylus] [GeneID=129479205] [isoform=X2]	Symphalangus_syndactylus|OGN|XP_055127928.1
OGN	XP_070815201.1	Chaetodon trifascialis	139328998		281	kept	representative	XP_070815201.1 ogna [organism=Chaetodon trifascialis] [GeneID=139328998]	Chaetodon_trifascialis|OGN|XP_070815201.1
OGN	XP_040818715.1	Ochotona curzoniae	121144529		297	kept	representative	XP_040818715.1 OGN [organism=Ochotona curzoniae] [GeneID=121144529]	Ochotona_curzoniae|OGN|XP_040818715.1
OGN	XP_010965783.1	Camelus bactrianus	105078835		297	kept	representative	XP_010965783.1 OGN [organism=Camelus bactrianus] [GeneID=105078835]	Camelus_bactrianus|OGN|XP_010965783.1
OGN	XP_010965784.1	Camelus bactrianus	105078835		297	excluded	extra_isoform_same_locus	XP_010965784.1 OGN [organism=Camelus bactrianus] [GeneID=105078835]	Camelus_bactrianus|OGN|XP_010965784.1
OGN	XP_036415482.1	Colossoma macropomum	118799622		295	kept	representative	XP_036415482.1 ogna [organism=Colossoma macropomum] [GeneID=118799622]	Colossoma_macropomum|OGN|XP_036415482.1
OGN	XP_086795065.1	Lissotriton vulgaris	147692742		290	kept	representative	XP_086795065.1 OGN [organism=Lissotriton vulgaris] [GeneID=147692742]	Lissotriton_vulgaris|OGN|XP_086795065.1
OGN	XP_086795066.1	Lissotriton vulgaris	147692742		290	excluded	extra_isoform_same_locus	XP_086795066.1 OGN [organism=Lissotriton vulgaris] [GeneID=147692742]	Lissotriton_vulgaris|OGN|XP_086795066.1
OGN	XP_070793114.1	Pituophis catenifer annectens	139312317		298	kept	representative	XP_070793114.1 OGN [organism=Pituophis catenifer annectens] [GeneID=139312317]	Pituophis_catenifer_annectens|OGN|XP_070793114.1
OGN	XP_017560291.1	Pygocentrus nattereri	108431560		295	kept	representative	XP_017560291.1 ogna [organism=Pygocentrus nattereri] [GeneID=108431560]	Pygocentrus_nattereri|OGN|XP_017560291.1
OGN	XP_056191713.1	Falco biarmicus	130147893		293	kept	representative	XP_056191713.1 OGN [organism=Falco biarmicus] [GeneID=130147893]	Falco_biarmicus|OGN|XP_056191713.1
OGN	XP_064288346.1	Passer domesticus	135307804		293	kept	representative	XP_064288346.1 OGN [organism=Passer domesticus] [GeneID=135307804]	Passer_domesticus|OGN|XP_064288346.1
OGN	XP_025901800.1	Nothoprocta perdicaria	112953028		292	kept	representative	XP_025901800.1 OGN [organism=Nothoprocta perdicaria] [GeneID=112953028]	Nothoprocta_perdicaria|OGN|XP_025901800.1
OGN	XP_032253676.1	Phoca vitulina	116627849		298	kept	representative	XP_032253676.1 OGN [organism=Phoca vitulina] [GeneID=116627849]	Phoca_vitulina|OGN|XP_032253676.1
OGN	XP_051763929.1	Ctenopharyngodon idella	127520121		292	kept	representative	XP_051763929.1 ogna [organism=Ctenopharyngodon idella] [GeneID=127520121]	Ctenopharyngodon_idella|OGN|XP_051763929.1
OGN	XP_020738806.1	Odocoileus virginianus	110130871		299	kept	representative	XP_020738806.1 OGN [organism=Odocoileus virginianus] [GeneID=110130871]	Odocoileus_virginianus|OGN|XP_020738806.1
OGN	XP_066528661.1	Hoplias malabaricus	136697445		294	kept	representative	XP_066528661.1 ogna [organism=Hoplias malabaricus] [GeneID=136697445]	Hoplias_malabaricus|OGN|XP_066528661.1
OGN	XP_069793363.1	Narcine bancroftii	138763318		310	kept	representative	XP_069793363.1 ogna [organism=Narcine bancroftii] [GeneID=138763318]	Narcine_bancroftii|OGN|XP_069793363.1
OGN	XP_072203869.1	Excalfactoria chinensis	140257968		293	kept	representative	XP_072203869.1 OGN [organism=Excalfactoria chinensis] [GeneID=140257968]	Excalfactoria_chinensis|OGN|XP_072203869.1
OGN	XP_080462813.1	Anser brachyrhynchus	308200629		293	kept	representative	XP_080462813.1 OGN [organism=Anser brachyrhynchus] [GeneID=308200629]	Anser_brachyrhynchus|OGN|XP_080462813.1
OGN	XP_069499973.1	Ambystoma mexicanum	138566499		287	kept	representative	XP_069499973.1 OGN [organism=Ambystoma mexicanum] [GeneID=138566499]	Ambystoma_mexicanum|OGN|XP_069499973.1
OGN	XP_009879557.1	Charadrius vociferus	104283104		293	kept	representative	XP_009879557.1 OGN [organism=Charadrius vociferus] [GeneID=104283104]	Charadrius_vociferus|OGN|XP_009879557.1
OGN	XP_050760427.1	Gymnogyps californianus	127021423		293	kept	representative	XP_050760427.1 OGN [organism=Gymnogyps californianus] [GeneID=127021423]	Gymnogyps_californianus|OGN|XP_050760427.1
OGN	XP_017709191.1	Rhinopithecus bieti	108516302	X1	298	kept	representative	XP_017709191.1 OGN [organism=Rhinopithecus bieti] [GeneID=108516302] [isoform=X1]	Rhinopithecus_bieti|OGN|XP_017709191.1
OGN	XP_017709192.1	Rhinopithecus bieti	108516302	X2	356	excluded	extra_isoform_same_locus	XP_017709192.1 OGN [organism=Rhinopithecus bieti] [GeneID=108516302] [isoform=X2]	Rhinopithecus_bieti|OGN|XP_017709192.1
OGN	XP_026162394.1	Mastacembelus armatus	113130201		283	kept	representative	XP_026162394.1 ogna [organism=Mastacembelus armatus] [GeneID=113130201]	Mastacembelus_armatus|OGN|XP_026162394.1
OGN	XP_036711637.1	Balaenoptera musculus	118897017		299	kept	representative	XP_036711637.1 OGN [organism=Balaenoptera musculus] [GeneID=118897017]	Balaenoptera_musculus|OGN|XP_036711637.1
OGN	XP_055725921.1	Salvelinus fontinalis	129815810		298	kept	representative	XP_055725921.1 ogna [organism=Salvelinus fontinalis] [GeneID=129815810]	Salvelinus_fontinalis|OGN|XP_055725921.1
OGN	XP_071611617.1	Heliangelus exortis	139801397		293	kept	representative	XP_071611617.1 OGN [organism=Heliangelus exortis] [GeneID=139801397]	Heliangelus_exortis|OGN|XP_071611617.1
OGN	XP_074459394.1	Larus michahellis	141749577		293	kept	representative	XP_074459394.1 OGN [organism=Larus michahellis] [GeneID=141749577]	Larus_michahellis|OGN|XP_074459394.1
OGN	XP_034559449.1	Notolabrus celidotus	117827061		283	kept	representative	XP_034559449.1 ogna [organism=Notolabrus celidotus] [GeneID=117827061]	Notolabrus_celidotus|OGN|XP_034559449.1
OGN	XP_058422096.1	Diceros bicornis minor	131420232		298	kept	representative	XP_058422096.1 OGN [organism=Diceros bicornis minor] [GeneID=131420232]	Diceros_bicornis_minor|OGN|XP_058422096.1
OGN	XP_058422097.1	Diceros bicornis minor	131420232		298	excluded	extra_isoform_same_locus	XP_058422097.1 OGN [organism=Diceros bicornis minor] [GeneID=131420232]	Diceros_bicornis_minor|OGN|XP_058422097.1
OGN	XP_085481010.1	Triturus cristatus	146797723		290	kept	representative	XP_085481010.1 OGN [organism=Triturus cristatus] [GeneID=146797723]	Triturus_cristatus|OGN|XP_085481010.1
OGN	XP_002742764.2	Callithrix jacchus	100410386		298	kept	representative	XP_002742764.2 OGN [organism=Callithrix jacchus] [GeneID=100410386]	Callithrix_jacchus|OGN|XP_002742764.2
OGN	XP_068578242.1	Cebidichthys violaceus	137880653		283	kept	representative	XP_068578242.1 ogna [organism=Cebidichthys violaceus] [GeneID=137880653]	Cebidichthys_violaceus|OGN|XP_068578242.1
OGN	XP_079647492.1	Cnephaeus nilssonii	307111453		290	kept	representative	XP_079647492.1 OGN [organism=Cnephaeus nilssonii] [GeneID=307111453]	Cnephaeus_nilssonii|OGN|XP_079647492.1
OGN	XP_080812081.1	Bucephala clangula	308447820		293	kept	representative	XP_080812081.1 OGN [organism=Bucephala clangula] [GeneID=308447820]	Bucephala_clangula|OGN|XP_080812081.1
OGN	XP_083345166.1	Podarcis liolepis	310700103	1	307	kept	representative	XP_083345166.1 OGN [organism=Podarcis liolepis] [GeneID=310700103] [isoform=1]	Podarcis_liolepis|OGN|XP_083345166.1
OGN	XP_083345167.1	Podarcis liolepis	310700103	1	307	excluded	extra_isoform_same_locus	XP_083345167.1 OGN [organism=Podarcis liolepis] [GeneID=310700103] [isoform=1]	Podarcis_liolepis|OGN|XP_083345167.1
OGN	XP_059185881.1	Centropristis striata	131968852		283	kept	representative	XP_059185881.1 ogna [organism=Centropristis striata] [GeneID=131968852]	Centropristis_striata|OGN|XP_059185881.1
OGN	XP_030062983.1	Microcaecilia unicolor	115472737		288	kept	representative	XP_030062983.1 OGN [organism=Microcaecilia unicolor] [GeneID=115472737]	Microcaecilia_unicolor|OGN|XP_030062983.1
OGN	XP_025747541.1	Callorhinus ursinus	112838924		298	kept	representative	XP_025747541.1 OGN [organism=Callorhinus ursinus] [GeneID=112838924]	Callorhinus_ursinus|OGN|XP_025747541.1
OGN	XP_042679108.1	Centrocercus urophasianus	122162665		291	kept	representative	XP_042679108.1 OGN [organism=Centrocercus urophasianus] [GeneID=122162665]	Centrocercus_urophasianus|OGN|XP_042679108.1
OGN	XP_030632255.1	Chanos chanos	115813782		290	kept	representative	XP_030632255.1 ogna [organism=Chanos chanos] [GeneID=115813782]	Chanos_chanos|OGN|XP_030632255.1
OGN	XP_044307483.1	Varanus komodoensis	123034298		309	kept	representative	XP_044307483.1 OGN [organism=Varanus komodoensis] [GeneID=123034298]	Varanus_komodoensis|OGN|XP_044307483.1
OGN	XP_056357378.1	Oenanthe melanoleuca	130258223		293	kept	representative	XP_056357378.1 OGN [organism=Oenanthe melanoleuca] [GeneID=130258223]	Oenanthe_melanoleuca|OGN|XP_056357378.1
OGN	XP_004048316.1	Gorilla gorilla gorilla	101147623	X2	356	excluded	extra_isoform_same_locus	XP_004048316.1 OGN [organism=Gorilla gorilla gorilla] [GeneID=101147623] [isoform=X2]	Gorilla_gorilla_gorilla|OGN|XP_004048316.1
OGN	XP_063552629.1	Gorilla gorilla gorilla	101147623	X1	298	kept	representative	XP_063552629.1 OGN [organism=Gorilla gorilla gorilla] [GeneID=101147623] [isoform=X1]	Gorilla_gorilla_gorilla|OGN|XP_063552629.1
OGN	XP_027406110.1	Bos indicus x Bos taurus	113897544	X1	299	kept	representative	XP_027406110.1 OGN [organism=Bos indicus x Bos taurus] [GeneID=113897544] [isoform=X1]	Bos_indicus_x_Bos_taurus|OGN|XP_027406110.1
OGN	XP_027406111.1	Bos indicus x Bos taurus	113897544	X1	299	excluded	extra_isoform_same_locus	XP_027406111.1 OGN [organism=Bos indicus x Bos taurus] [GeneID=113897544] [isoform=X1]	Bos_indicus_x_Bos_taurus|OGN|XP_027406111.1
OGN	XP_027406112.1	Bos indicus x Bos taurus	113897544	X2	246	excluded	extra_isoform_same_locus	XP_027406112.1 OGN [organism=Bos indicus x Bos taurus] [GeneID=113897544] [isoform=X2]	Bos_indicus_x_Bos_taurus|OGN|XP_027406112.1
OGN	NP_032786.1	Mus musculus	18295		298	kept	representative	NP_032786.1 Ogn [organism=Mus musculus] [GeneID=18295]	Mus_musculus|OGN|NP_032786.1
OGN	XP_041602323.1	Vulpes lagopus	121485692		297	kept	representative	XP_041602323.1 OGN [organism=Vulpes lagopus] [GeneID=121485692]	Vulpes_lagopus|OGN|XP_041602323.1
OGN	XP_081757371.1	Podarcis melisellensis	309364292	1	307	kept	representative	XP_081757371.1 OGN [organism=Podarcis melisellensis] [GeneID=309364292] [isoform=1]	Podarcis_melisellensis|OGN|XP_081757371.1
OGN	XP_081757372.1	Podarcis melisellensis	309364292	1	307	excluded	extra_isoform_same_locus	XP_081757372.1 OGN [organism=Podarcis melisellensis] [GeneID=309364292] [isoform=1]	Podarcis_melisellensis|OGN|XP_081757372.1
OGN	XP_042098949.1	Ovis aries	101108451		299	kept	representative	XP_042098949.1 OGN [organism=Ovis aries] [GeneID=101108451]	Ovis_aries|OGN|XP_042098949.1
OGN	XP_042098950.1	Ovis aries	101108451		299	excluded	extra_isoform_same_locus	XP_042098950.1 OGN [organism=Ovis aries] [GeneID=101108451]	Ovis_aries|OGN|XP_042098950.1
OGN	XP_060265026.1	Ovis aries	101108451		299	excluded	extra_isoform_same_locus	XP_060265026.1 OGN [organism=Ovis aries] [GeneID=101108451]	Ovis_aries|OGN|XP_060265026.1
OGN	XP_021265171.1	Numida meleagris	110404796		292	kept	representative	XP_021265171.1 OGN [organism=Numida meleagris] [GeneID=110404796]	Numida_meleagris|OGN|XP_021265171.1
OGN	XP_021265172.1	Numida meleagris	110404796		292	excluded	extra_isoform_same_locus	XP_021265172.1 OGN [organism=Numida meleagris] [GeneID=110404796]	Numida_meleagris|OGN|XP_021265172.1
OGN	XP_052634990.1	Harpia harpyja	128137823		293	kept	representative	XP_052634990.1 OGN [organism=Harpia harpyja] [GeneID=128137823]	Harpia_harpyja|OGN|XP_052634990.1
OGN	XP_053433714.1	Nycticebus coucang	128575918	X1	316	excluded	extra_isoform_same_locus	XP_053433714.1 OGN [organism=Nycticebus coucang] [GeneID=128575918] [isoform=X1]	Nycticebus_coucang|OGN|XP_053433714.1
OGN	XP_053433722.1	Nycticebus coucang	128575918	X2	298	kept	representative	XP_053433722.1 OGN [organism=Nycticebus coucang] [GeneID=128575918] [isoform=X2]	Nycticebus_coucang|OGN|XP_053433722.1
OGN	XP_061148034.1	Syngnathus typhle	133162679		277	kept	representative	XP_061148034.1 ogna [organism=Syngnathus typhle] [GeneID=133162679]	Syngnathus_typhle|OGN|XP_061148034.1
OGN	XP_084125856.1	Gallinula chloropus	311196212		293	kept	representative	XP_084125856.1 OGN [organism=Gallinula chloropus] [GeneID=311196212]	Gallinula_chloropus|OGN|XP_084125856.1
OGN	XP_084491314.1	Lepidochelys olivacea	311524259		297	kept	representative	XP_084491314.1 OGN [organism=Lepidochelys olivacea] [GeneID=311524259]	Lepidochelys_olivacea|OGN|XP_084491314.1
OGN	XP_061312183.1	Pezoporus flaviventris	133270702		299	kept	representative	XP_061312183.1 OGN [organism=Pezoporus flaviventris] [GeneID=133270702]	Pezoporus_flaviventris|OGN|XP_061312183.1
OGN	XP_062356753.1	Cinclus cinclus	134048787		293	kept	representative	XP_062356753.1 OGN [organism=Cinclus cinclus] [GeneID=134048787]	Cinclus_cinclus|OGN|XP_062356753.1
OGN	XP_032978550.1	Rhinolophus ferrumequinum	117031848	X1	302	kept	representative	XP_032978550.1 OGN [organism=Rhinolophus ferrumequinum] [GeneID=117031848] [isoform=X1]	Rhinolophus_ferrumequinum|OGN|XP_032978550.1
OGN	XP_032978551.1	Rhinolophus ferrumequinum	117031848	X2	256	excluded	extra_isoform_same_locus	XP_032978551.1 OGN [organism=Rhinolophus ferrumequinum] [GeneID=117031848] [isoform=X2]	Rhinolophus_ferrumequinum|OGN|XP_032978551.1
OGN	XP_086171740.1	Bos grunniens	147367580		299	kept	representative	XP_086171740.1 OGN [organism=Bos grunniens] [GeneID=147367580]	Bos_grunniens|OGN|XP_086171740.1
OGN	XP_065605392.1	Cyrtonyx montezumae	136056917		293	kept	representative	XP_065605392.1 OGN [organism=Cyrtonyx montezumae] [GeneID=136056917]	Cyrtonyx_montezumae|OGN|XP_065605392.1
OGN	XP_065605393.1	Cyrtonyx montezumae	136056917		293	excluded	extra_isoform_same_locus	XP_065605393.1 OGN [organism=Cyrtonyx montezumae] [GeneID=136056917]	Cyrtonyx_montezumae|OGN|XP_065605393.1
OGN	XP_072328748.1	Scyliorhinus torazame	140388463		303	kept	representative	XP_072328748.1 ogna [organism=Scyliorhinus torazame] [GeneID=140388463]	Scyliorhinus_torazame|OGN|XP_072328748.1
OGN	XP_013128326.1	Oreochromis niloticus	100706929		283	kept	representative	XP_013128326.1 ogna [organism=Oreochromis niloticus] [GeneID=100706929]	Oreochromis_niloticus|OGN|XP_013128326.1
OGN	XP_059924757.1	Gadus macrocephalus	132470325		286	kept	representative	XP_059924757.1 ogna [organism=Gadus macrocephalus] [GeneID=132470325]	Gadus_macrocephalus|OGN|XP_059924757.1
OGN	XP_059924758.1	Gadus macrocephalus	132470325		286	excluded	extra_isoform_same_locus	XP_059924758.1 ogna [organism=Gadus macrocephalus] [GeneID=132470325]	Gadus_macrocephalus|OGN|XP_059924758.1
OGN	XP_059924759.1	Gadus macrocephalus	132470325		286	excluded	extra_isoform_same_locus	XP_059924759.1 ogna [organism=Gadus macrocephalus] [GeneID=132470325]	Gadus_macrocephalus|OGN|XP_059924759.1
OGN	XP_059924761.1	Gadus macrocephalus	132470325		286	excluded	extra_isoform_same_locus	XP_059924761.1 ogna [organism=Gadus macrocephalus] [GeneID=132470325]	Gadus_macrocephalus|OGN|XP_059924761.1
OGN	XP_059924762.1	Gadus macrocephalus	132470325		286	excluded	extra_isoform_same_locus	XP_059924762.1 ogna [organism=Gadus macrocephalus] [GeneID=132470325]	Gadus_macrocephalus|OGN|XP_059924762.1
OGN	XP_059924763.1	Gadus macrocephalus	132470325		286	excluded	extra_isoform_same_locus	XP_059924763.1 ogna [organism=Gadus macrocephalus] [GeneID=132470325]	Gadus_macrocephalus|OGN|XP_059924763.1
OGN	XP_059924764.1	Gadus macrocephalus	132470325		286	excluded	extra_isoform_same_locus	XP_059924764.1 ogna [organism=Gadus macrocephalus] [GeneID=132470325]	Gadus_macrocephalus|OGN|XP_059924764.1
OGN	XP_059924765.1	Gadus macrocephalus	132470325		286	excluded	extra_isoform_same_locus	XP_059924765.1 ogna [organism=Gadus macrocephalus] [GeneID=132470325]	Gadus_macrocephalus|OGN|XP_059924765.1
OGN	XP_059924766.1	Gadus macrocephalus	132470325		286	excluded	extra_isoform_same_locus	XP_059924766.1 ogna [organism=Gadus macrocephalus] [GeneID=132470325]	Gadus_macrocephalus|OGN|XP_059924766.1
OGN	XP_059924767.1	Gadus macrocephalus	132470325		286	excluded	extra_isoform_same_locus	XP_059924767.1 ogna [organism=Gadus macrocephalus] [GeneID=132470325]	Gadus_macrocephalus|OGN|XP_059924767.1
OGN	XP_059924768.1	Gadus macrocephalus	132470325		286	excluded	extra_isoform_same_locus	XP_059924768.1 ogna [organism=Gadus macrocephalus] [GeneID=132470325]	Gadus_macrocephalus|OGN|XP_059924768.1
OGN	XP_059924769.1	Gadus macrocephalus	132470325		286	excluded	extra_isoform_same_locus	XP_059924769.1 ogna [organism=Gadus macrocephalus] [GeneID=132470325]	Gadus_macrocephalus|OGN|XP_059924769.1
OGN	XP_059924770.1	Gadus macrocephalus	132470325		286	excluded	extra_isoform_same_locus	XP_059924770.1 ogna [organism=Gadus macrocephalus] [GeneID=132470325]	Gadus_macrocephalus|OGN|XP_059924770.1
OGN	XP_059924772.1	Gadus macrocephalus	132470325		286	excluded	extra_isoform_same_locus	XP_059924772.1 ogna [organism=Gadus macrocephalus] [GeneID=132470325]	Gadus_macrocephalus|OGN|XP_059924772.1
OGN	XP_059924773.1	Gadus macrocephalus	132470325		286	excluded	extra_isoform_same_locus	XP_059924773.1 ogna [organism=Gadus macrocephalus] [GeneID=132470325]	Gadus_macrocephalus|OGN|XP_059924773.1
OGN	XP_059924774.1	Gadus macrocephalus	132470325		286	excluded	extra_isoform_same_locus	XP_059924774.1 ogna [organism=Gadus macrocephalus] [GeneID=132470325]	Gadus_macrocephalus|OGN|XP_059924774.1
OGN	XP_059924775.1	Gadus macrocephalus	132470325		286	excluded	extra_isoform_same_locus	XP_059924775.1 ogna [organism=Gadus macrocephalus] [GeneID=132470325]	Gadus_macrocephalus|OGN|XP_059924775.1
OGN	XP_059924776.1	Gadus macrocephalus	132470325		286	excluded	extra_isoform_same_locus	XP_059924776.1 ogna [organism=Gadus macrocephalus] [GeneID=132470325]	Gadus_macrocephalus|OGN|XP_059924776.1
OGN	XP_059924777.1	Gadus macrocephalus	132470325		286	excluded	extra_isoform_same_locus	XP_059924777.1 ogna [organism=Gadus macrocephalus] [GeneID=132470325]	Gadus_macrocephalus|OGN|XP_059924777.1
OGN	XP_059924778.1	Gadus macrocephalus	132470325		286	excluded	extra_isoform_same_locus	XP_059924778.1 ogna [organism=Gadus macrocephalus] [GeneID=132470325]	Gadus_macrocephalus|OGN|XP_059924778.1
OGN	XP_059924779.1	Gadus macrocephalus	132470325		286	excluded	extra_isoform_same_locus	XP_059924779.1 ogna [organism=Gadus macrocephalus] [GeneID=132470325]	Gadus_macrocephalus|OGN|XP_059924779.1
OGN	XP_059924780.1	Gadus macrocephalus	132470325		286	excluded	extra_isoform_same_locus	XP_059924780.1 ogna [organism=Gadus macrocephalus] [GeneID=132470325]	Gadus_macrocephalus|OGN|XP_059924780.1
OGN	XP_059924781.1	Gadus macrocephalus	132470325		286	excluded	extra_isoform_same_locus	XP_059924781.1 ogna [organism=Gadus macrocephalus] [GeneID=132470325]	Gadus_macrocephalus|OGN|XP_059924781.1
OGN	XP_059924782.1	Gadus macrocephalus	132470325		286	excluded	extra_isoform_same_locus	XP_059924782.1 ogna [organism=Gadus macrocephalus] [GeneID=132470325]	Gadus_macrocephalus|OGN|XP_059924782.1
OGN	XP_059924783.1	Gadus macrocephalus	132470325		286	excluded	extra_isoform_same_locus	XP_059924783.1 ogna [organism=Gadus macrocephalus] [GeneID=132470325]	Gadus_macrocephalus|OGN|XP_059924783.1
OGN	XP_059924784.1	Gadus macrocephalus	132470325		286	excluded	extra_isoform_same_locus	XP_059924784.1 ogna [organism=Gadus macrocephalus] [GeneID=132470325]	Gadus_macrocephalus|OGN|XP_059924784.1
OGN	XP_059924785.1	Gadus macrocephalus	132470325		286	excluded	extra_isoform_same_locus	XP_059924785.1 ogna [organism=Gadus macrocephalus] [GeneID=132470325]	Gadus_macrocephalus|OGN|XP_059924785.1
OGN	XP_059924786.1	Gadus macrocephalus	132470325		286	excluded	extra_isoform_same_locus	XP_059924786.1 ogna [organism=Gadus macrocephalus] [GeneID=132470325]	Gadus_macrocephalus|OGN|XP_059924786.1
OGN	XP_059924788.1	Gadus macrocephalus	132470325		286	excluded	extra_isoform_same_locus	XP_059924788.1 ogna [organism=Gadus macrocephalus] [GeneID=132470325]	Gadus_macrocephalus|OGN|XP_059924788.1
OGN	XP_059924789.1	Gadus macrocephalus	132470325		286	excluded	extra_isoform_same_locus	XP_059924789.1 ogna [organism=Gadus macrocephalus] [GeneID=132470325]	Gadus_macrocephalus|OGN|XP_059924789.1
OGN	XP_059924790.1	Gadus macrocephalus	132470325		286	excluded	extra_isoform_same_locus	XP_059924790.1 ogna [organism=Gadus macrocephalus] [GeneID=132470325]	Gadus_macrocephalus|OGN|XP_059924790.1
OGN	XP_059924791.1	Gadus macrocephalus	132470325		286	excluded	extra_isoform_same_locus	XP_059924791.1 ogna [organism=Gadus macrocephalus] [GeneID=132470325]	Gadus_macrocephalus|OGN|XP_059924791.1
OGN	XP_059924792.1	Gadus macrocephalus	132470325		286	excluded	extra_isoform_same_locus	XP_059924792.1 ogna [organism=Gadus macrocephalus] [GeneID=132470325]	Gadus_macrocephalus|OGN|XP_059924792.1
OGN	XP_059924793.1	Gadus macrocephalus	132470325		286	excluded	extra_isoform_same_locus	XP_059924793.1 ogna [organism=Gadus macrocephalus] [GeneID=132470325]	Gadus_macrocephalus|OGN|XP_059924793.1
OGN	XP_059924794.1	Gadus macrocephalus	132470325		286	excluded	extra_isoform_same_locus	XP_059924794.1 ogna [organism=Gadus macrocephalus] [GeneID=132470325]	Gadus_macrocephalus|OGN|XP_059924794.1
OGN	XP_059924795.1	Gadus macrocephalus	132470325		286	excluded	extra_isoform_same_locus	XP_059924795.1 ogna [organism=Gadus macrocephalus] [GeneID=132470325]	Gadus_macrocephalus|OGN|XP_059924795.1
OGN	XP_059924796.1	Gadus macrocephalus	132470325		286	excluded	extra_isoform_same_locus	XP_059924796.1 ogna [organism=Gadus macrocephalus] [GeneID=132470325]	Gadus_macrocephalus|OGN|XP_059924796.1
OGN	XP_059924797.1	Gadus macrocephalus	132470325		286	excluded	extra_isoform_same_locus	XP_059924797.1 ogna [organism=Gadus macrocephalus] [GeneID=132470325]	Gadus_macrocephalus|OGN|XP_059924797.1
OGN	XP_059924800.1	Gadus macrocephalus	132470325		286	excluded	extra_isoform_same_locus	XP_059924800.1 ogna [organism=Gadus macrocephalus] [GeneID=132470325]	Gadus_macrocephalus|OGN|XP_059924800.1
OGN	XP_059924801.1	Gadus macrocephalus	132470325		286	excluded	extra_isoform_same_locus	XP_059924801.1 ogna [organism=Gadus macrocephalus] [GeneID=132470325]	Gadus_macrocephalus|OGN|XP_059924801.1
OGN	XP_059924802.1	Gadus macrocephalus	132470325		286	excluded	extra_isoform_same_locus	XP_059924802.1 ogna [organism=Gadus macrocephalus] [GeneID=132470325]	Gadus_macrocephalus|OGN|XP_059924802.1
OGN	XP_059924803.1	Gadus macrocephalus	132470325		286	excluded	extra_isoform_same_locus	XP_059924803.1 ogna [organism=Gadus macrocephalus] [GeneID=132470325]	Gadus_macrocephalus|OGN|XP_059924803.1
OGN	XP_059924804.1	Gadus macrocephalus	132470325		286	excluded	extra_isoform_same_locus	XP_059924804.1 ogna [organism=Gadus macrocephalus] [GeneID=132470325]	Gadus_macrocephalus|OGN|XP_059924804.1
OGN	XP_059924805.1	Gadus macrocephalus	132470325		286	excluded	extra_isoform_same_locus	XP_059924805.1 ogna [organism=Gadus macrocephalus] [GeneID=132470325]	Gadus_macrocephalus|OGN|XP_059924805.1
OGN	XP_059924806.1	Gadus macrocephalus	132470325		286	excluded	extra_isoform_same_locus	XP_059924806.1 ogna [organism=Gadus macrocephalus] [GeneID=132470325]	Gadus_macrocephalus|OGN|XP_059924806.1
OGN	XP_059924807.1	Gadus macrocephalus	132470325		286	excluded	extra_isoform_same_locus	XP_059924807.1 ogna [organism=Gadus macrocephalus] [GeneID=132470325]	Gadus_macrocephalus|OGN|XP_059924807.1
OGN	XP_059924808.1	Gadus macrocephalus	132470325		286	excluded	extra_isoform_same_locus	XP_059924808.1 ogna [organism=Gadus macrocephalus] [GeneID=132470325]	Gadus_macrocephalus|OGN|XP_059924808.1
OGN	XP_059924809.1	Gadus macrocephalus	132470325		286	excluded	extra_isoform_same_locus	XP_059924809.1 ogna [organism=Gadus macrocephalus] [GeneID=132470325]	Gadus_macrocephalus|OGN|XP_059924809.1
OGN	XP_059924811.1	Gadus macrocephalus	132470325		286	excluded	extra_isoform_same_locus	XP_059924811.1 ogna [organism=Gadus macrocephalus] [GeneID=132470325]	Gadus_macrocephalus|OGN|XP_059924811.1
OGN	XP_059924812.1	Gadus macrocephalus	132470325		286	excluded	extra_isoform_same_locus	XP_059924812.1 ogna [organism=Gadus macrocephalus] [GeneID=132470325]	Gadus_macrocephalus|OGN|XP_059924812.1
OGN	XP_026996604.2	Tachysurus fulvidraco	113639111		280	kept	representative	XP_026996604.2 ogna [organism=Tachysurus fulvidraco] [GeneID=113639111]	Tachysurus_fulvidraco|OGN|XP_026996604.2
OGN	XP_068940544.1	Petaurus breviceps papuanus	138158287		285	kept	representative	XP_068940544.1 OGN [organism=Petaurus breviceps papuanus] [GeneID=138158287]	Petaurus_breviceps_papuanus|OGN|XP_068940544.1
OGN	XP_055015572.1	Boleophthalmus pectinirostris	110153775		384	excluded	relative_length	XP_055015572.1 ogna [organism=Boleophthalmus pectinirostris] [GeneID=110153775]	Boleophthalmus_pectinirostris|OGN|XP_055015572.1
OGN	XP_057224061.1	Malurus melanocephalus	130574706		293	kept	representative	XP_057224061.1 OGN [organism=Malurus melanocephalus] [GeneID=130574706]	Malurus_melanocephalus|OGN|XP_057224061.1
OGN	XP_005408960.1	Chinchilla lanigera	102026343		297	kept	representative	XP_005408960.1 Ogn [organism=Chinchilla lanigera] [GeneID=102026343]	Chinchilla_lanigera|OGN|XP_005408960.1
OGN	XP_062401106.1	Sardina pilchardus	134092321		296	kept	representative	XP_062401106.1 ogna [organism=Sardina pilchardus] [GeneID=134092321]	Sardina_pilchardus|OGN|XP_062401106.1
OGN	XP_015361758.1	Marmota marmota marmota	107159668		296	kept	representative	XP_015361758.1 Ogn [organism=Marmota marmota marmota] [GeneID=107159668]	Marmota_marmota_marmota|OGN|XP_015361758.1
