gene	accession	species	length	status	reason	old_header	new_header
EPYC	XP_063164640.1	GeneID=134501025	316	kept	representative	XP_063164640.1 EPYC [organism=Candoia aspera] [GeneID=134501025]	GeneID_134501025|EPYC|XP_063164640.1
EPYC	XP_043092142.1	isoform=X1	673	excluded	absolute_length	XP_043092142.1 epyc [organism=Puntigrus tetrazona] [GeneID=122342432] [isoform=X1]	isoform_X1|EPYC|XP_043092142.1
EPYC	XP_043092143.1	isoform=X2	338	excluded	extra_isoform_same_species	XP_043092143.1 epyc [organism=Puntigrus tetrazona] [GeneID=122342432] [isoform=X2]	isoform_X2|EPYC|XP_043092143.1
EPYC	XP_045411080.1	GeneID=123640493	321	kept	representative	XP_045411080.1 EPYC [organism=Lemur catta] [GeneID=123640493]	GeneID_123640493|EPYC|XP_045411080.1
EPYC	XP_019336346.2	GeneID=102565335	316	kept	representative	XP_019336346.2 EPYC [organism=Alligator mississippiensis] [GeneID=102565335]	GeneID_102565335|EPYC|XP_019336346.2
EPYC	XP_021175784.2	isoform=X1	587	excluded	relative_length	XP_021175784.2 epyc [organism=Fundulus heteroclitus] [GeneID=105931146] [isoform=X1]	isoform_X1|EPYC|XP_021175784.2
EPYC	XP_021175785.2	isoform=X2	365	excluded	extra_isoform_same_species	XP_021175785.2 epyc [organism=Fundulus heteroclitus] [GeneID=105931146] [isoform=X2]	isoform_X2|EPYC|XP_021175785.2
EPYC	XP_021175787.2	isoform=X3	322	kept	representative	XP_021175787.2 epyc [organism=Fundulus heteroclitus] [GeneID=105931146] [isoform=X3]	isoform_X3|EPYC|XP_021175787.2
EPYC	XP_032746673.1	GeneID=116889996	322	kept	representative	XP_032746673.1 Epyc [organism=Rattus rattus] [GeneID=116889996]	GeneID_116889996|EPYC|XP_032746673.1
EPYC	XP_053572886.1	GeneID=128662886	320	kept	representative	XP_053572886.1 EPYC [organism=Bombina bombina] [GeneID=128662886]	GeneID_128662886|EPYC|XP_053572886.1
EPYC	XP_030116990.1	GeneID=100228256	316	kept	representative	XP_030116990.1 EPYC [organism=Taeniopygia guttata] [GeneID=100228256]	GeneID_100228256|EPYC|XP_030116990.1
EPYC	XP_085914239.1	GeneID=147160319	652	excluded	absolute_length	XP_085914239.1 epyc [organism=Leptonotus elevatus] [GeneID=147160319]	GeneID_147160319|EPYC|XP_085914239.1
EPYC	XP_069485362.1	GeneID=138514027	312	kept	representative	XP_069485362.1 EPYC [organism=Ambystoma mexicanum] [GeneID=138514027]	GeneID_138514027|EPYC|XP_069485362.1
EPYC	XP_069485363.1	GeneID=138514027	312	excluded	extra_isoform_same_species	XP_069485363.1 EPYC [organism=Ambystoma mexicanum] [GeneID=138514027]	GeneID_138514027|EPYC|XP_069485363.1
EPYC	XP_069485364.1	GeneID=138514027	312	excluded	extra_isoform_same_species	XP_069485364.1 EPYC [organism=Ambystoma mexicanum] [GeneID=138514027]	GeneID_138514027|EPYC|XP_069485364.1
EPYC	XP_045868877.1	isoform=X1	321	kept	representative	XP_045868877.1 EPYC [organism=Meles meles] [GeneID=123947000] [isoform=X1]	isoform_X1|EPYC|XP_045868877.1
EPYC	XP_045868878.1	isoform=X1	321	excluded	extra_isoform_same_species	XP_045868878.1 EPYC [organism=Meles meles] [GeneID=123947000] [isoform=X1]	isoform_X1|EPYC|XP_045868878.1
EPYC	XP_045868879.1	isoform=X1	321	excluded	extra_isoform_same_species	XP_045868879.1 EPYC [organism=Meles meles] [GeneID=123947000] [isoform=X1]	isoform_X1|EPYC|XP_045868879.1
EPYC	XP_045868880.1	isoform=X2	260	excluded	extra_isoform_same_species	XP_045868880.1 EPYC [organism=Meles meles] [GeneID=123947000] [isoform=X2]	isoform_X2|EPYC|XP_045868880.1
EPYC	XP_042367655.1	GeneID=121961655	584	excluded	relative_length	XP_042367655.1 epyc [organism=Plectropomus leopardus] [GeneID=121961655]	GeneID_121961655|EPYC|XP_042367655.1
EPYC	XP_061310810.1	GeneID=133270004	316	kept	representative	XP_061310810.1 EPYC [organism=Pezoporus flaviventris] [GeneID=133270004]	GeneID_133270004|EPYC|XP_061310810.1
EPYC	XP_061663942.1	GeneID=133493954	617	excluded	absolute_length	XP_061663942.1 epyc [organism=Syngnathoides biaculeatus] [GeneID=133493954]	GeneID_133493954|EPYC|XP_061663942.1
EPYC	XP_059969634.1	GeneID=132499215	321	kept	representative	XP_059969634.1 EPYC [organism=Mesoplodon densirostris] [GeneID=132499215]	GeneID_132499215|EPYC|XP_059969634.1
EPYC	XP_062991055.1	GeneID=134404268	398	kept	representative	XP_062991055.1 EPYC [organism=Elgaria multicarinata webbii] [GeneID=134404268]	GeneID_134404268|EPYC|XP_062991055.1
EPYC	XP_074681519.1	GeneID=141923788	316	kept	representative	XP_074681519.1 EPYC [organism=Strix aluco] [GeneID=141923788]	GeneID_141923788|EPYC|XP_074681519.1
EPYC	XP_080393734.1	GeneID=308163422	331	kept	representative	XP_080393734.1 epyc [organism=Nansenia antarctica] [GeneID=308163422]	GeneID_308163422|EPYC|XP_080393734.1
EPYC	XP_029969439.1	isoform=X1	428	excluded	relative_length	XP_029969439.1 epyc [organism=Salarias fasciatus] [GeneID=115404305] [isoform=X1]	isoform_X1|EPYC|XP_029969439.1
EPYC	XP_029969440.1	isoform=X2	357	excluded	extra_isoform_same_species	XP_029969440.1 epyc [organism=Salarias fasciatus] [GeneID=115404305] [isoform=X2]	isoform_X2|EPYC|XP_029969440.1
EPYC	XP_029969441.1	isoform=X3	336	excluded	extra_isoform_same_species	XP_029969441.1 epyc [organism=Salarias fasciatus] [GeneID=115404305] [isoform=X3]	isoform_X3|EPYC|XP_029969441.1
EPYC	XP_031714996.1	GeneID=116389967	604	excluded	absolute_length	XP_031714996.1 epyc [organism=Anarrhichthys ocellatus] [GeneID=116389967]	GeneID_116389967|EPYC|XP_031714996.1
EPYC	XP_009702905.1	GeneID=104165069	316	kept	representative	XP_009702905.1 EPYC [organism=Cariama cristata] [GeneID=104165069]	GeneID_104165069|EPYC|XP_009702905.1
EPYC	XP_044850205.1	GeneID=123353277	316	kept	representative	XP_044850205.1 EPYC [organism=Mauremys mutica] [GeneID=123353277]	GeneID_123353277|EPYC|XP_044850205.1
EPYC	XP_002711429.1	GeneID=100356959	321	kept	representative	XP_002711429.1 EPYC [organism=Oryctolagus cuniculus] [GeneID=100356959]	GeneID_100356959|EPYC|XP_002711429.1
EPYC	XP_069908790.1	GeneID=100356959	321	excluded	extra_isoform_same_species	XP_069908790.1 EPYC [organism=Oryctolagus cuniculus] [GeneID=100356959]	GeneID_100356959|EPYC|XP_069908790.1
EPYC	XP_069908791.1	GeneID=100356959	321	excluded	extra_isoform_same_species	XP_069908791.1 EPYC [organism=Oryctolagus cuniculus] [GeneID=100356959]	GeneID_100356959|EPYC|XP_069908791.1
EPYC	XP_008002418.2	GeneID=103238847	322	kept	representative	XP_008002418.2 EPYC [organism=Chlorocebus sabaeus] [GeneID=103238847]	GeneID_103238847|EPYC|XP_008002418.2
EPYC	XP_014911396.1	GeneID=106961847	586	excluded	relative_length	XP_014911396.1 epyc [organism=Poecilia latipinna] [GeneID=106961847]	GeneID_106961847|EPYC|XP_014911396.1
EPYC	XP_027523049.1	GeneID=113958732	332	kept	representative	XP_027523049.1 EPYC [organism=Corapipo altera] [GeneID=113958732]	GeneID_113958732|EPYC|XP_027523049.1
EPYC	XP_048205559.1	GeneID=125353874	322	kept	representative	XP_048205559.1 Epyc [organism=Perognathus longimembris pacificus] [GeneID=125353874]	GeneID_125353874|EPYC|XP_048205559.1
EPYC	XP_062489278.1	GeneID=134171247	316	kept	representative	XP_062489278.1 EPYC [organism=Pezoporus occidentalis] [GeneID=134171247]	GeneID_134171247|EPYC|XP_062489278.1
EPYC	XP_067997832.1	GeneID=137442761	316	kept	representative	XP_067997832.1 EPYC [organism=Melanerpes formicivorus] [GeneID=137442761]	GeneID_137442761|EPYC|XP_067997832.1
EPYC	XP_077701901.1	GeneID=144282292	320	kept	representative	XP_077701901.1 EPYC [organism=Canis aureus] [GeneID=144282292]	GeneID_144282292|EPYC|XP_077701901.1
EPYC	XP_077701902.1	GeneID=144282292	320	excluded	extra_isoform_same_species	XP_077701902.1 EPYC [organism=Canis aureus] [GeneID=144282292]	GeneID_144282292|EPYC|XP_077701902.1
EPYC	XP_008944820.1	GeneID=103778953	307	kept	representative	XP_008944820.1 EPYC [organism=Merops nubicus] [GeneID=103778953]	GeneID_103778953|EPYC|XP_008944820.1
EPYC	XP_015270837.1	GeneID=107113940	316	kept	representative	XP_015270837.1 EPYC [organism=Gekko japonicus] [GeneID=107113940]	GeneID_107113940|EPYC|XP_015270837.1
EPYC	XP_005508374.1	GeneID=102095898	316	kept	representative	XP_005508374.1 EPYC [organism=Columba livia] [GeneID=102095898]	GeneID_102095898|EPYC|XP_005508374.1
EPYC	XP_057180319.1	isoform=X1	723	excluded	absolute_length	XP_057180319.1 epyc [organism=Triplophysa rosa] [GeneID=130547947] [isoform=X1]	isoform_X1|EPYC|XP_057180319.1
EPYC	XP_057180320.1	isoform=X2	335	excluded	extra_isoform_same_species	XP_057180320.1 epyc [organism=Triplophysa rosa] [GeneID=130547947] [isoform=X2]	isoform_X2|EPYC|XP_057180320.1
EPYC	XP_083257126.1	isoform=1	316	kept	representative	XP_083257126.1 EPYC [organism=Podarcis tiliguerta] [GeneID=310658696] [isoform=1]	isoform_1|EPYC|XP_083257126.1
EPYC	XP_083257127.1	isoform=1	316	excluded	extra_isoform_same_species	XP_083257127.1 EPYC [organism=Podarcis tiliguerta] [GeneID=310658696] [isoform=1]	isoform_1|EPYC|XP_083257127.1
EPYC	XP_083257128.1	isoform=1	316	excluded	extra_isoform_same_species	XP_083257128.1 EPYC [organism=Podarcis tiliguerta] [GeneID=310658696] [isoform=1]	isoform_1|EPYC|XP_083257128.1
EPYC	XP_083257129.1	isoform=1	316	excluded	extra_isoform_same_species	XP_083257129.1 EPYC [organism=Podarcis tiliguerta] [GeneID=310658696] [isoform=1]	isoform_1|EPYC|XP_083257129.1
EPYC	XP_083257130.1	isoform=1	316	excluded	extra_isoform_same_species	XP_083257130.1 EPYC [organism=Podarcis tiliguerta] [GeneID=310658696] [isoform=1]	isoform_1|EPYC|XP_083257130.1
EPYC	XP_074430972.1	GeneID=141738842	316	kept	representative	XP_074430972.1 EPYC [organism=Larus michahellis] [GeneID=141738842]	GeneID_141738842|EPYC|XP_074430972.1
EPYC	XP_080613903.1	isoform=1	607	excluded	absolute_length	XP_080613903.1 epyc [organism=Protomyctophum bolini] [GeneID=308311184] [isoform=1]	isoform_1|EPYC|XP_080613903.1
EPYC	XP_080613904.1	isoform=1	607	excluded	absolute_length	XP_080613904.1 epyc [organism=Protomyctophum bolini] [GeneID=308311184] [isoform=1]	isoform_1|EPYC|XP_080613904.1
EPYC	XP_080667989.1	GeneID=308348042	321	kept	representative	XP_080667989.1 EPYC [organism=Martes martes] [GeneID=308348042]	GeneID_308348042|EPYC|XP_080667989.1
EPYC	XP_080801348.1	GeneID=308441886	316	kept	representative	XP_080801348.1 EPYC [organism=Bucephala clangula] [GeneID=308441886]	GeneID_308441886|EPYC|XP_080801348.1
EPYC	XP_001512092.1	GeneID=100073963	316	kept	representative	XP_001512092.1 EPYC [organism=Ornithorhynchus anatinus] [GeneID=100073963]	GeneID_100073963|EPYC|XP_001512092.1
EPYC	XP_047723337.1	GeneID=125170700	320	kept	representative	XP_047723337.1 EPYC [organism=Prionailurus viverrinus] [GeneID=125170700]	GeneID_125170700|EPYC|XP_047723337.1
EPYC	XP_061106656.1	GeneID=133134474	354	kept	representative	XP_061106656.1 epyc [organism=Conger conger] [GeneID=133134474]	GeneID_133134474|EPYC|XP_061106656.1
EPYC	XP_010885689.1	isoform=X1	659	excluded	absolute_length	XP_010885689.1 epyc [organism=Esox lucius] [GeneID=105020394] [isoform=X1]	isoform_X1|EPYC|XP_010885689.1
EPYC	XP_028972926.1	isoform=X2	404	excluded	extra_isoform_same_species	XP_028972926.1 epyc [organism=Esox lucius] [GeneID=105020394] [isoform=X2]	isoform_X2|EPYC|XP_028972926.1
EPYC	XP_028972927.1	isoform=X3	319	excluded	extra_isoform_same_species	XP_028972927.1 epyc [organism=Esox lucius] [GeneID=105020394] [isoform=X3]	isoform_X3|EPYC|XP_028972927.1
EPYC	XP_013205776.1	GeneID=101990630	322	kept	representative	XP_013205776.1 Epyc [organism=Microtus ochrogaster] [GeneID=101990630]	GeneID_101990630|EPYC|XP_013205776.1
EPYC	XP_038171085.1	GeneID=119803728	322	kept	representative	XP_038171085.1 Epyc [organism=Arvicola amphibius] [GeneID=119803728]	GeneID_119803728|EPYC|XP_038171085.1
EPYC	XP_052409467.1	isoform=X1	764	excluded	absolute_length	XP_052409467.1 epyc [organism=Carassius gibelio] [GeneID=127955896] [isoform=X1]	isoform_X1|EPYC|XP_052409467.1
EPYC	XP_052409468.1	isoform=X1	764	excluded	absolute_length	XP_052409468.1 epyc [organism=Carassius gibelio] [GeneID=127955896] [isoform=X1]	isoform_X1|EPYC|XP_052409468.1
EPYC	XP_052409469.1	isoform=X2	339	excluded	extra_isoform_same_species	XP_052409469.1 epyc [organism=Carassius gibelio] [GeneID=127955896] [isoform=X2]	isoform_X2|EPYC|XP_052409469.1
EPYC	XP_005733553.1	GeneID=102197583	615	excluded	absolute_length	XP_005733553.1 epyc [organism=Pundamilia nyererei] [GeneID=102197583]	GeneID_102197583|EPYC|XP_005733553.1
EPYC	XP_005733554.1	GeneID=102197583	615	excluded	absolute_length	XP_005733554.1 epyc [organism=Pundamilia nyererei] [GeneID=102197583]	GeneID_102197583|EPYC|XP_005733554.1
EPYC	XP_013766375.1	GeneID=102197583	615	excluded	absolute_length	XP_013766375.1 epyc [organism=Pundamilia nyererei] [GeneID=102197583]	GeneID_102197583|EPYC|XP_013766375.1
EPYC	XP_054242876.1	GeneID=128971384	316	kept	representative	XP_054242876.1 EPYC [organism=Indicator indicator] [GeneID=128971384]	GeneID_128971384|EPYC|XP_054242876.1
EPYC	XP_067247134.1	isoform=X1	661	excluded	absolute_length	XP_067247134.1 epyc [organism=Chanodichthys erythropterus] [GeneID=137023916] [isoform=X1]	isoform_X1|EPYC|XP_067247134.1
EPYC	XP_067247135.1	isoform=X2	322	excluded	extra_isoform_same_species	XP_067247135.1 epyc [organism=Chanodichthys erythropterus] [GeneID=137023916] [isoform=X2]	isoform_X2|EPYC|XP_067247135.1
EPYC	XP_049648161.1	GeneID=126034463	316	kept	representative	XP_049648161.1 EPYC [organism=Astur gentilis] [GeneID=126034463]	GeneID_126034463|EPYC|XP_049648161.1
EPYC	XP_071406041.1	GeneID=139669449	315	kept	representative	XP_071406041.1 EPYC [organism=Pithys albifrons albifrons] [GeneID=139669449]	GeneID_139669449|EPYC|XP_071406041.1
EPYC	XP_007085673.1	GeneID=102951394	320	kept	representative	XP_007085673.1 EPYC [organism=Panthera tigris] [GeneID=102951394]	GeneID_102951394|EPYC|XP_007085673.1
EPYC	XP_057613972.1	GeneID=130866501	322	kept	representative	XP_057613972.1 Epyc [organism=Chionomys nivalis] [GeneID=130866501]	GeneID_130866501|EPYC|XP_057613972.1
EPYC	XP_083555592.1	isoform=1	316	excluded	extra_isoform_same_species	XP_083555592.1 EPYC [organism=Podarcis gaigeae] [GeneID=310825596] [isoform=1]	isoform_1|EPYC|XP_083555592.1
EPYC	XP_083555593.1	isoform=1	316	excluded	extra_isoform_same_species	XP_083555593.1 EPYC [organism=Podarcis gaigeae] [GeneID=310825596] [isoform=1]	isoform_1|EPYC|XP_083555593.1
EPYC	XP_083555594.1	isoform=1	316	excluded	extra_isoform_same_species	XP_083555594.1 EPYC [organism=Podarcis gaigeae] [GeneID=310825596] [isoform=1]	isoform_1|EPYC|XP_083555594.1
EPYC	XP_083555595.1	isoform=1	316	excluded	extra_isoform_same_species	XP_083555595.1 EPYC [organism=Podarcis gaigeae] [GeneID=310825596] [isoform=1]	isoform_1|EPYC|XP_083555595.1
EPYC	XP_010310654.1	GeneID=104643140	316	kept	representative	XP_010310654.1 EPYC [organism=Balearica regulorum gibbericeps] [GeneID=104643140]	GeneID_104643140|EPYC|XP_010310654.1
EPYC	NP_776732.1	GeneID=281747	321	kept	representative	NP_776732.1 EPYC [organism=Bos taurus] [GeneID=281747]	GeneID_281747|EPYC|NP_776732.1
EPYC	XP_010803061.1	isoform=X1	321	excluded	extra_isoform_same_species	XP_010803061.1 EPYC [organism=Bos taurus] [GeneID=281747] [isoform=X1]	isoform_X1|EPYC|XP_010803061.1
EPYC	XP_072528987.1	GeneID=140549342	371	kept	representative	XP_072528987.1 epyc [organism=Salminus brasiliensis] [GeneID=140549342]	GeneID_140549342|EPYC|XP_072528987.1
EPYC	XP_030409813.1	GeneID=115647174	316	kept	representative	XP_030409813.1 EPYC [organism=Gopherus evgoodei] [GeneID=115647174]	GeneID_115647174|EPYC|XP_030409813.1
EPYC	XP_038227933.1	GeneID=119843101	316	kept	representative	XP_038227933.1 EPYC [organism=Dermochelys coriacea] [GeneID=119843101]	GeneID_119843101|EPYC|XP_038227933.1
EPYC	XP_065807561.1	isoform=X1	589	excluded	relative_length	XP_065807561.1 epyc [organism=Labrus bergylta] [GeneID=109998787] [isoform=X1]	isoform_X1|EPYC|XP_065807561.1
EPYC	XP_065807562.1	isoform=X1	589	excluded	relative_length	XP_065807562.1 epyc [organism=Labrus bergylta] [GeneID=109998787] [isoform=X1]	isoform_X1|EPYC|XP_065807562.1
EPYC	XP_065807563.1	isoform=X2	374	excluded	extra_isoform_same_species	XP_065807563.1 epyc [organism=Labrus bergylta] [GeneID=109998787] [isoform=X2]	isoform_X2|EPYC|XP_065807563.1
EPYC	XP_065807564.1	isoform=X3	330	excluded	extra_isoform_same_species	XP_065807564.1 epyc [organism=Labrus bergylta] [GeneID=109998787] [isoform=X3]	isoform_X3|EPYC|XP_065807564.1
EPYC	XP_008313749.1	GeneID=103382668	636	excluded	absolute_length	XP_008313749.1 epyc [organism=Cynoglossus semilaevis] [GeneID=103382668]	GeneID_103382668|EPYC|XP_008313749.1
EPYC	XP_067415196.1	GeneID=137160530	316	kept	representative	XP_067415196.1 EPYC [organism=Emydura macquarii macquarii] [GeneID=137160530]	GeneID_137160530|EPYC|XP_067415196.1
EPYC	XP_040090364.1	GeneID=120858397	321	kept	representative	XP_040090364.1 EPYC [organism=Oryx dammah] [GeneID=120858397]	GeneID_120858397|EPYC|XP_040090364.1
EPYC	XP_053834004.1	GeneID=128807560	316	kept	representative	XP_053834004.1 EPYC [organism=Vidua macroura] [GeneID=128807560]	GeneID_128807560|EPYC|XP_053834004.1
EPYC	XP_058481502.1	GeneID=131456858	620	excluded	absolute_length	XP_058481502.1 epyc [organism=Solea solea] [GeneID=131456858]	GeneID_131456858|EPYC|XP_058481502.1
EPYC	XP_032914288.1	GeneID=116995563	316	kept	representative	XP_032914288.1 EPYC [organism=Catharus ustulatus] [GeneID=116995563]	GeneID_116995563|EPYC|XP_032914288.1
EPYC	XP_072629141.1	GeneID=140602849	320	kept	representative	XP_072629141.1 EPYC [organism=Canis lupus baileyi] [GeneID=140602849]	GeneID_140602849|EPYC|XP_072629141.1
EPYC	XP_072629142.1	GeneID=140602849	320	excluded	extra_isoform_same_species	XP_072629142.1 EPYC [organism=Canis lupus baileyi] [GeneID=140602849]	GeneID_140602849|EPYC|XP_072629142.1
EPYC	XP_035967712.1	GeneID=118548069	321	kept	representative	XP_035967712.1 EPYC [organism=Halichoerus grypus] [GeneID=118548069]	GeneID_118548069|EPYC|XP_035967712.1
EPYC	XP_060512782.1	GeneID=132693980	320	kept	representative	XP_060512782.1 EPYC [organism=Panthera onca] [GeneID=132693980]	GeneID_132693980|EPYC|XP_060512782.1
EPYC	XP_068258163.1	GeneID=137664212	316	kept	representative	XP_068258163.1 EPYC [organism=Nyctibius grandis] [GeneID=137664212]	GeneID_137664212|EPYC|XP_068258163.1
EPYC	XP_072341051.1	GeneID=140396377	326	kept	representative	XP_072341051.1 epyc [organism=Scyliorhinus torazame] [GeneID=140396377]	GeneID_140396377|EPYC|XP_072341051.1
EPYC	XP_014104356.1	GeneID=102112477	316	kept	representative	XP_014104356.1 EPYC [organism=Pseudopodoces humilis] [GeneID=102112477]	GeneID_102112477|EPYC|XP_014104356.1
EPYC	XP_049423370.1	GeneID=125883194	566	excluded	relative_length	XP_049423370.1 epyc [organism=Epinephelus fuscoguttatus] [GeneID=125883194]	GeneID_125883194|EPYC|XP_049423370.1
EPYC	XP_055213423.1	GeneID=101138544	322	kept	representative	XP_055213423.1 EPYC [organism=Gorilla gorilla gorilla] [GeneID=101138544]	GeneID_101138544|EPYC|XP_055213423.1
EPYC	XP_063550277.1	GeneID=101138544	322	excluded	extra_isoform_same_species	XP_063550277.1 EPYC [organism=Gorilla gorilla gorilla] [GeneID=101138544]	GeneID_101138544|EPYC|XP_063550277.1
EPYC	XP_033076986.1	GeneID=117089640	322	kept	representative	XP_033076986.1 EPYC [organism=Trachypithecus francoisi] [GeneID=117089640]	GeneID_117089640|EPYC|XP_033076986.1
EPYC	XP_048691564.1	GeneID=125630110	316	kept	representative	XP_048691564.1 EPYC [organism=Caretta caretta] [GeneID=125630110]	GeneID_125630110|EPYC|XP_048691564.1
EPYC	XP_073476293.1	GeneID=141132130	318	kept	representative	XP_073476293.1 EPYC [organism=Aquarana catesbeiana] [GeneID=141132130]	GeneID_141132130|EPYC|XP_073476293.1
EPYC	XP_076153647.1	GeneID=143136856	536	excluded	relative_length	XP_076153647.1 epyc [organism=Alosa pseudoharengus] [GeneID=143136856]	GeneID_143136856|EPYC|XP_076153647.1
EPYC	XP_080436453.1	isoform=1	332	excluded	extra_isoform_same_species	XP_080436453.1 EPYC [organism=Anser brachyrhynchus] [GeneID=308189813] [isoform=1]	isoform_1|EPYC|XP_080436453.1
EPYC	XP_080436454.1	isoform=2	316	excluded	extra_isoform_same_species	XP_080436454.1 EPYC [organism=Anser brachyrhynchus] [GeneID=308189813] [isoform=2]	isoform_2|EPYC|XP_080436454.1
EPYC	XP_080436455.1	isoform=2	316	excluded	extra_isoform_same_species	XP_080436455.1 EPYC [organism=Anser brachyrhynchus] [GeneID=308189813] [isoform=2]	isoform_2|EPYC|XP_080436455.1
EPYC	XP_080516846.1	GeneID=308244581	320	kept	representative	XP_080516846.1 EPYC [organism=Plecotus auritus] [GeneID=308244581]	GeneID_308244581|EPYC|XP_080516846.1
EPYC	XP_084062008.1	GeneID=311153825	316	kept	representative	XP_084062008.1 EPYC [organism=Fringilla coelebs] [GeneID=311153825]	GeneID_311153825|EPYC|XP_084062008.1
EPYC	XP_009558227.1	GeneID=104058424	316	kept	representative	XP_009558227.1 EPYC [organism=Cuculus canorus] [GeneID=104058424]	GeneID_104058424|EPYC|XP_009558227.1
EPYC	XP_053938432.1	GeneID=104058424	316	excluded	extra_isoform_same_species	XP_053938432.1 EPYC [organism=Cuculus canorus] [GeneID=104058424]	GeneID_104058424|EPYC|XP_053938432.1
EPYC	XP_003475896.1	GeneID=100713129	319	kept	representative	XP_003475896.1 Epyc [organism=Cavia porcellus] [GeneID=100713129]	GeneID_100713129|EPYC|XP_003475896.1
EPYC	XP_063111358.1	GeneID=100713129	319	excluded	extra_isoform_same_species	XP_063111358.1 Epyc [organism=Cavia porcellus] [GeneID=100713129]	GeneID_100713129|EPYC|XP_063111358.1
EPYC	XP_024610183.1	GeneID=112405844	321	kept	representative	XP_024610183.1 EPYC [organism=Neophocaena asiaeorientalis asiaeorientalis] [GeneID=112405844]	GeneID_112405844|EPYC|XP_024610183.1
EPYC	XP_019732649.1	isoform=X1	654	excluded	absolute_length	XP_019732649.1 epyc [organism=Hippocampus comes] [GeneID=109520117] [isoform=X1]	isoform_X1|EPYC|XP_019732649.1
EPYC	XP_019732650.1	isoform=X2	364	excluded	extra_isoform_same_species	XP_019732650.1 epyc [organism=Hippocampus comes] [GeneID=109520117] [isoform=X2]	isoform_X2|EPYC|XP_019732650.1
EPYC	XP_009282632.1	GeneID=103903205	316	kept	representative	XP_009282632.1 EPYC [organism=Aptenodytes forsteri] [GeneID=103903205]	GeneID_103903205|EPYC|XP_009282632.1
EPYC	XP_062238960.1	isoform=X1	331	excluded	extra_isoform_same_species	XP_062238960.1 epyc [organism=Platichthys flesus] [GeneID=133948898] [isoform=X1]	isoform_X1|EPYC|XP_062238960.1
EPYC	XP_062238961.1	isoform=X2	294	excluded	extra_isoform_same_species	XP_062238961.1 epyc [organism=Platichthys flesus] [GeneID=133948898] [isoform=X2]	isoform_X2|EPYC|XP_062238961.1
EPYC	XP_052609152.1	GeneID=128119719	322	kept	representative	XP_052609152.1 Epyc [organism=Peromyscus californicus insignis] [GeneID=128119719]	GeneID_128119719|EPYC|XP_052609152.1
EPYC	XP_083035792.1	GeneID=146072415	319	kept	representative	XP_083035792.1 EPYC [organism=Crinia signifera] [GeneID=146072415]	GeneID_146072415|EPYC|XP_083035792.1
EPYC	XP_022351077.1	GeneID=111142334	321	kept	representative	XP_022351077.1 LOC111142334 [organism=Enhydra lutris kenyoni] [GeneID=111142334]	GeneID_111142334|EPYC|XP_022351077.1
EPYC	XP_075012224.1	GeneID=142084895	316	kept	representative	XP_075012224.1 EPYC [organism=Calonectris borealis] [GeneID=142084895]	GeneID_142084895|EPYC|XP_075012224.1
EPYC	XP_030576208.1	GeneID=115773545	591	excluded	relative_length	XP_030576208.1 epyc [organism=Archocentrus centrarchus] [GeneID=115773545]	GeneID_115773545|EPYC|XP_030576208.1
EPYC	XP_034091789.1	GeneID=117559204	602	excluded	absolute_length	XP_034091789.1 epyc [organism=Gymnodraco acuticeps] [GeneID=117559204]	GeneID_117559204|EPYC|XP_034091789.1
EPYC	XP_037371132.1	GeneID=119248269	320	kept	representative	XP_037371132.1 EPYC [organism=Talpa occidentalis] [GeneID=119248269]	GeneID_119248269|EPYC|XP_037371132.1
EPYC	XP_056091727.1	isoform=X1	681	excluded	absolute_length	XP_056091727.1 epyc [organism=Rhinichthys klamathensis goyatoka] [GeneID=130071124] [isoform=X1]	isoform_X1|EPYC|XP_056091727.1
EPYC	XP_056091728.1	isoform=X2	679	excluded	absolute_length	XP_056091728.1 epyc [organism=Rhinichthys klamathensis goyatoka] [GeneID=130071124] [isoform=X2]	isoform_X2|EPYC|XP_056091728.1
EPYC	XP_056091729.1	isoform=X3	462	excluded	relative_length	XP_056091729.1 epyc [organism=Rhinichthys klamathensis goyatoka] [GeneID=130071124] [isoform=X3]	isoform_X3|EPYC|XP_056091729.1
EPYC	XP_056091730.1	isoform=X4	375	excluded	extra_isoform_same_species	XP_056091730.1 epyc [organism=Rhinichthys klamathensis goyatoka] [GeneID=130071124] [isoform=X4]	isoform_X4|EPYC|XP_056091730.1
EPYC	XP_056091731.1	isoform=X5	342	kept	representative	XP_056091731.1 epyc [organism=Rhinichthys klamathensis goyatoka] [GeneID=130071124] [isoform=X5]	isoform_X5|EPYC|XP_056091731.1
EPYC	XP_055422367.1	GeneID=129641760	321	kept	representative	XP_055422367.1 EPYC [organism=Bubalus kerabau] [GeneID=129641760]	GeneID_129641760|EPYC|XP_055422367.1
EPYC	XP_051484845.1	GeneID=127388904	316	kept	representative	XP_051484845.1 EPYC [organism=Apus apus] [GeneID=127388904]	GeneID_127388904|EPYC|XP_051484845.1
EPYC	XP_086125241.1	GeneID=147310305	618	excluded	absolute_length	XP_086125241.1 epyc [organism=Aulonocara sp. 'chitande type north' Nkhata Bay] [GeneID=147310305]	GeneID_147310305|EPYC|XP_086125241.1
EPYC	XP_086125243.1	GeneID=147310305	618	excluded	absolute_length	XP_086125243.1 epyc [organism=Aulonocara sp. 'chitande type north' Nkhata Bay] [GeneID=147310305]	GeneID_147310305|EPYC|XP_086125243.1
EPYC	XP_086125244.1	GeneID=147310305	618	excluded	absolute_length	XP_086125244.1 epyc [organism=Aulonocara sp. 'chitande type north' Nkhata Bay] [GeneID=147310305]	GeneID_147310305|EPYC|XP_086125244.1
EPYC	XP_072511652.1	isoform=X1	318	excluded	extra_isoform_same_species	XP_072511652.1 EPYC [organism=Notamacropus eugenii] [GeneID=140534473] [isoform=X1]	isoform_X1|EPYC|XP_072511652.1
EPYC	XP_072511653.1	isoform=X2	257	excluded	extra_isoform_same_species	XP_072511653.1 EPYC [organism=Notamacropus eugenii] [GeneID=140534473] [isoform=X2]	isoform_X2|EPYC|XP_072511653.1
EPYC	XP_080207101.1	GeneID=308044331	316	kept	representative	XP_080207101.1 EPYC [organism=Nesoenas mayeri] [GeneID=308044331]	GeneID_308044331|EPYC|XP_080207101.1
EPYC	XP_011360068.1	GeneID=105293235	321	kept	representative	XP_011360068.1 EPYC [organism=Pteropus vampyrus] [GeneID=105293235]	GeneID_105293235|EPYC|XP_011360068.1
EPYC	XP_083429610.1	isoform=1	316	excluded	extra_isoform_same_species	XP_083429610.1 EPYC [organism=Podarcis filfolensis] [GeneID=310743306] [isoform=1]	isoform_1|EPYC|XP_083429610.1
EPYC	XP_083429611.1	isoform=1	316	excluded	extra_isoform_same_species	XP_083429611.1 EPYC [organism=Podarcis filfolensis] [GeneID=310743306] [isoform=1]	isoform_1|EPYC|XP_083429611.1
EPYC	XP_083429612.1	isoform=1	316	excluded	extra_isoform_same_species	XP_083429612.1 EPYC [organism=Podarcis filfolensis] [GeneID=310743306] [isoform=1]	isoform_1|EPYC|XP_083429612.1
EPYC	XP_083429613.1	isoform=1	316	excluded	extra_isoform_same_species	XP_083429613.1 EPYC [organism=Podarcis filfolensis] [GeneID=310743306] [isoform=1]	isoform_1|EPYC|XP_083429613.1
EPYC	XP_020750511.1	isoform=X1	260	excluded	extra_isoform_same_species	XP_020750511.1 EPYC [organism=Odocoileus virginianus] [GeneID=110138103] [isoform=X1]	isoform_X1|EPYC|XP_020750511.1
EPYC	XP_070310960.1	isoform=X2	321	kept	representative	XP_070310960.1 EPYC [organism=Odocoileus virginianus] [GeneID=110138103] [isoform=X2]	isoform_X2|EPYC|XP_070310960.1
EPYC	XP_068442958.1	GeneID=137791723	371	kept	representative	XP_068442958.1 epyc [organism=Clinocottus analis] [GeneID=137791723]	GeneID_137791723|EPYC|XP_068442958.1
EPYC	XP_069020942.1	isoform=X1	376	excluded	extra_isoform_same_species	XP_069020942.1 epyc [organism=Embiotoca jacksoni] [GeneID=138207545] [isoform=X1]	isoform_X1|EPYC|XP_069020942.1
EPYC	XP_069020944.1	isoform=X2	332	excluded	extra_isoform_same_species	XP_069020944.1 epyc [organism=Embiotoca jacksoni] [GeneID=138207545] [isoform=X2]	isoform_X2|EPYC|XP_069020944.1
EPYC	XP_075198549.1	GeneID=142301428	317	kept	representative	XP_075198549.1 EPYC [organism=Anomaloglossus baeobatrachus] [GeneID=142301428]	GeneID_142301428|EPYC|XP_075198549.1
EPYC	XP_017267206.1	GeneID=108233323	620	excluded	absolute_length	XP_017267206.1 epyc [organism=Kryptolebias marmoratus] [GeneID=108233323]	GeneID_108233323|EPYC|XP_017267206.1
EPYC	XP_082522387.1	GeneID=309829992	321	kept	representative	XP_082522387.1 EPYC [organism=Grampus griseus] [GeneID=309829992]	GeneID_309829992|EPYC|XP_082522387.1
EPYC	XP_049616559.1	isoform=X1	641	excluded	absolute_length	XP_049616559.1 epyc [organism=Syngnathus scovelli] [GeneID=125992039] [isoform=X1]	isoform_X1|EPYC|XP_049616559.1
EPYC	XP_049616560.1	isoform=X1	641	excluded	absolute_length	XP_049616560.1 epyc [organism=Syngnathus scovelli] [GeneID=125992039] [isoform=X1]	isoform_X1|EPYC|XP_049616560.1
EPYC	XP_049616561.1	isoform=X2	324	excluded	extra_isoform_same_species	XP_049616561.1 epyc [organism=Syngnathus scovelli] [GeneID=125992039] [isoform=X2]	isoform_X2|EPYC|XP_049616561.1
EPYC	XP_078138204.1	GeneID=139916701	604	excluded	absolute_length	XP_078138204.1 epyc [organism=Centroberyx gerrardi] [GeneID=139916701]	GeneID_139916701|EPYC|XP_078138204.1
EPYC	XP_024112745.2	GeneID=100433454	322	kept	representative	XP_024112745.2 EPYC [organism=Pongo abelii] [GeneID=100433454]	GeneID_100433454|EPYC|XP_024112745.2
EPYC	XP_063568289.1	GeneID=100433454	322	excluded	extra_isoform_same_species	XP_063568289.1 EPYC [organism=Pongo abelii] [GeneID=100433454]	GeneID_100433454|EPYC|XP_063568289.1
EPYC	XP_060232900.1	GeneID=110565734	322	kept	representative	XP_060232900.1 Epyc [organism=Meriones unguiculatus] [GeneID=110565734]	GeneID_110565734|EPYC|XP_060232900.1
EPYC	XP_040845529.1	GeneID=121162531	321	kept	representative	XP_040845529.1 EPYC [organism=Ochotona curzoniae] [GeneID=121162531]	GeneID_121162531|EPYC|XP_040845529.1
EPYC	XP_030711265.1	GeneID=115852544	321	kept	representative	XP_030711265.1 EPYC [organism=Globicephala melas] [GeneID=115852544]	GeneID_115852544|EPYC|XP_030711265.1
EPYC	XP_021543198.1	GeneID=110578010	321	kept	representative	XP_021543198.1 EPYC [organism=Neomonachus schauinslandi] [GeneID=110578010]	GeneID_110578010|EPYC|XP_021543198.1
EPYC	XP_025295003.1	GeneID=112654634	320	kept	representative	XP_025295003.1 EPYC [organism=Canis lupus dingo] [GeneID=112654634]	GeneID_112654634|EPYC|XP_025295003.1
EPYC	XP_025295006.1	GeneID=112654634	320	excluded	extra_isoform_same_species	XP_025295006.1 EPYC [organism=Canis lupus dingo] [GeneID=112654634]	GeneID_112654634|EPYC|XP_025295006.1
EPYC	XP_031169473.1	isoform=X1	634	excluded	absolute_length	XP_031169473.1 epyc [organism=Sander lucioperca] [GeneID=116060172] [isoform=X1]	isoform_X1|EPYC|XP_031169473.1
EPYC	XP_031169474.1	isoform=X4	430	excluded	relative_length	XP_031169474.1 epyc [organism=Sander lucioperca] [GeneID=116060172] [isoform=X4]	isoform_X4|EPYC|XP_031169474.1
EPYC	XP_035852128.1	isoform=X2	622	excluded	absolute_length	XP_035852128.1 epyc [organism=Sander lucioperca] [GeneID=116060172] [isoform=X2]	isoform_X2|EPYC|XP_035852128.1
EPYC	XP_035852129.1	isoform=X3	621	excluded	absolute_length	XP_035852129.1 epyc [organism=Sander lucioperca] [GeneID=116060172] [isoform=X3]	isoform_X3|EPYC|XP_035852129.1
EPYC	XP_041330319.1	GeneID=121357240	316	kept	representative	XP_041330319.1 EPYC [organism=Pyrgilauda ruficollis] [GeneID=121357240]	GeneID_121357240|EPYC|XP_041330319.1
EPYC	XP_084935687.1	GeneID=146443527	316	kept	representative	XP_084935687.1 EPYC [organism=Lichenostomus cassidix] [GeneID=146443527]	GeneID_146443527|EPYC|XP_084935687.1
EPYC	XP_072257336.1	GeneID=140323846	318	kept	representative	XP_072257336.1 EPYC [organism=Pyxicephalus adspersus] [GeneID=140323846]	GeneID_140323846|EPYC|XP_072257336.1
EPYC	XP_010219731.1	GeneID=104574178	177	excluded	absolute_length	XP_010219731.1 EPYC [organism=Tinamus guttatus] [GeneID=104574178]	GeneID_104574178|EPYC|XP_010219731.1
EPYC	XP_032502309.1	GeneID=116760893	321	kept	representative	XP_032502309.1 EPYC [organism=Phocoena sinus] [GeneID=116760893]	GeneID_116760893|EPYC|XP_032502309.1
EPYC	XP_044311433.1	GeneID=123036331	316	kept	representative	XP_044311433.1 EPYC [organism=Varanus komodoensis] [GeneID=123036331]	GeneID_123036331|EPYC|XP_044311433.1
EPYC	XP_086596189.1	GeneID=104474406	315	kept	representative	XP_086596189.1 EPYC [organism=Chlamydotis macqueenii] [GeneID=104474406]	GeneID_104474406|EPYC|XP_086596189.1
EPYC	XP_012324886.1	GeneID=105728916	322	kept	representative	XP_012324886.1 EPYC [organism=Aotus nancymaae] [GeneID=105728916]	GeneID_105728916|EPYC|XP_012324886.1
EPYC	XP_012324887.1	GeneID=105728916	322	excluded	extra_isoform_same_species	XP_012324887.1 EPYC [organism=Aotus nancymaae] [GeneID=105728916]	GeneID_105728916|EPYC|XP_012324887.1
EPYC	XP_012324888.1	GeneID=105728916	322	excluded	extra_isoform_same_species	XP_012324888.1 EPYC [organism=Aotus nancymaae] [GeneID=105728916]	GeneID_105728916|EPYC|XP_012324888.1
EPYC	XP_017521797.2	GeneID=108400741	320	kept	representative	XP_017521797.2 EPYC [organism=Manis javanica] [GeneID=108400741]	GeneID_108400741|EPYC|XP_017521797.2
EPYC	XP_027788587.1	GeneID=114089758	322	kept	representative	XP_027788587.1 Epyc [organism=Marmota flaviventris] [GeneID=114089758]	GeneID_114089758|EPYC|XP_027788587.1
EPYC	XP_077121544.1	GeneID=143776249	317	kept	representative	XP_077121544.1 EPYC [organism=Ranitomeya variabilis] [GeneID=143776249]	GeneID_143776249|EPYC|XP_077121544.1
EPYC	XP_017935747.1	GeneID=103767504	316	kept	representative	XP_017935747.1 EPYC [organism=Manacus vitellinus] [GeneID=103767504]	GeneID_103767504|EPYC|XP_017935747.1
EPYC	XP_036108307.1	GeneID=118624277	321	kept	representative	XP_036108307.1 EPYC [organism=Molossus molossus] [GeneID=118624277]	GeneID_118624277|EPYC|XP_036108307.1
EPYC	XP_045927963.1	GeneID=123984823	588	excluded	relative_length	XP_045927963.1 epyc [organism=Micropterus dolomieu] [GeneID=123984823]	GeneID_123984823|EPYC|XP_045927963.1
EPYC	XP_004845038.1	GeneID=101725511	322	kept	representative	XP_004845038.1 Epyc [organism=Heterocephalus glaber] [GeneID=101725511]	GeneID_101725511|EPYC|XP_004845038.1
EPYC	XP_030296404.1	isoform=X1	568	excluded	relative_length	XP_030296404.1 epyc [organism=Sparus aurata] [GeneID=115595746] [isoform=X1]	isoform_X1|EPYC|XP_030296404.1
EPYC	XP_030296405.1	isoform=X2	376	excluded	extra_isoform_same_species	XP_030296405.1 epyc [organism=Sparus aurata] [GeneID=115595746] [isoform=X2]	isoform_X2|EPYC|XP_030296405.1
EPYC	XP_030296407.1	isoform=X3	331	excluded	extra_isoform_same_species	XP_030296407.1 epyc [organism=Sparus aurata] [GeneID=115595746] [isoform=X3]	isoform_X3|EPYC|XP_030296407.1
EPYC	XP_048158013.1	GeneID=125325212	316	kept	representative	XP_048158013.1 EPYC [organism=Corvus hawaiiensis] [GeneID=125325212]	GeneID_125325212|EPYC|XP_048158013.1
EPYC	NP_001366385.1	GeneID=13516	322	kept	representative	NP_001366385.1 Epyc [organism=Mus musculus] [GeneID=13516]	GeneID_13516|EPYC|NP_001366385.1
EPYC	NP_031910.1	GeneID=13516	322	excluded	extra_isoform_same_species	NP_031910.1 Epyc [organism=Mus musculus] [GeneID=13516]	GeneID_13516|EPYC|NP_031910.1
EPYC	XP_039352971.1	GeneID=120377321	315	kept	representative	XP_039352971.1 EPYC [organism=Mauremys reevesii] [GeneID=120377321]	GeneID_120377321|EPYC|XP_039352971.1
EPYC	XP_074725512.1	GeneID=141943749	316	kept	representative	XP_074725512.1 EPYC [organism=Strix uralensis] [GeneID=141943749]	GeneID_141943749|EPYC|XP_074725512.1
EPYC	XP_076578967.1	GeneID=143315252	601	excluded	absolute_length	XP_076578967.1 epyc [organism=Chaetodon auriga] [GeneID=143315252]	GeneID_143315252|EPYC|XP_076578967.1
EPYC	XP_079612276.1	GeneID=307089734	208	excluded	relative_length	XP_079612276.1 epyc [organism=Pollachius pollachius] [GeneID=307089734]	GeneID_307089734|EPYC|XP_079612276.1
EPYC	XP_080469869.1	GeneID=308219148	316	kept	representative	XP_080469869.1 EPYC [organism=Psittacula echo] [GeneID=308219148]	GeneID_308219148|EPYC|XP_080469869.1
EPYC	XP_047431978.1	GeneID=125000455	607	excluded	absolute_length	XP_047431978.1 epyc [organism=Mugil cephalus] [GeneID=125000455]	GeneID_125000455|EPYC|XP_047431978.1
EPYC	XP_053364945.1	isoform=X1	821	excluded	absolute_length	XP_053364945.1 epyc [organism=Clarias gariepinus] [GeneID=128534518] [isoform=X1]	isoform_X1|EPYC|XP_053364945.1
EPYC	XP_053364946.1	isoform=X2	817	excluded	absolute_length	XP_053364946.1 epyc [organism=Clarias gariepinus] [GeneID=128534518] [isoform=X2]	isoform_X2|EPYC|XP_053364946.1
EPYC	XP_082110961.1	GeneID=309553565	318	kept	representative	XP_082110961.1 EPYC [organism=Pelophylax lessonae] [GeneID=309553565]	GeneID_309553565|EPYC|XP_082110961.1
EPYC	XP_006633678.1	GeneID=102683047	325	kept	representative	XP_006633678.1 epyc [organism=Lepisosteus oculatus] [GeneID=102683047]	GeneID_102683047|EPYC|XP_006633678.1
EPYC	XP_027307639.2	GeneID=101804801	316	kept	representative	XP_027307639.2 EPYC [organism=Anas platyrhynchos] [GeneID=101804801]	GeneID_101804801|EPYC|XP_027307639.2
EPYC	XP_064314410.1	GeneID=104051030	316	kept	representative	XP_064314410.1 EPYC [organism=Phalacrocorax carbo] [GeneID=104051030]	GeneID_104051030|EPYC|XP_064314410.1
EPYC	XP_066406641.1	GeneID=136557025	316	kept	representative	XP_066406641.1 EPYC [organism=Molothrus aeneus] [GeneID=136557025]	GeneID_136557025|EPYC|XP_066406641.1
EPYC	XP_076015056.1	isoform=X1	587	excluded	relative_length	XP_076015056.1 epyc [organism=Genypterus blacodes] [GeneID=143007547] [isoform=X1]	isoform_X1|EPYC|XP_076015056.1
EPYC	XP_076015058.1	isoform=X1	587	excluded	relative_length	XP_076015058.1 epyc [organism=Genypterus blacodes] [GeneID=143007547] [isoform=X1]	isoform_X1|EPYC|XP_076015058.1
EPYC	XP_076015059.1	isoform=X2	366	excluded	extra_isoform_same_species	XP_076015059.1 epyc [organism=Genypterus blacodes] [GeneID=143007547] [isoform=X2]	isoform_X2|EPYC|XP_076015059.1
EPYC	XP_076015060.1	isoform=X3	322	excluded	extra_isoform_same_species	XP_076015060.1 epyc [organism=Genypterus blacodes] [GeneID=143007547] [isoform=X3]	isoform_X3|EPYC|XP_076015060.1
EPYC	XP_017659720.1	GeneID=108492187	316	kept	representative	XP_017659720.1 EPYC [organism=Lepidothrix coronata] [GeneID=108492187]	GeneID_108492187|EPYC|XP_017659720.1
EPYC	XP_061618744.1	isoform=X1	668	excluded	absolute_length	XP_061618744.1 epyc [organism=Phyllopteryx taeniolatus] [GeneID=133472210] [isoform=X1]	isoform_X1|EPYC|XP_061618744.1
EPYC	XP_061618745.1	isoform=X2	650	excluded	absolute_length	XP_061618745.1 epyc [organism=Phyllopteryx taeniolatus] [GeneID=133472210] [isoform=X2]	isoform_X2|EPYC|XP_061618745.1
EPYC	XP_084130387.1	GeneID=311200093	316	kept	representative	XP_084130387.1 EPYC [organism=Gallinula chloropus] [GeneID=311200093]	GeneID_311200093|EPYC|XP_084130387.1
EPYC	XP_006009490.1	GeneID=102355160	330	kept	representative	XP_006009490.1 EPYC [organism=Latimeria chalumnae] [GeneID=102355160]	GeneID_102355160|EPYC|XP_006009490.1
EPYC	XP_070456782.1	GeneID=103554583	322	kept	representative	XP_070456782.1 EPYC [organism=Equus przewalskii] [GeneID=103554583]	GeneID_103554583|EPYC|XP_070456782.1
EPYC	XP_070456784.1	GeneID=103554583	322	excluded	extra_isoform_same_species	XP_070456784.1 EPYC [organism=Equus przewalskii] [GeneID=103554583]	GeneID_103554583|EPYC|XP_070456784.1
EPYC	XP_076776179.1	GeneID=143436123	322	kept	representative	XP_076776179.1 Epyc [organism=Arvicanthis niloticus] [GeneID=143436123]	GeneID_143436123|EPYC|XP_076776179.1
EPYC	XP_077399692.1	GeneID=144034646	652	excluded	absolute_length	XP_077399692.1 epyc [organism=Vanacampus margaritifer] [GeneID=144034646]	GeneID_144034646|EPYC|XP_077399692.1
EPYC	XP_032360486.1	isoform=X1	650	excluded	absolute_length	XP_032360486.1 epyc [organism=Etheostoma spectabile] [GeneID=116672765] [isoform=X1]	isoform_X1|EPYC|XP_032360486.1
EPYC	XP_032360487.1	isoform=X2	638	excluded	absolute_length	XP_032360487.1 epyc [organism=Etheostoma spectabile] [GeneID=116672765] [isoform=X2]	isoform_X2|EPYC|XP_032360487.1
EPYC	XP_032360488.1	isoform=X3	626	excluded	absolute_length	XP_032360488.1 epyc [organism=Etheostoma spectabile] [GeneID=116672765] [isoform=X3]	isoform_X3|EPYC|XP_032360488.1
EPYC	XP_032360489.1	isoform=X4	426	excluded	relative_length	XP_032360489.1 epyc [organism=Etheostoma spectabile] [GeneID=116672765] [isoform=X4]	isoform_X4|EPYC|XP_032360489.1
EPYC	XP_060021405.1	GeneID=132529130	321	kept	representative	XP_060021405.1 EPYC [organism=Lagenorhynchus albirostris] [GeneID=132529130]	GeneID_132529130|EPYC|XP_060021405.1
EPYC	XP_081862043.1	GeneID=309409711	316	kept	representative	XP_081862043.1 EPYC [organism=Phaethon aethereus] [GeneID=309409711]	GeneID_309409711|EPYC|XP_081862043.1
EPYC	XP_084262346.1	isoform=1	656	excluded	absolute_length	XP_084262346.1 epyc [organism=Rutilus rutilus] [GeneID=311288696] [isoform=1]	isoform_1|EPYC|XP_084262346.1
EPYC	XP_084262347.1	isoform=1	656	excluded	absolute_length	XP_084262347.1 epyc [organism=Rutilus rutilus] [GeneID=311288696] [isoform=1]	isoform_1|EPYC|XP_084262347.1
EPYC	XP_084262348.1	isoform=2	329	excluded	extra_isoform_same_species	XP_084262348.1 epyc [organism=Rutilus rutilus] [GeneID=311288696] [isoform=2]	isoform_2|EPYC|XP_084262348.1
EPYC	XP_084430001.1	GeneID=311508888	398	kept	representative	XP_084430001.1 epyc [organism=Chelon labrosus] [GeneID=311508888]	GeneID_311508888|EPYC|XP_084430001.1
EPYC	XP_061815506.1	GeneID=133606022	619	excluded	absolute_length	XP_061815506.1 epyc [organism=Nerophis lumbriciformis] [GeneID=133606022]	GeneID_133606022|EPYC|XP_061815506.1
EPYC	XP_080096248.1	GeneID=145377328	323	kept	representative	XP_080096248.1 epyc [organism=Raja brachyura] [GeneID=145377328]	GeneID_145377328|EPYC|XP_080096248.1
EPYC	XP_028737021.1	GeneID=114701194	322	kept	representative	XP_028737021.1 Epyc [organism=Peromyscus leucopus] [GeneID=114701194]	GeneID_114701194|EPYC|XP_028737021.1
EPYC	XP_037052692.1	GeneID=114701194	322	excluded	extra_isoform_same_species	XP_037052692.1 Epyc [organism=Peromyscus leucopus] [GeneID=114701194]	GeneID_114701194|EPYC|XP_037052692.1
EPYC	XP_083319161.1	isoform=1	316	excluded	extra_isoform_same_species	XP_083319161.1 EPYC [organism=Podarcis liolepis] [GeneID=310687647] [isoform=1]	isoform_1|EPYC|XP_083319161.1
EPYC	XP_083319162.1	isoform=1	316	excluded	extra_isoform_same_species	XP_083319162.1 EPYC [organism=Podarcis liolepis] [GeneID=310687647] [isoform=1]	isoform_1|EPYC|XP_083319162.1
EPYC	XP_083319163.1	isoform=1	316	excluded	extra_isoform_same_species	XP_083319163.1 EPYC [organism=Podarcis liolepis] [GeneID=310687647] [isoform=1]	isoform_1|EPYC|XP_083319163.1
EPYC	XP_083319164.1	isoform=1	316	excluded	extra_isoform_same_species	XP_083319164.1 EPYC [organism=Podarcis liolepis] [GeneID=310687647] [isoform=1]	isoform_1|EPYC|XP_083319164.1
EPYC	XP_005679865.2	GeneID=102175465	321	kept	representative	XP_005679865.2 EPYC [organism=Capra hircus] [GeneID=102175465]	GeneID_102175465|EPYC|XP_005679865.2
EPYC	XP_036723036.1	GeneID=118902602	321	kept	representative	XP_036723036.1 EPYC [organism=Balaenoptera musculus] [GeneID=118902602]	GeneID_118902602|EPYC|XP_036723036.1
EPYC	XP_085959230.1	GeneID=147186207	656	excluded	absolute_length	XP_085959230.1 epyc [organism=Hippocampus guttulatus] [GeneID=147186207]	GeneID_147186207|EPYC|XP_085959230.1
EPYC	XP_048355146.1	GeneID=125434180	316	kept	representative	XP_048355146.1 EPYC [organism=Sphaerodactylus townsendi] [GeneID=125434180]	GeneID_125434180|EPYC|XP_048355146.1
EPYC	XP_072829346.1	isoform=X1	320	excluded	extra_isoform_same_species	XP_072829346.1 EPYC [organism=Vicugna pacos] [GeneID=102541768] [isoform=X1]	isoform_X1|EPYC|XP_072829346.1
EPYC	XP_072829347.1	isoform=X2	320	excluded	extra_isoform_same_species	XP_072829347.1 EPYC [organism=Vicugna pacos] [GeneID=102541768] [isoform=X2]	isoform_X2|EPYC|XP_072829347.1
EPYC	XP_070848078.1	GeneID=139350523	331	kept	representative	XP_070848078.1 epyc [organism=Chaetodon trifascialis] [GeneID=139350523]	GeneID_139350523|EPYC|XP_070848078.1
EPYC	XP_078530387.1	GeneID=144816451	318	kept	representative	XP_078530387.1 EPYC [organism=Lissotriton helveticus] [GeneID=144816451]	GeneID_144816451|EPYC|XP_078530387.1
EPYC	XP_008398797.3	GeneID=103459204	591	excluded	relative_length	XP_008398797.3 epyc [organism=Poecilia reticulata] [GeneID=103459204]	GeneID_103459204|EPYC|XP_008398797.3
EPYC	XP_032445157.1	GeneID=116736655	594	excluded	relative_length	XP_032445157.1 epyc [organism=Xiphophorus hellerii] [GeneID=116736655]	GeneID_116736655|EPYC|XP_032445157.1
EPYC	XP_009972983.3	GeneID=104367532	316	kept	representative	XP_009972983.3 EPYC [organism=Tyto alba] [GeneID=104367532]	GeneID_104367532|EPYC|XP_009972983.3
EPYC	XP_034983679.2	GeneID=118091133	326	kept	representative	XP_034983679.2 EPYC [organism=Zootoca vivipara] [GeneID=118091133]	GeneID_118091133|EPYC|XP_034983679.2
EPYC	XP_059703863.1	GeneID=132328100	316	kept	representative	XP_059703863.1 EPYC [organism=Haemorhous mexicanus] [GeneID=132328100]	GeneID_132328100|EPYC|XP_059703863.1
EPYC	XP_011233323.1	GeneID=100466611	321	kept	representative	XP_011233323.1 EPYC [organism=Ailuropoda melanoleuca] [GeneID=100466611]	GeneID_100466611|EPYC|XP_011233323.1
EPYC	XP_029858498.1	GeneID=115336105	316	kept	representative	XP_029858498.1 EPYC [organism=Aquila chrysaetos chrysaetos] [GeneID=115336105]	GeneID_115336105|EPYC|XP_029858498.1
EPYC	XP_085162079.1	GeneID=146595324	316	kept	representative	XP_085162079.1 EPYC [organism=Rhea americana] [GeneID=146595324]	GeneID_146595324|EPYC|XP_085162079.1
EPYC	XP_025959919.1	GeneID=112985492	316	kept	representative	XP_025959919.1 EPYC [organism=Dromaius novaehollandiae] [GeneID=112985492]	GeneID_112985492|EPYC|XP_025959919.1
EPYC	XP_028810371.1	isoform=X1	647	excluded	absolute_length	XP_028810371.1 epyc [organism=Denticeps clupeoides] [GeneID=114764701] [isoform=X1]	isoform_X1|EPYC|XP_028810371.1
EPYC	XP_028810373.1	isoform=X1	647	excluded	absolute_length	XP_028810373.1 epyc [organism=Denticeps clupeoides] [GeneID=114764701] [isoform=X1]	isoform_X1|EPYC|XP_028810373.1
EPYC	XP_028810374.1	isoform=X2	430	excluded	relative_length	XP_028810374.1 epyc [organism=Denticeps clupeoides] [GeneID=114764701] [isoform=X2]	isoform_X2|EPYC|XP_028810374.1
EPYC	XP_028810375.1	isoform=X3	309	excluded	extra_isoform_same_species	XP_028810375.1 epyc [organism=Denticeps clupeoides] [GeneID=114764701] [isoform=X3]	isoform_X3|EPYC|XP_028810375.1
EPYC	XP_027698344.1	GeneID=114028298	257	kept	representative	XP_027698344.1 EPYC [organism=Vombatus ursinus] [GeneID=114028298]	GeneID_114028298|EPYC|XP_027698344.1
EPYC	XP_032202683.1	isoform=X1	321	excluded	extra_isoform_same_species	XP_032202683.1 EPYC [organism=Mustela erminea] [GeneID=116593031] [isoform=X1]	isoform_X1|EPYC|XP_032202683.1
EPYC	XP_032202684.1	isoform=X2	260	excluded	extra_isoform_same_species	XP_032202684.1 EPYC [organism=Mustela erminea] [GeneID=116593031] [isoform=X2]	isoform_X2|EPYC|XP_032202684.1
EPYC	XP_060978165.1	GeneID=133041478	321	kept	representative	XP_060978165.1 EPYC [organism=Dama dama] [GeneID=133041478]	GeneID_133041478|EPYC|XP_060978165.1
EPYC	XP_071280408.1	GeneID=139588694	316	kept	representative	XP_071280408.1 EPYC [organism=Agelaius tricolor] [GeneID=139588694]	GeneID_139588694|EPYC|XP_071280408.1
EPYC	XP_075061428.1	GeneID=142150081	315	kept	representative	XP_075061428.1 EPYC [organism=Mixophyes fleayi] [GeneID=142150081]	GeneID_142150081|EPYC|XP_075061428.1
EPYC	XP_075061429.1	GeneID=142150081	315	excluded	extra_isoform_same_species	XP_075061429.1 EPYC [organism=Mixophyes fleayi] [GeneID=142150081]	GeneID_142150081|EPYC|XP_075061429.1
EPYC	XP_036978202.1	isoform=X1	576	excluded	relative_length	XP_036978202.1 epyc [organism=Acanthopagrus latus] [GeneID=119032776] [isoform=X1]	isoform_X1|EPYC|XP_036978202.1
EPYC	XP_036978203.1	isoform=X2	477	excluded	relative_length	XP_036978203.1 epyc [organism=Acanthopagrus latus] [GeneID=119032776] [isoform=X2]	isoform_X2|EPYC|XP_036978203.1
EPYC	XP_036978204.1	isoform=X2	477	excluded	relative_length	XP_036978204.1 epyc [organism=Acanthopagrus latus] [GeneID=119032776] [isoform=X2]	isoform_X2|EPYC|XP_036978204.1
EPYC	XP_054910643.1	GeneID=129375526	572	excluded	relative_length	XP_054910643.1 epyc [organism=Poeciliopsis prolifica] [GeneID=129375526]	GeneID_129375526|EPYC|XP_054910643.1
EPYC	XP_061768155.1	GeneID=133560079	650	excluded	absolute_length	XP_061768155.1 epyc [organism=Nerophis ophidion] [GeneID=133560079]	GeneID_133560079|EPYC|XP_061768155.1
EPYC	XP_009904295.2	GeneID=104305170	316	kept	representative	XP_009904295.2 EPYC [organism=Dryobates pubescens] [GeneID=104305170]	GeneID_104305170|EPYC|XP_009904295.2
EPYC	XP_026964052.1	GeneID=113621323	321	kept	representative	XP_026964052.1 EPYC [organism=Aethalodelphis obliquidens] [GeneID=113621323]	GeneID_113621323|EPYC|XP_026964052.1
EPYC	NP_001101558.1	GeneID=314772	359	excluded	extra_isoform_same_species	NP_001101558.1 Epyc [organism=Rattus norvegicus] [GeneID=314772]	GeneID_314772|EPYC|NP_001101558.1
EPYC	NP_001421500.1	GeneID=314772	322	kept	representative	NP_001421500.1 Epyc [organism=Rattus norvegicus] [GeneID=314772]	GeneID_314772|EPYC|NP_001421500.1
EPYC	XP_006241348.1	GeneID=314772	322	excluded	extra_isoform_same_species	XP_006241348.1 Epyc [organism=Rattus norvegicus] [GeneID=314772]	GeneID_314772|EPYC|XP_006241348.1
EPYC	XP_005874708.1	GeneID=102261500	321	kept	representative	XP_005874708.1 EPYC [organism=Myotis brandtii] [GeneID=102261500]	GeneID_102261500|EPYC|XP_005874708.1
EPYC	XP_003221176.1	GeneID=100560848	317	kept	representative	XP_003221176.1 epyc [organism=Anolis carolinensis] [GeneID=100560848]	GeneID_100560848|EPYC|XP_003221176.1
EPYC	XP_057933159.2	GeneID=131132022	649	excluded	absolute_length	XP_057933159.2 epyc [organism=Doryrhamphus excisus] [GeneID=131132022]	GeneID_131132022|EPYC|XP_057933159.2
EPYC	XP_080348115.1	GeneID=308127152	598	excluded	relative_length	XP_080348115.1 epyc [organism=Lipophrys pholis] [GeneID=308127152]	GeneID_308127152|EPYC|XP_080348115.1
EPYC	XP_009577913.1	GeneID=104078103	316	kept	representative	XP_009577913.1 EPYC [organism=Fulmarus glacialis] [GeneID=104078103]	GeneID_104078103|EPYC|XP_009577913.1
EPYC	XP_022408183.1	GeneID=111163624	321	kept	representative	XP_022408183.1 EPYC [organism=Delphinapterus leucas] [GeneID=111163624]	GeneID_111163624|EPYC|XP_022408183.1
EPYC	XP_012791602.2	GeneID=101553925	318	kept	representative	XP_012791602.2 EPYC [organism=Sorex araneus] [GeneID=101553925]	GeneID_101553925|EPYC|XP_012791602.2
EPYC	XP_042672095.1	GeneID=122159015	316	kept	representative	XP_042672095.1 EPYC [organism=Centrocercus urophasianus] [GeneID=122159015]	GeneID_122159015|EPYC|XP_042672095.1
EPYC	XP_023487118.1	GeneID=100051709	322	kept	representative	XP_023487118.1 EPYC [organism=Equus caballus] [GeneID=100051709]	GeneID_100051709|EPYC|XP_023487118.1
EPYC	XP_070110664.1	GeneID=100051709	322	excluded	extra_isoform_same_species	XP_070110664.1 EPYC [organism=Equus caballus] [GeneID=100051709]	GeneID_100051709|EPYC|XP_070110664.1
EPYC	XP_033808741.1	GeneID=117364062	323	kept	representative	XP_033808741.1 EPYC [organism=Geotrypetes seraphini] [GeneID=117364062]	GeneID_117364062|EPYC|XP_033808741.1
EPYC	XP_072233849.1	GeneID=140283094	579	excluded	relative_length	XP_072233849.1 epyc [organism=Leuresthes tenuis] [GeneID=140283094]	GeneID_140283094|EPYC|XP_072233849.1
EPYC	XP_075968026.1	GeneID=142971244	595	excluded	relative_length	XP_075968026.1 epyc [organism=Anarhichas minor] [GeneID=142971244]	GeneID_142971244|EPYC|XP_075968026.1
EPYC	XP_079046896.1	GeneID=306718518	316	kept	representative	XP_079046896.1 EPYC [organism=Caprimulgus europaeus] [GeneID=306718518]	GeneID_306718518|EPYC|XP_079046896.1
EPYC	XP_080791474.1	GeneID=308434888	322	kept	representative	XP_080791474.1 EPYC [organism=Micromys minutus] [GeneID=308434888]	GeneID_308434888|EPYC|XP_080791474.1
EPYC	XP_009864550.1	GeneID=104271551	316	kept	representative	XP_009864550.1 EPYC [organism=Apaloderma vittatum] [GeneID=104271551]	GeneID_104271551|EPYC|XP_009864550.1
EPYC	XP_058661768.1	GeneID=131558164	316	kept	representative	XP_058661768.1 EPYC [organism=Ammospiza caudacuta] [GeneID=131558164]	GeneID_131558164|EPYC|XP_058661768.1
EPYC	XP_059328851.1	GeneID=132073675	316	kept	representative	XP_059328851.1 EPYC [organism=Ammospiza nelsoni] [GeneID=132073675]	GeneID_132073675|EPYC|XP_059328851.1
EPYC	XP_062347436.1	GeneID=134043290	316	kept	representative	XP_062347436.1 EPYC [organism=Cinclus cinclus] [GeneID=134043290]	GeneID_134043290|EPYC|XP_062347436.1
EPYC	XP_040008712.1	GeneID=120803825	623	excluded	absolute_length	XP_040008712.1 epyc [organism=Xiphias gladius] [GeneID=120803825]	GeneID_120803825|EPYC|XP_040008712.1
EPYC	XP_009976751.1	GeneID=104372693	304	kept	representative	XP_009976751.1 EPYC [organism=Tauraco erythrolophus] [GeneID=104372693]	GeneID_104372693|EPYC|XP_009976751.1
EPYC	XP_019301957.1	GeneID=109265310	320	kept	representative	XP_019301957.1 EPYC [organism=Panthera pardus] [GeneID=109265310]	GeneID_109265310|EPYC|XP_019301957.1
EPYC	XP_041833608.1	isoform=X1	368	excluded	extra_isoform_same_species	XP_041833608.1 epyc [organism=Melanotaenia boesemani] [GeneID=121634768] [isoform=X1]	isoform_X1|EPYC|XP_041833608.1
EPYC	XP_041833609.1	isoform=X2	324	excluded	extra_isoform_same_species	XP_041833609.1 epyc [organism=Melanotaenia boesemani] [GeneID=121634768] [isoform=X2]	isoform_X2|EPYC|XP_041833609.1
EPYC	XP_048011441.1	isoform=X1	668	excluded	absolute_length	XP_048011441.1 epyc [organism=Megalobrama amblycephala] [GeneID=125245051] [isoform=X1]	isoform_X1|EPYC|XP_048011441.1
EPYC	XP_048011445.1	isoform=X2	340	excluded	extra_isoform_same_species	XP_048011445.1 epyc [organism=Megalobrama amblycephala] [GeneID=125245051] [isoform=X2]	isoform_X2|EPYC|XP_048011445.1
EPYC	XP_056371980.1	isoform=X1	338	excluded	extra_isoform_same_species	XP_056371980.1 EPYC [organism=Oenanthe melanoleuca] [GeneID=130266740] [isoform=X1]	isoform_X1|EPYC|XP_056371980.1
EPYC	XP_056371984.1	isoform=X2	316	excluded	extra_isoform_same_species	XP_056371984.1 EPYC [organism=Oenanthe melanoleuca] [GeneID=130266740] [isoform=X2]	isoform_X2|EPYC|XP_056371984.1
EPYC	XP_082136041.1	GeneID=309571976	316	kept	representative	XP_082136041.1 EPYC [organism=Coloeus monedula] [GeneID=309571976]	GeneID_309571976|EPYC|XP_082136041.1
EPYC	XP_025914231.1	GeneID=112962374	316	kept	representative	XP_025914231.1 EPYC [organism=Apteryx rowi] [GeneID=112962374]	GeneID_112962374|EPYC|XP_025914231.1
EPYC	XP_054481042.1	GeneID=129112832	590	excluded	relative_length	XP_054481042.1 epyc [organism=Anoplopoma fimbria] [GeneID=129112832]	GeneID_129112832|EPYC|XP_054481042.1
EPYC	XP_073937887.1	GeneID=109679929	322	kept	representative	XP_073937887.1 Epyc [organism=Castor canadensis] [GeneID=109679929]	GeneID_109679929|EPYC|XP_073937887.1
EPYC	XP_065791559.1	GeneID=136167917	321	kept	representative	XP_065791559.1 EPYC [organism=Muntiacus reevesi] [GeneID=136167917]	GeneID_136167917|EPYC|XP_065791559.1
EPYC	XP_066174848.1	GeneID=136361076	352	kept	representative	XP_066174848.1 EPYC [organism=Sylvia atricapilla] [GeneID=136361076]	GeneID_136361076|EPYC|XP_066174848.1
EPYC	XP_014744564.1	GeneID=106860943	316	kept	representative	XP_014744564.1 EPYC [organism=Sturnus vulgaris] [GeneID=106860943]	GeneID_106860943|EPYC|XP_014744564.1
EPYC	XP_021061063.1	GeneID=110326808	322	kept	representative	XP_021061063.1 Epyc [organism=Mus pahari] [GeneID=110326808]	GeneID_110326808|EPYC|XP_021061063.1
EPYC	XP_021061065.1	GeneID=110326808	322	excluded	extra_isoform_same_species	XP_021061065.1 Epyc [organism=Mus pahari] [GeneID=110326808]	GeneID_110326808|EPYC|XP_021061065.1
EPYC	XP_022605414.1	GeneID=111224976	605	excluded	absolute_length	XP_022605414.1 epyc [organism=Seriola dumerili] [GeneID=111224976]	GeneID_111224976|EPYC|XP_022605414.1
EPYC	XP_027450107.1	GeneID=113922408	426	excluded	relative_length	XP_027450107.1 EPYC [organism=Zalophus californianus] [GeneID=113922408]	GeneID_113922408|EPYC|XP_027450107.1
EPYC	XP_055973857.1	GeneID=130027211	318	kept	representative	XP_055973857.1 EPYC [organism=Sorex fumeus] [GeneID=130027211]	GeneID_130027211|EPYC|XP_055973857.1
EPYC	XP_061493769.1	GeneID=133389949	316	kept	representative	XP_061493769.1 EPYC [organism=Rhineura floridana] [GeneID=133389949]	GeneID_133389949|EPYC|XP_061493769.1
EPYC	XP_085539298.1	GeneID=125389968	322	kept	representative	XP_085539298.1 Epyc [organism=Myodes glareolus] [GeneID=125389968]	GeneID_125389968|EPYC|XP_085539298.1
EPYC	XP_037703632.1	GeneID=119543071	318	kept	representative	XP_037703632.1 EPYC [organism=Choloepus didactylus] [GeneID=119543071]	GeneID_119543071|EPYC|XP_037703632.1
EPYC	XP_043825101.1	GeneID=122729992	318	kept	representative	XP_043825101.1 EPYC [organism=Dromiciops gliroides] [GeneID=122729992]	GeneID_122729992|EPYC|XP_043825101.1
EPYC	XP_001134960.3	GeneID=452118	322	kept	representative	XP_001134960.3 EPYC [organism=Pan troglodytes] [GeneID=452118]	GeneID_452118|EPYC|XP_001134960.3
EPYC	XP_083384116.1	GeneID=310718879	657	excluded	absolute_length	XP_083384116.1 epyc [organism=Silurus aristotelis] [GeneID=310718879]	GeneID_310718879|EPYC|XP_083384116.1
EPYC	XP_075284781.1	GeneID=104334469	315	kept	representative	XP_075284781.1 EPYC [organism=Opisthocomus hoazin] [GeneID=104334469]	GeneID_104334469|EPYC|XP_075284781.1
EPYC	XP_009807804.1	GeneID=104255434	316	kept	representative	XP_009807804.1 EPYC [organism=Gavia stellata] [GeneID=104255434]	GeneID_104255434|EPYC|XP_009807804.1
EPYC	XP_079510077.1	isoform=1	589	excluded	relative_length	XP_079510077.1 epyc [organism=Notothenia rossii] [GeneID=307021637] [isoform=1]	isoform_1|EPYC|XP_079510077.1
EPYC	XP_079510078.1	isoform=2	477	excluded	relative_length	XP_079510078.1 epyc [organism=Notothenia rossii] [GeneID=307021637] [isoform=2]	isoform_2|EPYC|XP_079510078.1
EPYC	XP_003783410.1	GeneID=100947098	322	kept	representative	XP_003783410.1 EPYC [organism=Otolemur garnettii] [GeneID=100947098]	GeneID_100947098|EPYC|XP_003783410.1
EPYC	XP_009072507.1	GeneID=103801828	316	kept	representative	XP_009072507.1 EPYC [organism=Acanthisitta chloris] [GeneID=103801828]	GeneID_103801828|EPYC|XP_009072507.1
EPYC	XP_025891312.1	GeneID=112944149	316	kept	representative	XP_025891312.1 EPYC [organism=Nothoprocta perdicaria] [GeneID=112944149]	GeneID_112944149|EPYC|XP_025891312.1
EPYC	XP_033018629.1	GeneID=117054191	316	kept	representative	XP_033018629.1 EPYC [organism=Lacerta agilis] [GeneID=117054191]	GeneID_117054191|EPYC|XP_033018629.1
EPYC	XP_033018630.1	GeneID=117054191	316	excluded	extra_isoform_same_species	XP_033018630.1 EPYC [organism=Lacerta agilis] [GeneID=117054191]	GeneID_117054191|EPYC|XP_033018630.1
EPYC	XP_004083110.1	isoform=X1	584	excluded	relative_length	XP_004083110.1 epyc [organism=Oryzias latipes] [GeneID=101170808] [isoform=X1]	isoform_X1|EPYC|XP_004083110.1
EPYC	XP_078797689.1	isoform=X2	366	excluded	extra_isoform_same_species	XP_078797689.1 epyc [organism=Oryzias latipes] [GeneID=101170808] [isoform=X2]	isoform_X2|EPYC|XP_078797689.1
EPYC	XP_026216877.1	GeneID=113162856	782	excluded	absolute_length	XP_026216877.1 epyc [organism=Anabas testudineus] [GeneID=113162856]	GeneID_113162856|EPYC|XP_026216877.1
EPYC	XP_068048108.1	GeneID=137475001	316	kept	representative	XP_068048108.1 EPYC [organism=Anomalospiza imberbis] [GeneID=137475001]	GeneID_137475001|EPYC|XP_068048108.1
EPYC	XP_032027569.1	GeneID=116479684	322	kept	representative	XP_032027569.1 EPYC [organism=Hylobates moloch] [GeneID=116479684]	GeneID_116479684|EPYC|XP_032027569.1
EPYC	XP_039198223.1	GeneID=120307468	324	kept	representative	XP_039198223.1 EPYC [organism=Crotalus tigris] [GeneID=120307468]	GeneID_120307468|EPYC|XP_039198223.1
EPYC	XP_046878992.1	GeneID=124469628	588	excluded	relative_length	XP_046878992.1 epyc [organism=Hypomesus transpacificus] [GeneID=124469628]	GeneID_124469628|EPYC|XP_046878992.1
EPYC	XP_020143524.1	GeneID=105865380	322	kept	representative	XP_020143524.1 EPYC [organism=Microcebus murinus] [GeneID=105865380]	GeneID_105865380|EPYC|XP_020143524.1
EPYC	XP_045723182.1	GeneID=123837934	321	kept	representative	XP_045723182.1 EPYC [organism=Mirounga angustirostris] [GeneID=123837934]	GeneID_123837934|EPYC|XP_045723182.1
EPYC	XP_058424662.1	GeneID=131421822	320	kept	representative	XP_058424662.1 EPYC [organism=Diceros bicornis minor] [GeneID=131421822]	GeneID_131421822|EPYC|XP_058424662.1
EPYC	XP_022527498.2	GeneID=103028295	751	excluded	absolute_length	XP_022527498.2 epyc [organism=Astyanax mexicanus] [GeneID=103028295]	GeneID_103028295|EPYC|XP_022527498.2
EPYC	XP_063762133.1	GeneID=134879516	597	excluded	relative_length	XP_063762133.1 epyc [organism=Eleginops maclovinus] [GeneID=134879516]	GeneID_134879516|EPYC|XP_063762133.1
EPYC	XP_063762134.1	GeneID=134879516	597	excluded	relative_length	XP_063762134.1 epyc [organism=Eleginops maclovinus] [GeneID=134879516]	GeneID_134879516|EPYC|XP_063762134.1
EPYC	XP_044083525.1	GeneID=122891716	321	kept	representative	XP_044083525.1 EPYC [organism=Neogale vison] [GeneID=122891716]	GeneID_122891716|EPYC|XP_044083525.1
EPYC	XP_047659687.1	GeneID=125139503	682	excluded	absolute_length	XP_047659687.1 epyc [organism=Tachysurus fulvidraco] [GeneID=125139503]	GeneID_125139503|EPYC|XP_047659687.1
EPYC	XP_049482032.1	GeneID=125919402	320	kept	representative	XP_049482032.1 EPYC [organism=Panthera uncia] [GeneID=125919402]	GeneID_125919402|EPYC|XP_049482032.1
EPYC	XP_004417997.1	GeneID=101404394	320	kept	representative	XP_004417997.1 LOC101404394 [organism=Ceratotherium simum simum] [GeneID=101404394]	GeneID_101404394|EPYC|XP_004417997.1
EPYC	XP_032730041.1	GeneID=116877431	320	kept	representative	XP_032730041.1 EPYC [organism=Lontra canadensis] [GeneID=116877431]	GeneID_116877431|EPYC|XP_032730041.1
EPYC	XP_036312788.1	GeneID=118729402	320	kept	representative	XP_036312788.1 EPYC [organism=Pipistrellus kuhlii] [GeneID=118729402]	GeneID_118729402|EPYC|XP_036312788.1
EPYC	XP_042549315.1	GeneID=122119305	322	kept	representative	XP_042549315.1 Epyc [organism=Dipodomys spectabilis] [GeneID=122119305]	GeneID_122119305|EPYC|XP_042549315.1
EPYC	XP_043877849.1	GeneID=122766759	617	excluded	absolute_length	XP_043877849.1 epyc [organism=Solea senegalensis] [GeneID=122766759]	GeneID_122766759|EPYC|XP_043877849.1
EPYC	XP_013038009.1	isoform=X2	316	excluded	extra_isoform_same_species	XP_013038009.1 EPYC [organism=Anser cygnoides] [GeneID=106036909] [isoform=X2]	isoform_X2|EPYC|XP_013038009.1
EPYC	XP_066851280.1	isoform=X1	332	excluded	extra_isoform_same_species	XP_066851280.1 EPYC [organism=Anser cygnoides] [GeneID=106036909] [isoform=X1]	isoform_X1|EPYC|XP_066851280.1
EPYC	XP_066851286.1	isoform=X2	316	excluded	extra_isoform_same_species	XP_066851286.1 EPYC [organism=Anser cygnoides] [GeneID=106036909] [isoform=X2]	isoform_X2|EPYC|XP_066851286.1
EPYC	XP_033931186.1	GeneID=117439382	583	excluded	relative_length	XP_033931186.1 epyc [organism=Pseudochaenichthys georgianus] [GeneID=117439382]	GeneID_117439382|EPYC|XP_033931186.1
EPYC	XP_004675881.1	GeneID=101619660	319	kept	representative	XP_004675881.1 EPYC [organism=Condylura cristata] [GeneID=101619660]	GeneID_101619660|EPYC|XP_004675881.1
EPYC	XP_035759421.1	GeneID=104134506	316	kept	representative	XP_035759421.1 EPYC [organism=Egretta garzetta] [GeneID=104134506]	GeneID_104134506|EPYC|XP_035759421.1
EPYC	XP_042325386.1	GeneID=121931552	314	kept	representative	XP_042325386.1 EPYC [organism=Sceloporus undulatus] [GeneID=121931552]	GeneID_121931552|EPYC|XP_042325386.1
EPYC	XP_044133147.1	GeneID=122925862	317	kept	representative	XP_044133147.1 EPYC [organism=Bufo gargarizans] [GeneID=122925862]	GeneID_122925862|EPYC|XP_044133147.1
EPYC	XP_079878644.1	isoform=1	629	excluded	absolute_length	XP_079878644.1 epyc [organism=Zeus faber] [GeneID=307246558] [isoform=1]	isoform_1|EPYC|XP_079878644.1
EPYC	XP_079878645.1	isoform=2	628	excluded	absolute_length	XP_079878645.1 epyc [organism=Zeus faber] [GeneID=307246558] [isoform=2]	isoform_2|EPYC|XP_079878645.1
EPYC	XP_016070701.1	GeneID=107538881	321	kept	representative	XP_016070701.1 EPYC [organism=Miniopterus natalensis] [GeneID=107538881]	GeneID_107538881|EPYC|XP_016070701.1
EPYC	XP_018412228.1	GeneID=108787231	318	kept	representative	XP_018412228.1 EPYC [organism=Nanorana parkeri] [GeneID=108787231]	GeneID_108787231|EPYC|XP_018412228.1
EPYC	XP_036257115.1	GeneID=118698133	316	kept	representative	XP_036257115.1 EPYC [organism=Molothrus ater] [GeneID=118698133]	GeneID_118698133|EPYC|XP_036257115.1
EPYC	XP_036617605.1	GeneID=118852069	318	kept	representative	XP_036617605.1 EPYC [organism=Trichosurus vulpecula] [GeneID=118852069]	GeneID_118852069|EPYC|XP_036617605.1
EPYC	XP_040200080.1	GeneID=120932051	316	kept	representative	XP_040200080.1 EPYC [organism=Rana temporaria] [GeneID=120932051]	GeneID_120932051|EPYC|XP_040200080.1
EPYC	XP_057597033.1	GeneID=130856562	321	kept	representative	XP_057597033.1 EPYC [organism=Hippopotamus amphibius kiboko] [GeneID=130856562]	GeneID_130856562|EPYC|XP_057597033.1
EPYC	XP_004650226.2	GeneID=101607387	322	kept	representative	XP_004650226.2 Epyc [organism=Jaculus jaculus] [GeneID=101607387]	GeneID_101607387|EPYC|XP_004650226.2
EPYC	XP_035113067.1	GeneID=100406980	322	kept	representative	XP_035113067.1 EPYC [organism=Callithrix jacchus] [GeneID=100406980]	GeneID_100406980|EPYC|XP_035113067.1
EPYC	XP_054094677.1	GeneID=100406980	322	excluded	extra_isoform_same_species	XP_054094677.1 EPYC [organism=Callithrix jacchus] [GeneID=100406980]	GeneID_100406980|EPYC|XP_054094677.1
EPYC	XP_030815217.1	GeneID=115909783	316	kept	representative	XP_030815217.1 EPYC [organism=Camarhynchus parvulus] [GeneID=115909783]	GeneID_115909783|EPYC|XP_030815217.1
EPYC	XP_041637288.1	GeneID=121505803	592	excluded	relative_length	XP_041637288.1 epyc [organism=Cheilinus undulatus] [GeneID=121505803]	GeneID_121505803|EPYC|XP_041637288.1
EPYC	XP_056223065.1	GeneID=130163175	607	excluded	absolute_length	XP_056223065.1 epyc [organism=Seriola aureovittata] [GeneID=130163175]	GeneID_130163175|EPYC|XP_056223065.1
EPYC	XP_060101153.1	GeneID=132576217	316	kept	representative	XP_060101153.1 EPYC [organism=Heteronotia binoei] [GeneID=132576217]	GeneID_132576217|EPYC|XP_060101153.1
EPYC	XP_061207215.1	GeneID=133211112	316	kept	representative	XP_061207215.1 EPYC [organism=Neopsephotus bourkii] [GeneID=133211112]	GeneID_133211112|EPYC|XP_061207215.1
EPYC	XP_082609273.1	GeneID=309874698	316	kept	representative	XP_082609273.1 EPYC [organism=Aythya marila] [GeneID=309874698]	GeneID_309874698|EPYC|XP_082609273.1
EPYC	XP_065514110.1	GeneID=136002808	316	kept	representative	XP_065514110.1 EPYC [organism=Caloenas nicobarica] [GeneID=136002808]	GeneID_136002808|EPYC|XP_065514110.1
EPYC	XP_068129761.1	GeneID=137562323	339	kept	representative	XP_068129761.1 EPYC [organism=Hyperolius riggenbachi] [GeneID=137562323]	GeneID_137562323|EPYC|XP_068129761.1
EPYC	XP_046275322.1	GeneID=124075766	322	kept	representative	XP_046275322.1 Epyc [organism=Marmota monax] [GeneID=124075766]	GeneID_124075766|EPYC|XP_046275322.1
EPYC	XP_066579754.1	GeneID=136771381	316	kept	representative	XP_066579754.1 epyc [organism=Amia ocellicauda] [GeneID=136771381]	GeneID_136771381|EPYC|XP_066579754.1
EPYC	XP_066579756.1	GeneID=136771381	316	excluded	extra_isoform_same_species	XP_066579756.1 epyc [organism=Amia ocellicauda] [GeneID=136771381]	GeneID_136771381|EPYC|XP_066579756.1
EPYC	XP_054299491.1	isoform=X1	322	excluded	extra_isoform_same_species	XP_054299491.1 EPYC [organism=Pongo pygmaeus] [GeneID=129009927] [isoform=X1]	isoform_X1|EPYC|XP_054299491.1
EPYC	XP_063502631.1	isoform=X1	322	excluded	extra_isoform_same_species	XP_063502631.1 EPYC [organism=Pongo pygmaeus] [GeneID=129009927] [isoform=X1]	isoform_X1|EPYC|XP_063502631.1
EPYC	XP_063502632.1	isoform=X1	322	excluded	extra_isoform_same_species	XP_063502632.1 EPYC [organism=Pongo pygmaeus] [GeneID=129009927] [isoform=X1]	isoform_X1|EPYC|XP_063502632.1
EPYC	XP_063502633.1	isoform=X2	302	excluded	extra_isoform_same_species	XP_063502633.1 EPYC [organism=Pongo pygmaeus] [GeneID=129009927] [isoform=X2]	isoform_X2|EPYC|XP_063502633.1
EPYC	XP_062932463.1	GeneID=134361351	323	kept	representative	XP_062932463.1 EPYC [organism=Cynocephalus volans] [GeneID=134361351]	GeneID_134361351|EPYC|XP_062932463.1
EPYC	XP_010155492.1	GeneID=104513735	316	kept	representative	XP_010155492.1 EPYC [organism=Eurypyga helias] [GeneID=104513735]	GeneID_104513735|EPYC|XP_010155492.1
EPYC	XP_037099668.1	isoform=X1	650	excluded	absolute_length	XP_037099668.1 epyc [organism=Syngnathus acus] [GeneID=119117492] [isoform=X1]	isoform_X1|EPYC|XP_037099668.1
EPYC	XP_037099670.1	isoform=X1	650	excluded	absolute_length	XP_037099670.1 epyc [organism=Syngnathus acus] [GeneID=119117492] [isoform=X1]	isoform_X1|EPYC|XP_037099670.1
EPYC	XP_037099671.1	isoform=X2	337	excluded	extra_isoform_same_species	XP_037099671.1 epyc [organism=Syngnathus acus] [GeneID=119117492] [isoform=X2]	isoform_X2|EPYC|XP_037099671.1
EPYC	XP_037099672.1	isoform=X3	333	excluded	extra_isoform_same_species	XP_037099672.1 epyc [organism=Syngnathus acus] [GeneID=119117492] [isoform=X3]	isoform_X3|EPYC|XP_037099672.1
EPYC	XP_037099673.1	isoform=X4	325	excluded	extra_isoform_same_species	XP_037099673.1 epyc [organism=Syngnathus acus] [GeneID=119117492] [isoform=X4]	isoform_X4|EPYC|XP_037099673.1
EPYC	XP_037552208.1	GeneID=119428596	351	kept	representative	XP_037552208.1 epyc [organism=Nematolebias whitei] [GeneID=119428596]	GeneID_119428596|EPYC|XP_037552208.1
EPYC	XP_032621051.1	GeneID=116816136	316	kept	representative	XP_032621051.1 EPYC [organism=Chelonoidis abingdonii] [GeneID=116816136]	GeneID_116816136|EPYC|XP_032621051.1
EPYC	XP_063252423.1	GeneID=134550072	316	kept	representative	XP_063252423.1 EPYC [organism=Prinia subflava] [GeneID=134550072]	GeneID_134550072|EPYC|XP_063252423.1
EPYC	XP_064277640.1	GeneID=135301351	316	kept	representative	XP_064277640.1 EPYC [organism=Passer domesticus] [GeneID=135301351]	GeneID_135301351|EPYC|XP_064277640.1
EPYC	XP_051626049.1	GeneID=127461888	316	kept	representative	XP_051626049.1 EPYC [organism=Manacus candei] [GeneID=127461888]	GeneID_127461888|EPYC|XP_051626049.1
EPYC	XP_084813733.1	GeneID=100155436	320	kept	representative	XP_084813733.1 EPYC [organism=Sus scrofa] [GeneID=100155436]	GeneID_100155436|EPYC|XP_084813733.1
EPYC	XP_082706762.1	GeneID=309969082	321	kept	representative	XP_082706762.1 EPYC [organism=Leucopleurus acutus] [GeneID=309969082]	GeneID_309969082|EPYC|XP_082706762.1
EPYC	XP_067284096.1	GeneID=137049477	679	excluded	absolute_length	XP_067284096.1 epyc [organism=Pseudorasbora parva] [GeneID=137049477]	GeneID_137049477|EPYC|XP_067284096.1
EPYC	XP_080915015.1	GeneID=308501812	320	kept	representative	XP_080915015.1 EPYC [organism=Rhinolophus hipposideros] [GeneID=308501812]	GeneID_308501812|EPYC|XP_080915015.1
EPYC	XP_031506518.1	GeneID=101019085	322	kept	representative	XP_031506518.1 EPYC [organism=Papio anubis] [GeneID=101019085]	GeneID_101019085|EPYC|XP_031506518.1
EPYC	XP_050995575.1	GeneID=127183533	322	kept	representative	XP_050995575.1 Epyc [organism=Acomys russatus] [GeneID=127183533]	GeneID_127183533|EPYC|XP_050995575.1
EPYC	XP_019947773.2	isoform=X1	595	excluded	relative_length	XP_019947773.2 epyc [organism=Paralichthys olivaceus] [GeneID=109632777] [isoform=X1]	isoform_X1|EPYC|XP_019947773.2
EPYC	XP_069375582.1	isoform=X2	328	excluded	extra_isoform_same_species	XP_069375582.1 epyc [organism=Paralichthys olivaceus] [GeneID=109632777] [isoform=X2]	isoform_X2|EPYC|XP_069375582.1
EPYC	XP_029017981.1	GeneID=114862145	720	excluded	absolute_length	XP_029017981.1 epyc [organism=Betta splendens] [GeneID=114862145]	GeneID_114862145|EPYC|XP_029017981.1
EPYC	XP_029017982.1	GeneID=114862145	720	excluded	absolute_length	XP_029017982.1 epyc [organism=Betta splendens] [GeneID=114862145]	GeneID_114862145|EPYC|XP_029017982.1
EPYC	XP_055367479.1	GeneID=114862145	720	excluded	absolute_length	XP_055367479.1 epyc [organism=Betta splendens] [GeneID=114862145]	GeneID_114862145|EPYC|XP_055367479.1
EPYC	XP_055367481.1	GeneID=114862145	720	excluded	absolute_length	XP_055367481.1 epyc [organism=Betta splendens] [GeneID=114862145]	GeneID_114862145|EPYC|XP_055367481.1
EPYC	XP_055367482.1	GeneID=114862145	720	excluded	absolute_length	XP_055367482.1 epyc [organism=Betta splendens] [GeneID=114862145]	GeneID_114862145|EPYC|XP_055367482.1
EPYC	XP_056425364.1	GeneID=130367005	317	kept	representative	XP_056425364.1 EPYC [organism=Hyla sarda] [GeneID=130367005]	GeneID_130367005|EPYC|XP_056425364.1
EPYC	XP_017350256.2	GeneID=108280027	740	excluded	absolute_length	XP_017350256.2 epyc [organism=Ictalurus punctatus] [GeneID=108280027]	GeneID_108280027|EPYC|XP_017350256.2
EPYC	XP_063786570.1	GeneID=134935426	319	kept	representative	XP_063786570.1 EPYC [organism=Pseudophryne corroboree] [GeneID=134935426]	GeneID_134935426|EPYC|XP_063786570.1
EPYC	XP_070263696.1	GeneID=139005309	321	kept	representative	XP_070263696.1 EPYC [organism=Myotis yumanensis] [GeneID=139005309]	GeneID_139005309|EPYC|XP_070263696.1
EPYC	XP_077663823.1	GeneID=144259462	316	kept	representative	XP_077663823.1 EPYC [organism=Eretmochelys imbricata] [GeneID=144259462]	GeneID_144259462|EPYC|XP_077663823.1
EPYC	XP_006889569.1	GeneID=102860389	322	kept	representative	XP_006889569.1 EPYC [organism=Elephantulus edwardii] [GeneID=102860389]	GeneID_102860389|EPYC|XP_006889569.1
EPYC	XP_034382682.1	GeneID=117726479	603	excluded	absolute_length	XP_034382682.1 epyc [organism=Cyclopterus lumpus] [GeneID=117726479]	GeneID_117726479|EPYC|XP_034382682.1
EPYC	XP_049892392.1	GeneID=126384966	579	excluded	relative_length	XP_049892392.1 epyc [organism=Epinephelus moara] [GeneID=126384966]	GeneID_126384966|EPYC|XP_049892392.1
EPYC	XP_060885783.1	isoform=X1	590	excluded	relative_length	XP_060885783.1 epyc [organism=Labrus mixtus] [GeneID=132956382] [isoform=X1]	isoform_X1|EPYC|XP_060885783.1
EPYC	XP_060885784.1	isoform=X2	331	excluded	extra_isoform_same_species	XP_060885784.1 epyc [organism=Labrus mixtus] [GeneID=132956382] [isoform=X2]	isoform_X2|EPYC|XP_060885784.1
EPYC	XP_025848128.2	GeneID=112915045	321	kept	representative	XP_025848128.2 EPYC [organism=Vulpes vulpes] [GeneID=112915045]	GeneID_112915045|EPYC|XP_025848128.2
EPYC	XP_054435822.1	GeneID=129075726	320	kept	representative	XP_054435822.1 EPYC [organism=Pteronotus mesoamericanus] [GeneID=129075726]	GeneID_129075726|EPYC|XP_054435822.1
EPYC	XP_055094301.1	GeneID=129460477	322	kept	representative	XP_055094301.1 EPYC [organism=Symphalangus syndactylus] [GeneID=129460477]	GeneID_129460477|EPYC|XP_055094301.1
EPYC	XP_055094302.1	GeneID=129460477	322	excluded	extra_isoform_same_species	XP_055094302.1 EPYC [organism=Symphalangus syndactylus] [GeneID=129460477]	GeneID_129460477|EPYC|XP_055094302.1
EPYC	XP_012773786.2	GeneID=101468172	618	excluded	absolute_length	XP_012773786.2 epyc [organism=Maylandia zebra] [GeneID=101468172]	GeneID_101468172|EPYC|XP_012773786.2
EPYC	XP_032545273.1	GeneID=116787621	316	kept	representative	XP_032545273.1 EPYC [organism=Chiroxiphia lanceolata] [GeneID=116787621]	GeneID_116787621|EPYC|XP_032545273.1
EPYC	XP_034019328.1	GeneID=117504075	621	excluded	absolute_length	XP_034019328.1 epyc [organism=Thalassophryne amazonica] [GeneID=117504075]	GeneID_117504075|EPYC|XP_034019328.1
EPYC	XP_034434118.1	isoform=X1	608	excluded	absolute_length	XP_034434118.1 epyc [organism=Hippoglossus hippoglossus] [GeneID=117757263] [isoform=X1]	isoform_X1|EPYC|XP_034434118.1
EPYC	XP_034434119.1	isoform=X2	595	excluded	relative_length	XP_034434119.1 epyc [organism=Hippoglossus hippoglossus] [GeneID=117757263] [isoform=X2]	isoform_X2|EPYC|XP_034434119.1
EPYC	XP_034434120.1	isoform=X3	329	excluded	extra_isoform_same_species	XP_034434120.1 epyc [organism=Hippoglossus hippoglossus] [GeneID=117757263] [isoform=X3]	isoform_X3|EPYC|XP_034434120.1
EPYC	XP_077628401.1	GeneID=144238457	321	kept	representative	XP_077628401.1 EPYC [organism=Crocuta crocuta] [GeneID=144238457]	GeneID_144238457|EPYC|XP_077628401.1
EPYC	XP_051812020.1	isoform=X1	372	excluded	extra_isoform_same_species	XP_051812020.1 epyc [organism=Acanthochromis polyacanthus] [GeneID=110948570] [isoform=X1]	isoform_X1|EPYC|XP_051812020.1
EPYC	XP_051812024.1	isoform=X2	328	excluded	extra_isoform_same_species	XP_051812024.1 epyc [organism=Acanthochromis polyacanthus] [GeneID=110948570] [isoform=X2]	isoform_X2|EPYC|XP_051812024.1
EPYC	XP_086058581.1	GeneID=147262795	584	excluded	relative_length	XP_086058581.1 epyc [organism=Aulostomus chinensis] [GeneID=147262795]	GeneID_147262795|EPYC|XP_086058581.1
EPYC	XP_069440278.1	GeneID=138437246	321	kept	representative	XP_069440278.1 EPYC [organism=Ovis canadensis] [GeneID=138437246]	GeneID_138437246|EPYC|XP_069440278.1
EPYC	XP_050769330.1	GeneID=127027584	316	kept	representative	XP_050769330.1 EPYC [organism=Gymnogyps californianus] [GeneID=127027584]	GeneID_127027584|EPYC|XP_050769330.1
EPYC	XP_061125164.1	isoform=X1	662	excluded	absolute_length	XP_061125164.1 epyc [organism=Syngnathus typhle] [GeneID=133145566] [isoform=X1]	isoform_X1|EPYC|XP_061125164.1
EPYC	XP_061125165.1	isoform=X2	325	excluded	extra_isoform_same_species	XP_061125165.1 epyc [organism=Syngnathus typhle] [GeneID=133145566] [isoform=X2]	isoform_X2|EPYC|XP_061125165.1
EPYC	XP_084734968.1	GeneID=311619991	320	kept	representative	XP_084734968.1 EPYC [organism=Pipistrellus hanaki] [GeneID=311619991]	GeneID_311619991|EPYC|XP_084734968.1
EPYC	XP_067345698.1	isoform=X1	660	excluded	absolute_length	XP_067345698.1 epyc [organism=Channa argus] [GeneID=137106396] [isoform=X1]	isoform_X1|EPYC|XP_067345698.1
EPYC	XP_067345700.1	isoform=X2	656	excluded	absolute_length	XP_067345700.1 epyc [organism=Channa argus] [GeneID=137106396] [isoform=X2]	isoform_X2|EPYC|XP_067345700.1
EPYC	XP_072216774.1	GeneID=140264759	316	kept	representative	XP_072216774.1 EPYC [organism=Excalfactoria chinensis] [GeneID=140264759]	GeneID_140264759|EPYC|XP_072216774.1
EPYC	XP_080743672.1	isoform=1	390	excluded	extra_isoform_same_species	XP_080743672.1 epyc [organism=Rhamphochromis sp. 'chilingali'] [GeneID=308400061] [isoform=1]	isoform_1|EPYC|XP_080743672.1
EPYC	XP_080743673.1	isoform=2	320	kept	representative	XP_080743673.1 epyc [organism=Rhamphochromis sp. 'chilingali'] [GeneID=308400061] [isoform=2]	isoform_2|EPYC|XP_080743673.1
EPYC	XP_080743674.1	isoform=2	320	excluded	extra_isoform_same_species	XP_080743674.1 epyc [organism=Rhamphochromis sp. 'chilingali'] [GeneID=308400061] [isoform=2]	isoform_2|EPYC|XP_080743674.1
EPYC	XP_081188022.1	GeneID=308670397	252	kept	representative	XP_081188022.1 EPYC [organism=Vipera berus] [GeneID=308670397]	GeneID_308670397|EPYC|XP_081188022.1
EPYC	XP_013802760.1	GeneID=106488424	316	kept	representative	XP_013802760.1 EPYC [organism=Apteryx mantelli] [GeneID=106488424]	GeneID_106488424|EPYC|XP_013802760.1
EPYC	XP_074840094.1	GeneID=142007375	316	kept	representative	XP_074840094.1 EPYC [organism=Carettochelys insculpta] [GeneID=142007375]	GeneID_142007375|EPYC|XP_074840094.1
EPYC	XP_085292610.1	GeneID=146689607	618	excluded	absolute_length	XP_085292610.1 epyc [organism=Copadichromis virginalis] [GeneID=146689607]	GeneID_146689607|EPYC|XP_085292610.1
EPYC	XP_085292611.1	GeneID=146689607	618	excluded	absolute_length	XP_085292611.1 epyc [organism=Copadichromis virginalis] [GeneID=146689607]	GeneID_146689607|EPYC|XP_085292611.1
EPYC	XP_085292612.1	GeneID=146689607	618	excluded	absolute_length	XP_085292612.1 epyc [organism=Copadichromis virginalis] [GeneID=146689607]	GeneID_146689607|EPYC|XP_085292612.1
EPYC	XP_041265759.1	GeneID=121338641	316	kept	representative	XP_041265759.1 EPYC [organism=Onychostruthus taczanowskii] [GeneID=121338641]	GeneID_121338641|EPYC|XP_041265759.1
EPYC	XP_084557576.1	GeneID=146276231	584	excluded	relative_length	XP_084557576.1 epyc [organism=Hypomesus nipponensis] [GeneID=146276231]	GeneID_146276231|EPYC|XP_084557576.1
EPYC	XP_075456561.1	GeneID=142495242	320	kept	representative	XP_075456561.1 EPYC [organism=Ascaphus truei] [GeneID=142495242]	GeneID_142495242|EPYC|XP_075456561.1
EPYC	XP_075456562.1	GeneID=142495242	320	excluded	extra_isoform_same_species	XP_075456562.1 EPYC [organism=Ascaphus truei] [GeneID=142495242]	GeneID_142495242|EPYC|XP_075456562.1
EPYC	XP_061061533.1	GeneID=133101009	321	kept	representative	XP_061061533.1 EPYC [organism=Eubalaena glacialis] [GeneID=133101009]	GeneID_133101009|EPYC|XP_061061533.1
EPYC	XP_069629399.1	GeneID=104321205	316	kept	representative	XP_069629399.1 EPYC [organism=Haliaeetus albicilla] [GeneID=104321205]	GeneID_104321205|EPYC|XP_069629399.1
EPYC	XP_010412111.2	GeneID=104698436	316	kept	representative	XP_010412111.2 EPYC [organism=Corvus cornix cornix] [GeneID=104698436]	GeneID_104698436|EPYC|XP_010412111.2
EPYC	XP_064198734.1	GeneID=135258939	418	excluded	relative_length	XP_064198734.1 epyc [organism=Anguilla rostrata] [GeneID=135258939]	GeneID_135258939|EPYC|XP_064198734.1
EPYC	XP_064198735.1	GeneID=135258939	418	excluded	relative_length	XP_064198735.1 epyc [organism=Anguilla rostrata] [GeneID=135258939]	GeneID_135258939|EPYC|XP_064198735.1
EPYC	XP_005039578.1	GeneID=101811695	316	kept	representative	XP_005039578.1 EPYC [organism=Ficedula albicollis] [GeneID=101811695]	GeneID_101811695|EPYC|XP_005039578.1
EPYC	XP_030197186.1	isoform=X1	660	excluded	absolute_length	XP_030197186.1 epyc [organism=Gadus morhua] [GeneID=115531956] [isoform=X1]	isoform_X1|EPYC|XP_030197186.1
EPYC	XP_030197187.1	isoform=X2	441	excluded	relative_length	XP_030197187.1 epyc [organism=Gadus morhua] [GeneID=115531956] [isoform=X2]	isoform_X2|EPYC|XP_030197187.1
EPYC	XP_030197188.1	isoform=X3	329	excluded	extra_isoform_same_species	XP_030197188.1 epyc [organism=Gadus morhua] [GeneID=115531956] [isoform=X3]	isoform_X3|EPYC|XP_030197188.1
EPYC	XP_040347188.1	GeneID=121040642	320	kept	representative	XP_040347188.1 EPYC [organism=Herpailurus yagouaroundi] [GeneID=121040642]	GeneID_121040642|EPYC|XP_040347188.1
EPYC	XP_020455086.1	GeneID=109959782	634	excluded	absolute_length	XP_020455086.1 epyc [organism=Monopterus albus] [GeneID=109959782]	GeneID_109959782|EPYC|XP_020455086.1
EPYC	XP_039647161.1	isoform=X1	641	excluded	absolute_length	XP_039647161.1 epyc [organism=Perca fluviatilis] [GeneID=120553138] [isoform=X1]	isoform_X1|EPYC|XP_039647161.1
EPYC	XP_039647162.1	isoform=X2	628	excluded	absolute_length	XP_039647162.1 epyc [organism=Perca fluviatilis] [GeneID=120553138] [isoform=X2]	isoform_X2|EPYC|XP_039647162.1
EPYC	XP_054608733.1	GeneID=129168006	650	excluded	absolute_length	XP_054608733.1 epyc [organism=Dunckerocampus dactyliophorus] [GeneID=129168006]	GeneID_129168006|EPYC|XP_054608733.1
EPYC	XP_021030160.1	GeneID=110303405	322	kept	representative	XP_021030160.1 Epyc [organism=Mus caroli] [GeneID=110303405]	GeneID_110303405|EPYC|XP_021030160.1
EPYC	XP_021030161.1	GeneID=110303405	322	excluded	extra_isoform_same_species	XP_021030161.1 Epyc [organism=Mus caroli] [GeneID=110303405]	GeneID_110303405|EPYC|XP_021030161.1
EPYC	XP_015287389.2	GeneID=102145039	322	kept	representative	XP_015287389.2 EPYC [organism=Macaca fascicularis] [GeneID=102145039]	GeneID_102145039|EPYC|XP_015287389.2
EPYC	XP_029453479.1	GeneID=115089574	316	kept	representative	XP_029453479.1 EPYC [organism=Rhinatrema bivittatum] [GeneID=115089574]	GeneID_115089574|EPYC|XP_029453479.1
EPYC	XP_074180962.1	GeneID=109452883	169	excluded	absolute_length	XP_074180962.1 EPYC [organism=Rhinolophus sinicus] [GeneID=109452883]	GeneID_109452883|EPYC|XP_074180962.1
EPYC	XP_017723837.1	GeneID=108527200	322	kept	representative	XP_017723837.1 EPYC [organism=Rhinopithecus bieti] [GeneID=108527200]	GeneID_108527200|EPYC|XP_017723837.1
EPYC	XP_017723838.1	GeneID=108527200	322	excluded	extra_isoform_same_species	XP_017723838.1 EPYC [organism=Rhinopithecus bieti] [GeneID=108527200]	GeneID_108527200|EPYC|XP_017723838.1
EPYC	XP_076184786.1	GeneID=143155710	316	kept	representative	XP_076184786.1 EPYC [organism=Aptenodytes patagonicus] [GeneID=143155710]	GeneID_143155710|EPYC|XP_076184786.1
EPYC	XP_019399560.1	GeneID=109316086	316	kept	representative	XP_019399560.1 EPYC [organism=Crocodylus porosus] [GeneID=109316086]	GeneID_109316086|EPYC|XP_019399560.1
EPYC	XP_042803278.1	GeneID=122224901	320	kept	representative	XP_042803278.1 EPYC [organism=Panthera leo] [GeneID=122224901]	GeneID_122224901|EPYC|XP_042803278.1
EPYC	XP_046729802.1	GeneID=124401486	318	kept	representative	XP_046729802.1 epyc [organism=Silurus meridionalis] [GeneID=124401486]	GeneID_124401486|EPYC|XP_046729802.1
EPYC	XP_061570719.1	isoform=X1	629	excluded	absolute_length	XP_061570719.1 epyc [organism=Cololabis saira] [GeneID=133424245] [isoform=X1]	isoform_X1|EPYC|XP_061570719.1
EPYC	XP_061570720.1	isoform=X2	328	excluded	extra_isoform_same_species	XP_061570720.1 epyc [organism=Cololabis saira] [GeneID=133424245] [isoform=X2]	isoform_X2|EPYC|XP_061570720.1
EPYC	XP_084650247.1	GeneID=311604347	322	kept	representative	XP_084650247.1 EPYC [organism=Acomys minous] [GeneID=311604347]	GeneID_311604347|EPYC|XP_084650247.1
EPYC	XP_074076915.1	GeneID=141511767	318	kept	representative	XP_074076915.1 EPYC [organism=Macrotis lagotis] [GeneID=141511767]	GeneID_141511767|EPYC|XP_074076915.1
EPYC	XP_074076916.1	GeneID=141511767	318	excluded	extra_isoform_same_species	XP_074076916.1 EPYC [organism=Macrotis lagotis] [GeneID=141511767]	GeneID_141511767|EPYC|XP_074076916.1
EPYC	XP_074481659.1	GeneID=141761896	588	excluded	relative_length	XP_074481659.1 epyc [organism=Sebastes fasciatus] [GeneID=141761896]	GeneID_141761896|EPYC|XP_074481659.1
EPYC	XP_010631653.1	GeneID=104868552	323	kept	representative	XP_010631653.1 Epyc [organism=Fukomys damarensis] [GeneID=104868552]	GeneID_104868552|EPYC|XP_010631653.1
EPYC	XP_031206215.1	GeneID=116076531	308	kept	representative	XP_031206215.1 Epyc [organism=Mastomys coucha] [GeneID=116076531]	GeneID_116076531|EPYC|XP_031206215.1
EPYC	XP_051544254.1	isoform=X1	690	excluded	absolute_length	XP_051544254.1 epyc [organism=Myxocyprinus asiaticus] [GeneID=127435101] [isoform=X1]	isoform_X1|EPYC|XP_051544254.1
EPYC	XP_051544255.1	isoform=X2	654	excluded	absolute_length	XP_051544255.1 epyc [organism=Myxocyprinus asiaticus] [GeneID=127435101] [isoform=X2]	isoform_X2|EPYC|XP_051544255.1
EPYC	XP_052524040.1	GeneID=128073331	316	kept	representative	XP_052524040.1 EPYC [organism=Tympanuchus pallidicinctus] [GeneID=128073331]	GeneID_128073331|EPYC|XP_052524040.1
EPYC	XP_071375292.1	GeneID=139643897	272	kept	representative	XP_071375292.1 epyc [organism=Centroberyx affinis] [GeneID=139643897]	GeneID_139643897|EPYC|XP_071375292.1
EPYC	XP_075810198.1	GeneID=142838583	322	kept	representative	XP_075810198.1 Epyc [organism=Microtus pennsylvanicus] [GeneID=142838583]	GeneID_142838583|EPYC|XP_075810198.1
EPYC	XP_029115318.1	GeneID=108931382	348	kept	representative	XP_029115318.1 epyc [organism=Scleropages formosus] [GeneID=108931382]	GeneID_108931382|EPYC|XP_029115318.1
EPYC	XP_053271280.1	GeneID=128429020	601	excluded	absolute_length	XP_053271280.1 epyc [organism=Pleuronectes platessa] [GeneID=128429020]	GeneID_128429020|EPYC|XP_053271280.1
EPYC	XP_055483771.1	GeneID=129691651	370	kept	representative	XP_055483771.1 Epyc [organism=Psammomys obesus] [GeneID=129691651]	GeneID_129691651|EPYC|XP_055483771.1
EPYC	XP_083715234.1	GeneID=310908265	316	kept	representative	XP_083715234.1 EPYC [organism=Zosterops lateralis] [GeneID=310908265]	GeneID_310908265|EPYC|XP_083715234.1
EPYC	XP_034718941.1	isoform=X1	632	excluded	absolute_length	XP_034718941.1 epyc [organism=Etheostoma cragini] [GeneID=117938444] [isoform=X1]	isoform_X1|EPYC|XP_034718941.1
EPYC	XP_034718942.1	isoform=X2	433	excluded	relative_length	XP_034718942.1 epyc [organism=Etheostoma cragini] [GeneID=117938444] [isoform=X2]	isoform_X2|EPYC|XP_034718942.1
EPYC	XP_060745214.1	GeneID=132858773	728	excluded	absolute_length	XP_060745214.1 epyc [organism=Tachysurus vachellii] [GeneID=132858773]	GeneID_132858773|EPYC|XP_060745214.1
EPYC	XP_026548450.1	GeneID=113430198	96	excluded	absolute_length	XP_026548450.1 EPYC [organism=Notechis scutatus] [GeneID=113430198]	GeneID_113430198|EPYC|XP_026548450.1
EPYC	XP_061920808.1	GeneID=133661550	650	excluded	absolute_length	XP_061920808.1 epyc [organism=Entelurus aequoreus] [GeneID=133661550]	GeneID_133661550|EPYC|XP_061920808.1
EPYC	XP_010982163.1	GeneID=105092211	320	kept	representative	XP_010982163.1 EPYC [organism=Camelus dromedarius] [GeneID=105092211]	GeneID_105092211|EPYC|XP_010982163.1
EPYC	XP_060633319.2	GeneID=132776109	316	kept	representative	XP_060633319.2 EPYC [organism=Anolis sagrei] [GeneID=132776109]	GeneID_132776109|EPYC|XP_060633319.2
EPYC	XP_080560946.1	GeneID=308269445	413	kept	representative	XP_080560946.1 EPYC [organism=Muscardinus avellanarius] [GeneID=308269445]	GeneID_308269445|EPYC|XP_080560946.1
EPYC	XP_031439250.1	GeneID=105897484	563	excluded	relative_length	XP_031439250.1 epyc [organism=Clupea harengus] [GeneID=105897484]	GeneID_105897484|EPYC|XP_031439250.1
EPYC	XP_036920548.1	GeneID=118999922	320	kept	representative	XP_036920548.1 EPYC [organism=Sturnira hondurensis] [GeneID=118999922]	GeneID_118999922|EPYC|XP_036920548.1
EPYC	XP_038150103.1	GeneID=119789334	577	excluded	relative_length	XP_038150103.1 epyc [organism=Cyprinodon tularosa] [GeneID=119789334]	GeneID_119789334|EPYC|XP_038150103.1
EPYC	XP_052630696.1	GeneID=128135668	316	kept	representative	XP_052630696.1 EPYC [organism=Harpia harpyja] [GeneID=128135668]	GeneID_128135668|EPYC|XP_052630696.1
EPYC	XP_082275309.1	GeneID=309640422	321	kept	representative	XP_082275309.1 EPYC [organism=Balaenoptera physalus] [GeneID=309640422]	GeneID_309640422|EPYC|XP_082275309.1
EPYC	XP_058936897.1	GeneID=131766518	321	kept	representative	XP_058936897.1 EPYC [organism=Kogia breviceps] [GeneID=131766518]	GeneID_131766518|EPYC|XP_058936897.1
EPYC	XP_069571863.1	isoform=X1	376	excluded	extra_isoform_same_species	XP_069571863.1 epyc [organism=Brachyistius frenatus] [GeneID=138631048] [isoform=X1]	isoform_X1|EPYC|XP_069571863.1
EPYC	XP_069571864.1	isoform=X2	332	excluded	extra_isoform_same_species	XP_069571864.1 epyc [organism=Brachyistius frenatus] [GeneID=138631048] [isoform=X2]	isoform_X2|EPYC|XP_069571864.1
EPYC	XP_074960560.1	GeneID=142062080	316	kept	representative	XP_074960560.1 EPYC [organism=Phalacrocorax aristotelis] [GeneID=142062080]	GeneID_142062080|EPYC|XP_074960560.1
EPYC	XP_062299653.1	GeneID=134004413	606	excluded	absolute_length	XP_062299653.1 epyc [organism=Scomber scombrus] [GeneID=134004413]	GeneID_134004413|EPYC|XP_062299653.1
EPYC	XP_008141997.1	GeneID=103288058	320	kept	representative	XP_008141997.1 EPYC [organism=Eptesicus fuscus] [GeneID=103288058]	GeneID_103288058|EPYC|XP_008141997.1
EPYC	XP_016344793.1	GeneID=107690887	683	excluded	absolute_length	XP_016344793.1 epyc [organism=Sinocyclocheilus anshuiensis] [GeneID=107690887]	GeneID_107690887|EPYC|XP_016344793.1
EPYC	XP_037615780.1	GeneID=119482405	588	excluded	relative_length	XP_037615780.1 epyc [organism=Sebastes umbrosus] [GeneID=119482405]	GeneID_119482405|EPYC|XP_037615780.1
EPYC	XP_038010315.1	GeneID=119708242	316	kept	representative	XP_038010315.1 EPYC [organism=Motacilla alba alba] [GeneID=119708242]	GeneID_119708242|EPYC|XP_038010315.1
EPYC	XP_038612851.1	GeneID=119937250	317	kept	representative	XP_038612851.1 EPYC [organism=Tachyglossus aculeatus] [GeneID=119937250]	GeneID_119937250|EPYC|XP_038612851.1
EPYC	XP_041873486.1	GeneID=121659432	316	kept	representative	XP_041873486.1 EPYC [organism=Corvus kubaryi] [GeneID=121659432]	GeneID_121659432|EPYC|XP_041873486.1
EPYC	XP_051911906.1	isoform=X1	654	excluded	absolute_length	XP_051911906.1 epyc [organism=Hippocampus zosterae] [GeneID=127594055] [isoform=X1]	isoform_X1|EPYC|XP_051911906.1
EPYC	XP_051911907.1	isoform=X2	364	excluded	extra_isoform_same_species	XP_051911907.1 epyc [organism=Hippocampus zosterae] [GeneID=127594055] [isoform=X2]	isoform_X2|EPYC|XP_051911907.1
EPYC	XP_051911908.1	isoform=X3	326	excluded	extra_isoform_same_species	XP_051911908.1 epyc [organism=Hippocampus zosterae] [GeneID=127594055] [isoform=X3]	isoform_X3|EPYC|XP_051911908.1
EPYC	XP_051911909.1	isoform=X4	324	kept	representative	XP_051911909.1 epyc [organism=Hippocampus zosterae] [GeneID=127594055] [isoform=X4]	isoform_X4|EPYC|XP_051911909.1
EPYC	XP_084017700.1	GeneID=311129289	345	kept	representative	XP_084017700.1 epyc [organism=Coregonus lavaretus] [GeneID=311129289]	GeneID_311129289|EPYC|XP_084017700.1
EPYC	XP_043963648.1	GeneID=122826169	603	excluded	absolute_length	XP_043963648.1 epyc [organism=Gambusia affinis] [GeneID=122826169]	GeneID_122826169|EPYC|XP_043963648.1
EPYC	XP_043943792.1	isoform=X1	315	excluded	extra_isoform_same_species	XP_043943792.1 EPYC [organism=Protopterus annectens] [GeneID=122815389] [isoform=X1]	isoform_X1|EPYC|XP_043943792.1
EPYC	XP_043943793.1	isoform=X2	305	excluded	extra_isoform_same_species	XP_043943793.1 EPYC [organism=Protopterus annectens] [GeneID=122815389] [isoform=X2]	isoform_X2|EPYC|XP_043943793.1
EPYC	XP_009672856.1	GeneID=104143840	316	kept	representative	XP_009672856.1 EPYC [organism=Struthio camelus] [GeneID=104143840]	GeneID_104143840|EPYC|XP_009672856.1
EPYC	XP_057712105.1	isoform=X1	727	excluded	absolute_length	XP_057712105.1 epyc [organism=Corythoichthys intestinalis] [GeneID=130929158] [isoform=X1]	isoform_X1|EPYC|XP_057712105.1
EPYC	XP_057712106.1	isoform=X2	640	excluded	absolute_length	XP_057712106.1 epyc [organism=Corythoichthys intestinalis] [GeneID=130929158] [isoform=X2]	isoform_X2|EPYC|XP_057712106.1
EPYC	XP_079039657.1	GeneID=306713721	371	kept	representative	XP_079039657.1 epyc [organism=Pholis gunnellus] [GeneID=306713721]	GeneID_306713721|EPYC|XP_079039657.1
EPYC	XP_028305568.1	isoform=X1	589	excluded	relative_length	XP_028305568.1 epyc [organism=Gouania willdenowi] [GeneID=114465037] [isoform=X1]	isoform_X1|EPYC|XP_028305568.1
EPYC	XP_028305569.1	isoform=X1	589	excluded	relative_length	XP_028305569.1 epyc [organism=Gouania willdenowi] [GeneID=114465037] [isoform=X1]	isoform_X1|EPYC|XP_028305569.1
EPYC	XP_028305570.1	isoform=X1	589	excluded	relative_length	XP_028305570.1 epyc [organism=Gouania willdenowi] [GeneID=114465037] [isoform=X1]	isoform_X1|EPYC|XP_028305570.1
EPYC	XP_028305571.1	isoform=X2	437	excluded	relative_length	XP_028305571.1 epyc [organism=Gouania willdenowi] [GeneID=114465037] [isoform=X2]	isoform_X2|EPYC|XP_028305571.1
EPYC	XP_035764245.1	GeneID=102775579	624	excluded	absolute_length	XP_035764245.1 epyc [organism=Neolamprologus brichardi] [GeneID=102775579]	GeneID_102775579|EPYC|XP_035764245.1
EPYC	XP_032272245.1	GeneID=116639766	260	kept	representative	XP_032272245.1 EPYC [organism=Phoca vitulina] [GeneID=116639766]	GeneID_116639766|EPYC|XP_032272245.1
EPYC	XP_036433584.1	GeneID=118812600	710	excluded	absolute_length	XP_036433584.1 epyc [organism=Colossoma macropomum] [GeneID=118812600]	GeneID_118812600|EPYC|XP_036433584.1
EPYC	XP_050180122.1	GeneID=126644612	316	kept	representative	XP_050180122.1 EPYC [organism=Myiozetetes cayanensis] [GeneID=126644612]	GeneID_126644612|EPYC|XP_050180122.1
EPYC	XP_014696754.1	GeneID=106831195	321	kept	representative	XP_014696754.1 EPYC [organism=Equus asinus] [GeneID=106831195]	GeneID_106831195|EPYC|XP_014696754.1
EPYC	XP_070363150.1	GeneID=106831195	321	excluded	extra_isoform_same_species	XP_070363150.1 EPYC [organism=Equus asinus] [GeneID=106831195]	GeneID_106831195|EPYC|XP_070363150.1
EPYC	XP_006180838.1	GeneID=102520111	320	kept	representative	XP_006180838.1 EPYC [organism=Camelus ferus] [GeneID=102520111]	GeneID_102520111|EPYC|XP_006180838.1
EPYC	XP_006759417.1	GeneID=102754408	321	kept	representative	XP_006759417.1 EPYC [organism=Myotis davidii] [GeneID=102754408]	GeneID_102754408|EPYC|XP_006759417.1
EPYC	XP_077090554.1	GeneID=143741897	660	excluded	absolute_length	XP_077090554.1 epyc [organism=Siphateles boraxobius] [GeneID=143741897]	GeneID_143741897|EPYC|XP_077090554.1
EPYC	XP_081340445.1	isoform=X1	321	excluded	extra_isoform_same_species	XP_081340445.1 EPYC [organism=Giraffa tippelskirchi] [GeneID=145503872] [isoform=X1]	isoform_X1|EPYC|XP_081340445.1
EPYC	XP_081340446.1	isoform=X2	266	excluded	extra_isoform_same_species	XP_081340446.1 EPYC [organism=Giraffa tippelskirchi] [GeneID=145503872] [isoform=X2]	isoform_X2|EPYC|XP_081340446.1
EPYC	XP_017566784.1	GeneID=108435447	697	excluded	absolute_length	XP_017566784.1 epyc [organism=Pygocentrus nattereri] [GeneID=108435447]	GeneID_108435447|EPYC|XP_017566784.1
EPYC	XP_054039037.1	GeneID=128901224	316	kept	representative	XP_054039037.1 EPYC [organism=Rissa tridactyla] [GeneID=128901224]	GeneID_128901224|EPYC|XP_054039037.1
EPYC	XP_056605003.1	GeneID=130421242	710	excluded	absolute_length	XP_056605003.1 epyc [organism=Triplophysa dalaica] [GeneID=130421242]	GeneID_130421242|EPYC|XP_056605003.1
EPYC	XP_073410382.1	GeneID=141058117	317	kept	representative	XP_073410382.1 EPYC [organism=Dendrobates tinctorius] [GeneID=141058117]	GeneID_141058117|EPYC|XP_073410382.1
EPYC	XP_074807248.1	GeneID=141986554	316	kept	representative	XP_074807248.1 EPYC [organism=Natator depressus] [GeneID=141986554]	GeneID_141986554|EPYC|XP_074807248.1
EPYC	XP_004583148.2	GeneID=101536082	321	kept	representative	XP_004583148.2 EPYC [organism=Ochotona princeps] [GeneID=101536082]	GeneID_101536082|EPYC|XP_004583148.2
EPYC	XP_061523984.1	GeneID=133397292	615	excluded	absolute_length	XP_061523984.1 epyc [organism=Phycodurus eques] [GeneID=133397292]	GeneID_133397292|EPYC|XP_061523984.1
EPYC	XP_009947229.2	GeneID=104340965	316	kept	representative	XP_009947229.2 EPYC [organism=Leptosomus discolor] [GeneID=104340965]	GeneID_104340965|EPYC|XP_009947229.2
EPYC	XP_017404095.1	GeneID=108317902	319	kept	representative	XP_017404095.1 EPYC [organism=Cebus imitator] [GeneID=108317902]	GeneID_108317902|EPYC|XP_017404095.1
EPYC	XP_084767087.1	GeneID=146369293	618	excluded	absolute_length	XP_084767087.1 epyc [organism=Perissodus microlepis] [GeneID=146369293]	GeneID_146369293|EPYC|XP_084767087.1
EPYC	XP_026254449.1	GeneID=113189742	322	kept	representative	XP_026254449.1 Epyc [organism=Urocitellus parryii] [GeneID=113189742]	GeneID_113189742|EPYC|XP_026254449.1
EPYC	XP_064587641.1	GeneID=135457170	316	kept	representative	XP_064587641.1 EPYC [organism=Zonotrichia leucophrys gambelii] [GeneID=135457170]	GeneID_135457170|EPYC|XP_064587641.1
EPYC	XP_065140940.2	isoform=X1	692	excluded	absolute_length	XP_065140940.2 epyc [organism=Paramisgurnus dabryanus] [GeneID=135774892] [isoform=X1]	isoform_X1|EPYC|XP_065140940.2
EPYC	XP_073670774.1	isoform=X2	327	excluded	extra_isoform_same_species	XP_073670774.1 epyc [organism=Paramisgurnus dabryanus] [GeneID=135774892] [isoform=X2]	isoform_X2|EPYC|XP_073670774.1
EPYC	XP_069084906.1	GeneID=138287872	318	kept	representative	XP_069084906.1 EPYC [organism=Pleurodeles waltl] [GeneID=138287872]	GeneID_138287872|EPYC|XP_069084906.1
EPYC	XP_025258386.1	GeneID=112634789	322	kept	representative	XP_025258386.1 EPYC [organism=Theropithecus gelada] [GeneID=112634789]	GeneID_112634789|EPYC|XP_025258386.1
EPYC	XP_085232289.1	GeneID=146615190	618	excluded	absolute_length	XP_085232289.1 epyc [organism=Diplotaxodon limnothrissa] [GeneID=146615190]	GeneID_146615190|EPYC|XP_085232289.1
EPYC	XP_014950074.1	GeneID=101112468	321	kept	representative	XP_014950074.1 EPYC [organism=Ovis aries] [GeneID=101112468]	GeneID_101112468|EPYC|XP_014950074.1
EPYC	XP_085758627.1	GeneID=147040027	630	excluded	absolute_length	XP_085758627.1 epyc [organism=Syngnathus leptorhynchus] [GeneID=147040027]	GeneID_147040027|EPYC|XP_085758627.1
EPYC	NP_001181144.3	GeneID=709645	322	kept	representative	NP_001181144.3 EPYC [organism=Macaca mulatta] [GeneID=709645]	GeneID_709645|EPYC|NP_001181144.3
EPYC	XP_073337103.1	GeneID=141008569	573	excluded	relative_length	XP_073337103.1 epyc [organism=Pagrus major] [GeneID=141008569]	GeneID_141008569|EPYC|XP_073337103.1
EPYC	XP_080247529.1	isoform=1	316	excluded	extra_isoform_same_species	XP_080247529.1 EPYC [organism=Falco punctatus] [GeneID=308065431] [isoform=1]	isoform_1|EPYC|XP_080247529.1
EPYC	XP_080247530.1	isoform=2	305	excluded	extra_isoform_same_species	XP_080247530.1 EPYC [organism=Falco punctatus] [GeneID=308065431] [isoform=2]	isoform_2|EPYC|XP_080247530.1
EPYC	XP_013859654.1	isoform=X1	743	excluded	absolute_length	XP_013859654.1 epyc [organism=Austrofundulus limnaeus] [GeneID=106514780] [isoform=X1]	isoform_X1|EPYC|XP_013859654.1
EPYC	XP_013859655.1	isoform=X2	417	excluded	extra_isoform_same_species	XP_013859655.1 epyc [organism=Austrofundulus limnaeus] [GeneID=106514780] [isoform=X2]	isoform_X2|EPYC|XP_013859655.1
EPYC	XP_014191607.1	GeneID=102289310	615	excluded	absolute_length	XP_014191607.1 epyc [organism=Haplochromis burtoni] [GeneID=102289310]	GeneID_102289310|EPYC|XP_014191607.1
EPYC	XP_039617732.1	GeneID=120534305	325	kept	representative	XP_039617732.1 epyc [organism=Polypterus senegalus] [GeneID=120534305]	GeneID_120534305|EPYC|XP_039617732.1
EPYC	XP_044535103.1	GeneID=123250132	165	excluded	absolute_length	XP_044535103.1 EPYC [organism=Gracilinanus agilis] [GeneID=123250132]	GeneID_123250132|EPYC|XP_044535103.1
EPYC	XP_076861481.1	GeneID=143514328	733	excluded	absolute_length	XP_076861481.1 epyc [organism=Brachyhypopomus gauderio] [GeneID=143514328]	GeneID_143514328|EPYC|XP_076861481.1
EPYC	XP_079907533.1	GeneID=307268674	374	kept	representative	XP_079907533.1 epyc [organism=Ammodytes marinus] [GeneID=307268674]	GeneID_307268674|EPYC|XP_079907533.1
EPYC	XP_040451603.1	GeneID=121088964	316	kept	representative	XP_040451603.1 EPYC [organism=Falco naumanni] [GeneID=121088964]	GeneID_121088964|EPYC|XP_040451603.1
EPYC	XP_023605496.1	GeneID=102421220	321	kept	representative	XP_023605496.1 EPYC [organism=Myotis lucifugus] [GeneID=102421220]	GeneID_102421220|EPYC|XP_023605496.1
EPYC	XP_046235718.1	GeneID=124054090	632	excluded	absolute_length	XP_046235718.1 epyc [organism=Scatophagus argus] [GeneID=124054090]	GeneID_124054090|EPYC|XP_046235718.1
EPYC	XP_083966874.1	GeneID=311080665	693	excluded	absolute_length	XP_083966874.1 epyc [organism=Abramis brama] [GeneID=311080665]	GeneID_311080665|EPYC|XP_083966874.1
EPYC	XP_042119324.1	GeneID=102926037	322	kept	representative	XP_042119324.1 Epyc [organism=Peromyscus maniculatus bairdii] [GeneID=102926037]	GeneID_102926037|EPYC|XP_042119324.1
EPYC	XP_081782729.1	isoform=1	316	excluded	extra_isoform_same_species	XP_081782729.1 EPYC [organism=Podarcis melisellensis] [GeneID=309378479] [isoform=1]	isoform_1|EPYC|XP_081782729.1
EPYC	XP_081782730.1	isoform=1	316	excluded	extra_isoform_same_species	XP_081782730.1 EPYC [organism=Podarcis melisellensis] [GeneID=309378479] [isoform=1]	isoform_1|EPYC|XP_081782730.1
EPYC	XP_081782731.1	isoform=1	316	excluded	extra_isoform_same_species	XP_081782731.1 EPYC [organism=Podarcis melisellensis] [GeneID=309378479] [isoform=1]	isoform_1|EPYC|XP_081782731.1
EPYC	XP_081782732.1	isoform=1	316	excluded	extra_isoform_same_species	XP_081782732.1 EPYC [organism=Podarcis melisellensis] [GeneID=309378479] [isoform=1]	isoform_1|EPYC|XP_081782732.1
EPYC	XP_081782733.1	isoform=1	316	excluded	extra_isoform_same_species	XP_081782733.1 EPYC [organism=Podarcis melisellensis] [GeneID=309378479] [isoform=1]	isoform_1|EPYC|XP_081782733.1
EPYC	XP_006131138.1	GeneID=102455410	316	kept	representative	XP_006131138.1 EPYC [organism=Pelodiscus sinensis] [GeneID=102455410]	GeneID_102455410|EPYC|XP_006131138.1
EPYC	XP_075789130.1	GeneID=102455410	316	excluded	extra_isoform_same_species	XP_075789130.1 EPYC [organism=Pelodiscus sinensis] [GeneID=102455410]	GeneID_102455410|EPYC|XP_075789130.1
EPYC	XP_066447605.1	GeneID=136611714	325	kept	representative	XP_066447605.1 EPYC [organism=Eleutherodactylus coqui] [GeneID=136611714]	GeneID_136611714|EPYC|XP_066447605.1
EPYC	XP_069811842.1	GeneID=138774971	317	kept	representative	XP_069811842.1 EPYC [organism=Dendropsophus ebraccatus] [GeneID=138774971]	GeneID_138774971|EPYC|XP_069811842.1
EPYC	XP_069811845.1	GeneID=138774971	317	excluded	extra_isoform_same_species	XP_069811845.1 EPYC [organism=Dendropsophus ebraccatus] [GeneID=138774971]	GeneID_138774971|EPYC|XP_069811845.1
EPYC	XP_030640684.1	GeneID=115821064	332	kept	representative	XP_030640684.1 epyc [organism=Chanos chanos] [GeneID=115821064]	GeneID_115821064|EPYC|XP_030640684.1
EPYC	XP_039918500.2	GeneID=120751984	313	kept	representative	XP_039918500.2 EPYC [organism=Hirundo rustica] [GeneID=120751984]	GeneID_120751984|EPYC|XP_039918500.2
EPYC	XP_045319755.1	GeneID=123590551	320	kept	representative	XP_045319755.1 EPYC [organism=Leopardus geoffroyi] [GeneID=123590551]	GeneID_123590551|EPYC|XP_045319755.1
EPYC	XP_056311721.1	GeneID=130223047	712	excluded	absolute_length	XP_056311721.1 epyc [organism=Danio aesculapii] [GeneID=130223047]	GeneID_130223047|EPYC|XP_056311721.1
EPYC	XP_056311722.1	GeneID=130223047	712	excluded	absolute_length	XP_056311722.1 epyc [organism=Danio aesculapii] [GeneID=130223047]	GeneID_130223047|EPYC|XP_056311722.1
EPYC	XP_084202661.1	isoform=1	374	excluded	extra_isoform_same_species	XP_084202661.1 epyc [organism=Pagrus pagrus] [GeneID=311252901] [isoform=1]	isoform_1|EPYC|XP_084202661.1
EPYC	XP_084202662.1	isoform=1	374	excluded	extra_isoform_same_species	XP_084202662.1 epyc [organism=Pagrus pagrus] [GeneID=311252901] [isoform=1]	isoform_1|EPYC|XP_084202662.1
EPYC	XP_084202663.1	isoform=2	330	excluded	extra_isoform_same_species	XP_084202663.1 epyc [organism=Pagrus pagrus] [GeneID=311252901] [isoform=2]	isoform_2|EPYC|XP_084202663.1
EPYC	XP_012967328.1	GeneID=101837129	322	kept	representative	XP_012967328.1 Epyc [organism=Mesocricetus auratus] [GeneID=101837129]	GeneID_101837129|EPYC|XP_012967328.1
EPYC	XP_026003611.1	GeneID=113009510	618	excluded	absolute_length	XP_026003611.1 epyc [organism=Astatotilapia calliptera] [GeneID=113009510]	GeneID_113009510|EPYC|XP_026003611.1
EPYC	XP_080147641.1	GeneID=113009510	618	excluded	absolute_length	XP_080147641.1 epyc [organism=Astatotilapia calliptera] [GeneID=113009510]	GeneID_113009510|EPYC|XP_080147641.1
EPYC	XP_059537023.1	GeneID=132226214	321	kept	representative	XP_059537023.1 EPYC [organism=Myotis daubentonii] [GeneID=132226214]	GeneID_132226214|EPYC|XP_059537023.1
EPYC	XP_068417494.1	GeneID=137775477	321	kept	representative	XP_068417494.1 EPYC [organism=Eschrichtius robustus] [GeneID=137775477]	GeneID_137775477|EPYC|XP_068417494.1
EPYC	XP_068611670.1	GeneID=137911152	631	excluded	absolute_length	XP_068611670.1 epyc [organism=Brachionichthys hirsutus] [GeneID=137911152]	GeneID_137911152|EPYC|XP_068611670.1
EPYC	XP_075408846.1	GeneID=142450777	322	kept	representative	XP_075408846.1 EPYC [organism=Tenrec ecaudatus] [GeneID=142450777]	GeneID_142450777|EPYC|XP_075408846.1
EPYC	XP_010560161.1	GeneID=104828276	316	kept	representative	XP_010560161.1 EPYC [organism=Haliaeetus leucocephalus] [GeneID=104828276]	GeneID_104828276|EPYC|XP_010560161.1
EPYC	XP_027536150.1	GeneID=113966088	332	kept	representative	XP_027536150.1 EPYC [organism=Neopelma chrysocephalum] [GeneID=113966088]	GeneID_113966088|EPYC|XP_027536150.1
EPYC	XP_028388734.1	GeneID=114513597	320	kept	representative	XP_028388734.1 EPYC [organism=Phyllostomus discolor] [GeneID=114513597]	GeneID_114513597|EPYC|XP_028388734.1
EPYC	XP_035874478.1	GeneID=114513597	320	excluded	extra_isoform_same_species	XP_035874478.1 EPYC [organism=Phyllostomus discolor] [GeneID=114513597]	GeneID_114513597|EPYC|XP_035874478.1
EPYC	XP_047644558.1	GeneID=125131854	320	kept	representative	XP_047644558.1 EPYC [organism=Phacochoerus africanus] [GeneID=125131854]	GeneID_125131854|EPYC|XP_047644558.1
EPYC	XP_025737006.1	GeneID=112831070	463	excluded	relative_length	XP_025737006.1 EPYC [organism=Callorhinus ursinus] [GeneID=112831070]	GeneID_112831070|EPYC|XP_025737006.1
EPYC	XP_078098729.1	GeneID=144512052	634	excluded	absolute_length	XP_078098729.1 epyc [organism=Sander vitreus] [GeneID=144512052]	GeneID_144512052|EPYC|XP_078098729.1
EPYC	XP_011743025.2	isoform=X1	322	excluded	extra_isoform_same_species	XP_011743025.2 EPYC [organism=Macaca nemestrina] [GeneID=105483744] [isoform=X1]	isoform_X1|EPYC|XP_011743025.2
EPYC	XP_070926785.1	isoform=X2	261	excluded	extra_isoform_same_species	XP_070926785.1 EPYC [organism=Macaca nemestrina] [GeneID=105483744] [isoform=X2]	isoform_X2|EPYC|XP_070926785.1
EPYC	XP_054683931.1	GeneID=129207269	316	kept	representative	XP_054683931.1 EPYC [organism=Grus americana] [GeneID=129207269]	GeneID_129207269|EPYC|XP_054683931.1
EPYC	XP_081734448.1	isoform=1	316	excluded	extra_isoform_same_species	XP_081734448.1 EPYC [organism=Podarcis erhardii] [GeneID=309350988] [isoform=1]	isoform_1|EPYC|XP_081734448.1
EPYC	XP_081734449.1	isoform=1	316	excluded	extra_isoform_same_species	XP_081734449.1 EPYC [organism=Podarcis erhardii] [GeneID=309350988] [isoform=1]	isoform_1|EPYC|XP_081734449.1
EPYC	XP_081734450.1	isoform=1	316	excluded	extra_isoform_same_species	XP_081734450.1 EPYC [organism=Podarcis erhardii] [GeneID=309350988] [isoform=1]	isoform_1|EPYC|XP_081734450.1
EPYC	XP_011939628.1	GeneID=105596817	322	kept	representative	XP_011939628.1 EPYC [organism=Cercocebus atys] [GeneID=105596817]	GeneID_105596817|EPYC|XP_011939628.1
EPYC	XP_066490241.1	GeneID=136657348	316	kept	representative	XP_066490241.1 EPYC [organism=Tiliqua scincoides] [GeneID=136657348]	GeneID_136657348|EPYC|XP_066490241.1
EPYC	XP_073187171.1	GeneID=140906680	316	kept	representative	XP_073187171.1 EPYC [organism=Lepidochelys kempii] [GeneID=140906680]	GeneID_140906680|EPYC|XP_073187171.1
EPYC	XP_075327799.1	GeneID=142385289	582	excluded	relative_length	XP_075327799.1 epyc [organism=Odontesthes bonariensis] [GeneID=142385289]	GeneID_142385289|EPYC|XP_075327799.1
EPYC	XP_079849602.1	isoform=1	316	excluded	extra_isoform_same_species	XP_079849602.1 EPYC [organism=Podarcis cretensis] [GeneID=307225561] [isoform=1]	isoform_1|EPYC|XP_079849602.1
EPYC	XP_079849603.1	isoform=1	316	excluded	extra_isoform_same_species	XP_079849603.1 EPYC [organism=Podarcis cretensis] [GeneID=307225561] [isoform=1]	isoform_1|EPYC|XP_079849603.1
EPYC	XP_079849604.1	isoform=1	316	excluded	extra_isoform_same_species	XP_079849604.1 EPYC [organism=Podarcis cretensis] [GeneID=307225561] [isoform=1]	isoform_1|EPYC|XP_079849604.1
EPYC	XP_079849605.1	isoform=1	316	excluded	extra_isoform_same_species	XP_079849605.1 EPYC [organism=Podarcis cretensis] [GeneID=307225561] [isoform=1]	isoform_1|EPYC|XP_079849605.1
EPYC	XP_015713449.2	GeneID=107311464	314	kept	representative	XP_015713449.2 EPYC [organism=Coturnix japonica] [GeneID=107311464]	GeneID_107311464|EPYC|XP_015713449.2
EPYC	XP_085394583.1	GeneID=107311464	314	excluded	extra_isoform_same_species	XP_085394583.1 EPYC [organism=Coturnix japonica] [GeneID=107311464]	GeneID_107311464|EPYC|XP_085394583.1
EPYC	XP_011788987.1	GeneID=105505685	322	kept	representative	XP_011788987.1 EPYC [organism=Colobus angolensis palliatus] [GeneID=105505685]	GeneID_105505685|EPYC|XP_011788987.1
EPYC	XP_075716211.1	GeneID=142751121	317	kept	representative	XP_075716211.1 EPYC [organism=Rhinoderma darwinii] [GeneID=142751121]	GeneID_142751121|EPYC|XP_075716211.1
EPYC	XP_003445031.2	GeneID=100702986	618	excluded	absolute_length	XP_003445031.2 epyc [organism=Oreochromis niloticus] [GeneID=100702986]	GeneID_100702986|EPYC|XP_003445031.2
EPYC	XP_005451655.1	GeneID=100702986	618	excluded	absolute_length	XP_005451655.1 epyc [organism=Oreochromis niloticus] [GeneID=100702986]	GeneID_100702986|EPYC|XP_005451655.1
EPYC	XP_025755569.1	GeneID=100702986	618	excluded	absolute_length	XP_025755569.1 epyc [organism=Oreochromis niloticus] [GeneID=100702986]	GeneID_100702986|EPYC|XP_025755569.1
EPYC	XP_025755570.1	GeneID=100702986	618	excluded	absolute_length	XP_025755570.1 epyc [organism=Oreochromis niloticus] [GeneID=100702986]	GeneID_100702986|EPYC|XP_025755570.1
EPYC	XP_006029354.1	GeneID=102385611	316	kept	representative	XP_006029354.1 EPYC [organism=Alligator sinensis] [GeneID=102385611]	GeneID_102385611|EPYC|XP_006029354.1
EPYC	XP_006029355.1	GeneID=102385611	316	excluded	extra_isoform_same_species	XP_006029355.1 EPYC [organism=Alligator sinensis] [GeneID=102385611]	GeneID_102385611|EPYC|XP_006029355.1
EPYC	XP_011844303.1	GeneID=105545867	322	kept	representative	XP_011844303.1 EPYC [organism=Mandrillus leucophaeus] [GeneID=105545867]	GeneID_105545867|EPYC|XP_011844303.1
EPYC	XP_056877982.1	isoform=X1	637	excluded	absolute_length	XP_056877982.1 epyc [organism=Takifugu flavidus] [GeneID=130518993] [isoform=X1]	isoform_X1|EPYC|XP_056877982.1
EPYC	XP_056877983.1	isoform=X2	593	excluded	relative_length	XP_056877983.1 epyc [organism=Takifugu flavidus] [GeneID=130518993] [isoform=X2]	isoform_X2|EPYC|XP_056877983.1
EPYC	XP_056877984.1	isoform=X3	565	excluded	relative_length	XP_056877984.1 epyc [organism=Takifugu flavidus] [GeneID=130518993] [isoform=X3]	isoform_X3|EPYC|XP_056877984.1
EPYC	XP_056877985.1	isoform=X4	521	excluded	relative_length	XP_056877985.1 epyc [organism=Takifugu flavidus] [GeneID=130518993] [isoform=X4]	isoform_X4|EPYC|XP_056877985.1
EPYC	XP_074914254.1	GeneID=142045039	340	kept	representative	XP_074914254.1 EPYC [organism=Buteo buteo] [GeneID=142045039]	GeneID_142045039|EPYC|XP_074914254.1
EPYC	XP_030913437.1	GeneID=102035510	316	kept	representative	XP_030913437.1 EPYC [organism=Geospiza fortis] [GeneID=102035510]	GeneID_102035510|EPYC|XP_030913437.1
EPYC	XP_019807721.1	GeneID=101330463	321	kept	representative	XP_019807721.1 EPYC [organism=Tursiops truncatus] [GeneID=101330463]	GeneID_101330463|EPYC|XP_019807721.1
EPYC	XP_023571912.1	GeneID=101573768	319	kept	representative	XP_023571912.1 Epyc [organism=Octodon degus] [GeneID=101573768]	GeneID_101573768|EPYC|XP_023571912.1
EPYC	XP_040413640.1	GeneID=121070477	316	kept	representative	XP_040413640.1 EPYC [organism=Cygnus olor] [GeneID=121070477]	GeneID_121070477|EPYC|XP_040413640.1
EPYC	XP_015338134.1	GeneID=107139787	322	kept	representative	XP_015338134.1 Epyc [organism=Marmota marmota marmota] [GeneID=107139787]	GeneID_107139787|EPYC|XP_015338134.1
EPYC	XP_023415313.1	GeneID=100657027	322	kept	representative	XP_023415313.1 EPYC [organism=Loxodonta africana] [GeneID=100657027]	GeneID_100657027|EPYC|XP_023415313.1
EPYC	XP_063011985.1	GeneID=134418069	316	kept	representative	XP_063011985.1 EPYC [organism=Melospiza melodia melodia] [GeneID=134418069]	GeneID_134418069|EPYC|XP_063011985.1
EPYC	XP_068828024.1	GeneID=138079104	321	kept	representative	XP_068828024.1 EPYC [organism=Capricornis sumatraensis] [GeneID=138079104]	GeneID_138079104|EPYC|XP_068828024.1
EPYC	XP_007564130.1	isoform=X1	586	excluded	relative_length	XP_007564130.1 epyc [organism=Poecilia formosa] [GeneID=103146236] [isoform=X1]	isoform_X1|EPYC|XP_007564130.1
EPYC	XP_016532874.1	isoform=X2	574	excluded	relative_length	XP_016532874.1 epyc [organism=Poecilia formosa] [GeneID=103146236] [isoform=X2]	isoform_X2|EPYC|XP_016532874.1
EPYC	XP_025782705.1	GeneID=112863795	320	kept	representative	XP_025782705.1 EPYC [organism=Puma concolor] [GeneID=112863795]	GeneID_112863795|EPYC|XP_025782705.1
EPYC	XP_041935092.1	GeneID=121697587	538	excluded	relative_length	XP_041935092.1 epyc [organism=Alosa sapidissima] [GeneID=121697587]	GeneID_121697587|EPYC|XP_041935092.1
EPYC	XP_042258964.1	GeneID=121890604	592	excluded	relative_length	XP_042258964.1 epyc [organism=Thunnus maccoyii] [GeneID=121890604]	GeneID_121890604|EPYC|XP_042258964.1
EPYC	XP_056435031.1	GeneID=130372894	661	excluded	absolute_length	XP_056435031.1 epyc [organism=Gadus chalcogrammus] [GeneID=130372894]	GeneID_130372894|EPYC|XP_056435031.1
EPYC	XP_030071083.1	GeneID=115478025	317	kept	representative	XP_030071083.1 EPYC [organism=Microcaecilia unicolor] [GeneID=115478025]	GeneID_115478025|EPYC|XP_030071083.1
EPYC	XP_024139655.1	GeneID=112153566	589	excluded	relative_length	XP_024139655.1 epyc [organism=Oryzias melastigma] [GeneID=112153566]	GeneID_112153566|EPYC|XP_024139655.1
EPYC	XP_005279196.2	GeneID=101932908	316	kept	representative	XP_005279196.2 EPYC [organism=Chrysemys picta bellii] [GeneID=101932908]	GeneID_101932908|EPYC|XP_005279196.2
EPYC	XP_005279199.2	GeneID=101932908	316	excluded	extra_isoform_same_species	XP_005279199.2 EPYC [organism=Chrysemys picta bellii] [GeneID=101932908]	GeneID_101932908|EPYC|XP_005279199.2
EPYC	XP_066040698.1	GeneID=136290221	316	kept	representative	XP_066040698.1 EPYC [organism=Chamaea fasciata] [GeneID=136290221]	GeneID_136290221|EPYC|XP_066040698.1
EPYC	XP_053113879.1	GeneID=128328177	316	kept	representative	XP_053113879.1 EPYC [organism=Hemicordylus capensis] [GeneID=128328177]	GeneID_128328177|EPYC|XP_053113879.1
EPYC	XP_062058014.1	GeneID=133767599	321	kept	representative	XP_062058014.1 EPYC [organism=Lepus europaeus] [GeneID=133767599]	GeneID_133767599|EPYC|XP_062058014.1
EPYC	XP_083548078.1	GeneID=310820362	334	kept	representative	XP_083548078.1 epyc [organism=Argentina silus] [GeneID=310820362]	GeneID_310820362|EPYC|XP_083548078.1
EPYC	XP_003823452.1	GeneID=100971041	322	kept	representative	XP_003823452.1 EPYC [organism=Pan paniscus] [GeneID=100971041]	GeneID_100971041|EPYC|XP_003823452.1
EPYC	XP_033471049.2	GeneID=117249480	579	excluded	relative_length	XP_033471049.2 epyc [organism=Epinephelus lanceolatus] [GeneID=117249480]	GeneID_117249480|EPYC|XP_033471049.2
EPYC	XP_068860011.1	GeneID=138104673	316	kept	representative	XP_068860011.1 EPYC [organism=Aphelocoma coerulescens] [GeneID=138104673]	GeneID_138104673|EPYC|XP_068860011.1
EPYC	XP_024076116.1	GeneID=112121314	316	kept	representative	XP_024076116.1 EPYC [organism=Terrapene triunguis] [GeneID=112121314]	GeneID_112121314|EPYC|XP_024076116.1
EPYC	XP_039524387.1	isoform=X1	726	excluded	absolute_length	XP_039524387.1 epyc [organism=Pimephales promelas] [GeneID=120477062] [isoform=X1]	isoform_X1|EPYC|XP_039524387.1
EPYC	XP_039524389.1	isoform=X2	724	excluded	absolute_length	XP_039524389.1 epyc [organism=Pimephales promelas] [GeneID=120477062] [isoform=X2]	isoform_X2|EPYC|XP_039524389.1
EPYC	XP_039524390.1	isoform=X3	341	excluded	extra_isoform_same_species	XP_039524390.1 epyc [organism=Pimephales promelas] [GeneID=120477062] [isoform=X3]	isoform_X3|EPYC|XP_039524390.1
EPYC	XP_082651267.1	isoform=1	316	excluded	extra_isoform_same_species	XP_082651267.1 EPYC [organism=Cygnus columbianus] [GeneID=309896689] [isoform=1]	isoform_1|EPYC|XP_082651267.1
EPYC	XP_082651268.1	isoform=2	277	excluded	extra_isoform_same_species	XP_082651268.1 EPYC [organism=Cygnus columbianus] [GeneID=309896689] [isoform=2]	isoform_2|EPYC|XP_082651268.1
EPYC	XP_035502432.1	isoform=X1	605	excluded	absolute_length	XP_035502432.1 epyc [organism=Scophthalmus maximus] [GeneID=118317663] [isoform=X1]	isoform_X1|EPYC|XP_035502432.1
EPYC	XP_035502442.1	isoform=X2	374	excluded	extra_isoform_same_species	XP_035502442.1 epyc [organism=Scophthalmus maximus] [GeneID=118317663] [isoform=X2]	isoform_X2|EPYC|XP_035502442.1
EPYC	XP_035502451.1	isoform=X3	330	excluded	extra_isoform_same_species	XP_035502451.1 epyc [organism=Scophthalmus maximus] [GeneID=118317663] [isoform=X3]	isoform_X3|EPYC|XP_035502451.1
EPYC	XP_037316187.1	GeneID=119210378	350	kept	representative	XP_037316187.1 epyc [organism=Pungitius pungitius] [GeneID=119210378]	GeneID_119210378|EPYC|XP_037316187.1
EPYC	XP_050602525.1	GeneID=126929995	322	kept	representative	XP_050602525.1 EPYC [organism=Macaca thibetana thibetana] [GeneID=126929995]	GeneID_126929995|EPYC|XP_050602525.1
EPYC	XP_051248406.1	isoform=X1	625	excluded	absolute_length	XP_051248406.1 epyc [organism=Dicentrarchus labrax] [GeneID=127358903] [isoform=X1]	isoform_X1|EPYC|XP_051248406.1
EPYC	XP_051248407.1	isoform=X2	609	excluded	absolute_length	XP_051248407.1 epyc [organism=Dicentrarchus labrax] [GeneID=127358903] [isoform=X2]	isoform_X2|EPYC|XP_051248407.1
EPYC	XP_051248408.1	isoform=X2	609	excluded	absolute_length	XP_051248408.1 epyc [organism=Dicentrarchus labrax] [GeneID=127358903] [isoform=X2]	isoform_X2|EPYC|XP_051248408.1
EPYC	XP_051248409.1	isoform=X2	609	excluded	absolute_length	XP_051248409.1 epyc [organism=Dicentrarchus labrax] [GeneID=127358903] [isoform=X2]	isoform_X2|EPYC|XP_051248409.1
EPYC	XP_082491081.1	GeneID=309811786	321	kept	representative	XP_082491081.1 EPYC [organism=Mesoplodon mirus] [GeneID=309811786]	GeneID_309811786|EPYC|XP_082491081.1
EPYC	XP_026724463.1	isoform=X1	351	excluded	extra_isoform_same_species	XP_026724463.1 EPYC [organism=Athene cunicularia] [GeneID=113491604] [isoform=X1]	isoform_X1|EPYC|XP_026724463.1
EPYC	XP_026724464.1	isoform=X2	315	excluded	extra_isoform_same_species	XP_026724464.1 EPYC [organism=Athene cunicularia] [GeneID=113491604] [isoform=X2]	isoform_X2|EPYC|XP_026724464.1
EPYC	XP_086255041.1	GeneID=147371390	321	kept	representative	XP_086255041.1 EPYC [organism=Bos grunniens] [GeneID=147371390]	GeneID_147371390|EPYC|XP_086255041.1
EPYC	XP_074553935.1	isoform=X1	443	excluded	relative_length	XP_074553935.1 epyc [organism=Halichoeres trimaculatus] [GeneID=141810370] [isoform=X1]	isoform_X1|EPYC|XP_074553935.1
EPYC	XP_074553936.1	isoform=X2	381	excluded	extra_isoform_same_species	XP_074553936.1 epyc [organism=Halichoeres trimaculatus] [GeneID=141810370] [isoform=X2]	isoform_X2|EPYC|XP_074553936.1
EPYC	XP_074553937.1	isoform=X3	337	excluded	extra_isoform_same_species	XP_074553937.1 epyc [organism=Halichoeres trimaculatus] [GeneID=141810370] [isoform=X3]	isoform_X3|EPYC|XP_074553937.1
EPYC	XP_079092483.1	GeneID=306752577	368	kept	representative	XP_079092483.1 epyc [organism=Taurulus bubalis] [GeneID=306752577]	GeneID_306752577|EPYC|XP_079092483.1
EPYC	XP_006923882.1	GeneID=102886120	321	kept	representative	XP_006923882.1 EPYC [organism=Pteropus alecto] [GeneID=102886120]	GeneID_102886120|EPYC|XP_006923882.1
EPYC	XP_027961217.1	GeneID=114210983	426	excluded	relative_length	XP_027961217.1 EPYC [organism=Eumetopias jubatus] [GeneID=114210983]	GeneID_114210983|EPYC|XP_027961217.1
EPYC	XP_027399453.1	GeneID=113893794	321	kept	representative	XP_027399453.1 EPYC [organism=Bos indicus x Bos taurus] [GeneID=113893794]	GeneID_113893794|EPYC|XP_027399453.1
EPYC	XP_005324488.2	GeneID=101975026	322	kept	representative	XP_005324488.2 Epyc [organism=Ictidomys tridecemlineatus] [GeneID=101975026]	GeneID_101975026|EPYC|XP_005324488.2
EPYC	XP_020633584.3	GeneID=110070255	316	kept	representative	XP_020633584.3 EPYC [organism=Pogona vitticeps] [GeneID=110070255]	GeneID_110070255|EPYC|XP_020633584.3
EPYC	XP_024415046.3	GeneID=112303708	320	kept	representative	XP_024415046.3 EPYC [organism=Desmodus rotundus] [GeneID=112303708]	GeneID_112303708|EPYC|XP_024415046.3
EPYC	XP_079160620.1	GeneID=306801426	316	kept	representative	XP_079160620.1 EPYC [organism=Erithacus rubecula] [GeneID=306801426]	GeneID_306801426|EPYC|XP_079160620.1
EPYC	XP_036747444.1	GeneID=118915578	321	kept	representative	XP_036747444.1 EPYC [organism=Manis pentadactyla] [GeneID=118915578]	GeneID_118915578|EPYC|XP_036747444.1
EPYC	XP_052497028.1	GeneID=128048641	321	kept	representative	XP_052497028.1 EPYC [organism=Budorcas taxicolor] [GeneID=128048641]	GeneID_128048641|EPYC|XP_052497028.1
EPYC	XP_082097161.1	isoform=1	316	excluded	extra_isoform_same_species	XP_082097161.1 EPYC [organism=Podarcis vaucheri] [GeneID=309542286] [isoform=1]	isoform_1|EPYC|XP_082097161.1
EPYC	XP_082097162.1	isoform=1	316	excluded	extra_isoform_same_species	XP_082097162.1 EPYC [organism=Podarcis vaucheri] [GeneID=309542286] [isoform=1]	isoform_1|EPYC|XP_082097162.1
EPYC	XP_082097163.1	isoform=1	316	excluded	extra_isoform_same_species	XP_082097163.1 EPYC [organism=Podarcis vaucheri] [GeneID=309542286] [isoform=1]	isoform_1|EPYC|XP_082097163.1
EPYC	XP_082097164.1	isoform=1	316	excluded	extra_isoform_same_species	XP_082097164.1 EPYC [organism=Podarcis vaucheri] [GeneID=309542286] [isoform=1]	isoform_1|EPYC|XP_082097164.1
EPYC	XP_068524090.1	GeneID=137848665	316	kept	representative	XP_068524090.1 EPYC [organism=Anas acuta] [GeneID=137848665]	GeneID_137848665|EPYC|XP_068524090.1
EPYC	XP_013975233.1	GeneID=100855602	320	kept	representative	XP_013975233.1 EPYC [organism=Canis lupus familiaris] [GeneID=100855602]	GeneID_100855602|EPYC|XP_013975233.1
EPYC	XP_013975234.1	GeneID=100855602	320	excluded	extra_isoform_same_species	XP_013975234.1 EPYC [organism=Canis lupus familiaris] [GeneID=100855602]	GeneID_100855602|EPYC|XP_013975234.1
EPYC	XP_038352172.1	GeneID=100855602	320	excluded	extra_isoform_same_species	XP_038352172.1 EPYC [organism=Canis lupus familiaris] [GeneID=100855602]	GeneID_100855602|EPYC|XP_038352172.1
EPYC	XP_038352173.1	GeneID=100855602	320	excluded	extra_isoform_same_species	XP_038352173.1 EPYC [organism=Canis lupus familiaris] [GeneID=100855602]	GeneID_100855602|EPYC|XP_038352173.1
EPYC	XP_038414559.1	GeneID=100855602	320	excluded	extra_isoform_same_species	XP_038414559.1 EPYC [organism=Canis lupus familiaris] [GeneID=100855602]	GeneID_100855602|EPYC|XP_038414559.1
EPYC	XP_038414560.1	GeneID=100855602	320	excluded	extra_isoform_same_species	XP_038414560.1 EPYC [organism=Canis lupus familiaris] [GeneID=100855602]	GeneID_100855602|EPYC|XP_038414560.1
EPYC	XP_038478458.1	GeneID=100855602	320	excluded	extra_isoform_same_species	XP_038478458.1 EPYC [organism=Canis lupus familiaris] [GeneID=100855602]	GeneID_100855602|EPYC|XP_038478458.1
EPYC	XP_038478459.1	GeneID=100855602	320	excluded	extra_isoform_same_species	XP_038478459.1 EPYC [organism=Canis lupus familiaris] [GeneID=100855602]	GeneID_100855602|EPYC|XP_038478459.1
EPYC	XP_038544145.1	GeneID=100855602	320	excluded	extra_isoform_same_species	XP_038544145.1 EPYC [organism=Canis lupus familiaris] [GeneID=100855602]	GeneID_100855602|EPYC|XP_038544145.1
EPYC	XP_038544146.1	GeneID=100855602	320	excluded	extra_isoform_same_species	XP_038544146.1 EPYC [organism=Canis lupus familiaris] [GeneID=100855602]	GeneID_100855602|EPYC|XP_038544146.1
EPYC	XP_011611741.1	isoform=X2	593	excluded	relative_length	XP_011611741.1 epyc [organism=Takifugu rubripes] [GeneID=101077283] [isoform=X2]	isoform_X2|EPYC|XP_011611741.1
EPYC	XP_029681689.1	isoform=X1	601	excluded	absolute_length	XP_029681689.1 epyc [organism=Takifugu rubripes] [GeneID=101077283] [isoform=X1]	isoform_X1|EPYC|XP_029681689.1
EPYC	XP_029681690.1	isoform=X3	529	excluded	relative_length	XP_029681690.1 epyc [organism=Takifugu rubripes] [GeneID=101077283] [isoform=X3]	isoform_X3|EPYC|XP_029681690.1
EPYC	XP_029681691.1	isoform=X4	328	excluded	extra_isoform_same_species	XP_029681691.1 epyc [organism=Takifugu rubripes] [GeneID=101077283] [isoform=X4]	isoform_X4|EPYC|XP_029681691.1
EPYC	XP_054488060.2	GeneID=129119865	316	kept	representative	XP_054488060.2 EPYC [organism=Agelaius phoeniceus] [GeneID=129119865]	GeneID_129119865|EPYC|XP_054488060.2
EPYC	XP_076709317.1	GeneID=143397147	322	kept	representative	XP_076709317.1 Epyc [organism=Callospermophilus lateralis] [GeneID=143397147]	GeneID_143397147|EPYC|XP_076709317.1
EPYC	XP_077565850.1	GeneID=144181329	691	excluded	absolute_length	XP_077565850.1 epyc [organism=Stigmatopora nigra] [GeneID=144181329]	GeneID_144181329|EPYC|XP_077565850.1
EPYC	XP_079724342.1	GeneID=307156725	690	excluded	absolute_length	XP_079724342.1 epyc [organism=Squalius cephalus] [GeneID=307156725]	GeneID_307156725|EPYC|XP_079724342.1
EPYC	XP_045635986.1	GeneID=123780856	321	kept	representative	XP_045635986.1 EPYC [organism=Ursus americanus] [GeneID=123780856]	GeneID_123780856|EPYC|XP_045635986.1
EPYC	XP_010136547.1	GeneID=104488474	316	kept	representative	XP_010136547.1 EPYC [organism=Buceros rhinoceros silvestris] [GeneID=104488474]	GeneID_104488474|EPYC|XP_010136547.1
EPYC	XP_081814781.1	GeneID=309394936	254	kept	representative	XP_081814781.1 EPYC [organism=Natrix helvetica] [GeneID=309394936]	GeneID_309394936|EPYC|XP_081814781.1
EPYC	XP_015815457.3	GeneID=107385829	648	excluded	absolute_length	XP_015815457.3 epyc [organism=Nothobranchius furzeri] [GeneID=107385829]	GeneID_107385829|EPYC|XP_015815457.3
EPYC	XP_037745698.1	GeneID=102937177	316	kept	representative	XP_037745698.1 EPYC [organism=Chelonia mydas] [GeneID=102937177]	GeneID_102937177|EPYC|XP_037745698.1
EPYC	XP_072311196.1	GeneID=140368175	552	excluded	relative_length	XP_072311196.1 epyc [organism=Eucyclogobius newberryi] [GeneID=140368175]	GeneID_140368175|EPYC|XP_072311196.1
EPYC	XP_079407626.1	GeneID=306959400	299	kept	representative	XP_079407626.1 epyc [organism=Gobius niger] [GeneID=306959400]	GeneID_306959400|EPYC|XP_079407626.1
EPYC	XP_079631588.1	GeneID=307101953	320	kept	representative	XP_079631588.1 EPYC [organism=Cnephaeus nilssonii] [GeneID=307101953]	GeneID_307101953|EPYC|XP_079631588.1
EPYC	XP_041521664.1	GeneID=121457078	322	kept	representative	XP_041521664.1 Epyc [organism=Microtus oregoni] [GeneID=121457078]	GeneID_121457078|EPYC|XP_041521664.1
EPYC	XP_047598311.1	GeneID=125107362	321	kept	representative	XP_047598311.1 EPYC [organism=Lutra lutra] [GeneID=125107362]	GeneID_125107362|EPYC|XP_047598311.1
EPYC	XP_057234904.1	GeneID=130581043	314	kept	representative	XP_057234904.1 EPYC [organism=Malurus melanocephalus] [GeneID=130581043]	GeneID_130581043|EPYC|XP_057234904.1
EPYC	XP_014844932.1	isoform=X1	586	excluded	relative_length	XP_014844932.1 epyc [organism=Poecilia mexicana] [GeneID=106919220] [isoform=X1]	isoform_X1|EPYC|XP_014844932.1
EPYC	XP_014844933.1	isoform=X2	574	excluded	relative_length	XP_014844933.1 epyc [organism=Poecilia mexicana] [GeneID=106919220] [isoform=X2]	isoform_X2|EPYC|XP_014844933.1
EPYC	XP_050791807.1	GeneID=127042302	316	kept	representative	XP_050791807.1 EPYC [organism=Gopherus flavomarginatus] [GeneID=127042302]	GeneID_127042302|EPYC|XP_050791807.1
EPYC	XP_054134522.1	GeneID=128938334	316	kept	representative	XP_054134522.1 EPYC [organism=Melozone crissalis] [GeneID=128938334]	GeneID_128938334|EPYC|XP_054134522.1
EPYC	XP_083823789.1	GeneID=310983797	316	kept	representative	XP_083823789.1 EPYC [organism=Clangula hyemalis] [GeneID=310983797]	GeneID_310983797|EPYC|XP_083823789.1
EPYC	XP_027630108.1	GeneID=102473715	320	kept	representative	XP_027630108.1 EPYC [organism=Tupaia belangeri chinensis] [GeneID=102473715]	GeneID_102473715|EPYC|XP_027630108.1
EPYC	XP_059367116.1	isoform=X1	671	excluded	absolute_length	XP_059367116.1 epyc [organism=Carassius carassius] [GeneID=132105760] [isoform=X1]	isoform_X1|EPYC|XP_059367116.1
EPYC	XP_059367117.1	isoform=X1	671	excluded	absolute_length	XP_059367117.1 epyc [organism=Carassius carassius] [GeneID=132105760] [isoform=X1]	isoform_X1|EPYC|XP_059367117.1
EPYC	XP_059367118.1	isoform=X2	451	excluded	relative_length	XP_059367118.1 epyc [organism=Carassius carassius] [GeneID=132105760] [isoform=X2]	isoform_X2|EPYC|XP_059367118.1
EPYC	XP_059367119.1	isoform=X3	365	excluded	extra_isoform_same_species	XP_059367119.1 epyc [organism=Carassius carassius] [GeneID=132105760] [isoform=X3]	isoform_X3|EPYC|XP_059367119.1
EPYC	XP_059367120.1	isoform=X4	339	excluded	extra_isoform_same_species	XP_059367120.1 epyc [organism=Carassius carassius] [GeneID=132105760] [isoform=X4]	isoform_X4|EPYC|XP_059367120.1
EPYC	XP_079350548.1	GeneID=306916532	335	kept	representative	XP_079350548.1 epyc [organism=Electrona antarctica] [GeneID=306916532]	GeneID_306916532|EPYC|XP_079350548.1
EPYC	XP_082164701.1	GeneID=309588860	316	kept	representative	XP_082164701.1 EPYC [organism=Platalea leucorodia] [GeneID=309588860]	GeneID_309588860|EPYC|XP_082164701.1
EPYC	XP_003989156.1	isoform=X1	320	excluded	extra_isoform_same_species	XP_003989156.1 EPYC [organism=Felis catus] [GeneID=101100490] [isoform=X1]	isoform_X1|EPYC|XP_003989156.1
EPYC	XP_044918083.1	isoform=X2	267	excluded	extra_isoform_same_species	XP_044918083.1 EPYC [organism=Felis catus] [GeneID=101100490] [isoform=X2]	isoform_X2|EPYC|XP_044918083.1
EPYC	XP_085108356.1	GeneID=146555637	618	excluded	absolute_length	XP_085108356.1 epyc [organism=Mchenga conophoros] [GeneID=146555637]	GeneID_146555637|EPYC|XP_085108356.1
EPYC	XP_085108357.1	GeneID=146555637	618	excluded	absolute_length	XP_085108357.1 epyc [organism=Mchenga conophoros] [GeneID=146555637]	GeneID_146555637|EPYC|XP_085108357.1
EPYC	XP_048790617.1	isoform=X1	316	excluded	extra_isoform_same_species	XP_048790617.1 EPYC [organism=Lagopus muta] [GeneID=125688465] [isoform=X1]	isoform_X1|EPYC|XP_048790617.1
EPYC	XP_048790618.1	isoform=X2	269	excluded	extra_isoform_same_species	XP_048790618.1 EPYC [organism=Lagopus muta] [GeneID=125688465] [isoform=X2]	isoform_X2|EPYC|XP_048790618.1
EPYC	XP_075580798.1	GeneID=104025362	316	kept	representative	XP_075580798.1 EPYC [organism=Pelecanus crispus] [GeneID=104025362]	GeneID_104025362|EPYC|XP_075580798.1
EPYC	XP_065277860.1	GeneID=135893839	316	kept	representative	XP_065277860.1 EPYC [organism=Emys orbicularis] [GeneID=135893839]	GeneID_135893839|EPYC|XP_065277860.1
EPYC	XP_070803987.1	GeneID=139319835	334	kept	representative	XP_070803987.1 EPYC [organism=Pituophis catenifer annectens] [GeneID=139319835]	GeneID_139319835|EPYC|XP_070803987.1
EPYC	XP_072006770.1	GeneID=140129022	316	kept	representative	XP_072006770.1 EPYC [organism=Engystomops pustulosus] [GeneID=140129022]	GeneID_140129022|EPYC|XP_072006770.1
EPYC	XP_075347600.1	GeneID=142404520	362	kept	representative	XP_075347600.1 EPYC [organism=Mycteria americana] [GeneID=142404520]	GeneID_142404520|EPYC|XP_075347600.1
EPYC	XP_026182874.1	GeneID=113142203	594	excluded	relative_length	XP_026182874.1 epyc [organism=Mastacembelus armatus] [GeneID=113142203]	GeneID_113142203|EPYC|XP_026182874.1
EPYC	XP_006746821.2	GeneID=102748002	321	kept	representative	XP_006746821.2 EPYC [organism=Leptonychotes weddellii] [GeneID=102748002]	GeneID_102748002|EPYC|XP_006746821.2
EPYC	XP_083222681.1	GeneID=310642669	232	kept	representative	XP_083222681.1 EPYC [organism=Vipera ursinii] [GeneID=310642669]	GeneID_310642669|EPYC|XP_083222681.1
EPYC	XP_043736915.1	GeneID=122680080	321	kept	representative	XP_043736915.1 EPYC [organism=Cervus elaphus] [GeneID=122680080]	GeneID_122680080|EPYC|XP_043736915.1
EPYC	XP_043736925.1	GeneID=122680080	321	excluded	extra_isoform_same_species	XP_043736925.1 EPYC [organism=Cervus elaphus] [GeneID=122680080]	GeneID_122680080|EPYC|XP_043736925.1
EPYC	XP_043736936.1	GeneID=122680080	321	excluded	extra_isoform_same_species	XP_043736936.1 EPYC [organism=Cervus elaphus] [GeneID=122680080]	GeneID_122680080|EPYC|XP_043736936.1
EPYC	XP_053320506.1	GeneID=128492092	320	kept	representative	XP_053320506.1 EPYC [organism=Spea bombifrons] [GeneID=128492092]	GeneID_128492092|EPYC|XP_053320506.1
EPYC	XP_053320507.1	GeneID=128492092	320	excluded	extra_isoform_same_species	XP_053320507.1 EPYC [organism=Spea bombifrons] [GeneID=128492092]	GeneID_128492092|EPYC|XP_053320507.1
EPYC	XP_005910154.2	GeneID=102280185	321	kept	representative	XP_005910154.2 EPYC [organism=Bos mutus] [GeneID=102280185]	GeneID_102280185|EPYC|XP_005910154.2
EPYC	XP_062373878.1	GeneID=134062022	526	excluded	relative_length	XP_062373878.1 epyc [organism=Sardina pilchardus] [GeneID=134062022]	GeneID_134062022|EPYC|XP_062373878.1
EPYC	XP_063303190.1	GeneID=134602334	319	kept	representative	XP_063303190.1 EPYC [organism=Pelobates fuscus] [GeneID=134602334]	GeneID_134602334|EPYC|XP_063303190.1
EPYC	XP_065521123.1	GeneID=136007129	316	kept	representative	XP_065521123.1 EPYC [organism=Lathamus discolor] [GeneID=136007129]	GeneID_136007129|EPYC|XP_065521123.1
EPYC	XP_074024829.1	GeneID=141479516	316	kept	representative	XP_074024829.1 EPYC [organism=Numenius arquata] [GeneID=141479516]	GeneID_141479516|EPYC|XP_074024829.1
EPYC	XP_006870780.1	GeneID=102817808	322	kept	representative	XP_006870780.1 EPYC [organism=Chrysochloris asiatica] [GeneID=102817808]	GeneID_102817808|EPYC|XP_006870780.1
EPYC	XP_028673215.1	GeneID=114663563	325	kept	representative	XP_028673215.1 epyc [organism=Erpetoichthys calabaricus] [GeneID=114663563]	GeneID_114663563|EPYC|XP_028673215.1
EPYC	XP_082207538.1	GeneID=309609696	321	kept	representative	XP_082207538.1 EPYC [organism=Balaenoptera borealis] [GeneID=309609696]	GeneID_309609696|EPYC|XP_082207538.1
EPYC	XP_030677691.1	GeneID=100593408	322	kept	representative	XP_030677691.1 EPYC [organism=Nomascus leucogenys] [GeneID=100593408]	GeneID_100593408|EPYC|XP_030677691.1
EPYC	XP_085878580.1	GeneID=147126664	657	excluded	absolute_length	XP_085878580.1 epyc [organism=Filicampus tigris] [GeneID=147126664]	GeneID_147126664|EPYC|XP_085878580.1
EPYC	XP_064010840.1	GeneID=135181517	316	kept	representative	XP_064010840.1 EPYC [organism=Pogoniulus pusillus] [GeneID=135181517]	GeneID_135181517|EPYC|XP_064010840.1
EPYC	XP_004415616.1	GeneID=101364657	321	kept	representative	XP_004415616.1 EPYC [organism=Odobenus rosmarus divergens] [GeneID=101364657]	GeneID_101364657|EPYC|XP_004415616.1
EPYC	XP_005374504.1	GeneID=102018797	318	kept	representative	XP_005374504.1 Epyc [organism=Chinchilla lanigera] [GeneID=102018797]	GeneID_102018797|EPYC|XP_005374504.1
EPYC	XP_007123753.1	GeneID=102975116	321	kept	representative	XP_007123753.1 EPYC [organism=Physeter macrocephalus] [GeneID=102975116]	GeneID_102975116|EPYC|XP_007123753.1
EPYC	XP_066110890.1	GeneID=136322942	321	kept	representative	XP_066110890.1 EPYC [organism=Saccopteryx bilineata] [GeneID=136322942]	GeneID_136322942|EPYC|XP_066110890.1
EPYC	XP_010014399.1	GeneID=104406960	316	kept	representative	XP_010014399.1 EPYC [organism=Nestor notabilis] [GeneID=104406960]	GeneID_104406960|EPYC|XP_010014399.1
EPYC	XP_019372239.1	GeneID=109297024	316	kept	representative	XP_019372239.1 EPYC [organism=Gavialis gangeticus] [GeneID=109297024]	GeneID_109297024|EPYC|XP_019372239.1
EPYC	XP_036025292.1	GeneID=118570785	405	kept	representative	XP_036025292.1 Epyc [organism=Onychomys torridus] [GeneID=118570785]	GeneID_118570785|EPYC|XP_036025292.1
EPYC	XP_051745810.1	GeneID=127510383	661	excluded	absolute_length	XP_051745810.1 epyc [organism=Ctenopharyngodon idella] [GeneID=127510383]	GeneID_127510383|EPYC|XP_051745810.1
EPYC	XP_032153358.1	GeneID=116564385	319	kept	representative	XP_032153358.1 EPYC [organism=Sapajus apella] [GeneID=116564385]	GeneID_116564385|EPYC|XP_032153358.1
EPYC	XP_055046732.2	isoform=X1	319	excluded	extra_isoform_same_species	XP_055046732.2 epyc [organism=Misgurnus anguillicaudatus] [GeneID=129432370] [isoform=X1]	isoform_X1|EPYC|XP_055046732.2
EPYC	XP_055046733.2	isoform=X2	719	excluded	absolute_length	XP_055046733.2 epyc [organism=Misgurnus anguillicaudatus] [GeneID=129432370] [isoform=X2]	isoform_X2|EPYC|XP_055046733.2
EPYC	XP_075886205.1	GeneID=142890815	637	excluded	absolute_length	XP_075886205.1 epyc [organism=Nelusetta ayraudi] [GeneID=142890815]	GeneID_142890815|EPYC|XP_075886205.1
EPYC	XP_051062253.1	GeneID=127237885	322	kept	representative	XP_051062253.1 Epyc [organism=Phodopus roborovskii] [GeneID=127237885]	GeneID_127237885|EPYC|XP_051062253.1
EPYC	XP_052021949.1	GeneID=127671256	322	kept	representative	XP_052021949.1 Epyc [organism=Apodemus sylvaticus] [GeneID=127671256]	GeneID_127671256|EPYC|XP_052021949.1
EPYC	XP_058597805.1	GeneID=131519117	320	kept	representative	XP_058597805.1 EPYC [organism=Neofelis nebulosa] [GeneID=131519117]	GeneID_131519117|EPYC|XP_058597805.1
EPYC	XP_073506785.1	GeneID=141165035	317	kept	representative	XP_073506785.1 EPYC [organism=Phyllobates terribilis] [GeneID=141165035]	GeneID_141165035|EPYC|XP_073506785.1
EPYC	XP_023788924.1	GeneID=111933510	316	kept	representative	XP_023788924.1 EPYC [organism=Cyanistes caeruleus] [GeneID=111933510]	GeneID_111933510|EPYC|XP_023788924.1
EPYC	XP_044042672.1	isoform=X1	702	excluded	absolute_length	XP_044042672.1 epyc [organism=Siniperca chuatsi] [GeneID=122871530] [isoform=X1]	isoform_X1|EPYC|XP_044042672.1
EPYC	XP_044042674.1	isoform=X2	598	excluded	relative_length	XP_044042674.1 epyc [organism=Siniperca chuatsi] [GeneID=122871530] [isoform=X2]	isoform_X2|EPYC|XP_044042674.1
EPYC	XP_053506009.1	GeneID=128623147	698	excluded	absolute_length	XP_053506009.1 epyc [organism=Ictalurus furcatus] [GeneID=128623147]	GeneID_128623147|EPYC|XP_053506009.1
EPYC	XP_056281272.1	GeneID=130200767	616	excluded	absolute_length	XP_056281272.1 epyc [organism=Pseudoliparis swirei] [GeneID=130200767]	GeneID_130200767|EPYC|XP_056281272.1
EPYC	NP_004941.2	GeneID=1833	322	kept	representative	NP_004941.2 EPYC [organism=Homo sapiens] [GeneID=1833]	GeneID_1833|EPYC|NP_004941.2
EPYC	XP_011536310.1	isoform=X1	261	excluded	extra_isoform_same_species	XP_011536310.1 EPYC [organism=Homo sapiens] [GeneID=1833] [isoform=X1]	isoform_X1|EPYC|XP_011536310.1
EPYC	XP_054227327.1	isoform=X1	261	excluded	extra_isoform_same_species	XP_054227327.1 EPYC [organism=Homo sapiens] [GeneID=1833] [isoform=X1]	isoform_X1|EPYC|XP_054227327.1
EPYC	XP_068951237.1	GeneID=138166673	318	kept	representative	XP_068951237.1 EPYC [organism=Petaurus breviceps papuanus] [GeneID=138166673]	GeneID_138166673|EPYC|XP_068951237.1
EPYC	XP_068951238.1	GeneID=138166673	318	excluded	extra_isoform_same_species	XP_068951238.1 EPYC [organism=Petaurus breviceps papuanus] [GeneID=138166673]	GeneID_138166673|EPYC|XP_068951238.1
EPYC	XP_077450132.1	isoform=X1	663	excluded	absolute_length	XP_077450132.1 epyc [organism=Stigmatopora argus] [GeneID=144068998] [isoform=X1]	isoform_X1|EPYC|XP_077450132.1
EPYC	XP_077450133.1	isoform=X2	559	excluded	relative_length	XP_077450133.1 epyc [organism=Stigmatopora argus] [GeneID=144068998] [isoform=X2]	isoform_X2|EPYC|XP_077450133.1
EPYC	XP_010382246.1	isoform=X1	322	excluded	extra_isoform_same_species	XP_010382246.1 EPYC [organism=Rhinopithecus roxellana] [GeneID=104678616] [isoform=X1]	isoform_X1|EPYC|XP_010382246.1
EPYC	XP_030795202.1	isoform=X2	261	excluded	extra_isoform_same_species	XP_030795202.1 EPYC [organism=Rhinopithecus roxellana] [GeneID=104678616] [isoform=X2]	isoform_X2|EPYC|XP_030795202.1
EPYC	XP_032893926.1	isoform=X1	392	excluded	extra_isoform_same_species	XP_032893926.1 epyc [organism=Amblyraja radiata] [GeneID=116984010] [isoform=X1]	isoform_X1|EPYC|XP_032893926.1
EPYC	XP_032893927.1	isoform=X2	324	excluded	extra_isoform_same_species	XP_032893927.1 epyc [organism=Amblyraja radiata] [GeneID=116984010] [isoform=X2]	isoform_X2|EPYC|XP_032893927.1
EPYC	XP_051974627.1	GeneID=127637556	670	excluded	absolute_length	XP_051974627.1 epyc [organism=Xyrauchen texanus] [GeneID=127637556]	GeneID_127637556|EPYC|XP_051974627.1
EPYC	XP_035193289.1	GeneID=118173128	316	kept	representative	XP_035193289.1 EPYC [organism=Oxyura jamaicensis] [GeneID=118173128]	GeneID_118173128|EPYC|XP_035193289.1
EPYC	XP_020862108.1	GeneID=110221769	318	kept	representative	XP_020862108.1 EPYC [organism=Phascolarctos cinereus] [GeneID=110221769]	GeneID_110221769|EPYC|XP_020862108.1
EPYC	XP_070710210.1	GeneID=139222131	586	excluded	relative_length	XP_070710210.1 epyc [organism=Pempheris klunzingeri] [GeneID=139222131]	GeneID_139222131|EPYC|XP_070710210.1
EPYC	XP_030335237.1	GeneID=115605240	316	kept	representative	XP_030335237.1 EPYC [organism=Strigops habroptila] [GeneID=115605240]	GeneID_115605240|EPYC|XP_030335237.1
EPYC	XP_031613657.2	GeneID=116334383	320	kept	representative	XP_031613657.2 epyc [organism=Oreochromis aureus] [GeneID=116334383]	GeneID_116334383|EPYC|XP_031613657.2
EPYC	XP_046502572.1	GeneID=124230491	321	kept	representative	XP_046502572.1 EPYC [organism=Equus quagga] [GeneID=124230491]	GeneID_124230491|EPYC|XP_046502572.1
EPYC	XP_046502573.1	GeneID=124230491	321	excluded	extra_isoform_same_species	XP_046502573.1 EPYC [organism=Equus quagga] [GeneID=124230491]	GeneID_124230491|EPYC|XP_046502573.1
EPYC	XP_046502574.1	GeneID=124230491	321	excluded	extra_isoform_same_species	XP_046502574.1 EPYC [organism=Equus quagga] [GeneID=124230491]	GeneID_124230491|EPYC|XP_046502574.1
EPYC	XP_056703067.1	GeneID=130475334	316	kept	representative	XP_056703067.1 EPYC [organism=Euleptes europaea] [GeneID=130475334]	GeneID_130475334|EPYC|XP_056703067.1
EPYC	XP_007524304.2	GeneID=103114553	322	kept	representative	XP_007524304.2 EPYC [organism=Erinaceus europaeus] [GeneID=103114553]	GeneID_103114553|EPYC|XP_007524304.2
EPYC	XP_059181452.1	GeneID=131960299	325	kept	representative	XP_059181452.1 epyc [organism=Centropristis striata] [GeneID=131960299]	GeneID_131960299|EPYC|XP_059181452.1
EPYC	XP_061847669.1	GeneID=104558632	316	kept	representative	XP_061847669.1 EPYC [organism=Colius striatus] [GeneID=104558632]	GeneID_104558632|EPYC|XP_061847669.1
EPYC	XP_032449645.1	GeneID=115518437	321	kept	representative	XP_032449645.1 EPYC [organism=Lynx canadensis] [GeneID=115518437]	GeneID_115518437|EPYC|XP_032449645.1
EPYC	XP_059042482.1	GeneID=131839249	321	kept	representative	XP_059042482.1 EPYC [organism=Mustela lutreola] [GeneID=131839249]	GeneID_131839249|EPYC|XP_059042482.1
EPYC	XP_059790713.1	GeneID=132372643	321	kept	representative	XP_059790713.1 EPYC [organism=Balaenoptera ricei] [GeneID=132372643]	GeneID_132372643|EPYC|XP_059790713.1
EPYC	XP_057279567.1	GeneID=130606938	316	kept	representative	XP_057279567.1 EPYC [organism=Pezoporus wallicus] [GeneID=130606938]	GeneID_130606938|EPYC|XP_057279567.1
EPYC	XP_069527190.1	GeneID=138599417	593	excluded	relative_length	XP_069527190.1 epyc [organism=Semicossyphus pulcher] [GeneID=138599417]	GeneID_138599417|EPYC|XP_069527190.1
EPYC	XP_081105266.1	GeneID=308625203	321	kept	representative	XP_081105266.1 EPYC [organism=Mesoplodon bidens] [GeneID=308625203]	GeneID_308625203|EPYC|XP_081105266.1
EPYC	XP_081167060.1	GeneID=308658375	322	kept	representative	XP_081167060.1 EPYC [organism=Spermophilus citellus] [GeneID=308658375]	GeneID_308658375|EPYC|XP_081167060.1
EPYC	XP_081218760.1	GeneID=308689081	693	excluded	absolute_length	XP_081218760.1 epyc [organism=Scardinius erythrophthalmus] [GeneID=308689081]	GeneID_308689081|EPYC|XP_081218760.1
EPYC	XP_007449172.1	GeneID=103077961	321	kept	representative	XP_007449172.1 EPYC [organism=Lipotes vexillifer] [GeneID=103077961]	GeneID_103077961|EPYC|XP_007449172.1
EPYC	XP_010006315.1	GeneID=104397979	331	kept	representative	XP_010006315.1 EPYC [organism=Chaetura pelagica] [GeneID=104397979]	GeneID_104397979|EPYC|XP_010006315.1
EPYC	XP_027594002.1	GeneID=113996872	316	kept	representative	XP_027594002.1 EPYC [organism=Pipra filicauda] [GeneID=113996872]	GeneID_113996872|EPYC|XP_027594002.1
EPYC	XP_007944310.1	GeneID=103201425	320	kept	representative	XP_007944310.1 EPYC [organism=Orycteropus afer afer] [GeneID=103201425]	GeneID_103201425|EPYC|XP_007944310.1
EPYC	XP_026778593.3	isoform=X1	724	excluded	absolute_length	XP_026778593.3 epyc [organism=Pangasianodon hypophthalmus] [GeneID=113531859] [isoform=X1]	isoform_X1|EPYC|XP_026778593.3
EPYC	XP_026778594.3	isoform=X2	707	excluded	absolute_length	XP_026778594.3 epyc [organism=Pangasianodon hypophthalmus] [GeneID=113531859] [isoform=X2]	isoform_X2|EPYC|XP_026778594.3
EPYC	XP_068572838.1	GeneID=137877054	373	kept	representative	XP_068572838.1 epyc [organism=Cebidichthys violaceus] [GeneID=137877054]	GeneID_137877054|EPYC|XP_068572838.1
EPYC	XP_017582158.1	GeneID=103624985	316	kept	representative	XP_017582158.1 EPYC [organism=Corvus brachyrhynchos] [GeneID=103624985]	GeneID_103624985|EPYC|XP_017582158.1
EPYC	XP_012519459.1	GeneID=105826093	322	kept	representative	XP_012519459.1 EPYC [organism=Propithecus coquereli] [GeneID=105826093]	GeneID_105826093|EPYC|XP_012519459.1
EPYC	XP_034843749.1	GeneID=117998904	321	kept	representative	XP_034843749.1 EPYC [organism=Mirounga leonina] [GeneID=117998904]	GeneID_117998904|EPYC|XP_034843749.1
EPYC	XP_081977812.1	GeneID=309469452	316	kept	representative	XP_081977812.1 EPYC [organism=Larus argentatus] [GeneID=309469452]	GeneID_309469452|EPYC|XP_081977812.1
EPYC	XP_048870680.1	GeneID=125742594	323	kept	representative	XP_048870680.1 epyc [organism=Brienomyrus brachyistius] [GeneID=125742594]	GeneID_125742594|EPYC|XP_048870680.1
EPYC	XP_039725266.1	GeneID=120607432	321	kept	representative	XP_039725266.1 EPYC [organism=Pteropus medius] [GeneID=120607432]	GeneID_120607432|EPYC|XP_039725266.1
EPYC	XP_083763145.1	GeneID=310941778	377	kept	representative	XP_083763145.1 epyc [organism=Microchirus variegatus] [GeneID=310941778]	GeneID_310941778|EPYC|XP_083763145.1
EPYC	XP_069893082.1	GeneID=138837985	322	kept	representative	XP_069893082.1 Epyc [organism=Dipodomys merriami] [GeneID=138837985]	GeneID_138837985|EPYC|XP_069893082.1
EPYC	XP_034528943.1	isoform=X1	624	excluded	absolute_length	XP_034528943.1 epyc [organism=Notolabrus celidotus] [GeneID=117804719] [isoform=X1]	isoform_X1|EPYC|XP_034528943.1
EPYC	XP_034528944.1	isoform=X2	586	excluded	relative_length	XP_034528944.1 epyc [organism=Notolabrus celidotus] [GeneID=117804719] [isoform=X2]	isoform_X2|EPYC|XP_034528944.1
EPYC	XP_034528945.1	isoform=X3	526	excluded	relative_length	XP_034528945.1 epyc [organism=Notolabrus celidotus] [GeneID=117804719] [isoform=X3]	isoform_X3|EPYC|XP_034528945.1
EPYC	XP_034528946.1	isoform=X4	506	excluded	relative_length	XP_034528946.1 epyc [organism=Notolabrus celidotus] [GeneID=117804719] [isoform=X4]	isoform_X4|EPYC|XP_034528946.1
EPYC	XP_047406393.1	GeneID=124983279	322	kept	representative	XP_047406393.1 Epyc [organism=Sciurus carolinensis] [GeneID=124983279]	GeneID_124983279|EPYC|XP_047406393.1
EPYC	XP_060936299.1	GeneID=133012353	581	excluded	relative_length	XP_060936299.1 epyc [organism=Limanda limanda] [GeneID=133012353]	GeneID_133012353|EPYC|XP_060936299.1
EPYC	XP_003342011.2	isoform=X1	318	excluded	extra_isoform_same_species	XP_003342011.2 EPYC [organism=Monodelphis domestica] [GeneID=100011434] [isoform=X1]	isoform_X1|EPYC|XP_003342011.2
EPYC	XP_056654622.1	isoform=X1	318	excluded	extra_isoform_same_species	XP_056654622.1 EPYC [organism=Monodelphis domestica] [GeneID=100011434] [isoform=X1]	isoform_X1|EPYC|XP_056654622.1
EPYC	XP_056654623.1	isoform=X3	257	excluded	extra_isoform_same_species	XP_056654623.1 EPYC [organism=Monodelphis domestica] [GeneID=100011434] [isoform=X3]	isoform_X3|EPYC|XP_056654623.1
EPYC	XP_085188703.1	isoform=X2	275	excluded	extra_isoform_same_species	XP_085188703.1 EPYC [organism=Monodelphis domestica] [GeneID=100011434] [isoform=X2]	isoform_X2|EPYC|XP_085188703.1
EPYC	XP_018541158.1	GeneID=108889271	601	excluded	absolute_length	XP_018541158.1 epyc [organism=Lates calcarifer] [GeneID=108889271]	GeneID_108889271|EPYC|XP_018541158.1
EPYC	XP_009880907.1	GeneID=104284290	316	kept	representative	XP_009880907.1 EPYC [organism=Charadrius vociferus] [GeneID=104284290]	GeneID_104284290|EPYC|XP_009880907.1
EPYC	XP_049638890.1	GeneID=126022070	320	kept	representative	XP_049638890.1 EPYC [organism=Suncus etruscus] [GeneID=126022070]	GeneID_126022070|EPYC|XP_049638890.1
EPYC	XP_053262825.1	GeneID=128422631	316	kept	representative	XP_053262825.1 EPYC [organism=Podarcis raffonei] [GeneID=128422631]	GeneID_128422631|EPYC|XP_053262825.1
EPYC	XP_053262827.1	GeneID=128422631	316	excluded	extra_isoform_same_species	XP_053262827.1 EPYC [organism=Podarcis raffonei] [GeneID=128422631]	GeneID_128422631|EPYC|XP_053262827.1
EPYC	XP_056133787.1	GeneID=130110648	574	excluded	relative_length	XP_056133787.1 epyc [organism=Lampris incognitus] [GeneID=130110648]	GeneID_130110648|EPYC|XP_056133787.1
EPYC	XP_071358760.1	GeneID=139635385	618	excluded	absolute_length	XP_071358760.1 epyc [organism=Trachinotus anak] [GeneID=139635385]	GeneID_139635385|EPYC|XP_071358760.1
EPYC	XP_079311342.1	GeneID=306893426	696	excluded	absolute_length	XP_079311342.1 epyc [organism=Barbatula barbatula] [GeneID=306893426]	GeneID_306893426|EPYC|XP_079311342.1
EPYC	XP_027900183.1	GeneID=114161212	595	excluded	relative_length	XP_027900183.1 epyc [organism=Xiphophorus couchianus] [GeneID=114161212]	GeneID_114161212|EPYC|XP_027900183.1
EPYC	XP_045149264.1	GeneID=101662853	322	kept	representative	XP_045149264.1 EPYC [organism=Echinops telfairi] [GeneID=101662853]	GeneID_101662853|EPYC|XP_045149264.1
EPYC	XP_005446357.1	GeneID=102057834	316	kept	representative	XP_005446357.1 EPYC [organism=Falco cherrug] [GeneID=102057834]	GeneID_102057834|EPYC|XP_005446357.1
EPYC	XP_032973324.1	GeneID=117028612	321	kept	representative	XP_032973324.1 EPYC [organism=Rhinolophus ferrumequinum] [GeneID=117028612]	GeneID_117028612|EPYC|XP_032973324.1
EPYC	XP_036152610.1	GeneID=118649548	321	kept	representative	XP_036152610.1 EPYC [organism=Myotis myotis] [GeneID=118649548]	GeneID_118649548|EPYC|XP_036152610.1
EPYC	XP_019488458.1	GeneID=109376787	323	kept	representative	XP_019488458.1 EPYC [organism=Hipposideros armiger] [GeneID=109376787]	GeneID_109376787|EPYC|XP_019488458.1
EPYC	XP_005147991.1	GeneID=101871108	316	kept	representative	XP_005147991.1 EPYC [organism=Melopsittacus undulatus] [GeneID=101871108]	GeneID_101871108|EPYC|XP_005147991.1
EPYC	XP_062424196.1	GeneID=134136400	316	kept	representative	XP_062424196.1 EPYC [organism=Rhea pennata] [GeneID=134136400]	GeneID_134136400|EPYC|XP_062424196.1
EPYC	XP_079405230.1	GeneID=306957790	316	kept	representative	XP_079405230.1 EPYC [organism=Tetrao urogallus] [GeneID=306957790]	GeneID_306957790|EPYC|XP_079405230.1
EPYC	XP_080827640.1	isoform=1	316	excluded	extra_isoform_same_species	XP_080827640.1 EPYC [organism=Podarcis pityusensis] [GeneID=308457556] [isoform=1]	isoform_1|EPYC|XP_080827640.1
EPYC	XP_080827641.1	isoform=1	316	excluded	extra_isoform_same_species	XP_080827641.1 EPYC [organism=Podarcis pityusensis] [GeneID=308457556] [isoform=1]	isoform_1|EPYC|XP_080827641.1
EPYC	XP_080827642.1	isoform=1	316	excluded	extra_isoform_same_species	XP_080827642.1 EPYC [organism=Podarcis pityusensis] [GeneID=308457556] [isoform=1]	isoform_1|EPYC|XP_080827642.1
EPYC	XP_080827643.1	isoform=1	316	excluded	extra_isoform_same_species	XP_080827643.1 EPYC [organism=Podarcis pityusensis] [GeneID=308457556] [isoform=1]	isoform_1|EPYC|XP_080827643.1
EPYC	XP_080827644.1	isoform=1	316	excluded	extra_isoform_same_species	XP_080827644.1 EPYC [organism=Podarcis pityusensis] [GeneID=308457556] [isoform=1]	isoform_1|EPYC|XP_080827644.1
EPYC	XP_053872183.1	GeneID=128830392	316	kept	representative	XP_053872183.1 EPYC [organism=Malaclemys terrapin pileata] [GeneID=128830392]	GeneID_128830392|EPYC|XP_053872183.1
EPYC	XP_053872184.1	GeneID=128830392	316	excluded	extra_isoform_same_species	XP_053872184.1 EPYC [organism=Malaclemys terrapin pileata] [GeneID=128830392]	GeneID_128830392|EPYC|XP_053872184.1
EPYC	XP_028602845.2	GeneID=114605603	316	kept	representative	XP_028602845.2 EPYC [organism=Podarcis muralis] [GeneID=114605603]	GeneID_114605603|EPYC|XP_028602845.2
EPYC	XP_065743873.1	GeneID=136131083	321	kept	representative	XP_065743873.1 EPYC [organism=Phocoena phocoena] [GeneID=136131083]	GeneID_136131083|EPYC|XP_065743873.1
EPYC	XP_070785244.1	GeneID=139305196	601	excluded	absolute_length	XP_070785244.1 epyc [organism=Enoplosus armatus] [GeneID=139305196]	GeneID_139305196|EPYC|XP_070785244.1
EPYC	XP_080374100.1	GeneID=308146247	596	excluded	relative_length	XP_080374100.1 epyc [organism=Blennius ocellaris] [GeneID=308146247]	GeneID_308146247|EPYC|XP_080374100.1
EPYC	XP_003771063.1	GeneID=100922323	318	kept	representative	XP_003771063.1 EPYC [organism=Sarcophilus harrisii] [GeneID=100922323]	GeneID_100922323|EPYC|XP_003771063.1
EPYC	XP_023140512.2	GeneID=111578136	598	excluded	relative_length	XP_023140512.2 epyc [organism=Amphiprion ocellaris] [GeneID=111578136]	GeneID_111578136|EPYC|XP_023140512.2
EPYC	XP_027751167.1	GeneID=114063222	316	kept	representative	XP_027751167.1 EPYC [organism=Empidonax traillii] [GeneID=114063222]	GeneID_114063222|EPYC|XP_027751167.1
EPYC	XP_055192580.1	GeneID=129516988	322	kept	representative	XP_055192580.1 EPYC [organism=Nyctereutes procyonoides] [GeneID=129516988]	GeneID_129516988|EPYC|XP_055192580.1
EPYC	XP_018766010.1	GeneID=103813405	316	kept	representative	XP_018766010.1 EPYC [organism=Serinus canaria] [GeneID=103813405]	GeneID_103813405|EPYC|XP_018766010.1
EPYC	XP_040264686.1	GeneID=120979793	317	kept	representative	XP_040264686.1 EPYC [organism=Bufo bufo] [GeneID=120979793]	GeneID_120979793|EPYC|XP_040264686.1
EPYC	XP_041820385.1	GeneID=121626090	615	excluded	absolute_length	XP_041820385.1 epyc [organism=Chelmon rostratus] [GeneID=121626090]	GeneID_121626090|EPYC|XP_041820385.1
EPYC	XP_049991500.1	GeneID=126497490	322	kept	representative	XP_049991500.1 Epyc [organism=Alexandromys fortis] [GeneID=126497490]	GeneID_126497490|EPYC|XP_049991500.1
EPYC	XP_010085587.1	GeneID=104471803	313	kept	representative	XP_010085587.1 EPYC [organism=Pterocles gutturalis] [GeneID=104471803]	GeneID_104471803|EPYC|XP_010085587.1
EPYC	XP_037245160.1	GeneID=119148731	316	kept	representative	XP_037245160.1 EPYC [organism=Falco rusticolus] [GeneID=119148731]	GeneID_119148731|EPYC|XP_037245160.1
EPYC	XP_037245162.1	GeneID=119148731	316	excluded	extra_isoform_same_species	XP_037245162.1 EPYC [organism=Falco rusticolus] [GeneID=119148731]	GeneID_119148731|EPYC|XP_037245162.1
EPYC	XP_048124767.1	GeneID=125311006	686	excluded	absolute_length	XP_048124767.1 epyc [organism=Alosa alosa] [GeneID=125311006]	GeneID_125311006|EPYC|XP_048124767.1
EPYC	XP_079793841.1	GeneID=307194544	321	kept	representative	XP_079793841.1 EPYC [organism=Stenella coeruleoalba] [GeneID=307194544]	GeneID_307194544|EPYC|XP_079793841.1
EPYC	XP_014936326.1	GeneID=106982667	320	kept	representative	XP_014936326.1 EPYC [organism=Acinonyx jubatus] [GeneID=106982667]	GeneID_106982667|EPYC|XP_014936326.1
EPYC	XP_053082566.1	GeneID=106982667	320	excluded	extra_isoform_same_species	XP_053082566.1 EPYC [organism=Acinonyx jubatus] [GeneID=106982667]	GeneID_106982667|EPYC|XP_053082566.1
EPYC	XP_039891925.1	GeneID=120736056	621	excluded	absolute_length	XP_039891925.1 epyc [organism=Simochromis diagramma] [GeneID=120736056]	GeneID_120736056|EPYC|XP_039891925.1
EPYC	XP_056196750.1	GeneID=130150137	316	kept	representative	XP_056196750.1 EPYC [organism=Falco biarmicus] [GeneID=130150137]	GeneID_130150137|EPYC|XP_056196750.1
EPYC	XP_064511543.1	GeneID=135414571	316	kept	representative	XP_064511543.1 EPYC [organism=Pseudopipra pipra] [GeneID=135414571]	GeneID_135414571|EPYC|XP_064511543.1
EPYC	XP_079570316.1	GeneID=307059914	321	kept	representative	XP_079570316.1 EPYC [organism=Hyperoodon ampullatus] [GeneID=307059914]	GeneID_307059914|EPYC|XP_079570316.1
EPYC	XP_029351344.1	isoform=X1	627	excluded	absolute_length	XP_029351344.1 epyc [organism=Echeneis naucrates] [GeneID=115037027] [isoform=X1]	isoform_X1|EPYC|XP_029351344.1
EPYC	XP_029351345.1	isoform=X2	612	excluded	absolute_length	XP_029351345.1 epyc [organism=Echeneis naucrates] [GeneID=115037027] [isoform=X2]	isoform_X2|EPYC|XP_029351345.1
EPYC	XP_029351346.1	isoform=X3	586	excluded	relative_length	XP_029351346.1 epyc [organism=Echeneis naucrates] [GeneID=115037027] [isoform=X3]	isoform_X3|EPYC|XP_029351346.1
EPYC	XP_029139360.1	GeneID=107284610	300	kept	representative	XP_029139360.1 EPYC [organism=Protobothrops mucrosquamatus] [GeneID=107284610]	GeneID_107284610|EPYC|XP_029139360.1
EPYC	XP_043303229.1	GeneID=122427669	321	kept	representative	XP_043303229.1 EPYC [organism=Cervus canadensis] [GeneID=122427669]	GeneID_122427669|EPYC|XP_043303229.1
EPYC	XP_043303230.1	GeneID=122427669	321	excluded	extra_isoform_same_species	XP_043303230.1 EPYC [organism=Cervus canadensis] [GeneID=122427669]	GeneID_122427669|EPYC|XP_043303230.1
EPYC	XP_043303231.1	GeneID=122427669	321	excluded	extra_isoform_same_species	XP_043303231.1 EPYC [organism=Cervus canadensis] [GeneID=122427669]	GeneID_122427669|EPYC|XP_043303231.1
EPYC	XP_058272517.1	GeneID=131369708	750	excluded	absolute_length	XP_058272517.1 epyc [organism=Hemibagrus wyckioides] [GeneID=131369708]	GeneID_131369708|EPYC|XP_058272517.1
EPYC	XP_010736931.1	GeneID=104925085	642	excluded	absolute_length	XP_010736931.1 epyc [organism=Larimichthys crocea] [GeneID=104925085]	GeneID_104925085|EPYC|XP_010736931.1
EPYC	XP_027127887.1	GeneID=104925085	642	excluded	absolute_length	XP_027127887.1 epyc [organism=Larimichthys crocea] [GeneID=104925085]	GeneID_104925085|EPYC|XP_027127887.1
EPYC	XP_023686923.1	GeneID=111853814	323	kept	representative	XP_023686923.1 epyc [organism=Paramormyrops kingsleyae] [GeneID=111853814]	GeneID_111853814|EPYC|XP_023686923.1
EPYC	XP_035004032.2	isoform=X1	608	excluded	absolute_length	XP_035004032.2 epyc [organism=Hippoglossus stenolepis] [GeneID=118102015] [isoform=X1]	isoform_X1|EPYC|XP_035004032.2
EPYC	XP_035004033.2	isoform=X2	373	excluded	extra_isoform_same_species	XP_035004033.2 epyc [organism=Hippoglossus stenolepis] [GeneID=118102015] [isoform=X2]	isoform_X2|EPYC|XP_035004033.2
EPYC	XP_035004034.2	isoform=X3	329	excluded	extra_isoform_same_species	XP_035004034.2 epyc [organism=Hippoglossus stenolepis] [GeneID=118102015] [isoform=X3]	isoform_X3|EPYC|XP_035004034.2
EPYC	XP_054844946.1	GeneID=129336017	314	kept	representative	XP_054844946.1 EPYC [organism=Eublepharis macularius] [GeneID=129336017]	GeneID_129336017|EPYC|XP_054844946.1
EPYC	XP_083855340.1	GeneID=311006393	372	kept	representative	XP_083855340.1 epyc [organism=Trachurus trachurus] [GeneID=311006393]	GeneID_311006393|EPYC|XP_083855340.1
EPYC	NP_001017903.3	isoform=2 precursor	712	excluded	absolute_length	NP_001017903.3 epyc [organism=Danio rerio] [GeneID=550602] [isoform=2 precursor]	isoform_2_precursor|EPYC|NP_001017903.3
EPYC	NP_001335412.1	isoform=1 precursor	321	kept	representative	NP_001335412.1 epyc [organism=Danio rerio] [GeneID=550602] [isoform=1 precursor]	isoform_1_precursor|EPYC|NP_001335412.1
EPYC	NP_001429155.1	isoform=1 precursor	321	excluded	extra_isoform_same_species	NP_001429155.1 epyc [organism=Danio rerio] [GeneID=550602] [isoform=1 precursor]	isoform_1_precursor|EPYC|NP_001429155.1
EPYC	NP_001429156.1	isoform=2 precursor	712	excluded	absolute_length	NP_001429156.1 epyc [organism=Danio rerio] [GeneID=550602] [isoform=2 precursor]	isoform_2_precursor|EPYC|NP_001429156.1
EPYC	XP_005164800.1	GeneID=550602	712	excluded	absolute_length	XP_005164800.1 epyc [organism=Danio rerio] [GeneID=550602]	GeneID_550602|EPYC|XP_005164800.1
EPYC	XP_009298554.1	GeneID=550602	712	excluded	absolute_length	XP_009298554.1 epyc [organism=Danio rerio] [GeneID=550602]	GeneID_550602|EPYC|XP_009298554.1
EPYC	XP_021330689.1	GeneID=550602	321	kept	representative	XP_021330689.1 epyc [organism=Danio rerio] [GeneID=550602]	GeneID_550602|EPYC|XP_021330689.1
EPYC	XP_069620473.1	GeneID=138675818	317	kept	representative	XP_069620473.1 EPYC [organism=Ranitomeya imitator] [GeneID=138675818]	GeneID_138675818|EPYC|XP_069620473.1
EPYC	XP_078997718.1	GeneID=306662086	322	kept	representative	XP_078997718.1 EPYC [organism=Sciurus vulgaris] [GeneID=306662086]	GeneID_306662086|EPYC|XP_078997718.1
EPYC	XP_009462194.1	GeneID=104011643	316	kept	representative	XP_009462194.1 EPYC [organism=Nipponia nippon] [GeneID=104011643]	GeneID_104011643|EPYC|XP_009462194.1
EPYC	XP_012876175.1	GeneID=105988938	322	kept	representative	XP_012876175.1 Epyc [organism=Dipodomys ordii] [GeneID=105988938]	GeneID_105988938|EPYC|XP_012876175.1
EPYC	XP_042746281.1	GeneID=122190382	316	kept	representative	XP_042746281.1 EPYC [organism=Lagopus leucura] [GeneID=122190382]	GeneID_122190382|EPYC|XP_042746281.1
EPYC	XP_010707300.3	GeneID=100542727	316	kept	representative	XP_010707300.3 EPYC [organism=Meleagris gallopavo] [GeneID=100542727]	GeneID_100542727|EPYC|XP_010707300.3
EPYC	XP_079119181.1	GeneID=306773284	216	excluded	relative_length	XP_079119181.1 epyc [organism=Telmatherina bonti] [GeneID=306773284]	GeneID_306773284|EPYC|XP_079119181.1
EPYC	XP_031455876.1	GeneID=116233248	316	kept	representative	XP_031455876.1 EPYC [organism=Phasianus colchicus] [GeneID=116233248]	GeneID_116233248|EPYC|XP_031455876.1
EPYC	XP_082347453.1	GeneID=309678326	316	kept	representative	XP_082347453.1 EPYC [organism=Vanellus vanellus] [GeneID=309678326]	GeneID_309678326|EPYC|XP_082347453.1
EPYC	XP_026653971.1	GeneID=102062929	316	kept	representative	XP_026653971.1 EPYC [organism=Zonotrichia albicollis] [GeneID=102062929]	GeneID_102062929|EPYC|XP_026653971.1
EPYC	XP_066221848.1	GeneID=136393101	321	kept	representative	XP_066221848.1 EPYC [organism=Saccopteryx leptura] [GeneID=136393101]	GeneID_136393101|EPYC|XP_066221848.1
EPYC	XP_021383743.2	GeneID=110469388	316	kept	representative	XP_021383743.2 EPYC [organism=Lonchura striata] [GeneID=110469388]	GeneID_110469388|EPYC|XP_021383743.2
EPYC	XP_021383744.2	GeneID=110469388	316	excluded	extra_isoform_same_species	XP_021383744.2 EPYC [organism=Lonchura striata] [GeneID=110469388]	GeneID_110469388|EPYC|XP_021383744.2
EPYC	XP_085426348.1	GeneID=110469388	316	excluded	extra_isoform_same_species	XP_085426348.1 EPYC [organism=Lonchura striata] [GeneID=110469388]	GeneID_110469388|EPYC|XP_085426348.1
EPYC	XP_029414876.1	isoform=X1	326	excluded	extra_isoform_same_species	XP_029414876.1 Epyc [organism=Nannospalax galili] [GeneID=103726403] [isoform=X1]	isoform_X1|EPYC|XP_029414876.1
EPYC	XP_029414877.1	isoform=X2	266	excluded	extra_isoform_same_species	XP_029414877.1 Epyc [organism=Nannospalax galili] [GeneID=103726403] [isoform=X2]	isoform_X2|EPYC|XP_029414877.1
EPYC	XP_029414880.1	isoform=X3	261	excluded	extra_isoform_same_species	XP_029414880.1 Epyc [organism=Nannospalax galili] [GeneID=103726403] [isoform=X3]	isoform_X3|EPYC|XP_029414880.1
EPYC	XP_039560025.1	GeneID=120499860	316	kept	representative	XP_039560025.1 EPYC [organism=Passer montanus] [GeneID=120499860]	GeneID_120499860|EPYC|XP_039560025.1
EPYC	XP_023061584.1	GeneID=111538391	322	kept	representative	XP_023061584.1 EPYC [organism=Piliocolobus tephrosceles] [GeneID=111538391]	GeneID_111538391|EPYC|XP_023061584.1
EPYC	XP_085509145.1	GeneID=146855320	318	kept	representative	XP_085509145.1 EPYC [organism=Triturus cristatus] [GeneID=146855320]	GeneID_146855320|EPYC|XP_085509145.1
EPYC	XP_085509147.1	GeneID=146855320	318	excluded	extra_isoform_same_species	XP_085509147.1 EPYC [organism=Triturus cristatus] [GeneID=146855320]	GeneID_146855320|EPYC|XP_085509147.1
EPYC	XP_085509148.1	GeneID=146855320	318	excluded	extra_isoform_same_species	XP_085509148.1 EPYC [organism=Triturus cristatus] [GeneID=146855320]	GeneID_146855320|EPYC|XP_085509148.1
EPYC	XP_023263964.1	isoform=X1	607	excluded	absolute_length	XP_023263964.1 epyc [organism=Seriola lalandi dorsalis] [GeneID=111656470] [isoform=X1]	isoform_X1|EPYC|XP_023263964.1
EPYC	XP_023263965.1	isoform=X2	329	excluded	extra_isoform_same_species	XP_023263965.1 epyc [organism=Seriola lalandi dorsalis] [GeneID=111656470] [isoform=X2]	isoform_X2|EPYC|XP_023263965.1
EPYC	XP_084567207.1	GeneID=146306887	581	excluded	relative_length	XP_084567207.1 epyc [organism=Lutjanus erythropterus] [GeneID=146306887]	GeneID_146306887|EPYC|XP_084567207.1
EPYC	NP_001005627.1	GeneID=448084	318	kept	representative	NP_001005627.1 epyc [organism=Xenopus tropicalis] [GeneID=448084]	GeneID_448084|EPYC|NP_001005627.1
EPYC	XP_017947505.1	isoform=X1	318	excluded	extra_isoform_same_species	XP_017947505.1 epyc [organism=Xenopus tropicalis] [GeneID=448084] [isoform=X1]	isoform_X1|EPYC|XP_017947505.1
EPYC	XP_031753666.1	isoform=X1	318	excluded	extra_isoform_same_species	XP_031753666.1 epyc [organism=Xenopus tropicalis] [GeneID=448084] [isoform=X1]	isoform_X1|EPYC|XP_031753666.1
EPYC	XP_067554843.1	GeneID=137202979	321	kept	representative	XP_067554843.1 EPYC [organism=Pseudorca crassidens] [GeneID=137202979]	GeneID_137202979|EPYC|XP_067554843.1
EPYC	XP_074757579.1	GeneID=141958633	315	kept	representative	XP_074757579.1 EPYC [organism=Athene noctua] [GeneID=141958633]	GeneID_141958633|EPYC|XP_074757579.1
EPYC	XP_029810631.1	GeneID=115304553	321	kept	representative	XP_029810631.1 EPYC [organism=Suricata suricatta] [GeneID=115304553]	GeneID_115304553|EPYC|XP_029810631.1
EPYC	XP_084153463.1	GeneID=311215912	316	kept	representative	XP_084153463.1 EPYC [organism=Netta rufina] [GeneID=311215912]	GeneID_311215912|EPYC|XP_084153463.1
EPYC	XP_014819004.1	isoform=X1	316	excluded	extra_isoform_same_species	XP_014819004.1 EPYC [organism=Calidris pugnax] [GeneID=106901150] [isoform=X1]	isoform_X1|EPYC|XP_014819004.1
EPYC	XP_014819005.1	isoform=X2	305	excluded	extra_isoform_same_species	XP_014819005.1 EPYC [organism=Calidris pugnax] [GeneID=106901150] [isoform=X2]	isoform_X2|EPYC|XP_014819005.1
EPYC	XP_016015999.1	GeneID=107518649	321	kept	representative	XP_016015999.1 EPYC [organism=Rousettus aegyptiacus] [GeneID=107518649]	GeneID_107518649|EPYC|XP_016015999.1
EPYC	XP_084667904.1	GeneID=146339827	316	kept	representative	XP_084667904.1 EPYC [organism=Heloderma suspectum] [GeneID=146339827]	GeneID_146339827|EPYC|XP_084667904.1
EPYC	XP_084667906.1	GeneID=146339827	316	excluded	extra_isoform_same_species	XP_084667906.1 EPYC [organism=Heloderma suspectum] [GeneID=146339827]	GeneID_146339827|EPYC|XP_084667906.1
EPYC	XP_066524989.1	GeneID=136695081	792	excluded	absolute_length	XP_066524989.1 epyc [organism=Hoplias malabaricus] [GeneID=136695081]	GeneID_136695081|EPYC|XP_066524989.1
EPYC	XP_079480590.1	isoform=1	699	excluded	absolute_length	XP_079480590.1 epyc [organism=Phoxinus phoxinus] [GeneID=307004900] [isoform=1]	isoform_1|EPYC|XP_079480590.1
EPYC	XP_079480591.1	isoform=2	693	excluded	absolute_length	XP_079480591.1 epyc [organism=Phoxinus phoxinus] [GeneID=307004900] [isoform=2]	isoform_2|EPYC|XP_079480591.1
EPYC	XP_079480592.1	isoform=2	693	excluded	absolute_length	XP_079480592.1 epyc [organism=Phoxinus phoxinus] [GeneID=307004900] [isoform=2]	isoform_2|EPYC|XP_079480592.1
EPYC	XP_079480593.1	isoform=3	681	excluded	absolute_length	XP_079480593.1 epyc [organism=Phoxinus phoxinus] [GeneID=307004900] [isoform=3]	isoform_3|EPYC|XP_079480593.1
EPYC	XP_023206300.1	GeneID=102222208	595	excluded	relative_length	XP_023206300.1 epyc [organism=Xiphophorus maculatus] [GeneID=102222208]	GeneID_102222208|EPYC|XP_023206300.1
EPYC	XP_008685900.1	GeneID=103660078	321	kept	representative	XP_008685900.1 EPYC [organism=Ursus maritimus] [GeneID=103660078]	GeneID_103660078|EPYC|XP_008685900.1
EPYC	XP_021240733.1	GeneID=110392738	316	kept	representative	XP_021240733.1 EPYC [organism=Numida meleagris] [GeneID=110392738]	GeneID_110392738|EPYC|XP_021240733.1
EPYC	XP_029062209.1	GeneID=114885949	321	kept	representative	XP_029062209.1 EPYC [organism=Monodon monoceros] [GeneID=114885949]	GeneID_114885949|EPYC|XP_029062209.1
EPYC	XP_082594943.1	GeneID=309868703	321	kept	representative	XP_082594943.1 EPYC [organism=Mustela nivalis] [GeneID=309868703]	GeneID_309868703|EPYC|XP_082594943.1
EPYC	XP_040030826.2	GeneID=120818114	720	excluded	absolute_length	XP_040030826.2 epyc [organism=Gasterosteus aculeatus] [GeneID=120818114]	GeneID_120818114|EPYC|XP_040030826.2
EPYC	XP_069705926.1	GeneID=138716655	316	kept	representative	XP_069705926.1 EPYC [organism=Phaenicophaeus curvirostris] [GeneID=138716655]	GeneID_138716655|EPYC|XP_069705926.1
EPYC	XP_069705927.1	GeneID=138716655	316	excluded	extra_isoform_same_species	XP_069705927.1 EPYC [organism=Phaenicophaeus curvirostris] [GeneID=138716655]	GeneID_138716655|EPYC|XP_069705927.1
EPYC	XP_069705928.1	GeneID=138716655	316	excluded	extra_isoform_same_species	XP_069705928.1 EPYC [organism=Phaenicophaeus curvirostris] [GeneID=138716655]	GeneID_138716655|EPYC|XP_069705928.1
EPYC	XP_025025115.1	GeneID=103061210	315	kept	representative	XP_025025115.1 EPYC [organism=Python bivittatus] [GeneID=103061210]	GeneID_103061210|EPYC|XP_025025115.1
EPYC	XP_018862113.1	GeneID=107204244	316	kept	representative	XP_018862113.1 EPYC [organism=Parus major] [GeneID=107204244]	GeneID_107204244|EPYC|XP_018862113.1
EPYC	XP_004459883.1	GeneID=101446673	320	kept	representative	XP_004459883.1 EPYC [organism=Dasypus novemcinctus] [GeneID=101446673]	GeneID_101446673|EPYC|XP_004459883.1
EPYC	NP_001004382.1	GeneID=417890	316	kept	representative	NP_001004382.1 EPYC [organism=Gallus gallus] [GeneID=417890]	GeneID_417890|EPYC|NP_001004382.1
EPYC	XP_025003921.1	isoform=X1	332	excluded	extra_isoform_same_species	XP_025003921.1 EPYC [organism=Gallus gallus] [GeneID=417890] [isoform=X1]	isoform_X1|EPYC|XP_025003921.1
EPYC	XP_046763288.1	isoform=X1	332	excluded	extra_isoform_same_species	XP_046763288.1 EPYC [organism=Gallus gallus] [GeneID=417890] [isoform=X1]	isoform_X1|EPYC|XP_046763288.1
EPYC	XP_081262453.1	GeneID=308714553	316	kept	representative	XP_081262453.1 EPYC [organism=Grus grus] [GeneID=308714553]	GeneID_308714553|EPYC|XP_081262453.1
EPYC	XP_028638953.1	GeneID=114634514	322	kept	representative	XP_028638953.1 Epyc [organism=Grammomys surdaster] [GeneID=114634514]	GeneID_114634514|EPYC|XP_028638953.1
EPYC	XP_083675992.1	isoform=1	332	excluded	extra_isoform_same_species	XP_083675992.1 EPYC [organism=Anser anser] [GeneID=310892305] [isoform=1]	isoform_1|EPYC|XP_083675992.1
EPYC	XP_083675993.1	isoform=2	316	excluded	extra_isoform_same_species	XP_083675993.1 EPYC [organism=Anser anser] [GeneID=310892305] [isoform=2]	isoform_2|EPYC|XP_083675993.1
EPYC	XP_083675994.1	isoform=2	316	excluded	extra_isoform_same_species	XP_083675994.1 EPYC [organism=Anser anser] [GeneID=310892305] [isoform=2]	isoform_2|EPYC|XP_083675994.1
EPYC	XP_008501412.2	GeneID=103536940	316	kept	representative	XP_008501412.2 EPYC [organism=Calypte anna] [GeneID=103536940]	GeneID_103536940|EPYC|XP_008501412.2
EPYC	XP_059101675.1	GeneID=131895261	322	kept	representative	XP_059101675.1 Epyc [organism=Peromyscus eremicus] [GeneID=131895261]	GeneID_131895261|EPYC|XP_059101675.1
EPYC	XP_077195141.1	GeneID=143838141	316	kept	representative	XP_077195141.1 EPYC [organism=Paroedura picta] [GeneID=143838141]	GeneID_143838141|EPYC|XP_077195141.1
EPYC	XP_077195142.1	GeneID=143838141	316	excluded	extra_isoform_same_species	XP_077195142.1 EPYC [organism=Paroedura picta] [GeneID=143838141]	GeneID_143838141|EPYC|XP_077195142.1
EPYC	XP_079673759.1	GeneID=307126843	691	excluded	absolute_length	XP_079673759.1 epyc [organism=Gobio gobio] [GeneID=307126843]	GeneID_307126843|EPYC|XP_079673759.1
EPYC	XP_080984303.1	GeneID=308552798	321	kept	representative	XP_080984303.1 EPYC [organism=Miniopterus schreibersii] [GeneID=308552798]	GeneID_308552798|EPYC|XP_080984303.1
EPYC	XP_020782135.1	GeneID=110161678	551	excluded	relative_length	XP_020782135.1 epyc [organism=Boleophthalmus pectinirostris] [GeneID=110161678]	GeneID_110161678|EPYC|XP_020782135.1
EPYC	XP_041595184.1	GeneID=121481684	321	kept	representative	XP_041595184.1 EPYC [organism=Vulpes lagopus] [GeneID=121481684]	GeneID_121481684|EPYC|XP_041595184.1
EPYC	XP_041595185.1	GeneID=121481684	321	excluded	extra_isoform_same_species	XP_041595185.1 EPYC [organism=Vulpes lagopus] [GeneID=121481684]	GeneID_121481684|EPYC|XP_041595185.1
EPYC	XP_045686548.1	isoform=X1	335	excluded	extra_isoform_same_species	XP_045686548.1 EPYC [organism=Phyllostomus hastatus] [GeneID=123813524] [isoform=X1]	isoform_X1|EPYC|XP_045686548.1
EPYC	XP_045686549.1	isoform=X2	320	excluded	extra_isoform_same_species	XP_045686549.1 EPYC [organism=Phyllostomus hastatus] [GeneID=123813524] [isoform=X2]	isoform_X2|EPYC|XP_045686549.1
EPYC	XP_057878873.1	GeneID=131082771	316	kept	representative	XP_057878873.1 EPYC [organism=Melospiza georgiana] [GeneID=131082771]	GeneID_131082771|EPYC|XP_057878873.1
EPYC	XP_081922590.1	GeneID=309446597	316	kept	representative	XP_081922590.1 EPYC [organism=Streptopelia decaocto] [GeneID=309446597]	GeneID_309446597|EPYC|XP_081922590.1
EPYC	XP_004285162.1	GeneID=101280033	321	kept	representative	XP_004285162.1 EPYC [organism=Orcinus orca] [GeneID=101280033]	GeneID_101280033|EPYC|XP_004285162.1
EPYC	XP_008054962.1	GeneID=103259104	322	kept	representative	XP_008054962.1 EPYC [organism=Carlito syrichta] [GeneID=103259104]	GeneID_103259104|EPYC|XP_008054962.1
EPYC	XP_086002236.1	GeneID=147233821	604	excluded	absolute_length	XP_086002236.1 epyc [organism=Fistularia commersonii] [GeneID=147233821]	GeneID_147233821|EPYC|XP_086002236.1
EPYC	XP_031962971.1	GeneID=116443158	316	kept	representative	XP_031962971.1 EPYC [organism=Corvus moneduloides] [GeneID=116443158]	GeneID_116443158|EPYC|XP_031962971.1
EPYC	XP_055250099.1	GeneID=129535633	368	kept	representative	XP_055250099.1 EPYC [organism=Moschus berezovskii] [GeneID=129535633]	GeneID_129535633|EPYC|XP_055250099.1
EPYC	XP_083791596.1	GeneID=310962866	605	excluded	absolute_length	XP_083791596.1 epyc [organism=Echiichthys vipera] [GeneID=310962866]	GeneID_310962866|EPYC|XP_083791596.1
EPYC	XP_010947746.2	GeneID=105064496	320	kept	representative	XP_010947746.2 EPYC [organism=Camelus bactrianus] [GeneID=105064496]	GeneID_105064496|EPYC|XP_010947746.2
EPYC	XP_065715515.1	GeneID=136114142	316	kept	representative	XP_065715515.1 EPYC [organism=Patagioenas fasciata] [GeneID=136114142]	GeneID_136114142|EPYC|XP_065715515.1
EPYC	XP_035283102.1	GeneID=118232315	216	excluded	relative_length	XP_035283102.1 epyc [organism=Anguilla anguilla] [GeneID=118232315]	GeneID_118232315|EPYC|XP_035283102.1
EPYC	XP_085625223.1	isoform=X1	609	excluded	absolute_length	XP_085625223.1 epyc [organism=Trachurus japonicus] [GeneID=146962553] [isoform=X1]	isoform_X1|EPYC|XP_085625223.1
EPYC	XP_085625224.1	isoform=X2	328	excluded	extra_isoform_same_species	XP_085625224.1 epyc [organism=Trachurus japonicus] [GeneID=146962553] [isoform=X2]	isoform_X2|EPYC|XP_085625224.1
EPYC	XP_010830370.1	GeneID=104982628	321	kept	representative	XP_010830370.1 EPYC [organism=Bison bison bison] [GeneID=104982628]	GeneID_104982628|EPYC|XP_010830370.1
EPYC	XP_059879861.1	GeneID=132433270	321	kept	representative	XP_059879861.1 EPYC [organism=Delphinus delphis] [GeneID=132433270]	GeneID_132433270|EPYC|XP_059879861.1
EPYC	XP_079191926.1	isoform=1	437	excluded	relative_length	XP_079191926.1 epyc [organism=Symphodus melops] [GeneID=306818292] [isoform=1]	isoform_1|EPYC|XP_079191926.1
EPYC	XP_079191927.1	isoform=2	371	excluded	extra_isoform_same_species	XP_079191927.1 epyc [organism=Symphodus melops] [GeneID=306818292] [isoform=2]	isoform_2|EPYC|XP_079191927.1
EPYC	XP_055087460.1	GeneID=117391503	568	excluded	relative_length	XP_055087460.1 epyc [organism=Periophthalmus magnuspinnatus] [GeneID=117391503]	GeneID_117391503|EPYC|XP_055087460.1
EPYC	XP_050964554.1	isoform=X1	791	excluded	absolute_length	XP_050964554.1 epyc [organism=Labeo rohita] [GeneID=127164589] [isoform=X1]	isoform_X1|EPYC|XP_050964554.1
EPYC	XP_050964556.1	isoform=X1	791	excluded	absolute_length	XP_050964556.1 epyc [organism=Labeo rohita] [GeneID=127164589] [isoform=X1]	isoform_X1|EPYC|XP_050964556.1
EPYC	XP_050964557.1	isoform=X1	791	excluded	absolute_length	XP_050964557.1 epyc [organism=Labeo rohita] [GeneID=127164589] [isoform=X1]	isoform_X1|EPYC|XP_050964557.1
EPYC	XP_050964558.1	isoform=X2	335	excluded	extra_isoform_same_species	XP_050964558.1 epyc [organism=Labeo rohita] [GeneID=127164589] [isoform=X2]	isoform_X2|EPYC|XP_050964558.1
EPYC	XP_009319600.1	GeneID=103914644	316	kept	representative	XP_009319600.1 EPYC [organism=Pygoscelis adeliae] [GeneID=103914644]	GeneID_103914644|EPYC|XP_009319600.1
EPYC	XP_049739994.1	GeneID=126075864	322	kept	representative	XP_049739994.1 EPYC [organism=Elephas maximus indicus] [GeneID=126075864]	GeneID_126075864|EPYC|XP_049739994.1
EPYC	XP_049739995.1	GeneID=126075864	322	excluded	extra_isoform_same_species	XP_049739995.1 EPYC [organism=Elephas maximus indicus] [GeneID=126075864]	GeneID_126075864|EPYC|XP_049739995.1
EPYC	XP_032061640.1	GeneID=116500614	316	kept	representative	XP_032061640.1 EPYC [organism=Aythya fuligula] [GeneID=116500614]	GeneID_116500614|EPYC|XP_032061640.1
EPYC	XP_044200068.1	GeneID=122975610	611	excluded	absolute_length	XP_044200068.1 epyc [organism=Thunnus albacares] [GeneID=122975610]	GeneID_122975610|EPYC|XP_044200068.1
EPYC	XP_026877402.2	isoform=X2	328	excluded	extra_isoform_same_species	XP_026877402.2 epyc [organism=Electrophorus electricus] [GeneID=113584592] [isoform=X2]	isoform_X2|EPYC|XP_026877402.2
EPYC	XP_081579108.1	isoform=X1	688	excluded	absolute_length	XP_081579108.1 epyc [organism=Electrophorus electricus] [GeneID=113584592] [isoform=X1]	isoform_X1|EPYC|XP_081579108.1
EPYC	XP_010795549.1	GeneID=104967728	418	excluded	relative_length	XP_010795549.1 epyc [organism=Notothenia coriiceps] [GeneID=104967728]	GeneID_104967728|EPYC|XP_010795549.1
EPYC	XP_076967700.1	isoform=X1	320	excluded	extra_isoform_same_species	XP_076967700.1 EPYC [organism=Tamandua tetradactyla] [GeneID=143642779] [isoform=X1]	isoform_X1|EPYC|XP_076967700.1
EPYC	XP_076967701.1	isoform=X2	259	excluded	extra_isoform_same_species	XP_076967701.1 EPYC [organism=Tamandua tetradactyla] [GeneID=143642779] [isoform=X2]	isoform_X2|EPYC|XP_076967701.1
EPYC	XP_039096166.1	GeneID=120237083	321	kept	representative	XP_039096166.1 EPYC [organism=Hyaena hyaena] [GeneID=120237083]	GeneID_120237083|EPYC|XP_039096166.1
EPYC	XP_043417984.1	GeneID=122472470	320	kept	representative	XP_043417984.1 EPYC [organism=Prionailurus bengalensis] [GeneID=122472470]	GeneID_122472470|EPYC|XP_043417984.1
EPYC	XP_046920902.1	GeneID=124501037	320	kept	representative	XP_046920902.1 EPYC [organism=Lynx rufus] [GeneID=124501037]	GeneID_124501037|EPYC|XP_046920902.1
EPYC	XP_047246238.1	GeneID=124883264	594	excluded	relative_length	XP_047246238.1 epyc [organism=Girardinichthys multiradiatus] [GeneID=124883264]	GeneID_124883264|EPYC|XP_047246238.1
EPYC	XP_047246239.1	GeneID=124883264	594	excluded	relative_length	XP_047246239.1 epyc [organism=Girardinichthys multiradiatus] [GeneID=124883264]	GeneID_124883264|EPYC|XP_047246239.1
EPYC	XP_004384254.1	GeneID=101346680	322	kept	representative	XP_004384254.1 EPYC [organism=Trichechus manatus latirostris] [GeneID=101346680]	GeneID_101346680|EPYC|XP_004384254.1
EPYC	XP_086775671.1	GeneID=147751381	318	kept	representative	XP_086775671.1 EPYC [organism=Lissotriton vulgaris] [GeneID=147751381]	GeneID_147751381|EPYC|XP_086775671.1
EPYC	XP_074124002.1	GeneID=141543071	318	kept	representative	XP_074124002.1 EPYC [organism=Sminthopsis crassicaudata] [GeneID=141543071]	GeneID_141543071|EPYC|XP_074124002.1
EPYC	XP_080941332.1	GeneID=308514863	321	kept	representative	XP_080941332.1 EPYC [organism=Myotis nattereri] [GeneID=308514863]	GeneID_308514863|EPYC|XP_080941332.1
EPYC	XP_053440829.1	GeneID=128581714	322	kept	representative	XP_053440829.1 EPYC [organism=Nycticebus coucang] [GeneID=128581714]	GeneID_128581714|EPYC|XP_053440829.1
EPYC	XP_053799218.1	GeneID=128788302	316	kept	representative	XP_053799218.1 EPYC [organism=Vidua chalybeata] [GeneID=128788302]	GeneID_128788302|EPYC|XP_053799218.1
EPYC	XP_084111468.1	GeneID=311185004	320	kept	representative	XP_084111468.1 EPYC [organism=Talpa europaea] [GeneID=311185004]	GeneID_311185004|EPYC|XP_084111468.1
EPYC	XP_005242713.2	GeneID=101923433	316	kept	representative	XP_005242713.2 EPYC [organism=Falco peregrinus] [GeneID=101923433]	GeneID_101923433|EPYC|XP_005242713.2
EPYC	XP_006063017.2	GeneID=102402929	321	kept	representative	XP_006063017.2 EPYC [organism=Bubalus bubalis] [GeneID=102402929]	GeneID_102402929|EPYC|XP_006063017.2
EPYC	XP_004748615.1	GeneID=101684877	321	kept	representative	XP_004748615.1 EPYC [organism=Mustela putorius furo] [GeneID=101684877]	GeneID_101684877|EPYC|XP_004748615.1
EPYC	XP_003927922.1	GeneID=101050651	322	kept	representative	XP_003927922.1 EPYC [organism=Saimiri boliviensis] [GeneID=101050651]	GeneID_101050651|EPYC|XP_003927922.1
EPYC	XP_063074186.1	GeneID=134464769	617	excluded	absolute_length	XP_063074186.1 epyc [organism=Engraulis encrasicolus] [GeneID=134464769]	GeneID_134464769|EPYC|XP_063074186.1
EPYC	XP_073694224.1	GeneID=141333176	725	excluded	absolute_length	XP_073694224.1 epyc [organism=Garra rufa] [GeneID=141333176]	GeneID_141333176|EPYC|XP_073694224.1
EPYC	XP_010280267.1	GeneID=104613999	260	kept	representative	XP_010280267.1 EPYC [organism=Phaethon lepturus] [GeneID=104613999]	GeneID_104613999|EPYC|XP_010280267.1
EPYC	XP_037003375.1	GeneID=119050954	321	kept	representative	XP_037003375.1 EPYC [organism=Artibeus jamaicensis] [GeneID=119050954]	GeneID_119050954|EPYC|XP_037003375.1
EPYC	XP_085242543.1	GeneID=146649921	618	excluded	absolute_length	XP_085242543.1 epyc [organism=Rhamphochromis longiceps] [GeneID=146649921]	GeneID_146649921|EPYC|XP_085242543.1
EPYC	XP_016831835.1	GeneID=100754407	322	kept	representative	XP_016831835.1 Epyc [organism=Cricetulus griseus] [GeneID=100754407]	GeneID_100754407|EPYC|XP_016831835.1
EPYC	XP_027249914.1	GeneID=100754407	322	excluded	extra_isoform_same_species	XP_027249914.1 Epyc [organism=Cricetulus griseus] [GeneID=100754407]	GeneID_100754407|EPYC|XP_027249914.1
EPYC	XP_035307419.1	GeneID=100754407	322	excluded	extra_isoform_same_species	XP_035307419.1 Epyc [organism=Cricetulus griseus] [GeneID=100754407]	GeneID_100754407|EPYC|XP_035307419.1
EPYC	XP_035312696.1	GeneID=100754407	322	excluded	extra_isoform_same_species	XP_035312696.1 Epyc [organism=Cricetulus griseus] [GeneID=100754407]	GeneID_100754407|EPYC|XP_035312696.1
EPYC	XP_079255272.1	isoform=1	668	excluded	absolute_length	XP_079255272.1 LOC306858562 [organism=Barbus barbus] [GeneID=306858562] [isoform=1]	isoform_1|EPYC|XP_079255272.1
EPYC	XP_079255273.1	isoform=1	668	excluded	absolute_length	XP_079255273.1 LOC306858562 [organism=Barbus barbus] [GeneID=306858562] [isoform=1]	isoform_1|EPYC|XP_079255273.1
EPYC	XP_079255274.1	isoform=2	666	excluded	absolute_length	XP_079255274.1 LOC306858562 [organism=Barbus barbus] [GeneID=306858562] [isoform=2]	isoform_2|EPYC|XP_079255274.1
EPYC	XP_034611968.1	GeneID=117869304	316	kept	representative	XP_034611968.1 EPYC [organism=Trachemys scripta elegans] [GeneID=117869304]	GeneID_117869304|EPYC|XP_034611968.1
EPYC	XP_034612055.1	GeneID=117869304	316	excluded	extra_isoform_same_species	XP_034612055.1 EPYC [organism=Trachemys scripta elegans] [GeneID=117869304]	GeneID_117869304|EPYC|XP_034612055.1
EPYC	XP_034612141.1	GeneID=117869304	316	excluded	extra_isoform_same_species	XP_034612141.1 EPYC [organism=Trachemys scripta elegans] [GeneID=117869304]	GeneID_117869304|EPYC|XP_034612141.1
EPYC	XP_019815568.2	GeneID=109558670	321	kept	representative	XP_019815568.2 EPYC [organism=Bos indicus] [GeneID=109558670]	GeneID_109558670|EPYC|XP_019815568.2
EPYC	XP_065597402.1	GeneID=136051755	316	kept	representative	XP_065597402.1 EPYC [organism=Cyrtonyx montezumae] [GeneID=136051755]	GeneID_136051755|EPYC|XP_065597402.1
EPYC	XP_071600568.1	GeneID=139796431	316	kept	representative	XP_071600568.1 EPYC [organism=Heliangelus exortis] [GeneID=139796431]	GeneID_139796431|EPYC|XP_071600568.1
EPYC	XP_060550813.1	GeneID=117655668	322	kept	representative	XP_060550813.1 EPYC [organism=Pantherophis guttatus] [GeneID=117655668]	GeneID_117655668|EPYC|XP_060550813.1
EPYC	XP_081885464.1	GeneID=309426064	316	kept	representative	XP_081885464.1 EPYC [organism=Branta canadensis] [GeneID=309426064]	GeneID_309426064|EPYC|XP_081885464.1
EPYC	XP_042577921.1	isoform=X1	717	excluded	absolute_length	XP_042577921.1 epyc [organism=Cyprinus carpio] [GeneID=109075206] [isoform=X1]	isoform_X1|EPYC|XP_042577921.1
EPYC	XP_042577922.1	isoform=X1	717	excluded	absolute_length	XP_042577922.1 epyc [organism=Cyprinus carpio] [GeneID=109075206] [isoform=X1]	isoform_X1|EPYC|XP_042577922.1
EPYC	XP_042577923.1	isoform=X2	693	excluded	absolute_length	XP_042577923.1 epyc [organism=Cyprinus carpio] [GeneID=109075206] [isoform=X2]	isoform_X2|EPYC|XP_042577923.1
EPYC	XP_042577924.1	isoform=X3	336	excluded	extra_isoform_same_species	XP_042577924.1 epyc [organism=Cyprinus carpio] [GeneID=109075206] [isoform=X3]	isoform_X3|EPYC|XP_042577924.1
EPYC	XP_063316662.1	GeneID=134615911	615	excluded	absolute_length	XP_063316662.1 epyc [organism=Pelmatolapia mariae] [GeneID=134615911]	GeneID_134615911|EPYC|XP_063316662.1
EPYC	XP_072714016.1	GeneID=140649804	351	kept	representative	XP_072714016.1 EPYC [organism=Ciconia boyciana] [GeneID=140649804]	GeneID_140649804|EPYC|XP_072714016.1
EPYC	XP_077327045.1	GeneID=143961603	318	kept	representative	XP_077327045.1 EPYC [organism=Lithobates pipiens] [GeneID=143961603]	GeneID_143961603|EPYC|XP_077327045.1
EPYC	XP_079151126.1	isoform=1	371	excluded	extra_isoform_same_species	XP_079151126.1 epyc [organism=Melanostigma gelatinosum] [GeneID=306796184] [isoform=1]	isoform_1|EPYC|XP_079151126.1
EPYC	XP_079151127.1	isoform=2	332	excluded	extra_isoform_same_species	XP_079151127.1 epyc [organism=Melanostigma gelatinosum] [GeneID=306796184] [isoform=2]	isoform_2|EPYC|XP_079151127.1
EPYC	XP_008579758.1	GeneID=103597668	275	kept	representative	XP_008579758.1 EPYC [organism=Galeopterus variegatus] [GeneID=103597668]	GeneID_103597668|EPYC|XP_008579758.1
EPYC	XP_010178345.1	GeneID=104533657	316	kept	representative	XP_010178345.1 EPYC [organism=Mesitornis unicolor] [GeneID=104533657]	GeneID_104533657|EPYC|XP_010178345.1
EPYC	XP_015256376.1	GeneID=107101828	577	excluded	relative_length	XP_015256376.1 epyc [organism=Cyprinodon variegatus] [GeneID=107101828]	GeneID_107101828|EPYC|XP_015256376.1
EPYC	XP_026355701.4	GeneID=113256181	321	kept	representative	XP_026355701.4 EPYC [organism=Ursus arctos] [GeneID=113256181]	GeneID_113256181|EPYC|XP_026355701.4
EPYC	XP_058629859.1	isoform=X1	338	excluded	extra_isoform_same_species	XP_058629859.1 epyc [organism=Onychostoma macrolepis] [GeneID=131539343] [isoform=X1]	isoform_X1|EPYC|XP_058629859.1
EPYC	XP_058629860.1	isoform=X2	742	excluded	absolute_length	XP_058629860.1 epyc [organism=Onychostoma macrolepis] [GeneID=131539343] [isoform=X2]	isoform_X2|EPYC|XP_058629860.1
EPYC	XP_059260645.1	GeneID=132020524	321	kept	representative	XP_059260645.1 EPYC [organism=Mustela nigripes] [GeneID=132020524]	GeneID_132020524|EPYC|XP_059260645.1
EPYC	XP_084993532.1	GeneID=146499492	618	excluded	absolute_length	XP_084993532.1 epyc [organism=Neolamprologus multifasciatus] [GeneID=146499492]	GeneID_146499492|EPYC|XP_084993532.1
EPYC	XP_084339417.1	GeneID=311363341	622	excluded	absolute_length	XP_084339417.1 epyc [organism=Micromesistius poutassou] [GeneID=311363341]	GeneID_311363341|EPYC|XP_084339417.1
EPYC	XP_069347152.1	GeneID=138397129	322	kept	representative	XP_069347152.1 EPYC [organism=Eulemur rufifrons] [GeneID=138397129]	GeneID_138397129|EPYC|XP_069347152.1
EPYC	XP_075130596.1	GeneID=142203609	315	kept	representative	XP_075130596.1 EPYC [organism=Leptodactylus fuscus] [GeneID=142203609]	GeneID_142203609|EPYC|XP_075130596.1
EPYC	XP_075130598.1	GeneID=142203609	315	excluded	extra_isoform_same_species	XP_075130598.1 EPYC [organism=Leptodactylus fuscus] [GeneID=142203609]	GeneID_142203609|EPYC|XP_075130598.1
EPYC	XP_080707828.1	GeneID=308375537	372	kept	representative	XP_080707828.1 epyc [organism=Sprattus sprattus] [GeneID=308375537]	GeneID_308375537|EPYC|XP_080707828.1
EPYC	XP_084473771.1	GeneID=311514921	316	kept	representative	XP_084473771.1 EPYC [organism=Lepidochelys olivacea] [GeneID=311514921]	GeneID_311514921|EPYC|XP_084473771.1
EPYC	XP_010168220.1	GeneID=104517878	208	excluded	relative_length	XP_010168220.1 EPYC [organism=Antrostomus carolinensis] [GeneID=104517878]	GeneID_104517878|EPYC|XP_010168220.1
EPYC	XP_035407734.1	isoform=X1	316	excluded	extra_isoform_same_species	XP_035407734.1 EPYC [organism=Cygnus atratus] [GeneID=118250589] [isoform=X1]	isoform_X1|EPYC|XP_035407734.1
EPYC	XP_050569105.1	isoform=X2	277	excluded	extra_isoform_same_species	XP_050569105.1 EPYC [organism=Cygnus atratus] [GeneID=118250589] [isoform=X2]	isoform_X2|EPYC|XP_050569105.1
EPYC	XP_061271708.1	GeneID=133247207	321	kept	representative	XP_061271708.1 EPYC [organism=Bos javanicus] [GeneID=133247207]	GeneID_133247207|EPYC|XP_061271708.1
EPYC	XP_007165968.1	GeneID=102997999	321	kept	representative	XP_007165968.1 EPYC [organism=Balaenoptera acutorostrata] [GeneID=102997999]	GeneID_102997999|EPYC|XP_007165968.1
EPYC	XP_082024625.1	isoform=1	666	excluded	absolute_length	XP_082024625.1 epyc [organism=Leuciscus leuciscus] [GeneID=309498022] [isoform=1]	isoform_1|EPYC|XP_082024625.1
EPYC	XP_082024626.1	isoform=2	664	excluded	absolute_length	XP_082024626.1 epyc [organism=Leuciscus leuciscus] [GeneID=309498022] [isoform=2]	isoform_2|EPYC|XP_082024626.1
EPYC	XP_082024627.1	isoform=3	654	excluded	absolute_length	XP_082024627.1 epyc [organism=Leuciscus leuciscus] [GeneID=309498022] [isoform=3]	isoform_3|EPYC|XP_082024627.1
EPYC	XP_082024628.1	isoform=4	612	excluded	absolute_length	XP_082024628.1 epyc [organism=Leuciscus leuciscus] [GeneID=309498022] [isoform=4]	isoform_4|EPYC|XP_082024628.1
EPYC	XP_063180009.1	GeneID=134510664	316	kept	representative	XP_063180009.1 EPYC [organism=Chroicocephalus ridibundus] [GeneID=134510664]	GeneID_134510664|EPYC|XP_063180009.1
EPYC	XP_068163050.1	GeneID=137589300	583	excluded	relative_length	XP_068163050.1 epyc [organism=Antennarius striatus] [GeneID=137589300]	GeneID_137589300|EPYC|XP_068163050.1
EPYC	XP_081067082.1	isoform=1	316	excluded	extra_isoform_same_species	XP_081067082.1 EPYC [organism=Podarcis bocagei] [GeneID=308596127] [isoform=1]	isoform_1|EPYC|XP_081067082.1
EPYC	XP_081067083.1	isoform=1	316	excluded	extra_isoform_same_species	XP_081067083.1 EPYC [organism=Podarcis bocagei] [GeneID=308596127] [isoform=1]	isoform_1|EPYC|XP_081067083.1
EPYC	XP_081067084.1	isoform=1	316	excluded	extra_isoform_same_species	XP_081067084.1 EPYC [organism=Podarcis bocagei] [GeneID=308596127] [isoform=1]	isoform_1|EPYC|XP_081067084.1
EPYC	XP_051856816.1	GeneID=127564371	318	kept	representative	XP_051856816.1 EPYC [organism=Antechinus flavipes] [GeneID=127564371]	GeneID_127564371|EPYC|XP_051856816.1
EPYC	XP_082366894.1	isoform=1	618	excluded	absolute_length	XP_082366894.1 epyc [organism=Aulonocara stuartgranti] [GeneID=309692371] [isoform=1]	isoform_1|EPYC|XP_082366894.1
EPYC	XP_082366895.1	isoform=1	618	excluded	absolute_length	XP_082366895.1 epyc [organism=Aulonocara stuartgranti] [GeneID=309692371] [isoform=1]	isoform_1|EPYC|XP_082366895.1
EPYC	XP_082366896.1	isoform=2	514	excluded	relative_length	XP_082366896.1 epyc [organism=Aulonocara stuartgranti] [GeneID=309692371] [isoform=2]	isoform_2|EPYC|XP_082366896.1
EPYC	XP_082366897.1	isoform=2	514	excluded	relative_length	XP_082366897.1 epyc [organism=Aulonocara stuartgranti] [GeneID=309692371] [isoform=2]	isoform_2|EPYC|XP_082366897.1
EPYC	XP_082366898.1	isoform=3	508	excluded	relative_length	XP_082366898.1 epyc [organism=Aulonocara stuartgranti] [GeneID=309692371] [isoform=3]	isoform_3|EPYC|XP_082366898.1
EPYC	XP_083895342.1	isoform=1	590	excluded	relative_length	XP_083895342.1 epyc [organism=Eutrigla gurnardus] [GeneID=311032443] [isoform=1]	isoform_1|EPYC|XP_083895342.1
EPYC	XP_083895343.1	isoform=2	438	excluded	relative_length	XP_083895343.1 epyc [organism=Eutrigla gurnardus] [GeneID=311032443] [isoform=2]	isoform_2|EPYC|XP_083895343.1
EPYC	XP_084362675.1	GeneID=311430146	316	kept	representative	XP_084362675.1 EPYC [organism=Aythya ferina] [GeneID=311430146]	GeneID_311430146|EPYC|XP_084362675.1
