gene	accession	species	gene_id	isoform	length	status	reason	old_header	new_header
EPYC	XP_063164640.1	Candoia aspera	134501025		316	kept	representative	XP_063164640.1 EPYC [organism=Candoia aspera] [GeneID=134501025]	Candoia_aspera|EPYC|XP_063164640.1
EPYC	XP_043092142.1	Puntigrus tetrazona	122342432	X1	673	excluded	absolute_length	XP_043092142.1 epyc [organism=Puntigrus tetrazona] [GeneID=122342432] [isoform=X1]	Puntigrus_tetrazona|EPYC|XP_043092142.1
EPYC	XP_043092143.1	Puntigrus tetrazona	122342432	X2	338	kept	representative	XP_043092143.1 epyc [organism=Puntigrus tetrazona] [GeneID=122342432] [isoform=X2]	Puntigrus_tetrazona|EPYC|XP_043092143.1
EPYC	XP_045411080.1	Lemur catta	123640493		321	kept	representative	XP_045411080.1 EPYC [organism=Lemur catta] [GeneID=123640493]	Lemur_catta|EPYC|XP_045411080.1
EPYC	XP_019336346.2	Alligator mississippiensis	102565335		316	kept	representative	XP_019336346.2 EPYC [organism=Alligator mississippiensis] [GeneID=102565335]	Alligator_mississippiensis|EPYC|XP_019336346.2
EPYC	XP_021175784.2	Fundulus heteroclitus	105931146	X1	587	excluded	relative_length	XP_021175784.2 epyc [organism=Fundulus heteroclitus] [GeneID=105931146] [isoform=X1]	Fundulus_heteroclitus|EPYC|XP_021175784.2
EPYC	XP_021175785.2	Fundulus heteroclitus	105931146	X2	365	excluded	extra_isoform_same_locus	XP_021175785.2 epyc [organism=Fundulus heteroclitus] [GeneID=105931146] [isoform=X2]	Fundulus_heteroclitus|EPYC|XP_021175785.2
EPYC	XP_021175787.2	Fundulus heteroclitus	105931146	X3	322	kept	representative	XP_021175787.2 epyc [organism=Fundulus heteroclitus] [GeneID=105931146] [isoform=X3]	Fundulus_heteroclitus|EPYC|XP_021175787.2
EPYC	XP_032746673.1	Rattus rattus	116889996		322	kept	representative	XP_032746673.1 Epyc [organism=Rattus rattus] [GeneID=116889996]	Rattus_rattus|EPYC|XP_032746673.1
EPYC	XP_053572886.1	Bombina bombina	128662886		320	kept	representative	XP_053572886.1 EPYC [organism=Bombina bombina] [GeneID=128662886]	Bombina_bombina|EPYC|XP_053572886.1
EPYC	XP_030116990.1	Taeniopygia guttata	100228256		316	kept	representative	XP_030116990.1 EPYC [organism=Taeniopygia guttata] [GeneID=100228256]	Taeniopygia_guttata|EPYC|XP_030116990.1
EPYC	XP_085914239.1	Leptonotus elevatus	147160319		652	excluded	absolute_length	XP_085914239.1 epyc [organism=Leptonotus elevatus] [GeneID=147160319]	Leptonotus_elevatus|EPYC|XP_085914239.1
EPYC	XP_069485362.1	Ambystoma mexicanum	138514027		312	kept	representative	XP_069485362.1 EPYC [organism=Ambystoma mexicanum] [GeneID=138514027]	Ambystoma_mexicanum|EPYC|XP_069485362.1
EPYC	XP_069485363.1	Ambystoma mexicanum	138514027		312	excluded	extra_isoform_same_locus	XP_069485363.1 EPYC [organism=Ambystoma mexicanum] [GeneID=138514027]	Ambystoma_mexicanum|EPYC|XP_069485363.1
EPYC	XP_069485364.1	Ambystoma mexicanum	138514027		312	excluded	extra_isoform_same_locus	XP_069485364.1 EPYC [organism=Ambystoma mexicanum] [GeneID=138514027]	Ambystoma_mexicanum|EPYC|XP_069485364.1
EPYC	XP_045868877.1	Meles meles	123947000	X1	321	kept	representative	XP_045868877.1 EPYC [organism=Meles meles] [GeneID=123947000] [isoform=X1]	Meles_meles|EPYC|XP_045868877.1
EPYC	XP_045868878.1	Meles meles	123947000	X1	321	excluded	extra_isoform_same_locus	XP_045868878.1 EPYC [organism=Meles meles] [GeneID=123947000] [isoform=X1]	Meles_meles|EPYC|XP_045868878.1
EPYC	XP_045868879.1	Meles meles	123947000	X1	321	excluded	extra_isoform_same_locus	XP_045868879.1 EPYC [organism=Meles meles] [GeneID=123947000] [isoform=X1]	Meles_meles|EPYC|XP_045868879.1
EPYC	XP_045868880.1	Meles meles	123947000	X2	260	excluded	extra_isoform_same_locus	XP_045868880.1 EPYC [organism=Meles meles] [GeneID=123947000] [isoform=X2]	Meles_meles|EPYC|XP_045868880.1
EPYC	XP_042367655.1	Plectropomus leopardus	121961655		584	excluded	relative_length	XP_042367655.1 epyc [organism=Plectropomus leopardus] [GeneID=121961655]	Plectropomus_leopardus|EPYC|XP_042367655.1
EPYC	XP_061310810.1	Pezoporus flaviventris	133270004		316	kept	representative	XP_061310810.1 EPYC [organism=Pezoporus flaviventris] [GeneID=133270004]	Pezoporus_flaviventris|EPYC|XP_061310810.1
EPYC	XP_061663942.1	Syngnathoides biaculeatus	133493954		617	excluded	absolute_length	XP_061663942.1 epyc [organism=Syngnathoides biaculeatus] [GeneID=133493954]	Syngnathoides_biaculeatus|EPYC|XP_061663942.1
EPYC	XP_059969634.1	Mesoplodon densirostris	132499215		321	kept	representative	XP_059969634.1 EPYC [organism=Mesoplodon densirostris] [GeneID=132499215]	Mesoplodon_densirostris|EPYC|XP_059969634.1
EPYC	XP_062991055.1	Elgaria multicarinata webbii	134404268		398	kept	representative	XP_062991055.1 EPYC [organism=Elgaria multicarinata webbii] [GeneID=134404268]	Elgaria_multicarinata_webbii|EPYC|XP_062991055.1
EPYC	XP_074681519.1	Strix aluco	141923788		316	kept	representative	XP_074681519.1 EPYC [organism=Strix aluco] [GeneID=141923788]	Strix_aluco|EPYC|XP_074681519.1
EPYC	XP_080393734.1	Nansenia antarctica	308163422		331	kept	representative	XP_080393734.1 epyc [organism=Nansenia antarctica] [GeneID=308163422]	Nansenia_antarctica|EPYC|XP_080393734.1
EPYC	XP_029969439.1	Salarias fasciatus	115404305	X1	428	excluded	relative_length	XP_029969439.1 epyc [organism=Salarias fasciatus] [GeneID=115404305] [isoform=X1]	Salarias_fasciatus|EPYC|XP_029969439.1
EPYC	XP_029969440.1	Salarias fasciatus	115404305	X2	357	excluded	extra_isoform_same_locus	XP_029969440.1 epyc [organism=Salarias fasciatus] [GeneID=115404305] [isoform=X2]	Salarias_fasciatus|EPYC|XP_029969440.1
EPYC	XP_029969441.1	Salarias fasciatus	115404305	X3	336	kept	representative	XP_029969441.1 epyc [organism=Salarias fasciatus] [GeneID=115404305] [isoform=X3]	Salarias_fasciatus|EPYC|XP_029969441.1
EPYC	XP_031714996.1	Anarrhichthys ocellatus	116389967		604	excluded	absolute_length	XP_031714996.1 epyc [organism=Anarrhichthys ocellatus] [GeneID=116389967]	Anarrhichthys_ocellatus|EPYC|XP_031714996.1
EPYC	XP_009702905.1	Cariama cristata	104165069		316	kept	representative	XP_009702905.1 EPYC [organism=Cariama cristata] [GeneID=104165069]	Cariama_cristata|EPYC|XP_009702905.1
EPYC	XP_044850205.1	Mauremys mutica	123353277		316	kept	representative	XP_044850205.1 EPYC [organism=Mauremys mutica] [GeneID=123353277]	Mauremys_mutica|EPYC|XP_044850205.1
EPYC	XP_002711429.1	Oryctolagus cuniculus	100356959		321	kept	representative	XP_002711429.1 EPYC [organism=Oryctolagus cuniculus] [GeneID=100356959]	Oryctolagus_cuniculus|EPYC|XP_002711429.1
EPYC	XP_069908790.1	Oryctolagus cuniculus	100356959		321	excluded	extra_isoform_same_locus	XP_069908790.1 EPYC [organism=Oryctolagus cuniculus] [GeneID=100356959]	Oryctolagus_cuniculus|EPYC|XP_069908790.1
EPYC	XP_069908791.1	Oryctolagus cuniculus	100356959		321	excluded	extra_isoform_same_locus	XP_069908791.1 EPYC [organism=Oryctolagus cuniculus] [GeneID=100356959]	Oryctolagus_cuniculus|EPYC|XP_069908791.1
EPYC	XP_008002418.2	Chlorocebus sabaeus	103238847		322	kept	representative	XP_008002418.2 EPYC [organism=Chlorocebus sabaeus] [GeneID=103238847]	Chlorocebus_sabaeus|EPYC|XP_008002418.2
EPYC	XP_014911396.1	Poecilia latipinna	106961847		586	excluded	relative_length	XP_014911396.1 epyc [organism=Poecilia latipinna] [GeneID=106961847]	Poecilia_latipinna|EPYC|XP_014911396.1
EPYC	XP_027523049.1	Corapipo altera	113958732		332	kept	representative	XP_027523049.1 EPYC [organism=Corapipo altera] [GeneID=113958732]	Corapipo_altera|EPYC|XP_027523049.1
EPYC	XP_048205559.1	Perognathus longimembris pacificus	125353874		322	kept	representative	XP_048205559.1 Epyc [organism=Perognathus longimembris pacificus] [GeneID=125353874]	Perognathus_longimembris_pacificus|EPYC|XP_048205559.1
EPYC	XP_062489278.1	Pezoporus occidentalis	134171247		316	kept	representative	XP_062489278.1 EPYC [organism=Pezoporus occidentalis] [GeneID=134171247]	Pezoporus_occidentalis|EPYC|XP_062489278.1
EPYC	XP_067997832.1	Melanerpes formicivorus	137442761		316	kept	representative	XP_067997832.1 EPYC [organism=Melanerpes formicivorus] [GeneID=137442761]	Melanerpes_formicivorus|EPYC|XP_067997832.1
EPYC	XP_077701901.1	Canis aureus	144282292		320	kept	representative	XP_077701901.1 EPYC [organism=Canis aureus] [GeneID=144282292]	Canis_aureus|EPYC|XP_077701901.1
EPYC	XP_077701902.1	Canis aureus	144282292		320	excluded	extra_isoform_same_locus	XP_077701902.1 EPYC [organism=Canis aureus] [GeneID=144282292]	Canis_aureus|EPYC|XP_077701902.1
EPYC	XP_008944820.1	Merops nubicus	103778953		307	kept	representative	XP_008944820.1 EPYC [organism=Merops nubicus] [GeneID=103778953]	Merops_nubicus|EPYC|XP_008944820.1
EPYC	XP_015270837.1	Gekko japonicus	107113940		316	kept	representative	XP_015270837.1 EPYC [organism=Gekko japonicus] [GeneID=107113940]	Gekko_japonicus|EPYC|XP_015270837.1
EPYC	XP_005508374.1	Columba livia	102095898		316	kept	representative	XP_005508374.1 EPYC [organism=Columba livia] [GeneID=102095898]	Columba_livia|EPYC|XP_005508374.1
EPYC	XP_057180319.1	Triplophysa rosa	130547947	X1	723	excluded	absolute_length	XP_057180319.1 epyc [organism=Triplophysa rosa] [GeneID=130547947] [isoform=X1]	Triplophysa_rosa|EPYC|XP_057180319.1
EPYC	XP_057180320.1	Triplophysa rosa	130547947	X2	335	kept	representative	XP_057180320.1 epyc [organism=Triplophysa rosa] [GeneID=130547947] [isoform=X2]	Triplophysa_rosa|EPYC|XP_057180320.1
EPYC	XP_083257126.1	Podarcis tiliguerta	310658696	1	316	kept	representative	XP_083257126.1 EPYC [organism=Podarcis tiliguerta] [GeneID=310658696] [isoform=1]	Podarcis_tiliguerta|EPYC|XP_083257126.1
EPYC	XP_083257127.1	Podarcis tiliguerta	310658696	1	316	excluded	extra_isoform_same_locus	XP_083257127.1 EPYC [organism=Podarcis tiliguerta] [GeneID=310658696] [isoform=1]	Podarcis_tiliguerta|EPYC|XP_083257127.1
EPYC	XP_083257128.1	Podarcis tiliguerta	310658696	1	316	excluded	extra_isoform_same_locus	XP_083257128.1 EPYC [organism=Podarcis tiliguerta] [GeneID=310658696] [isoform=1]	Podarcis_tiliguerta|EPYC|XP_083257128.1
EPYC	XP_083257129.1	Podarcis tiliguerta	310658696	1	316	excluded	extra_isoform_same_locus	XP_083257129.1 EPYC [organism=Podarcis tiliguerta] [GeneID=310658696] [isoform=1]	Podarcis_tiliguerta|EPYC|XP_083257129.1
EPYC	XP_083257130.1	Podarcis tiliguerta	310658696	1	316	excluded	extra_isoform_same_locus	XP_083257130.1 EPYC [organism=Podarcis tiliguerta] [GeneID=310658696] [isoform=1]	Podarcis_tiliguerta|EPYC|XP_083257130.1
EPYC	XP_074430972.1	Larus michahellis	141738842		316	kept	representative	XP_074430972.1 EPYC [organism=Larus michahellis] [GeneID=141738842]	Larus_michahellis|EPYC|XP_074430972.1
EPYC	XP_080613903.1	Protomyctophum bolini	308311184	1	607	excluded	absolute_length	XP_080613903.1 epyc [organism=Protomyctophum bolini] [GeneID=308311184] [isoform=1]	Protomyctophum_bolini|EPYC|XP_080613903.1
EPYC	XP_080613904.1	Protomyctophum bolini	308311184	1	607	excluded	absolute_length	XP_080613904.1 epyc [organism=Protomyctophum bolini] [GeneID=308311184] [isoform=1]	Protomyctophum_bolini|EPYC|XP_080613904.1
EPYC	XP_080667989.1	Martes martes	308348042		321	kept	representative	XP_080667989.1 EPYC [organism=Martes martes] [GeneID=308348042]	Martes_martes|EPYC|XP_080667989.1
EPYC	XP_080801348.1	Bucephala clangula	308441886		316	kept	representative	XP_080801348.1 EPYC [organism=Bucephala clangula] [GeneID=308441886]	Bucephala_clangula|EPYC|XP_080801348.1
EPYC	XP_001512092.1	Ornithorhynchus anatinus	100073963		316	kept	representative	XP_001512092.1 EPYC [organism=Ornithorhynchus anatinus] [GeneID=100073963]	Ornithorhynchus_anatinus|EPYC|XP_001512092.1
EPYC	XP_047723337.1	Prionailurus viverrinus	125170700		320	kept	representative	XP_047723337.1 EPYC [organism=Prionailurus viverrinus] [GeneID=125170700]	Prionailurus_viverrinus|EPYC|XP_047723337.1
EPYC	XP_061106656.1	Conger conger	133134474		354	kept	representative	XP_061106656.1 epyc [organism=Conger conger] [GeneID=133134474]	Conger_conger|EPYC|XP_061106656.1
EPYC	XP_010885689.1	Esox lucius	105020394	X1	659	excluded	absolute_length	XP_010885689.1 epyc [organism=Esox lucius] [GeneID=105020394] [isoform=X1]	Esox_lucius|EPYC|XP_010885689.1
EPYC	XP_028972926.1	Esox lucius	105020394	X2	404	excluded	extra_isoform_same_locus	XP_028972926.1 epyc [organism=Esox lucius] [GeneID=105020394] [isoform=X2]	Esox_lucius|EPYC|XP_028972926.1
EPYC	XP_028972927.1	Esox lucius	105020394	X3	319	kept	representative	XP_028972927.1 epyc [organism=Esox lucius] [GeneID=105020394] [isoform=X3]	Esox_lucius|EPYC|XP_028972927.1
EPYC	XP_013205776.1	Microtus ochrogaster	101990630		322	kept	representative	XP_013205776.1 Epyc [organism=Microtus ochrogaster] [GeneID=101990630]	Microtus_ochrogaster|EPYC|XP_013205776.1
EPYC	XP_038171085.1	Arvicola amphibius	119803728		322	kept	representative	XP_038171085.1 Epyc [organism=Arvicola amphibius] [GeneID=119803728]	Arvicola_amphibius|EPYC|XP_038171085.1
EPYC	XP_052409467.1	Carassius gibelio	127955896	X1	764	excluded	absolute_length	XP_052409467.1 epyc [organism=Carassius gibelio] [GeneID=127955896] [isoform=X1]	Carassius_gibelio|EPYC|XP_052409467.1
EPYC	XP_052409468.1	Carassius gibelio	127955896	X1	764	excluded	absolute_length	XP_052409468.1 epyc [organism=Carassius gibelio] [GeneID=127955896] [isoform=X1]	Carassius_gibelio|EPYC|XP_052409468.1
EPYC	XP_052409469.1	Carassius gibelio	127955896	X2	339	kept	representative	XP_052409469.1 epyc [organism=Carassius gibelio] [GeneID=127955896] [isoform=X2]	Carassius_gibelio|EPYC|XP_052409469.1
EPYC	XP_005733553.1	Pundamilia nyererei	102197583		615	excluded	absolute_length	XP_005733553.1 epyc [organism=Pundamilia nyererei] [GeneID=102197583]	Pundamilia_nyererei|EPYC|XP_005733553.1
EPYC	XP_005733554.1	Pundamilia nyererei	102197583		615	excluded	absolute_length	XP_005733554.1 epyc [organism=Pundamilia nyererei] [GeneID=102197583]	Pundamilia_nyererei|EPYC|XP_005733554.1
EPYC	XP_013766375.1	Pundamilia nyererei	102197583		615	excluded	absolute_length	XP_013766375.1 epyc [organism=Pundamilia nyererei] [GeneID=102197583]	Pundamilia_nyererei|EPYC|XP_013766375.1
EPYC	XP_054242876.1	Indicator indicator	128971384		316	kept	representative	XP_054242876.1 EPYC [organism=Indicator indicator] [GeneID=128971384]	Indicator_indicator|EPYC|XP_054242876.1
EPYC	XP_067247134.1	Chanodichthys erythropterus	137023916	X1	661	excluded	absolute_length	XP_067247134.1 epyc [organism=Chanodichthys erythropterus] [GeneID=137023916] [isoform=X1]	Chanodichthys_erythropterus|EPYC|XP_067247134.1
EPYC	XP_067247135.1	Chanodichthys erythropterus	137023916	X2	322	kept	representative	XP_067247135.1 epyc [organism=Chanodichthys erythropterus] [GeneID=137023916] [isoform=X2]	Chanodichthys_erythropterus|EPYC|XP_067247135.1
EPYC	XP_049648161.1	Astur gentilis	126034463		316	kept	representative	XP_049648161.1 EPYC [organism=Astur gentilis] [GeneID=126034463]	Astur_gentilis|EPYC|XP_049648161.1
EPYC	XP_071406041.1	Pithys albifrons albifrons	139669449		315	kept	representative	XP_071406041.1 EPYC [organism=Pithys albifrons albifrons] [GeneID=139669449]	Pithys_albifrons_albifrons|EPYC|XP_071406041.1
EPYC	XP_007085673.1	Panthera tigris	102951394		320	kept	representative	XP_007085673.1 EPYC [organism=Panthera tigris] [GeneID=102951394]	Panthera_tigris|EPYC|XP_007085673.1
EPYC	XP_057613972.1	Chionomys nivalis	130866501		322	kept	representative	XP_057613972.1 Epyc [organism=Chionomys nivalis] [GeneID=130866501]	Chionomys_nivalis|EPYC|XP_057613972.1
EPYC	XP_083555592.1	Podarcis gaigeae	310825596	1	316	kept	representative	XP_083555592.1 EPYC [organism=Podarcis gaigeae] [GeneID=310825596] [isoform=1]	Podarcis_gaigeae|EPYC|XP_083555592.1
EPYC	XP_083555593.1	Podarcis gaigeae	310825596	1	316	excluded	extra_isoform_same_locus	XP_083555593.1 EPYC [organism=Podarcis gaigeae] [GeneID=310825596] [isoform=1]	Podarcis_gaigeae|EPYC|XP_083555593.1
EPYC	XP_083555594.1	Podarcis gaigeae	310825596	1	316	excluded	extra_isoform_same_locus	XP_083555594.1 EPYC [organism=Podarcis gaigeae] [GeneID=310825596] [isoform=1]	Podarcis_gaigeae|EPYC|XP_083555594.1
EPYC	XP_083555595.1	Podarcis gaigeae	310825596	1	316	excluded	extra_isoform_same_locus	XP_083555595.1 EPYC [organism=Podarcis gaigeae] [GeneID=310825596] [isoform=1]	Podarcis_gaigeae|EPYC|XP_083555595.1
EPYC	XP_010310654.1	Balearica regulorum gibbericeps	104643140		316	kept	representative	XP_010310654.1 EPYC [organism=Balearica regulorum gibbericeps] [GeneID=104643140]	Balearica_regulorum_gibbericeps|EPYC|XP_010310654.1
EPYC	NP_776732.1	Bos taurus	281747		321	kept	representative	NP_776732.1 EPYC [organism=Bos taurus] [GeneID=281747]	Bos_taurus|EPYC|NP_776732.1
EPYC	XP_010803061.1	Bos taurus	281747	X1	321	excluded	extra_isoform_same_locus	XP_010803061.1 EPYC [organism=Bos taurus] [GeneID=281747] [isoform=X1]	Bos_taurus|EPYC|XP_010803061.1
EPYC	XP_072528987.1	Salminus brasiliensis	140549342		371	kept	representative	XP_072528987.1 epyc [organism=Salminus brasiliensis] [GeneID=140549342]	Salminus_brasiliensis|EPYC|XP_072528987.1
EPYC	XP_030409813.1	Gopherus evgoodei	115647174		316	kept	representative	XP_030409813.1 EPYC [organism=Gopherus evgoodei] [GeneID=115647174]	Gopherus_evgoodei|EPYC|XP_030409813.1
EPYC	XP_038227933.1	Dermochelys coriacea	119843101		316	kept	representative	XP_038227933.1 EPYC [organism=Dermochelys coriacea] [GeneID=119843101]	Dermochelys_coriacea|EPYC|XP_038227933.1
EPYC	XP_065807561.1	Labrus bergylta	109998787	X1	589	excluded	relative_length	XP_065807561.1 epyc [organism=Labrus bergylta] [GeneID=109998787] [isoform=X1]	Labrus_bergylta|EPYC|XP_065807561.1
EPYC	XP_065807562.1	Labrus bergylta	109998787	X1	589	excluded	relative_length	XP_065807562.1 epyc [organism=Labrus bergylta] [GeneID=109998787] [isoform=X1]	Labrus_bergylta|EPYC|XP_065807562.1
EPYC	XP_065807563.1	Labrus bergylta	109998787	X2	374	excluded	extra_isoform_same_locus	XP_065807563.1 epyc [organism=Labrus bergylta] [GeneID=109998787] [isoform=X2]	Labrus_bergylta|EPYC|XP_065807563.1
EPYC	XP_065807564.1	Labrus bergylta	109998787	X3	330	kept	representative	XP_065807564.1 epyc [organism=Labrus bergylta] [GeneID=109998787] [isoform=X3]	Labrus_bergylta|EPYC|XP_065807564.1
EPYC	XP_008313749.1	Cynoglossus semilaevis	103382668		636	excluded	absolute_length	XP_008313749.1 epyc [organism=Cynoglossus semilaevis] [GeneID=103382668]	Cynoglossus_semilaevis|EPYC|XP_008313749.1
EPYC	XP_067415196.1	Emydura macquarii macquarii	137160530		316	kept	representative	XP_067415196.1 EPYC [organism=Emydura macquarii macquarii] [GeneID=137160530]	Emydura_macquarii_macquarii|EPYC|XP_067415196.1
EPYC	XP_040090364.1	Oryx dammah	120858397		321	kept	representative	XP_040090364.1 EPYC [organism=Oryx dammah] [GeneID=120858397]	Oryx_dammah|EPYC|XP_040090364.1
EPYC	XP_053834004.1	Vidua macroura	128807560		316	kept	representative	XP_053834004.1 EPYC [organism=Vidua macroura] [GeneID=128807560]	Vidua_macroura|EPYC|XP_053834004.1
EPYC	XP_058481502.1	Solea solea	131456858		620	excluded	absolute_length	XP_058481502.1 epyc [organism=Solea solea] [GeneID=131456858]	Solea_solea|EPYC|XP_058481502.1
EPYC	XP_032914288.1	Catharus ustulatus	116995563		316	kept	representative	XP_032914288.1 EPYC [organism=Catharus ustulatus] [GeneID=116995563]	Catharus_ustulatus|EPYC|XP_032914288.1
EPYC	XP_072629141.1	Canis lupus baileyi	140602849		320	kept	representative	XP_072629141.1 EPYC [organism=Canis lupus baileyi] [GeneID=140602849]	Canis_lupus_baileyi|EPYC|XP_072629141.1
EPYC	XP_072629142.1	Canis lupus baileyi	140602849		320	excluded	extra_isoform_same_locus	XP_072629142.1 EPYC [organism=Canis lupus baileyi] [GeneID=140602849]	Canis_lupus_baileyi|EPYC|XP_072629142.1
EPYC	XP_035967712.1	Halichoerus grypus	118548069		321	kept	representative	XP_035967712.1 EPYC [organism=Halichoerus grypus] [GeneID=118548069]	Halichoerus_grypus|EPYC|XP_035967712.1
EPYC	XP_060512782.1	Panthera onca	132693980		320	kept	representative	XP_060512782.1 EPYC [organism=Panthera onca] [GeneID=132693980]	Panthera_onca|EPYC|XP_060512782.1
EPYC	XP_068258163.1	Nyctibius grandis	137664212		316	kept	representative	XP_068258163.1 EPYC [organism=Nyctibius grandis] [GeneID=137664212]	Nyctibius_grandis|EPYC|XP_068258163.1
EPYC	XP_072341051.1	Scyliorhinus torazame	140396377		326	kept	representative	XP_072341051.1 epyc [organism=Scyliorhinus torazame] [GeneID=140396377]	Scyliorhinus_torazame|EPYC|XP_072341051.1
EPYC	XP_014104356.1	Pseudopodoces humilis	102112477		316	kept	representative	XP_014104356.1 EPYC [organism=Pseudopodoces humilis] [GeneID=102112477]	Pseudopodoces_humilis|EPYC|XP_014104356.1
EPYC	XP_049423370.1	Epinephelus fuscoguttatus	125883194		566	excluded	relative_length	XP_049423370.1 epyc [organism=Epinephelus fuscoguttatus] [GeneID=125883194]	Epinephelus_fuscoguttatus|EPYC|XP_049423370.1
EPYC	XP_055213423.1	Gorilla gorilla gorilla	101138544		322	kept	representative	XP_055213423.1 EPYC [organism=Gorilla gorilla gorilla] [GeneID=101138544]	Gorilla_gorilla_gorilla|EPYC|XP_055213423.1
EPYC	XP_063550277.1	Gorilla gorilla gorilla	101138544		322	excluded	extra_isoform_same_locus	XP_063550277.1 EPYC [organism=Gorilla gorilla gorilla] [GeneID=101138544]	Gorilla_gorilla_gorilla|EPYC|XP_063550277.1
EPYC	XP_033076986.1	Trachypithecus francoisi	117089640		322	kept	representative	XP_033076986.1 EPYC [organism=Trachypithecus francoisi] [GeneID=117089640]	Trachypithecus_francoisi|EPYC|XP_033076986.1
EPYC	XP_048691564.1	Caretta caretta	125630110		316	kept	representative	XP_048691564.1 EPYC [organism=Caretta caretta] [GeneID=125630110]	Caretta_caretta|EPYC|XP_048691564.1
EPYC	XP_073476293.1	Aquarana catesbeiana	141132130		318	kept	representative	XP_073476293.1 EPYC [organism=Aquarana catesbeiana] [GeneID=141132130]	Aquarana_catesbeiana|EPYC|XP_073476293.1
EPYC	XP_076153647.1	Alosa pseudoharengus	143136856		536	excluded	relative_length	XP_076153647.1 epyc [organism=Alosa pseudoharengus] [GeneID=143136856]	Alosa_pseudoharengus|EPYC|XP_076153647.1
EPYC	XP_080436453.1	Anser brachyrhynchus	308189813	1	332	excluded	extra_isoform_same_locus	XP_080436453.1 EPYC [organism=Anser brachyrhynchus] [GeneID=308189813] [isoform=1]	Anser_brachyrhynchus|EPYC|XP_080436453.1
EPYC	XP_080436454.1	Anser brachyrhynchus	308189813	2	316	kept	representative	XP_080436454.1 EPYC [organism=Anser brachyrhynchus] [GeneID=308189813] [isoform=2]	Anser_brachyrhynchus|EPYC|XP_080436454.1
EPYC	XP_080436455.1	Anser brachyrhynchus	308189813	2	316	excluded	extra_isoform_same_locus	XP_080436455.1 EPYC [organism=Anser brachyrhynchus] [GeneID=308189813] [isoform=2]	Anser_brachyrhynchus|EPYC|XP_080436455.1
EPYC	XP_080516846.1	Plecotus auritus	308244581		320	kept	representative	XP_080516846.1 EPYC [organism=Plecotus auritus] [GeneID=308244581]	Plecotus_auritus|EPYC|XP_080516846.1
EPYC	XP_084062008.1	Fringilla coelebs	311153825		316	kept	representative	XP_084062008.1 EPYC [organism=Fringilla coelebs] [GeneID=311153825]	Fringilla_coelebs|EPYC|XP_084062008.1
EPYC	XP_009558227.1	Cuculus canorus	104058424		316	kept	representative	XP_009558227.1 EPYC [organism=Cuculus canorus] [GeneID=104058424]	Cuculus_canorus|EPYC|XP_009558227.1
EPYC	XP_053938432.1	Cuculus canorus	104058424		316	excluded	extra_isoform_same_locus	XP_053938432.1 EPYC [organism=Cuculus canorus] [GeneID=104058424]	Cuculus_canorus|EPYC|XP_053938432.1
EPYC	XP_003475896.1	Cavia porcellus	100713129		319	kept	representative	XP_003475896.1 Epyc [organism=Cavia porcellus] [GeneID=100713129]	Cavia_porcellus|EPYC|XP_003475896.1
EPYC	XP_063111358.1	Cavia porcellus	100713129		319	excluded	extra_isoform_same_locus	XP_063111358.1 Epyc [organism=Cavia porcellus] [GeneID=100713129]	Cavia_porcellus|EPYC|XP_063111358.1
EPYC	XP_024610183.1	Neophocaena asiaeorientalis asiaeorientalis	112405844		321	kept	representative	XP_024610183.1 EPYC [organism=Neophocaena asiaeorientalis asiaeorientalis] [GeneID=112405844]	Neophocaena_asiaeorientalis_asiaeorientalis|EPYC|XP_024610183.1
EPYC	XP_019732649.1	Hippocampus comes	109520117	X1	654	excluded	absolute_length	XP_019732649.1 epyc [organism=Hippocampus comes] [GeneID=109520117] [isoform=X1]	Hippocampus_comes|EPYC|XP_019732649.1
EPYC	XP_019732650.1	Hippocampus comes	109520117	X2	364	kept	representative	XP_019732650.1 epyc [organism=Hippocampus comes] [GeneID=109520117] [isoform=X2]	Hippocampus_comes|EPYC|XP_019732650.1
EPYC	XP_009282632.1	Aptenodytes forsteri	103903205		316	kept	representative	XP_009282632.1 EPYC [organism=Aptenodytes forsteri] [GeneID=103903205]	Aptenodytes_forsteri|EPYC|XP_009282632.1
EPYC	XP_062238960.1	Platichthys flesus	133948898	X1	331	kept	representative	XP_062238960.1 epyc [organism=Platichthys flesus] [GeneID=133948898] [isoform=X1]	Platichthys_flesus|EPYC|XP_062238960.1
EPYC	XP_062238961.1	Platichthys flesus	133948898	X2	294	excluded	extra_isoform_same_locus	XP_062238961.1 epyc [organism=Platichthys flesus] [GeneID=133948898] [isoform=X2]	Platichthys_flesus|EPYC|XP_062238961.1
EPYC	XP_052609152.1	Peromyscus californicus insignis	128119719		322	kept	representative	XP_052609152.1 Epyc [organism=Peromyscus californicus insignis] [GeneID=128119719]	Peromyscus_californicus_insignis|EPYC|XP_052609152.1
EPYC	XP_083035792.1	Crinia signifera	146072415		319	kept	representative	XP_083035792.1 EPYC [organism=Crinia signifera] [GeneID=146072415]	Crinia_signifera|EPYC|XP_083035792.1
EPYC	XP_022351077.1	Enhydra lutris kenyoni	111142334		321	kept	representative	XP_022351077.1 LOC111142334 [organism=Enhydra lutris kenyoni] [GeneID=111142334]	Enhydra_lutris_kenyoni|EPYC|XP_022351077.1
EPYC	XP_075012224.1	Calonectris borealis	142084895		316	kept	representative	XP_075012224.1 EPYC [organism=Calonectris borealis] [GeneID=142084895]	Calonectris_borealis|EPYC|XP_075012224.1
EPYC	XP_030576208.1	Archocentrus centrarchus	115773545		591	excluded	relative_length	XP_030576208.1 epyc [organism=Archocentrus centrarchus] [GeneID=115773545]	Archocentrus_centrarchus|EPYC|XP_030576208.1
EPYC	XP_034091789.1	Gymnodraco acuticeps	117559204		602	excluded	absolute_length	XP_034091789.1 epyc [organism=Gymnodraco acuticeps] [GeneID=117559204]	Gymnodraco_acuticeps|EPYC|XP_034091789.1
EPYC	XP_037371132.1	Talpa occidentalis	119248269		320	kept	representative	XP_037371132.1 EPYC [organism=Talpa occidentalis] [GeneID=119248269]	Talpa_occidentalis|EPYC|XP_037371132.1
EPYC	XP_056091727.1	Rhinichthys klamathensis goyatoka	130071124	X1	681	excluded	absolute_length	XP_056091727.1 epyc [organism=Rhinichthys klamathensis goyatoka] [GeneID=130071124] [isoform=X1]	Rhinichthys_klamathensis_goyatoka|EPYC|XP_056091727.1
EPYC	XP_056091728.1	Rhinichthys klamathensis goyatoka	130071124	X2	679	excluded	absolute_length	XP_056091728.1 epyc [organism=Rhinichthys klamathensis goyatoka] [GeneID=130071124] [isoform=X2]	Rhinichthys_klamathensis_goyatoka|EPYC|XP_056091728.1
EPYC	XP_056091729.1	Rhinichthys klamathensis goyatoka	130071124	X3	462	excluded	relative_length	XP_056091729.1 epyc [organism=Rhinichthys klamathensis goyatoka] [GeneID=130071124] [isoform=X3]	Rhinichthys_klamathensis_goyatoka|EPYC|XP_056091729.1
EPYC	XP_056091730.1	Rhinichthys klamathensis goyatoka	130071124	X4	375	excluded	extra_isoform_same_locus	XP_056091730.1 epyc [organism=Rhinichthys klamathensis goyatoka] [GeneID=130071124] [isoform=X4]	Rhinichthys_klamathensis_goyatoka|EPYC|XP_056091730.1
EPYC	XP_056091731.1	Rhinichthys klamathensis goyatoka	130071124	X5	342	kept	representative	XP_056091731.1 epyc [organism=Rhinichthys klamathensis goyatoka] [GeneID=130071124] [isoform=X5]	Rhinichthys_klamathensis_goyatoka|EPYC|XP_056091731.1
EPYC	XP_055422367.1	Bubalus kerabau	129641760		321	kept	representative	XP_055422367.1 EPYC [organism=Bubalus kerabau] [GeneID=129641760]	Bubalus_kerabau|EPYC|XP_055422367.1
EPYC	XP_051484845.1	Apus apus	127388904		316	kept	representative	XP_051484845.1 EPYC [organism=Apus apus] [GeneID=127388904]	Apus_apus|EPYC|XP_051484845.1
EPYC	XP_086125241.1	Aulonocara sp. 'chitande type north' Nkhata Bay	147310305		618	excluded	absolute_length	XP_086125241.1 epyc [organism=Aulonocara sp. 'chitande type north' Nkhata Bay] [GeneID=147310305]	Aulonocara_sp._chitande_type_north_Nkhata_Bay|EPYC|XP_086125241.1
EPYC	XP_086125243.1	Aulonocara sp. 'chitande type north' Nkhata Bay	147310305		618	excluded	absolute_length	XP_086125243.1 epyc [organism=Aulonocara sp. 'chitande type north' Nkhata Bay] [GeneID=147310305]	Aulonocara_sp._chitande_type_north_Nkhata_Bay|EPYC|XP_086125243.1
EPYC	XP_086125244.1	Aulonocara sp. 'chitande type north' Nkhata Bay	147310305		618	excluded	absolute_length	XP_086125244.1 epyc [organism=Aulonocara sp. 'chitande type north' Nkhata Bay] [GeneID=147310305]	Aulonocara_sp._chitande_type_north_Nkhata_Bay|EPYC|XP_086125244.1
EPYC	XP_072511652.1	Notamacropus eugenii	140534473	X1	318	kept	representative	XP_072511652.1 EPYC [organism=Notamacropus eugenii] [GeneID=140534473] [isoform=X1]	Notamacropus_eugenii|EPYC|XP_072511652.1
EPYC	XP_072511653.1	Notamacropus eugenii	140534473	X2	257	excluded	extra_isoform_same_locus	XP_072511653.1 EPYC [organism=Notamacropus eugenii] [GeneID=140534473] [isoform=X2]	Notamacropus_eugenii|EPYC|XP_072511653.1
EPYC	XP_080207101.1	Nesoenas mayeri	308044331		316	kept	representative	XP_080207101.1 EPYC [organism=Nesoenas mayeri] [GeneID=308044331]	Nesoenas_mayeri|EPYC|XP_080207101.1
EPYC	XP_011360068.1	Pteropus vampyrus	105293235		321	kept	representative	XP_011360068.1 EPYC [organism=Pteropus vampyrus] [GeneID=105293235]	Pteropus_vampyrus|EPYC|XP_011360068.1
EPYC	XP_083429610.1	Podarcis filfolensis	310743306	1	316	kept	representative	XP_083429610.1 EPYC [organism=Podarcis filfolensis] [GeneID=310743306] [isoform=1]	Podarcis_filfolensis|EPYC|XP_083429610.1
EPYC	XP_083429611.1	Podarcis filfolensis	310743306	1	316	excluded	extra_isoform_same_locus	XP_083429611.1 EPYC [organism=Podarcis filfolensis] [GeneID=310743306] [isoform=1]	Podarcis_filfolensis|EPYC|XP_083429611.1
EPYC	XP_083429612.1	Podarcis filfolensis	310743306	1	316	excluded	extra_isoform_same_locus	XP_083429612.1 EPYC [organism=Podarcis filfolensis] [GeneID=310743306] [isoform=1]	Podarcis_filfolensis|EPYC|XP_083429612.1
EPYC	XP_083429613.1	Podarcis filfolensis	310743306	1	316	excluded	extra_isoform_same_locus	XP_083429613.1 EPYC [organism=Podarcis filfolensis] [GeneID=310743306] [isoform=1]	Podarcis_filfolensis|EPYC|XP_083429613.1
EPYC	XP_020750511.1	Odocoileus virginianus	110138103	X1	260	excluded	extra_isoform_same_locus	XP_020750511.1 EPYC [organism=Odocoileus virginianus] [GeneID=110138103] [isoform=X1]	Odocoileus_virginianus|EPYC|XP_020750511.1
EPYC	XP_070310960.1	Odocoileus virginianus	110138103	X2	321	kept	representative	XP_070310960.1 EPYC [organism=Odocoileus virginianus] [GeneID=110138103] [isoform=X2]	Odocoileus_virginianus|EPYC|XP_070310960.1
EPYC	XP_068442958.1	Clinocottus analis	137791723		371	kept	representative	XP_068442958.1 epyc [organism=Clinocottus analis] [GeneID=137791723]	Clinocottus_analis|EPYC|XP_068442958.1
EPYC	XP_069020942.1	Embiotoca jacksoni	138207545	X1	376	excluded	extra_isoform_same_locus	XP_069020942.1 epyc [organism=Embiotoca jacksoni] [GeneID=138207545] [isoform=X1]	Embiotoca_jacksoni|EPYC|XP_069020942.1
EPYC	XP_069020944.1	Embiotoca jacksoni	138207545	X2	332	kept	representative	XP_069020944.1 epyc [organism=Embiotoca jacksoni] [GeneID=138207545] [isoform=X2]	Embiotoca_jacksoni|EPYC|XP_069020944.1
EPYC	XP_075198549.1	Anomaloglossus baeobatrachus	142301428		317	kept	representative	XP_075198549.1 EPYC [organism=Anomaloglossus baeobatrachus] [GeneID=142301428]	Anomaloglossus_baeobatrachus|EPYC|XP_075198549.1
EPYC	XP_017267206.1	Kryptolebias marmoratus	108233323		620	excluded	absolute_length	XP_017267206.1 epyc [organism=Kryptolebias marmoratus] [GeneID=108233323]	Kryptolebias_marmoratus|EPYC|XP_017267206.1
EPYC	XP_082522387.1	Grampus griseus	309829992		321	kept	representative	XP_082522387.1 EPYC [organism=Grampus griseus] [GeneID=309829992]	Grampus_griseus|EPYC|XP_082522387.1
EPYC	XP_049616559.1	Syngnathus scovelli	125992039	X1	641	excluded	absolute_length	XP_049616559.1 epyc [organism=Syngnathus scovelli] [GeneID=125992039] [isoform=X1]	Syngnathus_scovelli|EPYC|XP_049616559.1
EPYC	XP_049616560.1	Syngnathus scovelli	125992039	X1	641	excluded	absolute_length	XP_049616560.1 epyc [organism=Syngnathus scovelli] [GeneID=125992039] [isoform=X1]	Syngnathus_scovelli|EPYC|XP_049616560.1
EPYC	XP_049616561.1	Syngnathus scovelli	125992039	X2	324	kept	representative	XP_049616561.1 epyc [organism=Syngnathus scovelli] [GeneID=125992039] [isoform=X2]	Syngnathus_scovelli|EPYC|XP_049616561.1
EPYC	XP_078138204.1	Centroberyx gerrardi	139916701		604	excluded	absolute_length	XP_078138204.1 epyc [organism=Centroberyx gerrardi] [GeneID=139916701]	Centroberyx_gerrardi|EPYC|XP_078138204.1
EPYC	XP_024112745.2	Pongo abelii	100433454		322	kept	representative	XP_024112745.2 EPYC [organism=Pongo abelii] [GeneID=100433454]	Pongo_abelii|EPYC|XP_024112745.2
EPYC	XP_063568289.1	Pongo abelii	100433454		322	excluded	extra_isoform_same_locus	XP_063568289.1 EPYC [organism=Pongo abelii] [GeneID=100433454]	Pongo_abelii|EPYC|XP_063568289.1
EPYC	XP_060232900.1	Meriones unguiculatus	110565734		322	kept	representative	XP_060232900.1 Epyc [organism=Meriones unguiculatus] [GeneID=110565734]	Meriones_unguiculatus|EPYC|XP_060232900.1
EPYC	XP_040845529.1	Ochotona curzoniae	121162531		321	kept	representative	XP_040845529.1 EPYC [organism=Ochotona curzoniae] [GeneID=121162531]	Ochotona_curzoniae|EPYC|XP_040845529.1
EPYC	XP_030711265.1	Globicephala melas	115852544		321	kept	representative	XP_030711265.1 EPYC [organism=Globicephala melas] [GeneID=115852544]	Globicephala_melas|EPYC|XP_030711265.1
EPYC	XP_021543198.1	Neomonachus schauinslandi	110578010		321	kept	representative	XP_021543198.1 EPYC [organism=Neomonachus schauinslandi] [GeneID=110578010]	Neomonachus_schauinslandi|EPYC|XP_021543198.1
EPYC	XP_025295003.1	Canis lupus dingo	112654634		320	kept	representative	XP_025295003.1 EPYC [organism=Canis lupus dingo] [GeneID=112654634]	Canis_lupus_dingo|EPYC|XP_025295003.1
EPYC	XP_025295006.1	Canis lupus dingo	112654634		320	excluded	extra_isoform_same_locus	XP_025295006.1 EPYC [organism=Canis lupus dingo] [GeneID=112654634]	Canis_lupus_dingo|EPYC|XP_025295006.1
EPYC	XP_031169473.1	Sander lucioperca	116060172	X1	634	excluded	absolute_length	XP_031169473.1 epyc [organism=Sander lucioperca] [GeneID=116060172] [isoform=X1]	Sander_lucioperca|EPYC|XP_031169473.1
EPYC	XP_031169474.1	Sander lucioperca	116060172	X4	430	excluded	relative_length	XP_031169474.1 epyc [organism=Sander lucioperca] [GeneID=116060172] [isoform=X4]	Sander_lucioperca|EPYC|XP_031169474.1
EPYC	XP_035852128.1	Sander lucioperca	116060172	X2	622	excluded	absolute_length	XP_035852128.1 epyc [organism=Sander lucioperca] [GeneID=116060172] [isoform=X2]	Sander_lucioperca|EPYC|XP_035852128.1
EPYC	XP_035852129.1	Sander lucioperca	116060172	X3	621	excluded	absolute_length	XP_035852129.1 epyc [organism=Sander lucioperca] [GeneID=116060172] [isoform=X3]	Sander_lucioperca|EPYC|XP_035852129.1
EPYC	XP_041330319.1	Pyrgilauda ruficollis	121357240		316	kept	representative	XP_041330319.1 EPYC [organism=Pyrgilauda ruficollis] [GeneID=121357240]	Pyrgilauda_ruficollis|EPYC|XP_041330319.1
EPYC	XP_084935687.1	Lichenostomus cassidix	146443527		316	kept	representative	XP_084935687.1 EPYC [organism=Lichenostomus cassidix] [GeneID=146443527]	Lichenostomus_cassidix|EPYC|XP_084935687.1
EPYC	XP_072257336.1	Pyxicephalus adspersus	140323846		318	kept	representative	XP_072257336.1 EPYC [organism=Pyxicephalus adspersus] [GeneID=140323846]	Pyxicephalus_adspersus|EPYC|XP_072257336.1
EPYC	XP_010219731.1	Tinamus guttatus	104574178		177	excluded	absolute_length	XP_010219731.1 EPYC [organism=Tinamus guttatus] [GeneID=104574178]	Tinamus_guttatus|EPYC|XP_010219731.1
EPYC	XP_032502309.1	Phocoena sinus	116760893		321	kept	representative	XP_032502309.1 EPYC [organism=Phocoena sinus] [GeneID=116760893]	Phocoena_sinus|EPYC|XP_032502309.1
EPYC	XP_044311433.1	Varanus komodoensis	123036331		316	kept	representative	XP_044311433.1 EPYC [organism=Varanus komodoensis] [GeneID=123036331]	Varanus_komodoensis|EPYC|XP_044311433.1
EPYC	XP_086596189.1	Chlamydotis macqueenii	104474406		315	kept	representative	XP_086596189.1 EPYC [organism=Chlamydotis macqueenii] [GeneID=104474406]	Chlamydotis_macqueenii|EPYC|XP_086596189.1
EPYC	XP_012324886.1	Aotus nancymaae	105728916		322	kept	representative	XP_012324886.1 EPYC [organism=Aotus nancymaae] [GeneID=105728916]	Aotus_nancymaae|EPYC|XP_012324886.1
EPYC	XP_012324887.1	Aotus nancymaae	105728916		322	excluded	extra_isoform_same_locus	XP_012324887.1 EPYC [organism=Aotus nancymaae] [GeneID=105728916]	Aotus_nancymaae|EPYC|XP_012324887.1
EPYC	XP_012324888.1	Aotus nancymaae	105728916		322	excluded	extra_isoform_same_locus	XP_012324888.1 EPYC [organism=Aotus nancymaae] [GeneID=105728916]	Aotus_nancymaae|EPYC|XP_012324888.1
EPYC	XP_017521797.2	Manis javanica	108400741		320	kept	representative	XP_017521797.2 EPYC [organism=Manis javanica] [GeneID=108400741]	Manis_javanica|EPYC|XP_017521797.2
EPYC	XP_027788587.1	Marmota flaviventris	114089758		322	kept	representative	XP_027788587.1 Epyc [organism=Marmota flaviventris] [GeneID=114089758]	Marmota_flaviventris|EPYC|XP_027788587.1
EPYC	XP_077121544.1	Ranitomeya variabilis	143776249		317	kept	representative	XP_077121544.1 EPYC [organism=Ranitomeya variabilis] [GeneID=143776249]	Ranitomeya_variabilis|EPYC|XP_077121544.1
EPYC	XP_017935747.1	Manacus vitellinus	103767504		316	kept	representative	XP_017935747.1 EPYC [organism=Manacus vitellinus] [GeneID=103767504]	Manacus_vitellinus|EPYC|XP_017935747.1
EPYC	XP_036108307.1	Molossus molossus	118624277		321	kept	representative	XP_036108307.1 EPYC [organism=Molossus molossus] [GeneID=118624277]	Molossus_molossus|EPYC|XP_036108307.1
EPYC	XP_045927963.1	Micropterus dolomieu	123984823		588	excluded	relative_length	XP_045927963.1 epyc [organism=Micropterus dolomieu] [GeneID=123984823]	Micropterus_dolomieu|EPYC|XP_045927963.1
EPYC	XP_004845038.1	Heterocephalus glaber	101725511		322	kept	representative	XP_004845038.1 Epyc [organism=Heterocephalus glaber] [GeneID=101725511]	Heterocephalus_glaber|EPYC|XP_004845038.1
EPYC	XP_030296404.1	Sparus aurata	115595746	X1	568	excluded	relative_length	XP_030296404.1 epyc [organism=Sparus aurata] [GeneID=115595746] [isoform=X1]	Sparus_aurata|EPYC|XP_030296404.1
EPYC	XP_030296405.1	Sparus aurata	115595746	X2	376	excluded	extra_isoform_same_locus	XP_030296405.1 epyc [organism=Sparus aurata] [GeneID=115595746] [isoform=X2]	Sparus_aurata|EPYC|XP_030296405.1
EPYC	XP_030296407.1	Sparus aurata	115595746	X3	331	kept	representative	XP_030296407.1 epyc [organism=Sparus aurata] [GeneID=115595746] [isoform=X3]	Sparus_aurata|EPYC|XP_030296407.1
EPYC	XP_048158013.1	Corvus hawaiiensis	125325212		316	kept	representative	XP_048158013.1 EPYC [organism=Corvus hawaiiensis] [GeneID=125325212]	Corvus_hawaiiensis|EPYC|XP_048158013.1
EPYC	NP_001366385.1	Mus musculus	13516		322	kept	representative	NP_001366385.1 Epyc [organism=Mus musculus] [GeneID=13516]	Mus_musculus|EPYC|NP_001366385.1
EPYC	NP_031910.1	Mus musculus	13516		322	excluded	extra_isoform_same_locus	NP_031910.1 Epyc [organism=Mus musculus] [GeneID=13516]	Mus_musculus|EPYC|NP_031910.1
EPYC	XP_039352971.1	Mauremys reevesii	120377321		315	kept	representative	XP_039352971.1 EPYC [organism=Mauremys reevesii] [GeneID=120377321]	Mauremys_reevesii|EPYC|XP_039352971.1
EPYC	XP_074725512.1	Strix uralensis	141943749		316	kept	representative	XP_074725512.1 EPYC [organism=Strix uralensis] [GeneID=141943749]	Strix_uralensis|EPYC|XP_074725512.1
EPYC	XP_076578967.1	Chaetodon auriga	143315252		601	excluded	absolute_length	XP_076578967.1 epyc [organism=Chaetodon auriga] [GeneID=143315252]	Chaetodon_auriga|EPYC|XP_076578967.1
EPYC	XP_079612276.1	Pollachius pollachius	307089734		208	excluded	relative_length	XP_079612276.1 epyc [organism=Pollachius pollachius] [GeneID=307089734]	Pollachius_pollachius|EPYC|XP_079612276.1
EPYC	XP_080469869.1	Psittacula echo	308219148		316	kept	representative	XP_080469869.1 EPYC [organism=Psittacula echo] [GeneID=308219148]	Psittacula_echo|EPYC|XP_080469869.1
EPYC	XP_047431978.1	Mugil cephalus	125000455		607	excluded	absolute_length	XP_047431978.1 epyc [organism=Mugil cephalus] [GeneID=125000455]	Mugil_cephalus|EPYC|XP_047431978.1
EPYC	XP_053364945.1	Clarias gariepinus	128534518	X1	821	excluded	absolute_length	XP_053364945.1 epyc [organism=Clarias gariepinus] [GeneID=128534518] [isoform=X1]	Clarias_gariepinus|EPYC|XP_053364945.1
EPYC	XP_053364946.1	Clarias gariepinus	128534518	X2	817	excluded	absolute_length	XP_053364946.1 epyc [organism=Clarias gariepinus] [GeneID=128534518] [isoform=X2]	Clarias_gariepinus|EPYC|XP_053364946.1
EPYC	XP_082110961.1	Pelophylax lessonae	309553565		318	kept	representative	XP_082110961.1 EPYC [organism=Pelophylax lessonae] [GeneID=309553565]	Pelophylax_lessonae|EPYC|XP_082110961.1
EPYC	XP_006633678.1	Lepisosteus oculatus	102683047		325	kept	representative	XP_006633678.1 epyc [organism=Lepisosteus oculatus] [GeneID=102683047]	Lepisosteus_oculatus|EPYC|XP_006633678.1
EPYC	XP_027307639.2	Anas platyrhynchos	101804801		316	kept	representative	XP_027307639.2 EPYC [organism=Anas platyrhynchos] [GeneID=101804801]	Anas_platyrhynchos|EPYC|XP_027307639.2
EPYC	XP_064314410.1	Phalacrocorax carbo	104051030		316	kept	representative	XP_064314410.1 EPYC [organism=Phalacrocorax carbo] [GeneID=104051030]	Phalacrocorax_carbo|EPYC|XP_064314410.1
EPYC	XP_066406641.1	Molothrus aeneus	136557025		316	kept	representative	XP_066406641.1 EPYC [organism=Molothrus aeneus] [GeneID=136557025]	Molothrus_aeneus|EPYC|XP_066406641.1
EPYC	XP_076015056.1	Genypterus blacodes	143007547	X1	587	excluded	relative_length	XP_076015056.1 epyc [organism=Genypterus blacodes] [GeneID=143007547] [isoform=X1]	Genypterus_blacodes|EPYC|XP_076015056.1
EPYC	XP_076015058.1	Genypterus blacodes	143007547	X1	587	excluded	relative_length	XP_076015058.1 epyc [organism=Genypterus blacodes] [GeneID=143007547] [isoform=X1]	Genypterus_blacodes|EPYC|XP_076015058.1
EPYC	XP_076015059.1	Genypterus blacodes	143007547	X2	366	excluded	extra_isoform_same_locus	XP_076015059.1 epyc [organism=Genypterus blacodes] [GeneID=143007547] [isoform=X2]	Genypterus_blacodes|EPYC|XP_076015059.1
EPYC	XP_076015060.1	Genypterus blacodes	143007547	X3	322	kept	representative	XP_076015060.1 epyc [organism=Genypterus blacodes] [GeneID=143007547] [isoform=X3]	Genypterus_blacodes|EPYC|XP_076015060.1
EPYC	XP_017659720.1	Lepidothrix coronata	108492187		316	kept	representative	XP_017659720.1 EPYC [organism=Lepidothrix coronata] [GeneID=108492187]	Lepidothrix_coronata|EPYC|XP_017659720.1
EPYC	XP_061618744.1	Phyllopteryx taeniolatus	133472210	X1	668	excluded	absolute_length	XP_061618744.1 epyc [organism=Phyllopteryx taeniolatus] [GeneID=133472210] [isoform=X1]	Phyllopteryx_taeniolatus|EPYC|XP_061618744.1
EPYC	XP_061618745.1	Phyllopteryx taeniolatus	133472210	X2	650	excluded	absolute_length	XP_061618745.1 epyc [organism=Phyllopteryx taeniolatus] [GeneID=133472210] [isoform=X2]	Phyllopteryx_taeniolatus|EPYC|XP_061618745.1
EPYC	XP_084130387.1	Gallinula chloropus	311200093		316	kept	representative	XP_084130387.1 EPYC [organism=Gallinula chloropus] [GeneID=311200093]	Gallinula_chloropus|EPYC|XP_084130387.1
EPYC	XP_006009490.1	Latimeria chalumnae	102355160		330	kept	representative	XP_006009490.1 EPYC [organism=Latimeria chalumnae] [GeneID=102355160]	Latimeria_chalumnae|EPYC|XP_006009490.1
EPYC	XP_070456782.1	Equus przewalskii	103554583		322	kept	representative	XP_070456782.1 EPYC [organism=Equus przewalskii] [GeneID=103554583]	Equus_przewalskii|EPYC|XP_070456782.1
EPYC	XP_070456784.1	Equus przewalskii	103554583		322	excluded	extra_isoform_same_locus	XP_070456784.1 EPYC [organism=Equus przewalskii] [GeneID=103554583]	Equus_przewalskii|EPYC|XP_070456784.1
EPYC	XP_076776179.1	Arvicanthis niloticus	143436123		322	kept	representative	XP_076776179.1 Epyc [organism=Arvicanthis niloticus] [GeneID=143436123]	Arvicanthis_niloticus|EPYC|XP_076776179.1
EPYC	XP_077399692.1	Vanacampus margaritifer	144034646		652	excluded	absolute_length	XP_077399692.1 epyc [organism=Vanacampus margaritifer] [GeneID=144034646]	Vanacampus_margaritifer|EPYC|XP_077399692.1
EPYC	XP_032360486.1	Etheostoma spectabile	116672765	X1	650	excluded	absolute_length	XP_032360486.1 epyc [organism=Etheostoma spectabile] [GeneID=116672765] [isoform=X1]	Etheostoma_spectabile|EPYC|XP_032360486.1
EPYC	XP_032360487.1	Etheostoma spectabile	116672765	X2	638	excluded	absolute_length	XP_032360487.1 epyc [organism=Etheostoma spectabile] [GeneID=116672765] [isoform=X2]	Etheostoma_spectabile|EPYC|XP_032360487.1
EPYC	XP_032360488.1	Etheostoma spectabile	116672765	X3	626	excluded	absolute_length	XP_032360488.1 epyc [organism=Etheostoma spectabile] [GeneID=116672765] [isoform=X3]	Etheostoma_spectabile|EPYC|XP_032360488.1
EPYC	XP_032360489.1	Etheostoma spectabile	116672765	X4	426	excluded	relative_length	XP_032360489.1 epyc [organism=Etheostoma spectabile] [GeneID=116672765] [isoform=X4]	Etheostoma_spectabile|EPYC|XP_032360489.1
EPYC	XP_060021405.1	Lagenorhynchus albirostris	132529130		321	kept	representative	XP_060021405.1 EPYC [organism=Lagenorhynchus albirostris] [GeneID=132529130]	Lagenorhynchus_albirostris|EPYC|XP_060021405.1
EPYC	XP_081862043.1	Phaethon aethereus	309409711		316	kept	representative	XP_081862043.1 EPYC [organism=Phaethon aethereus] [GeneID=309409711]	Phaethon_aethereus|EPYC|XP_081862043.1
EPYC	XP_084262346.1	Rutilus rutilus	311288696	1	656	excluded	absolute_length	XP_084262346.1 epyc [organism=Rutilus rutilus] [GeneID=311288696] [isoform=1]	Rutilus_rutilus|EPYC|XP_084262346.1
EPYC	XP_084262347.1	Rutilus rutilus	311288696	1	656	excluded	absolute_length	XP_084262347.1 epyc [organism=Rutilus rutilus] [GeneID=311288696] [isoform=1]	Rutilus_rutilus|EPYC|XP_084262347.1
EPYC	XP_084262348.1	Rutilus rutilus	311288696	2	329	kept	representative	XP_084262348.1 epyc [organism=Rutilus rutilus] [GeneID=311288696] [isoform=2]	Rutilus_rutilus|EPYC|XP_084262348.1
EPYC	XP_084430001.1	Chelon labrosus	311508888		398	kept	representative	XP_084430001.1 epyc [organism=Chelon labrosus] [GeneID=311508888]	Chelon_labrosus|EPYC|XP_084430001.1
EPYC	XP_061815506.1	Nerophis lumbriciformis	133606022		619	excluded	absolute_length	XP_061815506.1 epyc [organism=Nerophis lumbriciformis] [GeneID=133606022]	Nerophis_lumbriciformis|EPYC|XP_061815506.1
EPYC	XP_080096248.1	Raja brachyura	145377328		323	kept	representative	XP_080096248.1 epyc [organism=Raja brachyura] [GeneID=145377328]	Raja_brachyura|EPYC|XP_080096248.1
EPYC	XP_028737021.1	Peromyscus leucopus	114701194		322	kept	representative	XP_028737021.1 Epyc [organism=Peromyscus leucopus] [GeneID=114701194]	Peromyscus_leucopus|EPYC|XP_028737021.1
EPYC	XP_037052692.1	Peromyscus leucopus	114701194		322	excluded	extra_isoform_same_locus	XP_037052692.1 Epyc [organism=Peromyscus leucopus] [GeneID=114701194]	Peromyscus_leucopus|EPYC|XP_037052692.1
EPYC	XP_083319161.1	Podarcis liolepis	310687647	1	316	kept	representative	XP_083319161.1 EPYC [organism=Podarcis liolepis] [GeneID=310687647] [isoform=1]	Podarcis_liolepis|EPYC|XP_083319161.1
EPYC	XP_083319162.1	Podarcis liolepis	310687647	1	316	excluded	extra_isoform_same_locus	XP_083319162.1 EPYC [organism=Podarcis liolepis] [GeneID=310687647] [isoform=1]	Podarcis_liolepis|EPYC|XP_083319162.1
EPYC	XP_083319163.1	Podarcis liolepis	310687647	1	316	excluded	extra_isoform_same_locus	XP_083319163.1 EPYC [organism=Podarcis liolepis] [GeneID=310687647] [isoform=1]	Podarcis_liolepis|EPYC|XP_083319163.1
EPYC	XP_083319164.1	Podarcis liolepis	310687647	1	316	excluded	extra_isoform_same_locus	XP_083319164.1 EPYC [organism=Podarcis liolepis] [GeneID=310687647] [isoform=1]	Podarcis_liolepis|EPYC|XP_083319164.1
EPYC	XP_005679865.2	Capra hircus	102175465		321	kept	representative	XP_005679865.2 EPYC [organism=Capra hircus] [GeneID=102175465]	Capra_hircus|EPYC|XP_005679865.2
EPYC	XP_036723036.1	Balaenoptera musculus	118902602		321	kept	representative	XP_036723036.1 EPYC [organism=Balaenoptera musculus] [GeneID=118902602]	Balaenoptera_musculus|EPYC|XP_036723036.1
EPYC	XP_085959230.1	Hippocampus guttulatus	147186207		656	excluded	absolute_length	XP_085959230.1 epyc [organism=Hippocampus guttulatus] [GeneID=147186207]	Hippocampus_guttulatus|EPYC|XP_085959230.1
EPYC	XP_048355146.1	Sphaerodactylus townsendi	125434180		316	kept	representative	XP_048355146.1 EPYC [organism=Sphaerodactylus townsendi] [GeneID=125434180]	Sphaerodactylus_townsendi|EPYC|XP_048355146.1
EPYC	XP_072829346.1	Vicugna pacos	102541768	X1	320	kept	representative	XP_072829346.1 EPYC [organism=Vicugna pacos] [GeneID=102541768] [isoform=X1]	Vicugna_pacos|EPYC|XP_072829346.1
EPYC	XP_072829347.1	Vicugna pacos	102541768	X2	320	excluded	extra_isoform_same_locus	XP_072829347.1 EPYC [organism=Vicugna pacos] [GeneID=102541768] [isoform=X2]	Vicugna_pacos|EPYC|XP_072829347.1
EPYC	XP_070848078.1	Chaetodon trifascialis	139350523		331	kept	representative	XP_070848078.1 epyc [organism=Chaetodon trifascialis] [GeneID=139350523]	Chaetodon_trifascialis|EPYC|XP_070848078.1
EPYC	XP_078530387.1	Lissotriton helveticus	144816451		318	kept	representative	XP_078530387.1 EPYC [organism=Lissotriton helveticus] [GeneID=144816451]	Lissotriton_helveticus|EPYC|XP_078530387.1
EPYC	XP_008398797.3	Poecilia reticulata	103459204		591	excluded	relative_length	XP_008398797.3 epyc [organism=Poecilia reticulata] [GeneID=103459204]	Poecilia_reticulata|EPYC|XP_008398797.3
EPYC	XP_032445157.1	Xiphophorus hellerii	116736655		594	excluded	relative_length	XP_032445157.1 epyc [organism=Xiphophorus hellerii] [GeneID=116736655]	Xiphophorus_hellerii|EPYC|XP_032445157.1
EPYC	XP_009972983.3	Tyto alba	104367532		316	kept	representative	XP_009972983.3 EPYC [organism=Tyto alba] [GeneID=104367532]	Tyto_alba|EPYC|XP_009972983.3
EPYC	XP_034983679.2	Zootoca vivipara	118091133		326	kept	representative	XP_034983679.2 EPYC [organism=Zootoca vivipara] [GeneID=118091133]	Zootoca_vivipara|EPYC|XP_034983679.2
EPYC	XP_059703863.1	Haemorhous mexicanus	132328100		316	kept	representative	XP_059703863.1 EPYC [organism=Haemorhous mexicanus] [GeneID=132328100]	Haemorhous_mexicanus|EPYC|XP_059703863.1
EPYC	XP_011233323.1	Ailuropoda melanoleuca	100466611		321	kept	representative	XP_011233323.1 EPYC [organism=Ailuropoda melanoleuca] [GeneID=100466611]	Ailuropoda_melanoleuca|EPYC|XP_011233323.1
EPYC	XP_029858498.1	Aquila chrysaetos chrysaetos	115336105		316	kept	representative	XP_029858498.1 EPYC [organism=Aquila chrysaetos chrysaetos] [GeneID=115336105]	Aquila_chrysaetos_chrysaetos|EPYC|XP_029858498.1
EPYC	XP_085162079.1	Rhea americana	146595324		316	kept	representative	XP_085162079.1 EPYC [organism=Rhea americana] [GeneID=146595324]	Rhea_americana|EPYC|XP_085162079.1
EPYC	XP_025959919.1	Dromaius novaehollandiae	112985492		316	kept	representative	XP_025959919.1 EPYC [organism=Dromaius novaehollandiae] [GeneID=112985492]	Dromaius_novaehollandiae|EPYC|XP_025959919.1
EPYC	XP_028810371.1	Denticeps clupeoides	114764701	X1	647	excluded	absolute_length	XP_028810371.1 epyc [organism=Denticeps clupeoides] [GeneID=114764701] [isoform=X1]	Denticeps_clupeoides|EPYC|XP_028810371.1
EPYC	XP_028810373.1	Denticeps clupeoides	114764701	X1	647	excluded	absolute_length	XP_028810373.1 epyc [organism=Denticeps clupeoides] [GeneID=114764701] [isoform=X1]	Denticeps_clupeoides|EPYC|XP_028810373.1
EPYC	XP_028810374.1	Denticeps clupeoides	114764701	X2	430	excluded	relative_length	XP_028810374.1 epyc [organism=Denticeps clupeoides] [GeneID=114764701] [isoform=X2]	Denticeps_clupeoides|EPYC|XP_028810374.1
EPYC	XP_028810375.1	Denticeps clupeoides	114764701	X3	309	kept	representative	XP_028810375.1 epyc [organism=Denticeps clupeoides] [GeneID=114764701] [isoform=X3]	Denticeps_clupeoides|EPYC|XP_028810375.1
EPYC	XP_027698344.1	Vombatus ursinus	114028298		257	kept	representative	XP_027698344.1 EPYC [organism=Vombatus ursinus] [GeneID=114028298]	Vombatus_ursinus|EPYC|XP_027698344.1
EPYC	XP_032202683.1	Mustela erminea	116593031	X1	321	kept	representative	XP_032202683.1 EPYC [organism=Mustela erminea] [GeneID=116593031] [isoform=X1]	Mustela_erminea|EPYC|XP_032202683.1
EPYC	XP_032202684.1	Mustela erminea	116593031	X2	260	excluded	extra_isoform_same_locus	XP_032202684.1 EPYC [organism=Mustela erminea] [GeneID=116593031] [isoform=X2]	Mustela_erminea|EPYC|XP_032202684.1
EPYC	XP_060978165.1	Dama dama	133041478		321	kept	representative	XP_060978165.1 EPYC [organism=Dama dama] [GeneID=133041478]	Dama_dama|EPYC|XP_060978165.1
EPYC	XP_071280408.1	Agelaius tricolor	139588694		316	kept	representative	XP_071280408.1 EPYC [organism=Agelaius tricolor] [GeneID=139588694]	Agelaius_tricolor|EPYC|XP_071280408.1
EPYC	XP_075061428.1	Mixophyes fleayi	142150081		315	kept	representative	XP_075061428.1 EPYC [organism=Mixophyes fleayi] [GeneID=142150081]	Mixophyes_fleayi|EPYC|XP_075061428.1
EPYC	XP_075061429.1	Mixophyes fleayi	142150081		315	excluded	extra_isoform_same_locus	XP_075061429.1 EPYC [organism=Mixophyes fleayi] [GeneID=142150081]	Mixophyes_fleayi|EPYC|XP_075061429.1
EPYC	XP_036978202.1	Acanthopagrus latus	119032776	X1	576	excluded	relative_length	XP_036978202.1 epyc [organism=Acanthopagrus latus] [GeneID=119032776] [isoform=X1]	Acanthopagrus_latus|EPYC|XP_036978202.1
EPYC	XP_036978203.1	Acanthopagrus latus	119032776	X2	477	excluded	relative_length	XP_036978203.1 epyc [organism=Acanthopagrus latus] [GeneID=119032776] [isoform=X2]	Acanthopagrus_latus|EPYC|XP_036978203.1
EPYC	XP_036978204.1	Acanthopagrus latus	119032776	X2	477	excluded	relative_length	XP_036978204.1 epyc [organism=Acanthopagrus latus] [GeneID=119032776] [isoform=X2]	Acanthopagrus_latus|EPYC|XP_036978204.1
EPYC	XP_054910643.1	Poeciliopsis prolifica	129375526		572	excluded	relative_length	XP_054910643.1 epyc [organism=Poeciliopsis prolifica] [GeneID=129375526]	Poeciliopsis_prolifica|EPYC|XP_054910643.1
EPYC	XP_061768155.1	Nerophis ophidion	133560079		650	excluded	absolute_length	XP_061768155.1 epyc [organism=Nerophis ophidion] [GeneID=133560079]	Nerophis_ophidion|EPYC|XP_061768155.1
EPYC	XP_009904295.2	Dryobates pubescens	104305170		316	kept	representative	XP_009904295.2 EPYC [organism=Dryobates pubescens] [GeneID=104305170]	Dryobates_pubescens|EPYC|XP_009904295.2
EPYC	XP_026964052.1	Aethalodelphis obliquidens	113621323		321	kept	representative	XP_026964052.1 EPYC [organism=Aethalodelphis obliquidens] [GeneID=113621323]	Aethalodelphis_obliquidens|EPYC|XP_026964052.1
EPYC	NP_001101558.1	Rattus norvegicus	314772		359	excluded	extra_isoform_same_locus	NP_001101558.1 Epyc [organism=Rattus norvegicus] [GeneID=314772]	Rattus_norvegicus|EPYC|NP_001101558.1
EPYC	NP_001421500.1	Rattus norvegicus	314772		322	kept	representative	NP_001421500.1 Epyc [organism=Rattus norvegicus] [GeneID=314772]	Rattus_norvegicus|EPYC|NP_001421500.1
EPYC	XP_006241348.1	Rattus norvegicus	314772		322	excluded	extra_isoform_same_locus	XP_006241348.1 Epyc [organism=Rattus norvegicus] [GeneID=314772]	Rattus_norvegicus|EPYC|XP_006241348.1
EPYC	XP_005874708.1	Myotis brandtii	102261500		321	kept	representative	XP_005874708.1 EPYC [organism=Myotis brandtii] [GeneID=102261500]	Myotis_brandtii|EPYC|XP_005874708.1
EPYC	XP_003221176.1	Anolis carolinensis	100560848		317	kept	representative	XP_003221176.1 epyc [organism=Anolis carolinensis] [GeneID=100560848]	Anolis_carolinensis|EPYC|XP_003221176.1
EPYC	XP_057933159.2	Doryrhamphus excisus	131132022		649	excluded	absolute_length	XP_057933159.2 epyc [organism=Doryrhamphus excisus] [GeneID=131132022]	Doryrhamphus_excisus|EPYC|XP_057933159.2
EPYC	XP_080348115.1	Lipophrys pholis	308127152		598	excluded	relative_length	XP_080348115.1 epyc [organism=Lipophrys pholis] [GeneID=308127152]	Lipophrys_pholis|EPYC|XP_080348115.1
EPYC	XP_009577913.1	Fulmarus glacialis	104078103		316	kept	representative	XP_009577913.1 EPYC [organism=Fulmarus glacialis] [GeneID=104078103]	Fulmarus_glacialis|EPYC|XP_009577913.1
EPYC	XP_022408183.1	Delphinapterus leucas	111163624		321	kept	representative	XP_022408183.1 EPYC [organism=Delphinapterus leucas] [GeneID=111163624]	Delphinapterus_leucas|EPYC|XP_022408183.1
EPYC	XP_012791602.2	Sorex araneus	101553925		318	kept	representative	XP_012791602.2 EPYC [organism=Sorex araneus] [GeneID=101553925]	Sorex_araneus|EPYC|XP_012791602.2
EPYC	XP_042672095.1	Centrocercus urophasianus	122159015		316	kept	representative	XP_042672095.1 EPYC [organism=Centrocercus urophasianus] [GeneID=122159015]	Centrocercus_urophasianus|EPYC|XP_042672095.1
EPYC	XP_023487118.1	Equus caballus	100051709		322	kept	representative	XP_023487118.1 EPYC [organism=Equus caballus] [GeneID=100051709]	Equus_caballus|EPYC|XP_023487118.1
EPYC	XP_070110664.1	Equus caballus	100051709		322	excluded	extra_isoform_same_locus	XP_070110664.1 EPYC [organism=Equus caballus] [GeneID=100051709]	Equus_caballus|EPYC|XP_070110664.1
EPYC	XP_033808741.1	Geotrypetes seraphini	117364062		323	kept	representative	XP_033808741.1 EPYC [organism=Geotrypetes seraphini] [GeneID=117364062]	Geotrypetes_seraphini|EPYC|XP_033808741.1
EPYC	XP_072233849.1	Leuresthes tenuis	140283094		579	excluded	relative_length	XP_072233849.1 epyc [organism=Leuresthes tenuis] [GeneID=140283094]	Leuresthes_tenuis|EPYC|XP_072233849.1
EPYC	XP_075968026.1	Anarhichas minor	142971244		595	excluded	relative_length	XP_075968026.1 epyc [organism=Anarhichas minor] [GeneID=142971244]	Anarhichas_minor|EPYC|XP_075968026.1
EPYC	XP_079046896.1	Caprimulgus europaeus	306718518		316	kept	representative	XP_079046896.1 EPYC [organism=Caprimulgus europaeus] [GeneID=306718518]	Caprimulgus_europaeus|EPYC|XP_079046896.1
EPYC	XP_080791474.1	Micromys minutus	308434888		322	kept	representative	XP_080791474.1 EPYC [organism=Micromys minutus] [GeneID=308434888]	Micromys_minutus|EPYC|XP_080791474.1
EPYC	XP_009864550.1	Apaloderma vittatum	104271551		316	kept	representative	XP_009864550.1 EPYC [organism=Apaloderma vittatum] [GeneID=104271551]	Apaloderma_vittatum|EPYC|XP_009864550.1
EPYC	XP_058661768.1	Ammospiza caudacuta	131558164		316	kept	representative	XP_058661768.1 EPYC [organism=Ammospiza caudacuta] [GeneID=131558164]	Ammospiza_caudacuta|EPYC|XP_058661768.1
EPYC	XP_059328851.1	Ammospiza nelsoni	132073675		316	kept	representative	XP_059328851.1 EPYC [organism=Ammospiza nelsoni] [GeneID=132073675]	Ammospiza_nelsoni|EPYC|XP_059328851.1
EPYC	XP_062347436.1	Cinclus cinclus	134043290		316	kept	representative	XP_062347436.1 EPYC [organism=Cinclus cinclus] [GeneID=134043290]	Cinclus_cinclus|EPYC|XP_062347436.1
EPYC	XP_040008712.1	Xiphias gladius	120803825		623	excluded	absolute_length	XP_040008712.1 epyc [organism=Xiphias gladius] [GeneID=120803825]	Xiphias_gladius|EPYC|XP_040008712.1
EPYC	XP_009976751.1	Tauraco erythrolophus	104372693		304	kept	representative	XP_009976751.1 EPYC [organism=Tauraco erythrolophus] [GeneID=104372693]	Tauraco_erythrolophus|EPYC|XP_009976751.1
EPYC	XP_019301957.1	Panthera pardus	109265310		320	kept	representative	XP_019301957.1 EPYC [organism=Panthera pardus] [GeneID=109265310]	Panthera_pardus|EPYC|XP_019301957.1
EPYC	XP_041833608.1	Melanotaenia boesemani	121634768	X1	368	excluded	extra_isoform_same_locus	XP_041833608.1 epyc [organism=Melanotaenia boesemani] [GeneID=121634768] [isoform=X1]	Melanotaenia_boesemani|EPYC|XP_041833608.1
EPYC	XP_041833609.1	Melanotaenia boesemani	121634768	X2	324	kept	representative	XP_041833609.1 epyc [organism=Melanotaenia boesemani] [GeneID=121634768] [isoform=X2]	Melanotaenia_boesemani|EPYC|XP_041833609.1
EPYC	XP_048011441.1	Megalobrama amblycephala	125245051	X1	668	excluded	absolute_length	XP_048011441.1 epyc [organism=Megalobrama amblycephala] [GeneID=125245051] [isoform=X1]	Megalobrama_amblycephala|EPYC|XP_048011441.1
EPYC	XP_048011445.1	Megalobrama amblycephala	125245051	X2	340	kept	representative	XP_048011445.1 epyc [organism=Megalobrama amblycephala] [GeneID=125245051] [isoform=X2]	Megalobrama_amblycephala|EPYC|XP_048011445.1
EPYC	XP_056371980.1	Oenanthe melanoleuca	130266740	X1	338	excluded	extra_isoform_same_locus	XP_056371980.1 EPYC [organism=Oenanthe melanoleuca] [GeneID=130266740] [isoform=X1]	Oenanthe_melanoleuca|EPYC|XP_056371980.1
EPYC	XP_056371984.1	Oenanthe melanoleuca	130266740	X2	316	kept	representative	XP_056371984.1 EPYC [organism=Oenanthe melanoleuca] [GeneID=130266740] [isoform=X2]	Oenanthe_melanoleuca|EPYC|XP_056371984.1
EPYC	XP_082136041.1	Coloeus monedula	309571976		316	kept	representative	XP_082136041.1 EPYC [organism=Coloeus monedula] [GeneID=309571976]	Coloeus_monedula|EPYC|XP_082136041.1
EPYC	XP_025914231.1	Apteryx rowi	112962374		316	kept	representative	XP_025914231.1 EPYC [organism=Apteryx rowi] [GeneID=112962374]	Apteryx_rowi|EPYC|XP_025914231.1
EPYC	XP_054481042.1	Anoplopoma fimbria	129112832		590	excluded	relative_length	XP_054481042.1 epyc [organism=Anoplopoma fimbria] [GeneID=129112832]	Anoplopoma_fimbria|EPYC|XP_054481042.1
EPYC	XP_073937887.1	Castor canadensis	109679929		322	kept	representative	XP_073937887.1 Epyc [organism=Castor canadensis] [GeneID=109679929]	Castor_canadensis|EPYC|XP_073937887.1
EPYC	XP_065791559.1	Muntiacus reevesi	136167917		321	kept	representative	XP_065791559.1 EPYC [organism=Muntiacus reevesi] [GeneID=136167917]	Muntiacus_reevesi|EPYC|XP_065791559.1
EPYC	XP_066174848.1	Sylvia atricapilla	136361076		352	kept	representative	XP_066174848.1 EPYC [organism=Sylvia atricapilla] [GeneID=136361076]	Sylvia_atricapilla|EPYC|XP_066174848.1
EPYC	XP_014744564.1	Sturnus vulgaris	106860943		316	kept	representative	XP_014744564.1 EPYC [organism=Sturnus vulgaris] [GeneID=106860943]	Sturnus_vulgaris|EPYC|XP_014744564.1
EPYC	XP_021061063.1	Mus pahari	110326808		322	kept	representative	XP_021061063.1 Epyc [organism=Mus pahari] [GeneID=110326808]	Mus_pahari|EPYC|XP_021061063.1
EPYC	XP_021061065.1	Mus pahari	110326808		322	excluded	extra_isoform_same_locus	XP_021061065.1 Epyc [organism=Mus pahari] [GeneID=110326808]	Mus_pahari|EPYC|XP_021061065.1
EPYC	XP_022605414.1	Seriola dumerili	111224976		605	excluded	absolute_length	XP_022605414.1 epyc [organism=Seriola dumerili] [GeneID=111224976]	Seriola_dumerili|EPYC|XP_022605414.1
EPYC	XP_027450107.1	Zalophus californianus	113922408		426	excluded	relative_length	XP_027450107.1 EPYC [organism=Zalophus californianus] [GeneID=113922408]	Zalophus_californianus|EPYC|XP_027450107.1
EPYC	XP_055973857.1	Sorex fumeus	130027211		318	kept	representative	XP_055973857.1 EPYC [organism=Sorex fumeus] [GeneID=130027211]	Sorex_fumeus|EPYC|XP_055973857.1
EPYC	XP_061493769.1	Rhineura floridana	133389949		316	kept	representative	XP_061493769.1 EPYC [organism=Rhineura floridana] [GeneID=133389949]	Rhineura_floridana|EPYC|XP_061493769.1
EPYC	XP_085539298.1	Myodes glareolus	125389968		322	kept	representative	XP_085539298.1 Epyc [organism=Myodes glareolus] [GeneID=125389968]	Myodes_glareolus|EPYC|XP_085539298.1
EPYC	XP_037703632.1	Choloepus didactylus	119543071		318	kept	representative	XP_037703632.1 EPYC [organism=Choloepus didactylus] [GeneID=119543071]	Choloepus_didactylus|EPYC|XP_037703632.1
EPYC	XP_043825101.1	Dromiciops gliroides	122729992		318	kept	representative	XP_043825101.1 EPYC [organism=Dromiciops gliroides] [GeneID=122729992]	Dromiciops_gliroides|EPYC|XP_043825101.1
EPYC	XP_001134960.3	Pan troglodytes	452118		322	kept	representative	XP_001134960.3 EPYC [organism=Pan troglodytes] [GeneID=452118]	Pan_troglodytes|EPYC|XP_001134960.3
EPYC	XP_083384116.1	Silurus aristotelis	310718879		657	excluded	absolute_length	XP_083384116.1 epyc [organism=Silurus aristotelis] [GeneID=310718879]	Silurus_aristotelis|EPYC|XP_083384116.1
EPYC	XP_075284781.1	Opisthocomus hoazin	104334469		315	kept	representative	XP_075284781.1 EPYC [organism=Opisthocomus hoazin] [GeneID=104334469]	Opisthocomus_hoazin|EPYC|XP_075284781.1
EPYC	XP_009807804.1	Gavia stellata	104255434		316	kept	representative	XP_009807804.1 EPYC [organism=Gavia stellata] [GeneID=104255434]	Gavia_stellata|EPYC|XP_009807804.1
EPYC	XP_079510077.1	Notothenia rossii	307021637	1	589	excluded	relative_length	XP_079510077.1 epyc [organism=Notothenia rossii] [GeneID=307021637] [isoform=1]	Notothenia_rossii|EPYC|XP_079510077.1
EPYC	XP_079510078.1	Notothenia rossii	307021637	2	477	excluded	relative_length	XP_079510078.1 epyc [organism=Notothenia rossii] [GeneID=307021637] [isoform=2]	Notothenia_rossii|EPYC|XP_079510078.1
EPYC	XP_003783410.1	Otolemur garnettii	100947098		322	kept	representative	XP_003783410.1 EPYC [organism=Otolemur garnettii] [GeneID=100947098]	Otolemur_garnettii|EPYC|XP_003783410.1
EPYC	XP_009072507.1	Acanthisitta chloris	103801828		316	kept	representative	XP_009072507.1 EPYC [organism=Acanthisitta chloris] [GeneID=103801828]	Acanthisitta_chloris|EPYC|XP_009072507.1
EPYC	XP_025891312.1	Nothoprocta perdicaria	112944149		316	kept	representative	XP_025891312.1 EPYC [organism=Nothoprocta perdicaria] [GeneID=112944149]	Nothoprocta_perdicaria|EPYC|XP_025891312.1
EPYC	XP_033018629.1	Lacerta agilis	117054191		316	kept	representative	XP_033018629.1 EPYC [organism=Lacerta agilis] [GeneID=117054191]	Lacerta_agilis|EPYC|XP_033018629.1
EPYC	XP_033018630.1	Lacerta agilis	117054191		316	excluded	extra_isoform_same_locus	XP_033018630.1 EPYC [organism=Lacerta agilis] [GeneID=117054191]	Lacerta_agilis|EPYC|XP_033018630.1
EPYC	XP_004083110.1	Oryzias latipes	101170808	X1	584	excluded	relative_length	XP_004083110.1 epyc [organism=Oryzias latipes] [GeneID=101170808] [isoform=X1]	Oryzias_latipes|EPYC|XP_004083110.1
EPYC	XP_078797689.1	Oryzias latipes	101170808	X2	366	kept	representative	XP_078797689.1 epyc [organism=Oryzias latipes] [GeneID=101170808] [isoform=X2]	Oryzias_latipes|EPYC|XP_078797689.1
EPYC	XP_026216877.1	Anabas testudineus	113162856		782	excluded	absolute_length	XP_026216877.1 epyc [organism=Anabas testudineus] [GeneID=113162856]	Anabas_testudineus|EPYC|XP_026216877.1
EPYC	XP_068048108.1	Anomalospiza imberbis	137475001		316	kept	representative	XP_068048108.1 EPYC [organism=Anomalospiza imberbis] [GeneID=137475001]	Anomalospiza_imberbis|EPYC|XP_068048108.1
EPYC	XP_032027569.1	Hylobates moloch	116479684		322	kept	representative	XP_032027569.1 EPYC [organism=Hylobates moloch] [GeneID=116479684]	Hylobates_moloch|EPYC|XP_032027569.1
EPYC	XP_039198223.1	Crotalus tigris	120307468		324	kept	representative	XP_039198223.1 EPYC [organism=Crotalus tigris] [GeneID=120307468]	Crotalus_tigris|EPYC|XP_039198223.1
EPYC	XP_046878992.1	Hypomesus transpacificus	124469628		588	excluded	relative_length	XP_046878992.1 epyc [organism=Hypomesus transpacificus] [GeneID=124469628]	Hypomesus_transpacificus|EPYC|XP_046878992.1
EPYC	XP_020143524.1	Microcebus murinus	105865380		322	kept	representative	XP_020143524.1 EPYC [organism=Microcebus murinus] [GeneID=105865380]	Microcebus_murinus|EPYC|XP_020143524.1
EPYC	XP_045723182.1	Mirounga angustirostris	123837934		321	kept	representative	XP_045723182.1 EPYC [organism=Mirounga angustirostris] [GeneID=123837934]	Mirounga_angustirostris|EPYC|XP_045723182.1
EPYC	XP_058424662.1	Diceros bicornis minor	131421822		320	kept	representative	XP_058424662.1 EPYC [organism=Diceros bicornis minor] [GeneID=131421822]	Diceros_bicornis_minor|EPYC|XP_058424662.1
EPYC	XP_022527498.2	Astyanax mexicanus	103028295		751	excluded	absolute_length	XP_022527498.2 epyc [organism=Astyanax mexicanus] [GeneID=103028295]	Astyanax_mexicanus|EPYC|XP_022527498.2
EPYC	XP_063762133.1	Eleginops maclovinus	134879516		597	excluded	relative_length	XP_063762133.1 epyc [organism=Eleginops maclovinus] [GeneID=134879516]	Eleginops_maclovinus|EPYC|XP_063762133.1
EPYC	XP_063762134.1	Eleginops maclovinus	134879516		597	excluded	relative_length	XP_063762134.1 epyc [organism=Eleginops maclovinus] [GeneID=134879516]	Eleginops_maclovinus|EPYC|XP_063762134.1
EPYC	XP_044083525.1	Neogale vison	122891716		321	kept	representative	XP_044083525.1 EPYC [organism=Neogale vison] [GeneID=122891716]	Neogale_vison|EPYC|XP_044083525.1
EPYC	XP_047659687.1	Tachysurus fulvidraco	125139503		682	excluded	absolute_length	XP_047659687.1 epyc [organism=Tachysurus fulvidraco] [GeneID=125139503]	Tachysurus_fulvidraco|EPYC|XP_047659687.1
EPYC	XP_049482032.1	Panthera uncia	125919402		320	kept	representative	XP_049482032.1 EPYC [organism=Panthera uncia] [GeneID=125919402]	Panthera_uncia|EPYC|XP_049482032.1
EPYC	XP_004417997.1	Ceratotherium simum simum	101404394		320	kept	representative	XP_004417997.1 LOC101404394 [organism=Ceratotherium simum simum] [GeneID=101404394]	Ceratotherium_simum_simum|EPYC|XP_004417997.1
EPYC	XP_032730041.1	Lontra canadensis	116877431		320	kept	representative	XP_032730041.1 EPYC [organism=Lontra canadensis] [GeneID=116877431]	Lontra_canadensis|EPYC|XP_032730041.1
EPYC	XP_036312788.1	Pipistrellus kuhlii	118729402		320	kept	representative	XP_036312788.1 EPYC [organism=Pipistrellus kuhlii] [GeneID=118729402]	Pipistrellus_kuhlii|EPYC|XP_036312788.1
EPYC	XP_042549315.1	Dipodomys spectabilis	122119305		322	kept	representative	XP_042549315.1 Epyc [organism=Dipodomys spectabilis] [GeneID=122119305]	Dipodomys_spectabilis|EPYC|XP_042549315.1
EPYC	XP_043877849.1	Solea senegalensis	122766759		617	excluded	absolute_length	XP_043877849.1 epyc [organism=Solea senegalensis] [GeneID=122766759]	Solea_senegalensis|EPYC|XP_043877849.1
EPYC	XP_013038009.1	Anser cygnoides	106036909	X2	316	kept	representative	XP_013038009.1 EPYC [organism=Anser cygnoides] [GeneID=106036909] [isoform=X2]	Anser_cygnoides|EPYC|XP_013038009.1
EPYC	XP_066851280.1	Anser cygnoides	106036909	X1	332	excluded	extra_isoform_same_locus	XP_066851280.1 EPYC [organism=Anser cygnoides] [GeneID=106036909] [isoform=X1]	Anser_cygnoides|EPYC|XP_066851280.1
EPYC	XP_066851286.1	Anser cygnoides	106036909	X2	316	excluded	extra_isoform_same_locus	XP_066851286.1 EPYC [organism=Anser cygnoides] [GeneID=106036909] [isoform=X2]	Anser_cygnoides|EPYC|XP_066851286.1
EPYC	XP_033931186.1	Pseudochaenichthys georgianus	117439382		583	excluded	relative_length	XP_033931186.1 epyc [organism=Pseudochaenichthys georgianus] [GeneID=117439382]	Pseudochaenichthys_georgianus|EPYC|XP_033931186.1
EPYC	XP_004675881.1	Condylura cristata	101619660		319	kept	representative	XP_004675881.1 EPYC [organism=Condylura cristata] [GeneID=101619660]	Condylura_cristata|EPYC|XP_004675881.1
EPYC	XP_035759421.1	Egretta garzetta	104134506		316	kept	representative	XP_035759421.1 EPYC [organism=Egretta garzetta] [GeneID=104134506]	Egretta_garzetta|EPYC|XP_035759421.1
EPYC	XP_042325386.1	Sceloporus undulatus	121931552		314	kept	representative	XP_042325386.1 EPYC [organism=Sceloporus undulatus] [GeneID=121931552]	Sceloporus_undulatus|EPYC|XP_042325386.1
EPYC	XP_044133147.1	Bufo gargarizans	122925862		317	kept	representative	XP_044133147.1 EPYC [organism=Bufo gargarizans] [GeneID=122925862]	Bufo_gargarizans|EPYC|XP_044133147.1
EPYC	XP_079878644.1	Zeus faber	307246558	1	629	excluded	absolute_length	XP_079878644.1 epyc [organism=Zeus faber] [GeneID=307246558] [isoform=1]	Zeus_faber|EPYC|XP_079878644.1
EPYC	XP_079878645.1	Zeus faber	307246558	2	628	excluded	absolute_length	XP_079878645.1 epyc [organism=Zeus faber] [GeneID=307246558] [isoform=2]	Zeus_faber|EPYC|XP_079878645.1
EPYC	XP_016070701.1	Miniopterus natalensis	107538881		321	kept	representative	XP_016070701.1 EPYC [organism=Miniopterus natalensis] [GeneID=107538881]	Miniopterus_natalensis|EPYC|XP_016070701.1
EPYC	XP_018412228.1	Nanorana parkeri	108787231		318	kept	representative	XP_018412228.1 EPYC [organism=Nanorana parkeri] [GeneID=108787231]	Nanorana_parkeri|EPYC|XP_018412228.1
EPYC	XP_036257115.1	Molothrus ater	118698133		316	kept	representative	XP_036257115.1 EPYC [organism=Molothrus ater] [GeneID=118698133]	Molothrus_ater|EPYC|XP_036257115.1
EPYC	XP_036617605.1	Trichosurus vulpecula	118852069		318	kept	representative	XP_036617605.1 EPYC [organism=Trichosurus vulpecula] [GeneID=118852069]	Trichosurus_vulpecula|EPYC|XP_036617605.1
EPYC	XP_040200080.1	Rana temporaria	120932051		316	kept	representative	XP_040200080.1 EPYC [organism=Rana temporaria] [GeneID=120932051]	Rana_temporaria|EPYC|XP_040200080.1
EPYC	XP_057597033.1	Hippopotamus amphibius kiboko	130856562		321	kept	representative	XP_057597033.1 EPYC [organism=Hippopotamus amphibius kiboko] [GeneID=130856562]	Hippopotamus_amphibius_kiboko|EPYC|XP_057597033.1
EPYC	XP_004650226.2	Jaculus jaculus	101607387		322	kept	representative	XP_004650226.2 Epyc [organism=Jaculus jaculus] [GeneID=101607387]	Jaculus_jaculus|EPYC|XP_004650226.2
EPYC	XP_035113067.1	Callithrix jacchus	100406980		322	kept	representative	XP_035113067.1 EPYC [organism=Callithrix jacchus] [GeneID=100406980]	Callithrix_jacchus|EPYC|XP_035113067.1
EPYC	XP_054094677.1	Callithrix jacchus	100406980		322	excluded	extra_isoform_same_locus	XP_054094677.1 EPYC [organism=Callithrix jacchus] [GeneID=100406980]	Callithrix_jacchus|EPYC|XP_054094677.1
EPYC	XP_030815217.1	Camarhynchus parvulus	115909783		316	kept	representative	XP_030815217.1 EPYC [organism=Camarhynchus parvulus] [GeneID=115909783]	Camarhynchus_parvulus|EPYC|XP_030815217.1
EPYC	XP_041637288.1	Cheilinus undulatus	121505803		592	excluded	relative_length	XP_041637288.1 epyc [organism=Cheilinus undulatus] [GeneID=121505803]	Cheilinus_undulatus|EPYC|XP_041637288.1
EPYC	XP_056223065.1	Seriola aureovittata	130163175		607	excluded	absolute_length	XP_056223065.1 epyc [organism=Seriola aureovittata] [GeneID=130163175]	Seriola_aureovittata|EPYC|XP_056223065.1
EPYC	XP_060101153.1	Heteronotia binoei	132576217		316	kept	representative	XP_060101153.1 EPYC [organism=Heteronotia binoei] [GeneID=132576217]	Heteronotia_binoei|EPYC|XP_060101153.1
EPYC	XP_061207215.1	Neopsephotus bourkii	133211112		316	kept	representative	XP_061207215.1 EPYC [organism=Neopsephotus bourkii] [GeneID=133211112]	Neopsephotus_bourkii|EPYC|XP_061207215.1
EPYC	XP_082609273.1	Aythya marila	309874698		316	kept	representative	XP_082609273.1 EPYC [organism=Aythya marila] [GeneID=309874698]	Aythya_marila|EPYC|XP_082609273.1
EPYC	XP_065514110.1	Caloenas nicobarica	136002808		316	kept	representative	XP_065514110.1 EPYC [organism=Caloenas nicobarica] [GeneID=136002808]	Caloenas_nicobarica|EPYC|XP_065514110.1
EPYC	XP_068129761.1	Hyperolius riggenbachi	137562323		339	kept	representative	XP_068129761.1 EPYC [organism=Hyperolius riggenbachi] [GeneID=137562323]	Hyperolius_riggenbachi|EPYC|XP_068129761.1
EPYC	XP_046275322.1	Marmota monax	124075766		322	kept	representative	XP_046275322.1 Epyc [organism=Marmota monax] [GeneID=124075766]	Marmota_monax|EPYC|XP_046275322.1
EPYC	XP_066579754.1	Amia ocellicauda	136771381		316	kept	representative	XP_066579754.1 epyc [organism=Amia ocellicauda] [GeneID=136771381]	Amia_ocellicauda|EPYC|XP_066579754.1
EPYC	XP_066579756.1	Amia ocellicauda	136771381		316	excluded	extra_isoform_same_locus	XP_066579756.1 epyc [organism=Amia ocellicauda] [GeneID=136771381]	Amia_ocellicauda|EPYC|XP_066579756.1
EPYC	XP_054299491.1	Pongo pygmaeus	129009927	X1	322	kept	representative	XP_054299491.1 EPYC [organism=Pongo pygmaeus] [GeneID=129009927] [isoform=X1]	Pongo_pygmaeus|EPYC|XP_054299491.1
EPYC	XP_063502631.1	Pongo pygmaeus	129009927	X1	322	excluded	extra_isoform_same_locus	XP_063502631.1 EPYC [organism=Pongo pygmaeus] [GeneID=129009927] [isoform=X1]	Pongo_pygmaeus|EPYC|XP_063502631.1
EPYC	XP_063502632.1	Pongo pygmaeus	129009927	X1	322	excluded	extra_isoform_same_locus	XP_063502632.1 EPYC [organism=Pongo pygmaeus] [GeneID=129009927] [isoform=X1]	Pongo_pygmaeus|EPYC|XP_063502632.1
EPYC	XP_063502633.1	Pongo pygmaeus	129009927	X2	302	excluded	extra_isoform_same_locus	XP_063502633.1 EPYC [organism=Pongo pygmaeus] [GeneID=129009927] [isoform=X2]	Pongo_pygmaeus|EPYC|XP_063502633.1
EPYC	XP_062932463.1	Cynocephalus volans	134361351		323	kept	representative	XP_062932463.1 EPYC [organism=Cynocephalus volans] [GeneID=134361351]	Cynocephalus_volans|EPYC|XP_062932463.1
EPYC	XP_010155492.1	Eurypyga helias	104513735		316	kept	representative	XP_010155492.1 EPYC [organism=Eurypyga helias] [GeneID=104513735]	Eurypyga_helias|EPYC|XP_010155492.1
EPYC	XP_037099668.1	Syngnathus acus	119117492	X1	650	excluded	absolute_length	XP_037099668.1 epyc [organism=Syngnathus acus] [GeneID=119117492] [isoform=X1]	Syngnathus_acus|EPYC|XP_037099668.1
EPYC	XP_037099670.1	Syngnathus acus	119117492	X1	650	excluded	absolute_length	XP_037099670.1 epyc [organism=Syngnathus acus] [GeneID=119117492] [isoform=X1]	Syngnathus_acus|EPYC|XP_037099670.1
EPYC	XP_037099671.1	Syngnathus acus	119117492	X2	337	excluded	extra_isoform_same_locus	XP_037099671.1 epyc [organism=Syngnathus acus] [GeneID=119117492] [isoform=X2]	Syngnathus_acus|EPYC|XP_037099671.1
EPYC	XP_037099672.1	Syngnathus acus	119117492	X3	333	excluded	extra_isoform_same_locus	XP_037099672.1 epyc [organism=Syngnathus acus] [GeneID=119117492] [isoform=X3]	Syngnathus_acus|EPYC|XP_037099672.1
EPYC	XP_037099673.1	Syngnathus acus	119117492	X4	325	kept	representative	XP_037099673.1 epyc [organism=Syngnathus acus] [GeneID=119117492] [isoform=X4]	Syngnathus_acus|EPYC|XP_037099673.1
EPYC	XP_037552208.1	Nematolebias whitei	119428596		351	kept	representative	XP_037552208.1 epyc [organism=Nematolebias whitei] [GeneID=119428596]	Nematolebias_whitei|EPYC|XP_037552208.1
EPYC	XP_032621051.1	Chelonoidis abingdonii	116816136		316	kept	representative	XP_032621051.1 EPYC [organism=Chelonoidis abingdonii] [GeneID=116816136]	Chelonoidis_abingdonii|EPYC|XP_032621051.1
EPYC	XP_063252423.1	Prinia subflava	134550072		316	kept	representative	XP_063252423.1 EPYC [organism=Prinia subflava] [GeneID=134550072]	Prinia_subflava|EPYC|XP_063252423.1
EPYC	XP_064277640.1	Passer domesticus	135301351		316	kept	representative	XP_064277640.1 EPYC [organism=Passer domesticus] [GeneID=135301351]	Passer_domesticus|EPYC|XP_064277640.1
EPYC	XP_051626049.1	Manacus candei	127461888		316	kept	representative	XP_051626049.1 EPYC [organism=Manacus candei] [GeneID=127461888]	Manacus_candei|EPYC|XP_051626049.1
EPYC	XP_084813733.1	Sus scrofa	100155436		320	kept	representative	XP_084813733.1 EPYC [organism=Sus scrofa] [GeneID=100155436]	Sus_scrofa|EPYC|XP_084813733.1
EPYC	XP_082706762.1	Leucopleurus acutus	309969082		321	kept	representative	XP_082706762.1 EPYC [organism=Leucopleurus acutus] [GeneID=309969082]	Leucopleurus_acutus|EPYC|XP_082706762.1
EPYC	XP_067284096.1	Pseudorasbora parva	137049477		679	excluded	absolute_length	XP_067284096.1 epyc [organism=Pseudorasbora parva] [GeneID=137049477]	Pseudorasbora_parva|EPYC|XP_067284096.1
EPYC	XP_080915015.1	Rhinolophus hipposideros	308501812		320	kept	representative	XP_080915015.1 EPYC [organism=Rhinolophus hipposideros] [GeneID=308501812]	Rhinolophus_hipposideros|EPYC|XP_080915015.1
EPYC	XP_031506518.1	Papio anubis	101019085		322	kept	representative	XP_031506518.1 EPYC [organism=Papio anubis] [GeneID=101019085]	Papio_anubis|EPYC|XP_031506518.1
EPYC	XP_050995575.1	Acomys russatus	127183533		322	kept	representative	XP_050995575.1 Epyc [organism=Acomys russatus] [GeneID=127183533]	Acomys_russatus|EPYC|XP_050995575.1
EPYC	XP_019947773.2	Paralichthys olivaceus	109632777	X1	595	excluded	relative_length	XP_019947773.2 epyc [organism=Paralichthys olivaceus] [GeneID=109632777] [isoform=X1]	Paralichthys_olivaceus|EPYC|XP_019947773.2
EPYC	XP_069375582.1	Paralichthys olivaceus	109632777	X2	328	kept	representative	XP_069375582.1 epyc [organism=Paralichthys olivaceus] [GeneID=109632777] [isoform=X2]	Paralichthys_olivaceus|EPYC|XP_069375582.1
EPYC	XP_029017981.1	Betta splendens	114862145		720	excluded	absolute_length	XP_029017981.1 epyc [organism=Betta splendens] [GeneID=114862145]	Betta_splendens|EPYC|XP_029017981.1
EPYC	XP_029017982.1	Betta splendens	114862145		720	excluded	absolute_length	XP_029017982.1 epyc [organism=Betta splendens] [GeneID=114862145]	Betta_splendens|EPYC|XP_029017982.1
EPYC	XP_055367479.1	Betta splendens	114862145		720	excluded	absolute_length	XP_055367479.1 epyc [organism=Betta splendens] [GeneID=114862145]	Betta_splendens|EPYC|XP_055367479.1
EPYC	XP_055367481.1	Betta splendens	114862145		720	excluded	absolute_length	XP_055367481.1 epyc [organism=Betta splendens] [GeneID=114862145]	Betta_splendens|EPYC|XP_055367481.1
EPYC	XP_055367482.1	Betta splendens	114862145		720	excluded	absolute_length	XP_055367482.1 epyc [organism=Betta splendens] [GeneID=114862145]	Betta_splendens|EPYC|XP_055367482.1
EPYC	XP_056425364.1	Hyla sarda	130367005		317	kept	representative	XP_056425364.1 EPYC [organism=Hyla sarda] [GeneID=130367005]	Hyla_sarda|EPYC|XP_056425364.1
EPYC	XP_017350256.2	Ictalurus punctatus	108280027		740	excluded	absolute_length	XP_017350256.2 epyc [organism=Ictalurus punctatus] [GeneID=108280027]	Ictalurus_punctatus|EPYC|XP_017350256.2
EPYC	XP_063786570.1	Pseudophryne corroboree	134935426		319	kept	representative	XP_063786570.1 EPYC [organism=Pseudophryne corroboree] [GeneID=134935426]	Pseudophryne_corroboree|EPYC|XP_063786570.1
EPYC	XP_070263696.1	Myotis yumanensis	139005309		321	kept	representative	XP_070263696.1 EPYC [organism=Myotis yumanensis] [GeneID=139005309]	Myotis_yumanensis|EPYC|XP_070263696.1
EPYC	XP_077663823.1	Eretmochelys imbricata	144259462		316	kept	representative	XP_077663823.1 EPYC [organism=Eretmochelys imbricata] [GeneID=144259462]	Eretmochelys_imbricata|EPYC|XP_077663823.1
EPYC	XP_006889569.1	Elephantulus edwardii	102860389		322	kept	representative	XP_006889569.1 EPYC [organism=Elephantulus edwardii] [GeneID=102860389]	Elephantulus_edwardii|EPYC|XP_006889569.1
EPYC	XP_034382682.1	Cyclopterus lumpus	117726479		603	excluded	absolute_length	XP_034382682.1 epyc [organism=Cyclopterus lumpus] [GeneID=117726479]	Cyclopterus_lumpus|EPYC|XP_034382682.1
EPYC	XP_049892392.1	Epinephelus moara	126384966		579	excluded	relative_length	XP_049892392.1 epyc [organism=Epinephelus moara] [GeneID=126384966]	Epinephelus_moara|EPYC|XP_049892392.1
EPYC	XP_060885783.1	Labrus mixtus	132956382	X1	590	excluded	relative_length	XP_060885783.1 epyc [organism=Labrus mixtus] [GeneID=132956382] [isoform=X1]	Labrus_mixtus|EPYC|XP_060885783.1
EPYC	XP_060885784.1	Labrus mixtus	132956382	X2	331	kept	representative	XP_060885784.1 epyc [organism=Labrus mixtus] [GeneID=132956382] [isoform=X2]	Labrus_mixtus|EPYC|XP_060885784.1
EPYC	XP_025848128.2	Vulpes vulpes	112915045		321	kept	representative	XP_025848128.2 EPYC [organism=Vulpes vulpes] [GeneID=112915045]	Vulpes_vulpes|EPYC|XP_025848128.2
EPYC	XP_054435822.1	Pteronotus mesoamericanus	129075726		320	kept	representative	XP_054435822.1 EPYC [organism=Pteronotus mesoamericanus] [GeneID=129075726]	Pteronotus_mesoamericanus|EPYC|XP_054435822.1
EPYC	XP_055094301.1	Symphalangus syndactylus	129460477		322	kept	representative	XP_055094301.1 EPYC [organism=Symphalangus syndactylus] [GeneID=129460477]	Symphalangus_syndactylus|EPYC|XP_055094301.1
EPYC	XP_055094302.1	Symphalangus syndactylus	129460477		322	excluded	extra_isoform_same_locus	XP_055094302.1 EPYC [organism=Symphalangus syndactylus] [GeneID=129460477]	Symphalangus_syndactylus|EPYC|XP_055094302.1
EPYC	XP_012773786.2	Maylandia zebra	101468172		618	excluded	absolute_length	XP_012773786.2 epyc [organism=Maylandia zebra] [GeneID=101468172]	Maylandia_zebra|EPYC|XP_012773786.2
EPYC	XP_032545273.1	Chiroxiphia lanceolata	116787621		316	kept	representative	XP_032545273.1 EPYC [organism=Chiroxiphia lanceolata] [GeneID=116787621]	Chiroxiphia_lanceolata|EPYC|XP_032545273.1
EPYC	XP_034019328.1	Thalassophryne amazonica	117504075		621	excluded	absolute_length	XP_034019328.1 epyc [organism=Thalassophryne amazonica] [GeneID=117504075]	Thalassophryne_amazonica|EPYC|XP_034019328.1
EPYC	XP_034434118.1	Hippoglossus hippoglossus	117757263	X1	608	excluded	absolute_length	XP_034434118.1 epyc [organism=Hippoglossus hippoglossus] [GeneID=117757263] [isoform=X1]	Hippoglossus_hippoglossus|EPYC|XP_034434118.1
EPYC	XP_034434119.1	Hippoglossus hippoglossus	117757263	X2	595	excluded	relative_length	XP_034434119.1 epyc [organism=Hippoglossus hippoglossus] [GeneID=117757263] [isoform=X2]	Hippoglossus_hippoglossus|EPYC|XP_034434119.1
EPYC	XP_034434120.1	Hippoglossus hippoglossus	117757263	X3	329	kept	representative	XP_034434120.1 epyc [organism=Hippoglossus hippoglossus] [GeneID=117757263] [isoform=X3]	Hippoglossus_hippoglossus|EPYC|XP_034434120.1
EPYC	XP_077628401.1	Crocuta crocuta	144238457		321	kept	representative	XP_077628401.1 EPYC [organism=Crocuta crocuta] [GeneID=144238457]	Crocuta_crocuta|EPYC|XP_077628401.1
EPYC	XP_051812020.1	Acanthochromis polyacanthus	110948570	X1	372	excluded	extra_isoform_same_locus	XP_051812020.1 epyc [organism=Acanthochromis polyacanthus] [GeneID=110948570] [isoform=X1]	Acanthochromis_polyacanthus|EPYC|XP_051812020.1
EPYC	XP_051812024.1	Acanthochromis polyacanthus	110948570	X2	328	kept	representative	XP_051812024.1 epyc [organism=Acanthochromis polyacanthus] [GeneID=110948570] [isoform=X2]	Acanthochromis_polyacanthus|EPYC|XP_051812024.1
EPYC	XP_086058581.1	Aulostomus chinensis	147262795		584	excluded	relative_length	XP_086058581.1 epyc [organism=Aulostomus chinensis] [GeneID=147262795]	Aulostomus_chinensis|EPYC|XP_086058581.1
EPYC	XP_069440278.1	Ovis canadensis	138437246		321	kept	representative	XP_069440278.1 EPYC [organism=Ovis canadensis] [GeneID=138437246]	Ovis_canadensis|EPYC|XP_069440278.1
EPYC	XP_050769330.1	Gymnogyps californianus	127027584		316	kept	representative	XP_050769330.1 EPYC [organism=Gymnogyps californianus] [GeneID=127027584]	Gymnogyps_californianus|EPYC|XP_050769330.1
EPYC	XP_061125164.1	Syngnathus typhle	133145566	X1	662	excluded	absolute_length	XP_061125164.1 epyc [organism=Syngnathus typhle] [GeneID=133145566] [isoform=X1]	Syngnathus_typhle|EPYC|XP_061125164.1
EPYC	XP_061125165.1	Syngnathus typhle	133145566	X2	325	kept	representative	XP_061125165.1 epyc [organism=Syngnathus typhle] [GeneID=133145566] [isoform=X2]	Syngnathus_typhle|EPYC|XP_061125165.1
EPYC	XP_084734968.1	Pipistrellus hanaki	311619991		320	kept	representative	XP_084734968.1 EPYC [organism=Pipistrellus hanaki] [GeneID=311619991]	Pipistrellus_hanaki|EPYC|XP_084734968.1
EPYC	XP_067345698.1	Channa argus	137106396	X1	660	excluded	absolute_length	XP_067345698.1 epyc [organism=Channa argus] [GeneID=137106396] [isoform=X1]	Channa_argus|EPYC|XP_067345698.1
EPYC	XP_067345700.1	Channa argus	137106396	X2	656	excluded	absolute_length	XP_067345700.1 epyc [organism=Channa argus] [GeneID=137106396] [isoform=X2]	Channa_argus|EPYC|XP_067345700.1
EPYC	XP_072216774.1	Excalfactoria chinensis	140264759		316	kept	representative	XP_072216774.1 EPYC [organism=Excalfactoria chinensis] [GeneID=140264759]	Excalfactoria_chinensis|EPYC|XP_072216774.1
EPYC	XP_080743672.1	Rhamphochromis sp. 'chilingali'	308400061	1	390	excluded	extra_isoform_same_locus	XP_080743672.1 epyc [organism=Rhamphochromis sp. 'chilingali'] [GeneID=308400061] [isoform=1]	Rhamphochromis_sp._chilingali|EPYC|XP_080743672.1
EPYC	XP_080743673.1	Rhamphochromis sp. 'chilingali'	308400061	2	320	kept	representative	XP_080743673.1 epyc [organism=Rhamphochromis sp. 'chilingali'] [GeneID=308400061] [isoform=2]	Rhamphochromis_sp._chilingali|EPYC|XP_080743673.1
EPYC	XP_080743674.1	Rhamphochromis sp. 'chilingali'	308400061	2	320	excluded	extra_isoform_same_locus	XP_080743674.1 epyc [organism=Rhamphochromis sp. 'chilingali'] [GeneID=308400061] [isoform=2]	Rhamphochromis_sp._chilingali|EPYC|XP_080743674.1
EPYC	XP_081188022.1	Vipera berus	308670397		252	kept	representative	XP_081188022.1 EPYC [organism=Vipera berus] [GeneID=308670397]	Vipera_berus|EPYC|XP_081188022.1
EPYC	XP_013802760.1	Apteryx mantelli	106488424		316	kept	representative	XP_013802760.1 EPYC [organism=Apteryx mantelli] [GeneID=106488424]	Apteryx_mantelli|EPYC|XP_013802760.1
EPYC	XP_074840094.1	Carettochelys insculpta	142007375		316	kept	representative	XP_074840094.1 EPYC [organism=Carettochelys insculpta] [GeneID=142007375]	Carettochelys_insculpta|EPYC|XP_074840094.1
EPYC	XP_085292610.1	Copadichromis virginalis	146689607		618	excluded	absolute_length	XP_085292610.1 epyc [organism=Copadichromis virginalis] [GeneID=146689607]	Copadichromis_virginalis|EPYC|XP_085292610.1
EPYC	XP_085292611.1	Copadichromis virginalis	146689607		618	excluded	absolute_length	XP_085292611.1 epyc [organism=Copadichromis virginalis] [GeneID=146689607]	Copadichromis_virginalis|EPYC|XP_085292611.1
EPYC	XP_085292612.1	Copadichromis virginalis	146689607		618	excluded	absolute_length	XP_085292612.1 epyc [organism=Copadichromis virginalis] [GeneID=146689607]	Copadichromis_virginalis|EPYC|XP_085292612.1
EPYC	XP_041265759.1	Onychostruthus taczanowskii	121338641		316	kept	representative	XP_041265759.1 EPYC [organism=Onychostruthus taczanowskii] [GeneID=121338641]	Onychostruthus_taczanowskii|EPYC|XP_041265759.1
EPYC	XP_084557576.1	Hypomesus nipponensis	146276231		584	excluded	relative_length	XP_084557576.1 epyc [organism=Hypomesus nipponensis] [GeneID=146276231]	Hypomesus_nipponensis|EPYC|XP_084557576.1
EPYC	XP_075456561.1	Ascaphus truei	142495242		320	kept	representative	XP_075456561.1 EPYC [organism=Ascaphus truei] [GeneID=142495242]	Ascaphus_truei|EPYC|XP_075456561.1
EPYC	XP_075456562.1	Ascaphus truei	142495242		320	excluded	extra_isoform_same_locus	XP_075456562.1 EPYC [organism=Ascaphus truei] [GeneID=142495242]	Ascaphus_truei|EPYC|XP_075456562.1
EPYC	XP_061061533.1	Eubalaena glacialis	133101009		321	kept	representative	XP_061061533.1 EPYC [organism=Eubalaena glacialis] [GeneID=133101009]	Eubalaena_glacialis|EPYC|XP_061061533.1
EPYC	XP_069629399.1	Haliaeetus albicilla	104321205		316	kept	representative	XP_069629399.1 EPYC [organism=Haliaeetus albicilla] [GeneID=104321205]	Haliaeetus_albicilla|EPYC|XP_069629399.1
EPYC	XP_010412111.2	Corvus cornix cornix	104698436		316	kept	representative	XP_010412111.2 EPYC [organism=Corvus cornix cornix] [GeneID=104698436]	Corvus_cornix_cornix|EPYC|XP_010412111.2
EPYC	XP_064198734.1	Anguilla rostrata	135258939		418	excluded	relative_length	XP_064198734.1 epyc [organism=Anguilla rostrata] [GeneID=135258939]	Anguilla_rostrata|EPYC|XP_064198734.1
EPYC	XP_064198735.1	Anguilla rostrata	135258939		418	excluded	relative_length	XP_064198735.1 epyc [organism=Anguilla rostrata] [GeneID=135258939]	Anguilla_rostrata|EPYC|XP_064198735.1
EPYC	XP_005039578.1	Ficedula albicollis	101811695		316	kept	representative	XP_005039578.1 EPYC [organism=Ficedula albicollis] [GeneID=101811695]	Ficedula_albicollis|EPYC|XP_005039578.1
EPYC	XP_030197186.1	Gadus morhua	115531956	X1	660	excluded	absolute_length	XP_030197186.1 epyc [organism=Gadus morhua] [GeneID=115531956] [isoform=X1]	Gadus_morhua|EPYC|XP_030197186.1
EPYC	XP_030197187.1	Gadus morhua	115531956	X2	441	excluded	relative_length	XP_030197187.1 epyc [organism=Gadus morhua] [GeneID=115531956] [isoform=X2]	Gadus_morhua|EPYC|XP_030197187.1
EPYC	XP_030197188.1	Gadus morhua	115531956	X3	329	kept	representative	XP_030197188.1 epyc [organism=Gadus morhua] [GeneID=115531956] [isoform=X3]	Gadus_morhua|EPYC|XP_030197188.1
EPYC	XP_040347188.1	Herpailurus yagouaroundi	121040642		320	kept	representative	XP_040347188.1 EPYC [organism=Herpailurus yagouaroundi] [GeneID=121040642]	Herpailurus_yagouaroundi|EPYC|XP_040347188.1
EPYC	XP_020455086.1	Monopterus albus	109959782		634	excluded	absolute_length	XP_020455086.1 epyc [organism=Monopterus albus] [GeneID=109959782]	Monopterus_albus|EPYC|XP_020455086.1
EPYC	XP_039647161.1	Perca fluviatilis	120553138	X1	641	excluded	absolute_length	XP_039647161.1 epyc [organism=Perca fluviatilis] [GeneID=120553138] [isoform=X1]	Perca_fluviatilis|EPYC|XP_039647161.1
EPYC	XP_039647162.1	Perca fluviatilis	120553138	X2	628	excluded	absolute_length	XP_039647162.1 epyc [organism=Perca fluviatilis] [GeneID=120553138] [isoform=X2]	Perca_fluviatilis|EPYC|XP_039647162.1
EPYC	XP_054608733.1	Dunckerocampus dactyliophorus	129168006		650	excluded	absolute_length	XP_054608733.1 epyc [organism=Dunckerocampus dactyliophorus] [GeneID=129168006]	Dunckerocampus_dactyliophorus|EPYC|XP_054608733.1
EPYC	XP_021030160.1	Mus caroli	110303405		322	kept	representative	XP_021030160.1 Epyc [organism=Mus caroli] [GeneID=110303405]	Mus_caroli|EPYC|XP_021030160.1
EPYC	XP_021030161.1	Mus caroli	110303405		322	excluded	extra_isoform_same_locus	XP_021030161.1 Epyc [organism=Mus caroli] [GeneID=110303405]	Mus_caroli|EPYC|XP_021030161.1
EPYC	XP_015287389.2	Macaca fascicularis	102145039		322	kept	representative	XP_015287389.2 EPYC [organism=Macaca fascicularis] [GeneID=102145039]	Macaca_fascicularis|EPYC|XP_015287389.2
EPYC	XP_029453479.1	Rhinatrema bivittatum	115089574		316	kept	representative	XP_029453479.1 EPYC [organism=Rhinatrema bivittatum] [GeneID=115089574]	Rhinatrema_bivittatum|EPYC|XP_029453479.1
EPYC	XP_074180962.1	Rhinolophus sinicus	109452883		169	excluded	absolute_length	XP_074180962.1 EPYC [organism=Rhinolophus sinicus] [GeneID=109452883]	Rhinolophus_sinicus|EPYC|XP_074180962.1
EPYC	XP_017723837.1	Rhinopithecus bieti	108527200		322	kept	representative	XP_017723837.1 EPYC [organism=Rhinopithecus bieti] [GeneID=108527200]	Rhinopithecus_bieti|EPYC|XP_017723837.1
EPYC	XP_017723838.1	Rhinopithecus bieti	108527200		322	excluded	extra_isoform_same_locus	XP_017723838.1 EPYC [organism=Rhinopithecus bieti] [GeneID=108527200]	Rhinopithecus_bieti|EPYC|XP_017723838.1
EPYC	XP_076184786.1	Aptenodytes patagonicus	143155710		316	kept	representative	XP_076184786.1 EPYC [organism=Aptenodytes patagonicus] [GeneID=143155710]	Aptenodytes_patagonicus|EPYC|XP_076184786.1
EPYC	XP_019399560.1	Crocodylus porosus	109316086		316	kept	representative	XP_019399560.1 EPYC [organism=Crocodylus porosus] [GeneID=109316086]	Crocodylus_porosus|EPYC|XP_019399560.1
EPYC	XP_042803278.1	Panthera leo	122224901		320	kept	representative	XP_042803278.1 EPYC [organism=Panthera leo] [GeneID=122224901]	Panthera_leo|EPYC|XP_042803278.1
EPYC	XP_046729802.1	Silurus meridionalis	124401486		318	kept	representative	XP_046729802.1 epyc [organism=Silurus meridionalis] [GeneID=124401486]	Silurus_meridionalis|EPYC|XP_046729802.1
EPYC	XP_061570719.1	Cololabis saira	133424245	X1	629	excluded	absolute_length	XP_061570719.1 epyc [organism=Cololabis saira] [GeneID=133424245] [isoform=X1]	Cololabis_saira|EPYC|XP_061570719.1
EPYC	XP_061570720.1	Cololabis saira	133424245	X2	328	kept	representative	XP_061570720.1 epyc [organism=Cololabis saira] [GeneID=133424245] [isoform=X2]	Cololabis_saira|EPYC|XP_061570720.1
EPYC	XP_084650247.1	Acomys minous	311604347		322	kept	representative	XP_084650247.1 EPYC [organism=Acomys minous] [GeneID=311604347]	Acomys_minous|EPYC|XP_084650247.1
EPYC	XP_074076915.1	Macrotis lagotis	141511767		318	kept	representative	XP_074076915.1 EPYC [organism=Macrotis lagotis] [GeneID=141511767]	Macrotis_lagotis|EPYC|XP_074076915.1
EPYC	XP_074076916.1	Macrotis lagotis	141511767		318	excluded	extra_isoform_same_locus	XP_074076916.1 EPYC [organism=Macrotis lagotis] [GeneID=141511767]	Macrotis_lagotis|EPYC|XP_074076916.1
EPYC	XP_074481659.1	Sebastes fasciatus	141761896		588	excluded	relative_length	XP_074481659.1 epyc [organism=Sebastes fasciatus] [GeneID=141761896]	Sebastes_fasciatus|EPYC|XP_074481659.1
EPYC	XP_010631653.1	Fukomys damarensis	104868552		323	kept	representative	XP_010631653.1 Epyc [organism=Fukomys damarensis] [GeneID=104868552]	Fukomys_damarensis|EPYC|XP_010631653.1
EPYC	XP_031206215.1	Mastomys coucha	116076531		308	kept	representative	XP_031206215.1 Epyc [organism=Mastomys coucha] [GeneID=116076531]	Mastomys_coucha|EPYC|XP_031206215.1
EPYC	XP_051544254.1	Myxocyprinus asiaticus	127435101	X1	690	excluded	absolute_length	XP_051544254.1 epyc [organism=Myxocyprinus asiaticus] [GeneID=127435101] [isoform=X1]	Myxocyprinus_asiaticus|EPYC|XP_051544254.1
EPYC	XP_051544255.1	Myxocyprinus asiaticus	127435101	X2	654	excluded	absolute_length	XP_051544255.1 epyc [organism=Myxocyprinus asiaticus] [GeneID=127435101] [isoform=X2]	Myxocyprinus_asiaticus|EPYC|XP_051544255.1
EPYC	XP_052524040.1	Tympanuchus pallidicinctus	128073331		316	kept	representative	XP_052524040.1 EPYC [organism=Tympanuchus pallidicinctus] [GeneID=128073331]	Tympanuchus_pallidicinctus|EPYC|XP_052524040.1
EPYC	XP_071375292.1	Centroberyx affinis	139643897		272	kept	representative	XP_071375292.1 epyc [organism=Centroberyx affinis] [GeneID=139643897]	Centroberyx_affinis|EPYC|XP_071375292.1
EPYC	XP_075810198.1	Microtus pennsylvanicus	142838583		322	kept	representative	XP_075810198.1 Epyc [organism=Microtus pennsylvanicus] [GeneID=142838583]	Microtus_pennsylvanicus|EPYC|XP_075810198.1
EPYC	XP_029115318.1	Scleropages formosus	108931382		348	kept	representative	XP_029115318.1 epyc [organism=Scleropages formosus] [GeneID=108931382]	Scleropages_formosus|EPYC|XP_029115318.1
EPYC	XP_053271280.1	Pleuronectes platessa	128429020		601	excluded	absolute_length	XP_053271280.1 epyc [organism=Pleuronectes platessa] [GeneID=128429020]	Pleuronectes_platessa|EPYC|XP_053271280.1
EPYC	XP_055483771.1	Psammomys obesus	129691651		370	kept	representative	XP_055483771.1 Epyc [organism=Psammomys obesus] [GeneID=129691651]	Psammomys_obesus|EPYC|XP_055483771.1
EPYC	XP_083715234.1	Zosterops lateralis	310908265		316	kept	representative	XP_083715234.1 EPYC [organism=Zosterops lateralis] [GeneID=310908265]	Zosterops_lateralis|EPYC|XP_083715234.1
EPYC	XP_034718941.1	Etheostoma cragini	117938444	X1	632	excluded	absolute_length	XP_034718941.1 epyc [organism=Etheostoma cragini] [GeneID=117938444] [isoform=X1]	Etheostoma_cragini|EPYC|XP_034718941.1
EPYC	XP_034718942.1	Etheostoma cragini	117938444	X2	433	excluded	relative_length	XP_034718942.1 epyc [organism=Etheostoma cragini] [GeneID=117938444] [isoform=X2]	Etheostoma_cragini|EPYC|XP_034718942.1
EPYC	XP_060745214.1	Tachysurus vachellii	132858773		728	excluded	absolute_length	XP_060745214.1 epyc [organism=Tachysurus vachellii] [GeneID=132858773]	Tachysurus_vachellii|EPYC|XP_060745214.1
EPYC	XP_026548450.1	Notechis scutatus	113430198		96	excluded	absolute_length	XP_026548450.1 EPYC [organism=Notechis scutatus] [GeneID=113430198]	Notechis_scutatus|EPYC|XP_026548450.1
EPYC	XP_061920808.1	Entelurus aequoreus	133661550		650	excluded	absolute_length	XP_061920808.1 epyc [organism=Entelurus aequoreus] [GeneID=133661550]	Entelurus_aequoreus|EPYC|XP_061920808.1
EPYC	XP_010982163.1	Camelus dromedarius	105092211		320	kept	representative	XP_010982163.1 EPYC [organism=Camelus dromedarius] [GeneID=105092211]	Camelus_dromedarius|EPYC|XP_010982163.1
EPYC	XP_060633319.2	Anolis sagrei	132776109		316	kept	representative	XP_060633319.2 EPYC [organism=Anolis sagrei] [GeneID=132776109]	Anolis_sagrei|EPYC|XP_060633319.2
EPYC	XP_080560946.1	Muscardinus avellanarius	308269445		413	kept	representative	XP_080560946.1 EPYC [organism=Muscardinus avellanarius] [GeneID=308269445]	Muscardinus_avellanarius|EPYC|XP_080560946.1
EPYC	XP_031439250.1	Clupea harengus	105897484		563	excluded	relative_length	XP_031439250.1 epyc [organism=Clupea harengus] [GeneID=105897484]	Clupea_harengus|EPYC|XP_031439250.1
EPYC	XP_036920548.1	Sturnira hondurensis	118999922		320	kept	representative	XP_036920548.1 EPYC [organism=Sturnira hondurensis] [GeneID=118999922]	Sturnira_hondurensis|EPYC|XP_036920548.1
EPYC	XP_038150103.1	Cyprinodon tularosa	119789334		577	excluded	relative_length	XP_038150103.1 epyc [organism=Cyprinodon tularosa] [GeneID=119789334]	Cyprinodon_tularosa|EPYC|XP_038150103.1
EPYC	XP_052630696.1	Harpia harpyja	128135668		316	kept	representative	XP_052630696.1 EPYC [organism=Harpia harpyja] [GeneID=128135668]	Harpia_harpyja|EPYC|XP_052630696.1
EPYC	XP_082275309.1	Balaenoptera physalus	309640422		321	kept	representative	XP_082275309.1 EPYC [organism=Balaenoptera physalus] [GeneID=309640422]	Balaenoptera_physalus|EPYC|XP_082275309.1
EPYC	XP_058936897.1	Kogia breviceps	131766518		321	kept	representative	XP_058936897.1 EPYC [organism=Kogia breviceps] [GeneID=131766518]	Kogia_breviceps|EPYC|XP_058936897.1
EPYC	XP_069571863.1	Brachyistius frenatus	138631048	X1	376	excluded	extra_isoform_same_locus	XP_069571863.1 epyc [organism=Brachyistius frenatus] [GeneID=138631048] [isoform=X1]	Brachyistius_frenatus|EPYC|XP_069571863.1
EPYC	XP_069571864.1	Brachyistius frenatus	138631048	X2	332	kept	representative	XP_069571864.1 epyc [organism=Brachyistius frenatus] [GeneID=138631048] [isoform=X2]	Brachyistius_frenatus|EPYC|XP_069571864.1
EPYC	XP_074960560.1	Phalacrocorax aristotelis	142062080		316	kept	representative	XP_074960560.1 EPYC [organism=Phalacrocorax aristotelis] [GeneID=142062080]	Phalacrocorax_aristotelis|EPYC|XP_074960560.1
EPYC	XP_062299653.1	Scomber scombrus	134004413		606	excluded	absolute_length	XP_062299653.1 epyc [organism=Scomber scombrus] [GeneID=134004413]	Scomber_scombrus|EPYC|XP_062299653.1
EPYC	XP_008141997.1	Eptesicus fuscus	103288058		320	kept	representative	XP_008141997.1 EPYC [organism=Eptesicus fuscus] [GeneID=103288058]	Eptesicus_fuscus|EPYC|XP_008141997.1
EPYC	XP_016344793.1	Sinocyclocheilus anshuiensis	107690887		683	excluded	absolute_length	XP_016344793.1 epyc [organism=Sinocyclocheilus anshuiensis] [GeneID=107690887]	Sinocyclocheilus_anshuiensis|EPYC|XP_016344793.1
EPYC	XP_037615780.1	Sebastes umbrosus	119482405		588	excluded	relative_length	XP_037615780.1 epyc [organism=Sebastes umbrosus] [GeneID=119482405]	Sebastes_umbrosus|EPYC|XP_037615780.1
EPYC	XP_038010315.1	Motacilla alba alba	119708242		316	kept	representative	XP_038010315.1 EPYC [organism=Motacilla alba alba] [GeneID=119708242]	Motacilla_alba_alba|EPYC|XP_038010315.1
EPYC	XP_038612851.1	Tachyglossus aculeatus	119937250		317	kept	representative	XP_038612851.1 EPYC [organism=Tachyglossus aculeatus] [GeneID=119937250]	Tachyglossus_aculeatus|EPYC|XP_038612851.1
EPYC	XP_041873486.1	Corvus kubaryi	121659432		316	kept	representative	XP_041873486.1 EPYC [organism=Corvus kubaryi] [GeneID=121659432]	Corvus_kubaryi|EPYC|XP_041873486.1
EPYC	XP_051911906.1	Hippocampus zosterae	127594055	X1	654	excluded	absolute_length	XP_051911906.1 epyc [organism=Hippocampus zosterae] [GeneID=127594055] [isoform=X1]	Hippocampus_zosterae|EPYC|XP_051911906.1
EPYC	XP_051911907.1	Hippocampus zosterae	127594055	X2	364	excluded	extra_isoform_same_locus	XP_051911907.1 epyc [organism=Hippocampus zosterae] [GeneID=127594055] [isoform=X2]	Hippocampus_zosterae|EPYC|XP_051911907.1
EPYC	XP_051911908.1	Hippocampus zosterae	127594055	X3	326	excluded	extra_isoform_same_locus	XP_051911908.1 epyc [organism=Hippocampus zosterae] [GeneID=127594055] [isoform=X3]	Hippocampus_zosterae|EPYC|XP_051911908.1
EPYC	XP_051911909.1	Hippocampus zosterae	127594055	X4	324	kept	representative	XP_051911909.1 epyc [organism=Hippocampus zosterae] [GeneID=127594055] [isoform=X4]	Hippocampus_zosterae|EPYC|XP_051911909.1
EPYC	XP_084017700.1	Coregonus lavaretus	311129289		345	kept	representative	XP_084017700.1 epyc [organism=Coregonus lavaretus] [GeneID=311129289]	Coregonus_lavaretus|EPYC|XP_084017700.1
EPYC	XP_043963648.1	Gambusia affinis	122826169		603	excluded	absolute_length	XP_043963648.1 epyc [organism=Gambusia affinis] [GeneID=122826169]	Gambusia_affinis|EPYC|XP_043963648.1
EPYC	XP_043943792.1	Protopterus annectens	122815389	X1	315	kept	representative	XP_043943792.1 EPYC [organism=Protopterus annectens] [GeneID=122815389] [isoform=X1]	Protopterus_annectens|EPYC|XP_043943792.1
EPYC	XP_043943793.1	Protopterus annectens	122815389	X2	305	excluded	extra_isoform_same_locus	XP_043943793.1 EPYC [organism=Protopterus annectens] [GeneID=122815389] [isoform=X2]	Protopterus_annectens|EPYC|XP_043943793.1
EPYC	XP_009672856.1	Struthio camelus	104143840		316	kept	representative	XP_009672856.1 EPYC [organism=Struthio camelus] [GeneID=104143840]	Struthio_camelus|EPYC|XP_009672856.1
EPYC	XP_057712105.1	Corythoichthys intestinalis	130929158	X1	727	excluded	absolute_length	XP_057712105.1 epyc [organism=Corythoichthys intestinalis] [GeneID=130929158] [isoform=X1]	Corythoichthys_intestinalis|EPYC|XP_057712105.1
EPYC	XP_057712106.1	Corythoichthys intestinalis	130929158	X2	640	excluded	absolute_length	XP_057712106.1 epyc [organism=Corythoichthys intestinalis] [GeneID=130929158] [isoform=X2]	Corythoichthys_intestinalis|EPYC|XP_057712106.1
EPYC	XP_079039657.1	Pholis gunnellus	306713721		371	kept	representative	XP_079039657.1 epyc [organism=Pholis gunnellus] [GeneID=306713721]	Pholis_gunnellus|EPYC|XP_079039657.1
EPYC	XP_028305568.1	Gouania willdenowi	114465037	X1	589	excluded	relative_length	XP_028305568.1 epyc [organism=Gouania willdenowi] [GeneID=114465037] [isoform=X1]	Gouania_willdenowi|EPYC|XP_028305568.1
EPYC	XP_028305569.1	Gouania willdenowi	114465037	X1	589	excluded	relative_length	XP_028305569.1 epyc [organism=Gouania willdenowi] [GeneID=114465037] [isoform=X1]	Gouania_willdenowi|EPYC|XP_028305569.1
EPYC	XP_028305570.1	Gouania willdenowi	114465037	X1	589	excluded	relative_length	XP_028305570.1 epyc [organism=Gouania willdenowi] [GeneID=114465037] [isoform=X1]	Gouania_willdenowi|EPYC|XP_028305570.1
EPYC	XP_028305571.1	Gouania willdenowi	114465037	X2	437	excluded	relative_length	XP_028305571.1 epyc [organism=Gouania willdenowi] [GeneID=114465037] [isoform=X2]	Gouania_willdenowi|EPYC|XP_028305571.1
EPYC	XP_035764245.1	Neolamprologus brichardi	102775579		624	excluded	absolute_length	XP_035764245.1 epyc [organism=Neolamprologus brichardi] [GeneID=102775579]	Neolamprologus_brichardi|EPYC|XP_035764245.1
EPYC	XP_032272245.1	Phoca vitulina	116639766		260	kept	representative	XP_032272245.1 EPYC [organism=Phoca vitulina] [GeneID=116639766]	Phoca_vitulina|EPYC|XP_032272245.1
EPYC	XP_036433584.1	Colossoma macropomum	118812600		710	excluded	absolute_length	XP_036433584.1 epyc [organism=Colossoma macropomum] [GeneID=118812600]	Colossoma_macropomum|EPYC|XP_036433584.1
EPYC	XP_050180122.1	Myiozetetes cayanensis	126644612		316	kept	representative	XP_050180122.1 EPYC [organism=Myiozetetes cayanensis] [GeneID=126644612]	Myiozetetes_cayanensis|EPYC|XP_050180122.1
EPYC	XP_014696754.1	Equus asinus	106831195		321	kept	representative	XP_014696754.1 EPYC [organism=Equus asinus] [GeneID=106831195]	Equus_asinus|EPYC|XP_014696754.1
EPYC	XP_070363150.1	Equus asinus	106831195		321	excluded	extra_isoform_same_locus	XP_070363150.1 EPYC [organism=Equus asinus] [GeneID=106831195]	Equus_asinus|EPYC|XP_070363150.1
EPYC	XP_006180838.1	Camelus ferus	102520111		320	kept	representative	XP_006180838.1 EPYC [organism=Camelus ferus] [GeneID=102520111]	Camelus_ferus|EPYC|XP_006180838.1
EPYC	XP_006759417.1	Myotis davidii	102754408		321	kept	representative	XP_006759417.1 EPYC [organism=Myotis davidii] [GeneID=102754408]	Myotis_davidii|EPYC|XP_006759417.1
EPYC	XP_077090554.1	Siphateles boraxobius	143741897		660	excluded	absolute_length	XP_077090554.1 epyc [organism=Siphateles boraxobius] [GeneID=143741897]	Siphateles_boraxobius|EPYC|XP_077090554.1
EPYC	XP_081340445.1	Giraffa tippelskirchi	145503872	X1	321	kept	representative	XP_081340445.1 EPYC [organism=Giraffa tippelskirchi] [GeneID=145503872] [isoform=X1]	Giraffa_tippelskirchi|EPYC|XP_081340445.1
EPYC	XP_081340446.1	Giraffa tippelskirchi	145503872	X2	266	excluded	extra_isoform_same_locus	XP_081340446.1 EPYC [organism=Giraffa tippelskirchi] [GeneID=145503872] [isoform=X2]	Giraffa_tippelskirchi|EPYC|XP_081340446.1
EPYC	XP_017566784.1	Pygocentrus nattereri	108435447		697	excluded	absolute_length	XP_017566784.1 epyc [organism=Pygocentrus nattereri] [GeneID=108435447]	Pygocentrus_nattereri|EPYC|XP_017566784.1
EPYC	XP_054039037.1	Rissa tridactyla	128901224		316	kept	representative	XP_054039037.1 EPYC [organism=Rissa tridactyla] [GeneID=128901224]	Rissa_tridactyla|EPYC|XP_054039037.1
EPYC	XP_056605003.1	Triplophysa dalaica	130421242		710	excluded	absolute_length	XP_056605003.1 epyc [organism=Triplophysa dalaica] [GeneID=130421242]	Triplophysa_dalaica|EPYC|XP_056605003.1
EPYC	XP_073410382.1	Dendrobates tinctorius	141058117		317	kept	representative	XP_073410382.1 EPYC [organism=Dendrobates tinctorius] [GeneID=141058117]	Dendrobates_tinctorius|EPYC|XP_073410382.1
EPYC	XP_074807248.1	Natator depressus	141986554		316	kept	representative	XP_074807248.1 EPYC [organism=Natator depressus] [GeneID=141986554]	Natator_depressus|EPYC|XP_074807248.1
EPYC	XP_004583148.2	Ochotona princeps	101536082		321	kept	representative	XP_004583148.2 EPYC [organism=Ochotona princeps] [GeneID=101536082]	Ochotona_princeps|EPYC|XP_004583148.2
EPYC	XP_061523984.1	Phycodurus eques	133397292		615	excluded	absolute_length	XP_061523984.1 epyc [organism=Phycodurus eques] [GeneID=133397292]	Phycodurus_eques|EPYC|XP_061523984.1
EPYC	XP_009947229.2	Leptosomus discolor	104340965		316	kept	representative	XP_009947229.2 EPYC [organism=Leptosomus discolor] [GeneID=104340965]	Leptosomus_discolor|EPYC|XP_009947229.2
EPYC	XP_017404095.1	Cebus imitator	108317902		319	kept	representative	XP_017404095.1 EPYC [organism=Cebus imitator] [GeneID=108317902]	Cebus_imitator|EPYC|XP_017404095.1
EPYC	XP_084767087.1	Perissodus microlepis	146369293		618	excluded	absolute_length	XP_084767087.1 epyc [organism=Perissodus microlepis] [GeneID=146369293]	Perissodus_microlepis|EPYC|XP_084767087.1
EPYC	XP_026254449.1	Urocitellus parryii	113189742		322	kept	representative	XP_026254449.1 Epyc [organism=Urocitellus parryii] [GeneID=113189742]	Urocitellus_parryii|EPYC|XP_026254449.1
EPYC	XP_064587641.1	Zonotrichia leucophrys gambelii	135457170		316	kept	representative	XP_064587641.1 EPYC [organism=Zonotrichia leucophrys gambelii] [GeneID=135457170]	Zonotrichia_leucophrys_gambelii|EPYC|XP_064587641.1
EPYC	XP_065140940.2	Paramisgurnus dabryanus	135774892	X1	692	excluded	absolute_length	XP_065140940.2 epyc [organism=Paramisgurnus dabryanus] [GeneID=135774892] [isoform=X1]	Paramisgurnus_dabryanus|EPYC|XP_065140940.2
EPYC	XP_073670774.1	Paramisgurnus dabryanus	135774892	X2	327	kept	representative	XP_073670774.1 epyc [organism=Paramisgurnus dabryanus] [GeneID=135774892] [isoform=X2]	Paramisgurnus_dabryanus|EPYC|XP_073670774.1
EPYC	XP_069084906.1	Pleurodeles waltl	138287872		318	kept	representative	XP_069084906.1 EPYC [organism=Pleurodeles waltl] [GeneID=138287872]	Pleurodeles_waltl|EPYC|XP_069084906.1
EPYC	XP_025258386.1	Theropithecus gelada	112634789		322	kept	representative	XP_025258386.1 EPYC [organism=Theropithecus gelada] [GeneID=112634789]	Theropithecus_gelada|EPYC|XP_025258386.1
EPYC	XP_085232289.1	Diplotaxodon limnothrissa	146615190		618	excluded	absolute_length	XP_085232289.1 epyc [organism=Diplotaxodon limnothrissa] [GeneID=146615190]	Diplotaxodon_limnothrissa|EPYC|XP_085232289.1
EPYC	XP_014950074.1	Ovis aries	101112468		321	kept	representative	XP_014950074.1 EPYC [organism=Ovis aries] [GeneID=101112468]	Ovis_aries|EPYC|XP_014950074.1
EPYC	XP_085758627.1	Syngnathus leptorhynchus	147040027		630	excluded	absolute_length	XP_085758627.1 epyc [organism=Syngnathus leptorhynchus] [GeneID=147040027]	Syngnathus_leptorhynchus|EPYC|XP_085758627.1
EPYC	NP_001181144.3	Macaca mulatta	709645		322	kept	representative	NP_001181144.3 EPYC [organism=Macaca mulatta] [GeneID=709645]	Macaca_mulatta|EPYC|NP_001181144.3
EPYC	XP_073337103.1	Pagrus major	141008569		573	excluded	relative_length	XP_073337103.1 epyc [organism=Pagrus major] [GeneID=141008569]	Pagrus_major|EPYC|XP_073337103.1
EPYC	XP_080247529.1	Falco punctatus	308065431	1	316	kept	representative	XP_080247529.1 EPYC [organism=Falco punctatus] [GeneID=308065431] [isoform=1]	Falco_punctatus|EPYC|XP_080247529.1
EPYC	XP_080247530.1	Falco punctatus	308065431	2	305	excluded	extra_isoform_same_locus	XP_080247530.1 EPYC [organism=Falco punctatus] [GeneID=308065431] [isoform=2]	Falco_punctatus|EPYC|XP_080247530.1
EPYC	XP_013859654.1	Austrofundulus limnaeus	106514780	X1	743	excluded	absolute_length	XP_013859654.1 epyc [organism=Austrofundulus limnaeus] [GeneID=106514780] [isoform=X1]	Austrofundulus_limnaeus|EPYC|XP_013859654.1
EPYC	XP_013859655.1	Austrofundulus limnaeus	106514780	X2	417	kept	representative	XP_013859655.1 epyc [organism=Austrofundulus limnaeus] [GeneID=106514780] [isoform=X2]	Austrofundulus_limnaeus|EPYC|XP_013859655.1
EPYC	XP_014191607.1	Haplochromis burtoni	102289310		615	excluded	absolute_length	XP_014191607.1 epyc [organism=Haplochromis burtoni] [GeneID=102289310]	Haplochromis_burtoni|EPYC|XP_014191607.1
EPYC	XP_039617732.1	Polypterus senegalus	120534305		325	kept	representative	XP_039617732.1 epyc [organism=Polypterus senegalus] [GeneID=120534305]	Polypterus_senegalus|EPYC|XP_039617732.1
EPYC	XP_044535103.1	Gracilinanus agilis	123250132		165	excluded	absolute_length	XP_044535103.1 EPYC [organism=Gracilinanus agilis] [GeneID=123250132]	Gracilinanus_agilis|EPYC|XP_044535103.1
EPYC	XP_076861481.1	Brachyhypopomus gauderio	143514328		733	excluded	absolute_length	XP_076861481.1 epyc [organism=Brachyhypopomus gauderio] [GeneID=143514328]	Brachyhypopomus_gauderio|EPYC|XP_076861481.1
EPYC	XP_079907533.1	Ammodytes marinus	307268674		374	kept	representative	XP_079907533.1 epyc [organism=Ammodytes marinus] [GeneID=307268674]	Ammodytes_marinus|EPYC|XP_079907533.1
EPYC	XP_040451603.1	Falco naumanni	121088964		316	kept	representative	XP_040451603.1 EPYC [organism=Falco naumanni] [GeneID=121088964]	Falco_naumanni|EPYC|XP_040451603.1
EPYC	XP_023605496.1	Myotis lucifugus	102421220		321	kept	representative	XP_023605496.1 EPYC [organism=Myotis lucifugus] [GeneID=102421220]	Myotis_lucifugus|EPYC|XP_023605496.1
EPYC	XP_046235718.1	Scatophagus argus	124054090		632	excluded	absolute_length	XP_046235718.1 epyc [organism=Scatophagus argus] [GeneID=124054090]	Scatophagus_argus|EPYC|XP_046235718.1
EPYC	XP_083966874.1	Abramis brama	311080665		693	excluded	absolute_length	XP_083966874.1 epyc [organism=Abramis brama] [GeneID=311080665]	Abramis_brama|EPYC|XP_083966874.1
EPYC	XP_042119324.1	Peromyscus maniculatus bairdii	102926037		322	kept	representative	XP_042119324.1 Epyc [organism=Peromyscus maniculatus bairdii] [GeneID=102926037]	Peromyscus_maniculatus_bairdii|EPYC|XP_042119324.1
EPYC	XP_081782729.1	Podarcis melisellensis	309378479	1	316	kept	representative	XP_081782729.1 EPYC [organism=Podarcis melisellensis] [GeneID=309378479] [isoform=1]	Podarcis_melisellensis|EPYC|XP_081782729.1
EPYC	XP_081782730.1	Podarcis melisellensis	309378479	1	316	excluded	extra_isoform_same_locus	XP_081782730.1 EPYC [organism=Podarcis melisellensis] [GeneID=309378479] [isoform=1]	Podarcis_melisellensis|EPYC|XP_081782730.1
EPYC	XP_081782731.1	Podarcis melisellensis	309378479	1	316	excluded	extra_isoform_same_locus	XP_081782731.1 EPYC [organism=Podarcis melisellensis] [GeneID=309378479] [isoform=1]	Podarcis_melisellensis|EPYC|XP_081782731.1
EPYC	XP_081782732.1	Podarcis melisellensis	309378479	1	316	excluded	extra_isoform_same_locus	XP_081782732.1 EPYC [organism=Podarcis melisellensis] [GeneID=309378479] [isoform=1]	Podarcis_melisellensis|EPYC|XP_081782732.1
EPYC	XP_081782733.1	Podarcis melisellensis	309378479	1	316	excluded	extra_isoform_same_locus	XP_081782733.1 EPYC [organism=Podarcis melisellensis] [GeneID=309378479] [isoform=1]	Podarcis_melisellensis|EPYC|XP_081782733.1
EPYC	XP_006131138.1	Pelodiscus sinensis	102455410		316	kept	representative	XP_006131138.1 EPYC [organism=Pelodiscus sinensis] [GeneID=102455410]	Pelodiscus_sinensis|EPYC|XP_006131138.1
EPYC	XP_075789130.1	Pelodiscus sinensis	102455410		316	excluded	extra_isoform_same_locus	XP_075789130.1 EPYC [organism=Pelodiscus sinensis] [GeneID=102455410]	Pelodiscus_sinensis|EPYC|XP_075789130.1
EPYC	XP_066447605.1	Eleutherodactylus coqui	136611714		325	kept	representative	XP_066447605.1 EPYC [organism=Eleutherodactylus coqui] [GeneID=136611714]	Eleutherodactylus_coqui|EPYC|XP_066447605.1
EPYC	XP_069811842.1	Dendropsophus ebraccatus	138774971		317	kept	representative	XP_069811842.1 EPYC [organism=Dendropsophus ebraccatus] [GeneID=138774971]	Dendropsophus_ebraccatus|EPYC|XP_069811842.1
EPYC	XP_069811845.1	Dendropsophus ebraccatus	138774971		317	excluded	extra_isoform_same_locus	XP_069811845.1 EPYC [organism=Dendropsophus ebraccatus] [GeneID=138774971]	Dendropsophus_ebraccatus|EPYC|XP_069811845.1
EPYC	XP_030640684.1	Chanos chanos	115821064		332	kept	representative	XP_030640684.1 epyc [organism=Chanos chanos] [GeneID=115821064]	Chanos_chanos|EPYC|XP_030640684.1
EPYC	XP_039918500.2	Hirundo rustica	120751984		313	kept	representative	XP_039918500.2 EPYC [organism=Hirundo rustica] [GeneID=120751984]	Hirundo_rustica|EPYC|XP_039918500.2
EPYC	XP_045319755.1	Leopardus geoffroyi	123590551		320	kept	representative	XP_045319755.1 EPYC [organism=Leopardus geoffroyi] [GeneID=123590551]	Leopardus_geoffroyi|EPYC|XP_045319755.1
EPYC	XP_056311721.1	Danio aesculapii	130223047		712	excluded	absolute_length	XP_056311721.1 epyc [organism=Danio aesculapii] [GeneID=130223047]	Danio_aesculapii|EPYC|XP_056311721.1
EPYC	XP_056311722.1	Danio aesculapii	130223047		712	excluded	absolute_length	XP_056311722.1 epyc [organism=Danio aesculapii] [GeneID=130223047]	Danio_aesculapii|EPYC|XP_056311722.1
EPYC	XP_084202661.1	Pagrus pagrus	311252901	1	374	excluded	extra_isoform_same_locus	XP_084202661.1 epyc [organism=Pagrus pagrus] [GeneID=311252901] [isoform=1]	Pagrus_pagrus|EPYC|XP_084202661.1
EPYC	XP_084202662.1	Pagrus pagrus	311252901	1	374	excluded	extra_isoform_same_locus	XP_084202662.1 epyc [organism=Pagrus pagrus] [GeneID=311252901] [isoform=1]	Pagrus_pagrus|EPYC|XP_084202662.1
EPYC	XP_084202663.1	Pagrus pagrus	311252901	2	330	kept	representative	XP_084202663.1 epyc [organism=Pagrus pagrus] [GeneID=311252901] [isoform=2]	Pagrus_pagrus|EPYC|XP_084202663.1
EPYC	XP_012967328.1	Mesocricetus auratus	101837129		322	kept	representative	XP_012967328.1 Epyc [organism=Mesocricetus auratus] [GeneID=101837129]	Mesocricetus_auratus|EPYC|XP_012967328.1
EPYC	XP_026003611.1	Astatotilapia calliptera	113009510		618	excluded	absolute_length	XP_026003611.1 epyc [organism=Astatotilapia calliptera] [GeneID=113009510]	Astatotilapia_calliptera|EPYC|XP_026003611.1
EPYC	XP_080147641.1	Astatotilapia calliptera	113009510		618	excluded	absolute_length	XP_080147641.1 epyc [organism=Astatotilapia calliptera] [GeneID=113009510]	Astatotilapia_calliptera|EPYC|XP_080147641.1
EPYC	XP_059537023.1	Myotis daubentonii	132226214		321	kept	representative	XP_059537023.1 EPYC [organism=Myotis daubentonii] [GeneID=132226214]	Myotis_daubentonii|EPYC|XP_059537023.1
EPYC	XP_068417494.1	Eschrichtius robustus	137775477		321	kept	representative	XP_068417494.1 EPYC [organism=Eschrichtius robustus] [GeneID=137775477]	Eschrichtius_robustus|EPYC|XP_068417494.1
EPYC	XP_068611670.1	Brachionichthys hirsutus	137911152		631	excluded	absolute_length	XP_068611670.1 epyc [organism=Brachionichthys hirsutus] [GeneID=137911152]	Brachionichthys_hirsutus|EPYC|XP_068611670.1
EPYC	XP_075408846.1	Tenrec ecaudatus	142450777		322	kept	representative	XP_075408846.1 EPYC [organism=Tenrec ecaudatus] [GeneID=142450777]	Tenrec_ecaudatus|EPYC|XP_075408846.1
EPYC	XP_010560161.1	Haliaeetus leucocephalus	104828276		316	kept	representative	XP_010560161.1 EPYC [organism=Haliaeetus leucocephalus] [GeneID=104828276]	Haliaeetus_leucocephalus|EPYC|XP_010560161.1
EPYC	XP_027536150.1	Neopelma chrysocephalum	113966088		332	kept	representative	XP_027536150.1 EPYC [organism=Neopelma chrysocephalum] [GeneID=113966088]	Neopelma_chrysocephalum|EPYC|XP_027536150.1
EPYC	XP_028388734.1	Phyllostomus discolor	114513597		320	kept	representative	XP_028388734.1 EPYC [organism=Phyllostomus discolor] [GeneID=114513597]	Phyllostomus_discolor|EPYC|XP_028388734.1
EPYC	XP_035874478.1	Phyllostomus discolor	114513597		320	excluded	extra_isoform_same_locus	XP_035874478.1 EPYC [organism=Phyllostomus discolor] [GeneID=114513597]	Phyllostomus_discolor|EPYC|XP_035874478.1
EPYC	XP_047644558.1	Phacochoerus africanus	125131854		320	kept	representative	XP_047644558.1 EPYC [organism=Phacochoerus africanus] [GeneID=125131854]	Phacochoerus_africanus|EPYC|XP_047644558.1
EPYC	XP_025737006.1	Callorhinus ursinus	112831070		463	excluded	relative_length	XP_025737006.1 EPYC [organism=Callorhinus ursinus] [GeneID=112831070]	Callorhinus_ursinus|EPYC|XP_025737006.1
EPYC	XP_078098729.1	Sander vitreus	144512052		634	excluded	absolute_length	XP_078098729.1 epyc [organism=Sander vitreus] [GeneID=144512052]	Sander_vitreus|EPYC|XP_078098729.1
EPYC	XP_011743025.2	Macaca nemestrina	105483744	X1	322	kept	representative	XP_011743025.2 EPYC [organism=Macaca nemestrina] [GeneID=105483744] [isoform=X1]	Macaca_nemestrina|EPYC|XP_011743025.2
EPYC	XP_070926785.1	Macaca nemestrina	105483744	X2	261	excluded	extra_isoform_same_locus	XP_070926785.1 EPYC [organism=Macaca nemestrina] [GeneID=105483744] [isoform=X2]	Macaca_nemestrina|EPYC|XP_070926785.1
EPYC	XP_054683931.1	Grus americana	129207269		316	kept	representative	XP_054683931.1 EPYC [organism=Grus americana] [GeneID=129207269]	Grus_americana|EPYC|XP_054683931.1
EPYC	XP_081734448.1	Podarcis erhardii	309350988	1	316	kept	representative	XP_081734448.1 EPYC [organism=Podarcis erhardii] [GeneID=309350988] [isoform=1]	Podarcis_erhardii|EPYC|XP_081734448.1
EPYC	XP_081734449.1	Podarcis erhardii	309350988	1	316	excluded	extra_isoform_same_locus	XP_081734449.1 EPYC [organism=Podarcis erhardii] [GeneID=309350988] [isoform=1]	Podarcis_erhardii|EPYC|XP_081734449.1
EPYC	XP_081734450.1	Podarcis erhardii	309350988	1	316	excluded	extra_isoform_same_locus	XP_081734450.1 EPYC [organism=Podarcis erhardii] [GeneID=309350988] [isoform=1]	Podarcis_erhardii|EPYC|XP_081734450.1
EPYC	XP_011939628.1	Cercocebus atys	105596817		322	kept	representative	XP_011939628.1 EPYC [organism=Cercocebus atys] [GeneID=105596817]	Cercocebus_atys|EPYC|XP_011939628.1
EPYC	XP_066490241.1	Tiliqua scincoides	136657348		316	kept	representative	XP_066490241.1 EPYC [organism=Tiliqua scincoides] [GeneID=136657348]	Tiliqua_scincoides|EPYC|XP_066490241.1
EPYC	XP_073187171.1	Lepidochelys kempii	140906680		316	kept	representative	XP_073187171.1 EPYC [organism=Lepidochelys kempii] [GeneID=140906680]	Lepidochelys_kempii|EPYC|XP_073187171.1
EPYC	XP_075327799.1	Odontesthes bonariensis	142385289		582	excluded	relative_length	XP_075327799.1 epyc [organism=Odontesthes bonariensis] [GeneID=142385289]	Odontesthes_bonariensis|EPYC|XP_075327799.1
EPYC	XP_079849602.1	Podarcis cretensis	307225561	1	316	kept	representative	XP_079849602.1 EPYC [organism=Podarcis cretensis] [GeneID=307225561] [isoform=1]	Podarcis_cretensis|EPYC|XP_079849602.1
EPYC	XP_079849603.1	Podarcis cretensis	307225561	1	316	excluded	extra_isoform_same_locus	XP_079849603.1 EPYC [organism=Podarcis cretensis] [GeneID=307225561] [isoform=1]	Podarcis_cretensis|EPYC|XP_079849603.1
EPYC	XP_079849604.1	Podarcis cretensis	307225561	1	316	excluded	extra_isoform_same_locus	XP_079849604.1 EPYC [organism=Podarcis cretensis] [GeneID=307225561] [isoform=1]	Podarcis_cretensis|EPYC|XP_079849604.1
EPYC	XP_079849605.1	Podarcis cretensis	307225561	1	316	excluded	extra_isoform_same_locus	XP_079849605.1 EPYC [organism=Podarcis cretensis] [GeneID=307225561] [isoform=1]	Podarcis_cretensis|EPYC|XP_079849605.1
EPYC	XP_015713449.2	Coturnix japonica	107311464		314	kept	representative	XP_015713449.2 EPYC [organism=Coturnix japonica] [GeneID=107311464]	Coturnix_japonica|EPYC|XP_015713449.2
EPYC	XP_085394583.1	Coturnix japonica	107311464		314	excluded	extra_isoform_same_locus	XP_085394583.1 EPYC [organism=Coturnix japonica] [GeneID=107311464]	Coturnix_japonica|EPYC|XP_085394583.1
EPYC	XP_011788987.1	Colobus angolensis palliatus	105505685		322	kept	representative	XP_011788987.1 EPYC [organism=Colobus angolensis palliatus] [GeneID=105505685]	Colobus_angolensis_palliatus|EPYC|XP_011788987.1
EPYC	XP_075716211.1	Rhinoderma darwinii	142751121		317	kept	representative	XP_075716211.1 EPYC [organism=Rhinoderma darwinii] [GeneID=142751121]	Rhinoderma_darwinii|EPYC|XP_075716211.1
EPYC	XP_003445031.2	Oreochromis niloticus	100702986		618	excluded	absolute_length	XP_003445031.2 epyc [organism=Oreochromis niloticus] [GeneID=100702986]	Oreochromis_niloticus|EPYC|XP_003445031.2
EPYC	XP_005451655.1	Oreochromis niloticus	100702986		618	excluded	absolute_length	XP_005451655.1 epyc [organism=Oreochromis niloticus] [GeneID=100702986]	Oreochromis_niloticus|EPYC|XP_005451655.1
EPYC	XP_025755569.1	Oreochromis niloticus	100702986		618	excluded	absolute_length	XP_025755569.1 epyc [organism=Oreochromis niloticus] [GeneID=100702986]	Oreochromis_niloticus|EPYC|XP_025755569.1
EPYC	XP_025755570.1	Oreochromis niloticus	100702986		618	excluded	absolute_length	XP_025755570.1 epyc [organism=Oreochromis niloticus] [GeneID=100702986]	Oreochromis_niloticus|EPYC|XP_025755570.1
EPYC	XP_006029354.1	Alligator sinensis	102385611		316	kept	representative	XP_006029354.1 EPYC [organism=Alligator sinensis] [GeneID=102385611]	Alligator_sinensis|EPYC|XP_006029354.1
EPYC	XP_006029355.1	Alligator sinensis	102385611		316	excluded	extra_isoform_same_locus	XP_006029355.1 EPYC [organism=Alligator sinensis] [GeneID=102385611]	Alligator_sinensis|EPYC|XP_006029355.1
EPYC	XP_011844303.1	Mandrillus leucophaeus	105545867		322	kept	representative	XP_011844303.1 EPYC [organism=Mandrillus leucophaeus] [GeneID=105545867]	Mandrillus_leucophaeus|EPYC|XP_011844303.1
EPYC	XP_056877982.1	Takifugu flavidus	130518993	X1	637	excluded	absolute_length	XP_056877982.1 epyc [organism=Takifugu flavidus] [GeneID=130518993] [isoform=X1]	Takifugu_flavidus|EPYC|XP_056877982.1
EPYC	XP_056877983.1	Takifugu flavidus	130518993	X2	593	excluded	relative_length	XP_056877983.1 epyc [organism=Takifugu flavidus] [GeneID=130518993] [isoform=X2]	Takifugu_flavidus|EPYC|XP_056877983.1
EPYC	XP_056877984.1	Takifugu flavidus	130518993	X3	565	excluded	relative_length	XP_056877984.1 epyc [organism=Takifugu flavidus] [GeneID=130518993] [isoform=X3]	Takifugu_flavidus|EPYC|XP_056877984.1
EPYC	XP_056877985.1	Takifugu flavidus	130518993	X4	521	excluded	relative_length	XP_056877985.1 epyc [organism=Takifugu flavidus] [GeneID=130518993] [isoform=X4]	Takifugu_flavidus|EPYC|XP_056877985.1
EPYC	XP_074914254.1	Buteo buteo	142045039		340	kept	representative	XP_074914254.1 EPYC [organism=Buteo buteo] [GeneID=142045039]	Buteo_buteo|EPYC|XP_074914254.1
EPYC	XP_030913437.1	Geospiza fortis	102035510		316	kept	representative	XP_030913437.1 EPYC [organism=Geospiza fortis] [GeneID=102035510]	Geospiza_fortis|EPYC|XP_030913437.1
EPYC	XP_019807721.1	Tursiops truncatus	101330463		321	kept	representative	XP_019807721.1 EPYC [organism=Tursiops truncatus] [GeneID=101330463]	Tursiops_truncatus|EPYC|XP_019807721.1
EPYC	XP_023571912.1	Octodon degus	101573768		319	kept	representative	XP_023571912.1 Epyc [organism=Octodon degus] [GeneID=101573768]	Octodon_degus|EPYC|XP_023571912.1
EPYC	XP_040413640.1	Cygnus olor	121070477		316	kept	representative	XP_040413640.1 EPYC [organism=Cygnus olor] [GeneID=121070477]	Cygnus_olor|EPYC|XP_040413640.1
EPYC	XP_015338134.1	Marmota marmota marmota	107139787		322	kept	representative	XP_015338134.1 Epyc [organism=Marmota marmota marmota] [GeneID=107139787]	Marmota_marmota_marmota|EPYC|XP_015338134.1
EPYC	XP_023415313.1	Loxodonta africana	100657027		322	kept	representative	XP_023415313.1 EPYC [organism=Loxodonta africana] [GeneID=100657027]	Loxodonta_africana|EPYC|XP_023415313.1
EPYC	XP_063011985.1	Melospiza melodia melodia	134418069		316	kept	representative	XP_063011985.1 EPYC [organism=Melospiza melodia melodia] [GeneID=134418069]	Melospiza_melodia_melodia|EPYC|XP_063011985.1
EPYC	XP_068828024.1	Capricornis sumatraensis	138079104		321	kept	representative	XP_068828024.1 EPYC [organism=Capricornis sumatraensis] [GeneID=138079104]	Capricornis_sumatraensis|EPYC|XP_068828024.1
EPYC	XP_007564130.1	Poecilia formosa	103146236	X1	586	excluded	relative_length	XP_007564130.1 epyc [organism=Poecilia formosa] [GeneID=103146236] [isoform=X1]	Poecilia_formosa|EPYC|XP_007564130.1
EPYC	XP_016532874.1	Poecilia formosa	103146236	X2	574	excluded	relative_length	XP_016532874.1 epyc [organism=Poecilia formosa] [GeneID=103146236] [isoform=X2]	Poecilia_formosa|EPYC|XP_016532874.1
EPYC	XP_025782705.1	Puma concolor	112863795		320	kept	representative	XP_025782705.1 EPYC [organism=Puma concolor] [GeneID=112863795]	Puma_concolor|EPYC|XP_025782705.1
EPYC	XP_041935092.1	Alosa sapidissima	121697587		538	excluded	relative_length	XP_041935092.1 epyc [organism=Alosa sapidissima] [GeneID=121697587]	Alosa_sapidissima|EPYC|XP_041935092.1
EPYC	XP_042258964.1	Thunnus maccoyii	121890604		592	excluded	relative_length	XP_042258964.1 epyc [organism=Thunnus maccoyii] [GeneID=121890604]	Thunnus_maccoyii|EPYC|XP_042258964.1
EPYC	XP_056435031.1	Gadus chalcogrammus	130372894		661	excluded	absolute_length	XP_056435031.1 epyc [organism=Gadus chalcogrammus] [GeneID=130372894]	Gadus_chalcogrammus|EPYC|XP_056435031.1
EPYC	XP_030071083.1	Microcaecilia unicolor	115478025		317	kept	representative	XP_030071083.1 EPYC [organism=Microcaecilia unicolor] [GeneID=115478025]	Microcaecilia_unicolor|EPYC|XP_030071083.1
EPYC	XP_024139655.1	Oryzias melastigma	112153566		589	excluded	relative_length	XP_024139655.1 epyc [organism=Oryzias melastigma] [GeneID=112153566]	Oryzias_melastigma|EPYC|XP_024139655.1
EPYC	XP_005279196.2	Chrysemys picta bellii	101932908		316	kept	representative	XP_005279196.2 EPYC [organism=Chrysemys picta bellii] [GeneID=101932908]	Chrysemys_picta_bellii|EPYC|XP_005279196.2
EPYC	XP_005279199.2	Chrysemys picta bellii	101932908		316	excluded	extra_isoform_same_locus	XP_005279199.2 EPYC [organism=Chrysemys picta bellii] [GeneID=101932908]	Chrysemys_picta_bellii|EPYC|XP_005279199.2
EPYC	XP_066040698.1	Chamaea fasciata	136290221		316	kept	representative	XP_066040698.1 EPYC [organism=Chamaea fasciata] [GeneID=136290221]	Chamaea_fasciata|EPYC|XP_066040698.1
EPYC	XP_053113879.1	Hemicordylus capensis	128328177		316	kept	representative	XP_053113879.1 EPYC [organism=Hemicordylus capensis] [GeneID=128328177]	Hemicordylus_capensis|EPYC|XP_053113879.1
EPYC	XP_062058014.1	Lepus europaeus	133767599		321	kept	representative	XP_062058014.1 EPYC [organism=Lepus europaeus] [GeneID=133767599]	Lepus_europaeus|EPYC|XP_062058014.1
EPYC	XP_083548078.1	Argentina silus	310820362		334	kept	representative	XP_083548078.1 epyc [organism=Argentina silus] [GeneID=310820362]	Argentina_silus|EPYC|XP_083548078.1
EPYC	XP_003823452.1	Pan paniscus	100971041		322	kept	representative	XP_003823452.1 EPYC [organism=Pan paniscus] [GeneID=100971041]	Pan_paniscus|EPYC|XP_003823452.1
EPYC	XP_033471049.2	Epinephelus lanceolatus	117249480		579	excluded	relative_length	XP_033471049.2 epyc [organism=Epinephelus lanceolatus] [GeneID=117249480]	Epinephelus_lanceolatus|EPYC|XP_033471049.2
EPYC	XP_068860011.1	Aphelocoma coerulescens	138104673		316	kept	representative	XP_068860011.1 EPYC [organism=Aphelocoma coerulescens] [GeneID=138104673]	Aphelocoma_coerulescens|EPYC|XP_068860011.1
EPYC	XP_024076116.1	Terrapene triunguis	112121314		316	kept	representative	XP_024076116.1 EPYC [organism=Terrapene triunguis] [GeneID=112121314]	Terrapene_triunguis|EPYC|XP_024076116.1
EPYC	XP_039524387.1	Pimephales promelas	120477062	X1	726	excluded	absolute_length	XP_039524387.1 epyc [organism=Pimephales promelas] [GeneID=120477062] [isoform=X1]	Pimephales_promelas|EPYC|XP_039524387.1
EPYC	XP_039524389.1	Pimephales promelas	120477062	X2	724	excluded	absolute_length	XP_039524389.1 epyc [organism=Pimephales promelas] [GeneID=120477062] [isoform=X2]	Pimephales_promelas|EPYC|XP_039524389.1
EPYC	XP_039524390.1	Pimephales promelas	120477062	X3	341	kept	representative	XP_039524390.1 epyc [organism=Pimephales promelas] [GeneID=120477062] [isoform=X3]	Pimephales_promelas|EPYC|XP_039524390.1
EPYC	XP_082651267.1	Cygnus columbianus	309896689	1	316	kept	representative	XP_082651267.1 EPYC [organism=Cygnus columbianus] [GeneID=309896689] [isoform=1]	Cygnus_columbianus|EPYC|XP_082651267.1
EPYC	XP_082651268.1	Cygnus columbianus	309896689	2	277	excluded	extra_isoform_same_locus	XP_082651268.1 EPYC [organism=Cygnus columbianus] [GeneID=309896689] [isoform=2]	Cygnus_columbianus|EPYC|XP_082651268.1
EPYC	XP_035502432.1	Scophthalmus maximus	118317663	X1	605	excluded	absolute_length	XP_035502432.1 epyc [organism=Scophthalmus maximus] [GeneID=118317663] [isoform=X1]	Scophthalmus_maximus|EPYC|XP_035502432.1
EPYC	XP_035502442.1	Scophthalmus maximus	118317663	X2	374	excluded	extra_isoform_same_locus	XP_035502442.1 epyc [organism=Scophthalmus maximus] [GeneID=118317663] [isoform=X2]	Scophthalmus_maximus|EPYC|XP_035502442.1
EPYC	XP_035502451.1	Scophthalmus maximus	118317663	X3	330	kept	representative	XP_035502451.1 epyc [organism=Scophthalmus maximus] [GeneID=118317663] [isoform=X3]	Scophthalmus_maximus|EPYC|XP_035502451.1
EPYC	XP_037316187.1	Pungitius pungitius	119210378		350	kept	representative	XP_037316187.1 epyc [organism=Pungitius pungitius] [GeneID=119210378]	Pungitius_pungitius|EPYC|XP_037316187.1
EPYC	XP_050602525.1	Macaca thibetana thibetana	126929995		322	kept	representative	XP_050602525.1 EPYC [organism=Macaca thibetana thibetana] [GeneID=126929995]	Macaca_thibetana_thibetana|EPYC|XP_050602525.1
EPYC	XP_051248406.1	Dicentrarchus labrax	127358903	X1	625	excluded	absolute_length	XP_051248406.1 epyc [organism=Dicentrarchus labrax] [GeneID=127358903] [isoform=X1]	Dicentrarchus_labrax|EPYC|XP_051248406.1
EPYC	XP_051248407.1	Dicentrarchus labrax	127358903	X2	609	excluded	absolute_length	XP_051248407.1 epyc [organism=Dicentrarchus labrax] [GeneID=127358903] [isoform=X2]	Dicentrarchus_labrax|EPYC|XP_051248407.1
EPYC	XP_051248408.1	Dicentrarchus labrax	127358903	X2	609	excluded	absolute_length	XP_051248408.1 epyc [organism=Dicentrarchus labrax] [GeneID=127358903] [isoform=X2]	Dicentrarchus_labrax|EPYC|XP_051248408.1
EPYC	XP_051248409.1	Dicentrarchus labrax	127358903	X2	609	excluded	absolute_length	XP_051248409.1 epyc [organism=Dicentrarchus labrax] [GeneID=127358903] [isoform=X2]	Dicentrarchus_labrax|EPYC|XP_051248409.1
EPYC	XP_082491081.1	Mesoplodon mirus	309811786		321	kept	representative	XP_082491081.1 EPYC [organism=Mesoplodon mirus] [GeneID=309811786]	Mesoplodon_mirus|EPYC|XP_082491081.1
EPYC	XP_026724463.1	Athene cunicularia	113491604	X1	351	excluded	extra_isoform_same_locus	XP_026724463.1 EPYC [organism=Athene cunicularia] [GeneID=113491604] [isoform=X1]	Athene_cunicularia|EPYC|XP_026724463.1
EPYC	XP_026724464.1	Athene cunicularia	113491604	X2	315	kept	representative	XP_026724464.1 EPYC [organism=Athene cunicularia] [GeneID=113491604] [isoform=X2]	Athene_cunicularia|EPYC|XP_026724464.1
EPYC	XP_086255041.1	Bos grunniens	147371390		321	kept	representative	XP_086255041.1 EPYC [organism=Bos grunniens] [GeneID=147371390]	Bos_grunniens|EPYC|XP_086255041.1
EPYC	XP_074553935.1	Halichoeres trimaculatus	141810370	X1	443	excluded	relative_length	XP_074553935.1 epyc [organism=Halichoeres trimaculatus] [GeneID=141810370] [isoform=X1]	Halichoeres_trimaculatus|EPYC|XP_074553935.1
EPYC	XP_074553936.1	Halichoeres trimaculatus	141810370	X2	381	excluded	extra_isoform_same_locus	XP_074553936.1 epyc [organism=Halichoeres trimaculatus] [GeneID=141810370] [isoform=X2]	Halichoeres_trimaculatus|EPYC|XP_074553936.1
EPYC	XP_074553937.1	Halichoeres trimaculatus	141810370	X3	337	kept	representative	XP_074553937.1 epyc [organism=Halichoeres trimaculatus] [GeneID=141810370] [isoform=X3]	Halichoeres_trimaculatus|EPYC|XP_074553937.1
EPYC	XP_079092483.1	Taurulus bubalis	306752577		368	kept	representative	XP_079092483.1 epyc [organism=Taurulus bubalis] [GeneID=306752577]	Taurulus_bubalis|EPYC|XP_079092483.1
EPYC	XP_006923882.1	Pteropus alecto	102886120		321	kept	representative	XP_006923882.1 EPYC [organism=Pteropus alecto] [GeneID=102886120]	Pteropus_alecto|EPYC|XP_006923882.1
EPYC	XP_027961217.1	Eumetopias jubatus	114210983		426	excluded	relative_length	XP_027961217.1 EPYC [organism=Eumetopias jubatus] [GeneID=114210983]	Eumetopias_jubatus|EPYC|XP_027961217.1
EPYC	XP_027399453.1	Bos indicus x Bos taurus	113893794		321	kept	representative	XP_027399453.1 EPYC [organism=Bos indicus x Bos taurus] [GeneID=113893794]	Bos_indicus_x_Bos_taurus|EPYC|XP_027399453.1
EPYC	XP_005324488.2	Ictidomys tridecemlineatus	101975026		322	kept	representative	XP_005324488.2 Epyc [organism=Ictidomys tridecemlineatus] [GeneID=101975026]	Ictidomys_tridecemlineatus|EPYC|XP_005324488.2
EPYC	XP_020633584.3	Pogona vitticeps	110070255		316	kept	representative	XP_020633584.3 EPYC [organism=Pogona vitticeps] [GeneID=110070255]	Pogona_vitticeps|EPYC|XP_020633584.3
EPYC	XP_024415046.3	Desmodus rotundus	112303708		320	kept	representative	XP_024415046.3 EPYC [organism=Desmodus rotundus] [GeneID=112303708]	Desmodus_rotundus|EPYC|XP_024415046.3
EPYC	XP_079160620.1	Erithacus rubecula	306801426		316	kept	representative	XP_079160620.1 EPYC [organism=Erithacus rubecula] [GeneID=306801426]	Erithacus_rubecula|EPYC|XP_079160620.1
EPYC	XP_036747444.1	Manis pentadactyla	118915578		321	kept	representative	XP_036747444.1 EPYC [organism=Manis pentadactyla] [GeneID=118915578]	Manis_pentadactyla|EPYC|XP_036747444.1
EPYC	XP_052497028.1	Budorcas taxicolor	128048641		321	kept	representative	XP_052497028.1 EPYC [organism=Budorcas taxicolor] [GeneID=128048641]	Budorcas_taxicolor|EPYC|XP_052497028.1
EPYC	XP_082097161.1	Podarcis vaucheri	309542286	1	316	kept	representative	XP_082097161.1 EPYC [organism=Podarcis vaucheri] [GeneID=309542286] [isoform=1]	Podarcis_vaucheri|EPYC|XP_082097161.1
EPYC	XP_082097162.1	Podarcis vaucheri	309542286	1	316	excluded	extra_isoform_same_locus	XP_082097162.1 EPYC [organism=Podarcis vaucheri] [GeneID=309542286] [isoform=1]	Podarcis_vaucheri|EPYC|XP_082097162.1
EPYC	XP_082097163.1	Podarcis vaucheri	309542286	1	316	excluded	extra_isoform_same_locus	XP_082097163.1 EPYC [organism=Podarcis vaucheri] [GeneID=309542286] [isoform=1]	Podarcis_vaucheri|EPYC|XP_082097163.1
EPYC	XP_082097164.1	Podarcis vaucheri	309542286	1	316	excluded	extra_isoform_same_locus	XP_082097164.1 EPYC [organism=Podarcis vaucheri] [GeneID=309542286] [isoform=1]	Podarcis_vaucheri|EPYC|XP_082097164.1
EPYC	XP_068524090.1	Anas acuta	137848665		316	kept	representative	XP_068524090.1 EPYC [organism=Anas acuta] [GeneID=137848665]	Anas_acuta|EPYC|XP_068524090.1
EPYC	XP_013975233.1	Canis lupus familiaris	100855602		320	kept	representative	XP_013975233.1 EPYC [organism=Canis lupus familiaris] [GeneID=100855602]	Canis_lupus_familiaris|EPYC|XP_013975233.1
EPYC	XP_013975234.1	Canis lupus familiaris	100855602		320	excluded	extra_isoform_same_locus	XP_013975234.1 EPYC [organism=Canis lupus familiaris] [GeneID=100855602]	Canis_lupus_familiaris|EPYC|XP_013975234.1
EPYC	XP_038352172.1	Canis lupus familiaris	100855602		320	excluded	extra_isoform_same_locus	XP_038352172.1 EPYC [organism=Canis lupus familiaris] [GeneID=100855602]	Canis_lupus_familiaris|EPYC|XP_038352172.1
EPYC	XP_038352173.1	Canis lupus familiaris	100855602		320	excluded	extra_isoform_same_locus	XP_038352173.1 EPYC [organism=Canis lupus familiaris] [GeneID=100855602]	Canis_lupus_familiaris|EPYC|XP_038352173.1
EPYC	XP_038414559.1	Canis lupus familiaris	100855602		320	excluded	extra_isoform_same_locus	XP_038414559.1 EPYC [organism=Canis lupus familiaris] [GeneID=100855602]	Canis_lupus_familiaris|EPYC|XP_038414559.1
EPYC	XP_038414560.1	Canis lupus familiaris	100855602		320	excluded	extra_isoform_same_locus	XP_038414560.1 EPYC [organism=Canis lupus familiaris] [GeneID=100855602]	Canis_lupus_familiaris|EPYC|XP_038414560.1
EPYC	XP_038478458.1	Canis lupus familiaris	100855602		320	excluded	extra_isoform_same_locus	XP_038478458.1 EPYC [organism=Canis lupus familiaris] [GeneID=100855602]	Canis_lupus_familiaris|EPYC|XP_038478458.1
EPYC	XP_038478459.1	Canis lupus familiaris	100855602		320	excluded	extra_isoform_same_locus	XP_038478459.1 EPYC [organism=Canis lupus familiaris] [GeneID=100855602]	Canis_lupus_familiaris|EPYC|XP_038478459.1
EPYC	XP_038544145.1	Canis lupus familiaris	100855602		320	excluded	extra_isoform_same_locus	XP_038544145.1 EPYC [organism=Canis lupus familiaris] [GeneID=100855602]	Canis_lupus_familiaris|EPYC|XP_038544145.1
EPYC	XP_038544146.1	Canis lupus familiaris	100855602		320	excluded	extra_isoform_same_locus	XP_038544146.1 EPYC [organism=Canis lupus familiaris] [GeneID=100855602]	Canis_lupus_familiaris|EPYC|XP_038544146.1
EPYC	XP_011611741.1	Takifugu rubripes	101077283	X2	593	excluded	relative_length	XP_011611741.1 epyc [organism=Takifugu rubripes] [GeneID=101077283] [isoform=X2]	Takifugu_rubripes|EPYC|XP_011611741.1
EPYC	XP_029681689.1	Takifugu rubripes	101077283	X1	601	excluded	absolute_length	XP_029681689.1 epyc [organism=Takifugu rubripes] [GeneID=101077283] [isoform=X1]	Takifugu_rubripes|EPYC|XP_029681689.1
EPYC	XP_029681690.1	Takifugu rubripes	101077283	X3	529	excluded	relative_length	XP_029681690.1 epyc [organism=Takifugu rubripes] [GeneID=101077283] [isoform=X3]	Takifugu_rubripes|EPYC|XP_029681690.1
EPYC	XP_029681691.1	Takifugu rubripes	101077283	X4	328	kept	representative	XP_029681691.1 epyc [organism=Takifugu rubripes] [GeneID=101077283] [isoform=X4]	Takifugu_rubripes|EPYC|XP_029681691.1
EPYC	XP_054488060.2	Agelaius phoeniceus	129119865		316	kept	representative	XP_054488060.2 EPYC [organism=Agelaius phoeniceus] [GeneID=129119865]	Agelaius_phoeniceus|EPYC|XP_054488060.2
EPYC	XP_076709317.1	Callospermophilus lateralis	143397147		322	kept	representative	XP_076709317.1 Epyc [organism=Callospermophilus lateralis] [GeneID=143397147]	Callospermophilus_lateralis|EPYC|XP_076709317.1
EPYC	XP_077565850.1	Stigmatopora nigra	144181329		691	excluded	absolute_length	XP_077565850.1 epyc [organism=Stigmatopora nigra] [GeneID=144181329]	Stigmatopora_nigra|EPYC|XP_077565850.1
EPYC	XP_079724342.1	Squalius cephalus	307156725		690	excluded	absolute_length	XP_079724342.1 epyc [organism=Squalius cephalus] [GeneID=307156725]	Squalius_cephalus|EPYC|XP_079724342.1
EPYC	XP_045635986.1	Ursus americanus	123780856		321	kept	representative	XP_045635986.1 EPYC [organism=Ursus americanus] [GeneID=123780856]	Ursus_americanus|EPYC|XP_045635986.1
EPYC	XP_010136547.1	Buceros rhinoceros silvestris	104488474		316	kept	representative	XP_010136547.1 EPYC [organism=Buceros rhinoceros silvestris] [GeneID=104488474]	Buceros_rhinoceros_silvestris|EPYC|XP_010136547.1
EPYC	XP_081814781.1	Natrix helvetica	309394936		254	kept	representative	XP_081814781.1 EPYC [organism=Natrix helvetica] [GeneID=309394936]	Natrix_helvetica|EPYC|XP_081814781.1
EPYC	XP_015815457.3	Nothobranchius furzeri	107385829		648	excluded	absolute_length	XP_015815457.3 epyc [organism=Nothobranchius furzeri] [GeneID=107385829]	Nothobranchius_furzeri|EPYC|XP_015815457.3
EPYC	XP_037745698.1	Chelonia mydas	102937177		316	kept	representative	XP_037745698.1 EPYC [organism=Chelonia mydas] [GeneID=102937177]	Chelonia_mydas|EPYC|XP_037745698.1
EPYC	XP_072311196.1	Eucyclogobius newberryi	140368175		552	excluded	relative_length	XP_072311196.1 epyc [organism=Eucyclogobius newberryi] [GeneID=140368175]	Eucyclogobius_newberryi|EPYC|XP_072311196.1
EPYC	XP_079407626.1	Gobius niger	306959400		299	kept	representative	XP_079407626.1 epyc [organism=Gobius niger] [GeneID=306959400]	Gobius_niger|EPYC|XP_079407626.1
EPYC	XP_079631588.1	Cnephaeus nilssonii	307101953		320	kept	representative	XP_079631588.1 EPYC [organism=Cnephaeus nilssonii] [GeneID=307101953]	Cnephaeus_nilssonii|EPYC|XP_079631588.1
EPYC	XP_041521664.1	Microtus oregoni	121457078		322	kept	representative	XP_041521664.1 Epyc [organism=Microtus oregoni] [GeneID=121457078]	Microtus_oregoni|EPYC|XP_041521664.1
EPYC	XP_047598311.1	Lutra lutra	125107362		321	kept	representative	XP_047598311.1 EPYC [organism=Lutra lutra] [GeneID=125107362]	Lutra_lutra|EPYC|XP_047598311.1
EPYC	XP_057234904.1	Malurus melanocephalus	130581043		314	kept	representative	XP_057234904.1 EPYC [organism=Malurus melanocephalus] [GeneID=130581043]	Malurus_melanocephalus|EPYC|XP_057234904.1
EPYC	XP_014844932.1	Poecilia mexicana	106919220	X1	586	excluded	relative_length	XP_014844932.1 epyc [organism=Poecilia mexicana] [GeneID=106919220] [isoform=X1]	Poecilia_mexicana|EPYC|XP_014844932.1
EPYC	XP_014844933.1	Poecilia mexicana	106919220	X2	574	excluded	relative_length	XP_014844933.1 epyc [organism=Poecilia mexicana] [GeneID=106919220] [isoform=X2]	Poecilia_mexicana|EPYC|XP_014844933.1
EPYC	XP_050791807.1	Gopherus flavomarginatus	127042302		316	kept	representative	XP_050791807.1 EPYC [organism=Gopherus flavomarginatus] [GeneID=127042302]	Gopherus_flavomarginatus|EPYC|XP_050791807.1
EPYC	XP_054134522.1	Melozone crissalis	128938334		316	kept	representative	XP_054134522.1 EPYC [organism=Melozone crissalis] [GeneID=128938334]	Melozone_crissalis|EPYC|XP_054134522.1
EPYC	XP_083823789.1	Clangula hyemalis	310983797		316	kept	representative	XP_083823789.1 EPYC [organism=Clangula hyemalis] [GeneID=310983797]	Clangula_hyemalis|EPYC|XP_083823789.1
EPYC	XP_027630108.1	Tupaia belangeri chinensis	102473715		320	kept	representative	XP_027630108.1 EPYC [organism=Tupaia belangeri chinensis] [GeneID=102473715]	Tupaia_belangeri_chinensis|EPYC|XP_027630108.1
EPYC	XP_059367116.1	Carassius carassius	132105760	X1	671	excluded	absolute_length	XP_059367116.1 epyc [organism=Carassius carassius] [GeneID=132105760] [isoform=X1]	Carassius_carassius|EPYC|XP_059367116.1
EPYC	XP_059367117.1	Carassius carassius	132105760	X1	671	excluded	absolute_length	XP_059367117.1 epyc [organism=Carassius carassius] [GeneID=132105760] [isoform=X1]	Carassius_carassius|EPYC|XP_059367117.1
EPYC	XP_059367118.1	Carassius carassius	132105760	X2	451	excluded	relative_length	XP_059367118.1 epyc [organism=Carassius carassius] [GeneID=132105760] [isoform=X2]	Carassius_carassius|EPYC|XP_059367118.1
EPYC	XP_059367119.1	Carassius carassius	132105760	X3	365	excluded	extra_isoform_same_locus	XP_059367119.1 epyc [organism=Carassius carassius] [GeneID=132105760] [isoform=X3]	Carassius_carassius|EPYC|XP_059367119.1
EPYC	XP_059367120.1	Carassius carassius	132105760	X4	339	kept	representative	XP_059367120.1 epyc [organism=Carassius carassius] [GeneID=132105760] [isoform=X4]	Carassius_carassius|EPYC|XP_059367120.1
EPYC	XP_079350548.1	Electrona antarctica	306916532		335	kept	representative	XP_079350548.1 epyc [organism=Electrona antarctica] [GeneID=306916532]	Electrona_antarctica|EPYC|XP_079350548.1
EPYC	XP_082164701.1	Platalea leucorodia	309588860		316	kept	representative	XP_082164701.1 EPYC [organism=Platalea leucorodia] [GeneID=309588860]	Platalea_leucorodia|EPYC|XP_082164701.1
EPYC	XP_003989156.1	Felis catus	101100490	X1	320	kept	representative	XP_003989156.1 EPYC [organism=Felis catus] [GeneID=101100490] [isoform=X1]	Felis_catus|EPYC|XP_003989156.1
EPYC	XP_044918083.1	Felis catus	101100490	X2	267	excluded	extra_isoform_same_locus	XP_044918083.1 EPYC [organism=Felis catus] [GeneID=101100490] [isoform=X2]	Felis_catus|EPYC|XP_044918083.1
EPYC	XP_085108356.1	Mchenga conophoros	146555637		618	excluded	absolute_length	XP_085108356.1 epyc [organism=Mchenga conophoros] [GeneID=146555637]	Mchenga_conophoros|EPYC|XP_085108356.1
EPYC	XP_085108357.1	Mchenga conophoros	146555637		618	excluded	absolute_length	XP_085108357.1 epyc [organism=Mchenga conophoros] [GeneID=146555637]	Mchenga_conophoros|EPYC|XP_085108357.1
EPYC	XP_048790617.1	Lagopus muta	125688465	X1	316	kept	representative	XP_048790617.1 EPYC [organism=Lagopus muta] [GeneID=125688465] [isoform=X1]	Lagopus_muta|EPYC|XP_048790617.1
EPYC	XP_048790618.1	Lagopus muta	125688465	X2	269	excluded	extra_isoform_same_locus	XP_048790618.1 EPYC [organism=Lagopus muta] [GeneID=125688465] [isoform=X2]	Lagopus_muta|EPYC|XP_048790618.1
EPYC	XP_075580798.1	Pelecanus crispus	104025362		316	kept	representative	XP_075580798.1 EPYC [organism=Pelecanus crispus] [GeneID=104025362]	Pelecanus_crispus|EPYC|XP_075580798.1
EPYC	XP_065277860.1	Emys orbicularis	135893839		316	kept	representative	XP_065277860.1 EPYC [organism=Emys orbicularis] [GeneID=135893839]	Emys_orbicularis|EPYC|XP_065277860.1
EPYC	XP_070803987.1	Pituophis catenifer annectens	139319835		334	kept	representative	XP_070803987.1 EPYC [organism=Pituophis catenifer annectens] [GeneID=139319835]	Pituophis_catenifer_annectens|EPYC|XP_070803987.1
EPYC	XP_072006770.1	Engystomops pustulosus	140129022		316	kept	representative	XP_072006770.1 EPYC [organism=Engystomops pustulosus] [GeneID=140129022]	Engystomops_pustulosus|EPYC|XP_072006770.1
EPYC	XP_075347600.1	Mycteria americana	142404520		362	kept	representative	XP_075347600.1 EPYC [organism=Mycteria americana] [GeneID=142404520]	Mycteria_americana|EPYC|XP_075347600.1
EPYC	XP_026182874.1	Mastacembelus armatus	113142203		594	excluded	relative_length	XP_026182874.1 epyc [organism=Mastacembelus armatus] [GeneID=113142203]	Mastacembelus_armatus|EPYC|XP_026182874.1
EPYC	XP_006746821.2	Leptonychotes weddellii	102748002		321	kept	representative	XP_006746821.2 EPYC [organism=Leptonychotes weddellii] [GeneID=102748002]	Leptonychotes_weddellii|EPYC|XP_006746821.2
EPYC	XP_083222681.1	Vipera ursinii	310642669		232	kept	representative	XP_083222681.1 EPYC [organism=Vipera ursinii] [GeneID=310642669]	Vipera_ursinii|EPYC|XP_083222681.1
EPYC	XP_043736915.1	Cervus elaphus	122680080		321	kept	representative	XP_043736915.1 EPYC [organism=Cervus elaphus] [GeneID=122680080]	Cervus_elaphus|EPYC|XP_043736915.1
EPYC	XP_043736925.1	Cervus elaphus	122680080		321	excluded	extra_isoform_same_locus	XP_043736925.1 EPYC [organism=Cervus elaphus] [GeneID=122680080]	Cervus_elaphus|EPYC|XP_043736925.1
EPYC	XP_043736936.1	Cervus elaphus	122680080		321	excluded	extra_isoform_same_locus	XP_043736936.1 EPYC [organism=Cervus elaphus] [GeneID=122680080]	Cervus_elaphus|EPYC|XP_043736936.1
EPYC	XP_053320506.1	Spea bombifrons	128492092		320	kept	representative	XP_053320506.1 EPYC [organism=Spea bombifrons] [GeneID=128492092]	Spea_bombifrons|EPYC|XP_053320506.1
EPYC	XP_053320507.1	Spea bombifrons	128492092		320	excluded	extra_isoform_same_locus	XP_053320507.1 EPYC [organism=Spea bombifrons] [GeneID=128492092]	Spea_bombifrons|EPYC|XP_053320507.1
EPYC	XP_005910154.2	Bos mutus	102280185		321	kept	representative	XP_005910154.2 EPYC [organism=Bos mutus] [GeneID=102280185]	Bos_mutus|EPYC|XP_005910154.2
EPYC	XP_062373878.1	Sardina pilchardus	134062022		526	excluded	relative_length	XP_062373878.1 epyc [organism=Sardina pilchardus] [GeneID=134062022]	Sardina_pilchardus|EPYC|XP_062373878.1
EPYC	XP_063303190.1	Pelobates fuscus	134602334		319	kept	representative	XP_063303190.1 EPYC [organism=Pelobates fuscus] [GeneID=134602334]	Pelobates_fuscus|EPYC|XP_063303190.1
EPYC	XP_065521123.1	Lathamus discolor	136007129		316	kept	representative	XP_065521123.1 EPYC [organism=Lathamus discolor] [GeneID=136007129]	Lathamus_discolor|EPYC|XP_065521123.1
EPYC	XP_074024829.1	Numenius arquata	141479516		316	kept	representative	XP_074024829.1 EPYC [organism=Numenius arquata] [GeneID=141479516]	Numenius_arquata|EPYC|XP_074024829.1
EPYC	XP_006870780.1	Chrysochloris asiatica	102817808		322	kept	representative	XP_006870780.1 EPYC [organism=Chrysochloris asiatica] [GeneID=102817808]	Chrysochloris_asiatica|EPYC|XP_006870780.1
EPYC	XP_028673215.1	Erpetoichthys calabaricus	114663563		325	kept	representative	XP_028673215.1 epyc [organism=Erpetoichthys calabaricus] [GeneID=114663563]	Erpetoichthys_calabaricus|EPYC|XP_028673215.1
EPYC	XP_082207538.1	Balaenoptera borealis	309609696		321	kept	representative	XP_082207538.1 EPYC [organism=Balaenoptera borealis] [GeneID=309609696]	Balaenoptera_borealis|EPYC|XP_082207538.1
EPYC	XP_030677691.1	Nomascus leucogenys	100593408		322	kept	representative	XP_030677691.1 EPYC [organism=Nomascus leucogenys] [GeneID=100593408]	Nomascus_leucogenys|EPYC|XP_030677691.1
EPYC	XP_085878580.1	Filicampus tigris	147126664		657	excluded	absolute_length	XP_085878580.1 epyc [organism=Filicampus tigris] [GeneID=147126664]	Filicampus_tigris|EPYC|XP_085878580.1
EPYC	XP_064010840.1	Pogoniulus pusillus	135181517		316	kept	representative	XP_064010840.1 EPYC [organism=Pogoniulus pusillus] [GeneID=135181517]	Pogoniulus_pusillus|EPYC|XP_064010840.1
EPYC	XP_004415616.1	Odobenus rosmarus divergens	101364657		321	kept	representative	XP_004415616.1 EPYC [organism=Odobenus rosmarus divergens] [GeneID=101364657]	Odobenus_rosmarus_divergens|EPYC|XP_004415616.1
EPYC	XP_005374504.1	Chinchilla lanigera	102018797		318	kept	representative	XP_005374504.1 Epyc [organism=Chinchilla lanigera] [GeneID=102018797]	Chinchilla_lanigera|EPYC|XP_005374504.1
EPYC	XP_007123753.1	Physeter macrocephalus	102975116		321	kept	representative	XP_007123753.1 EPYC [organism=Physeter macrocephalus] [GeneID=102975116]	Physeter_macrocephalus|EPYC|XP_007123753.1
EPYC	XP_066110890.1	Saccopteryx bilineata	136322942		321	kept	representative	XP_066110890.1 EPYC [organism=Saccopteryx bilineata] [GeneID=136322942]	Saccopteryx_bilineata|EPYC|XP_066110890.1
EPYC	XP_010014399.1	Nestor notabilis	104406960		316	kept	representative	XP_010014399.1 EPYC [organism=Nestor notabilis] [GeneID=104406960]	Nestor_notabilis|EPYC|XP_010014399.1
EPYC	XP_019372239.1	Gavialis gangeticus	109297024		316	kept	representative	XP_019372239.1 EPYC [organism=Gavialis gangeticus] [GeneID=109297024]	Gavialis_gangeticus|EPYC|XP_019372239.1
EPYC	XP_036025292.1	Onychomys torridus	118570785		405	kept	representative	XP_036025292.1 Epyc [organism=Onychomys torridus] [GeneID=118570785]	Onychomys_torridus|EPYC|XP_036025292.1
EPYC	XP_051745810.1	Ctenopharyngodon idella	127510383		661	excluded	absolute_length	XP_051745810.1 epyc [organism=Ctenopharyngodon idella] [GeneID=127510383]	Ctenopharyngodon_idella|EPYC|XP_051745810.1
EPYC	XP_032153358.1	Sapajus apella	116564385		319	kept	representative	XP_032153358.1 EPYC [organism=Sapajus apella] [GeneID=116564385]	Sapajus_apella|EPYC|XP_032153358.1
EPYC	XP_055046732.2	Misgurnus anguillicaudatus	129432370	X1	319	kept	representative	XP_055046732.2 epyc [organism=Misgurnus anguillicaudatus] [GeneID=129432370] [isoform=X1]	Misgurnus_anguillicaudatus|EPYC|XP_055046732.2
EPYC	XP_055046733.2	Misgurnus anguillicaudatus	129432370	X2	719	excluded	absolute_length	XP_055046733.2 epyc [organism=Misgurnus anguillicaudatus] [GeneID=129432370] [isoform=X2]	Misgurnus_anguillicaudatus|EPYC|XP_055046733.2
EPYC	XP_075886205.1	Nelusetta ayraudi	142890815		637	excluded	absolute_length	XP_075886205.1 epyc [organism=Nelusetta ayraudi] [GeneID=142890815]	Nelusetta_ayraudi|EPYC|XP_075886205.1
EPYC	XP_051062253.1	Phodopus roborovskii	127237885		322	kept	representative	XP_051062253.1 Epyc [organism=Phodopus roborovskii] [GeneID=127237885]	Phodopus_roborovskii|EPYC|XP_051062253.1
EPYC	XP_052021949.1	Apodemus sylvaticus	127671256		322	kept	representative	XP_052021949.1 Epyc [organism=Apodemus sylvaticus] [GeneID=127671256]	Apodemus_sylvaticus|EPYC|XP_052021949.1
EPYC	XP_058597805.1	Neofelis nebulosa	131519117		320	kept	representative	XP_058597805.1 EPYC [organism=Neofelis nebulosa] [GeneID=131519117]	Neofelis_nebulosa|EPYC|XP_058597805.1
EPYC	XP_073506785.1	Phyllobates terribilis	141165035		317	kept	representative	XP_073506785.1 EPYC [organism=Phyllobates terribilis] [GeneID=141165035]	Phyllobates_terribilis|EPYC|XP_073506785.1
EPYC	XP_023788924.1	Cyanistes caeruleus	111933510		316	kept	representative	XP_023788924.1 EPYC [organism=Cyanistes caeruleus] [GeneID=111933510]	Cyanistes_caeruleus|EPYC|XP_023788924.1
EPYC	XP_044042672.1	Siniperca chuatsi	122871530	X1	702	excluded	absolute_length	XP_044042672.1 epyc [organism=Siniperca chuatsi] [GeneID=122871530] [isoform=X1]	Siniperca_chuatsi|EPYC|XP_044042672.1
EPYC	XP_044042674.1	Siniperca chuatsi	122871530	X2	598	excluded	relative_length	XP_044042674.1 epyc [organism=Siniperca chuatsi] [GeneID=122871530] [isoform=X2]	Siniperca_chuatsi|EPYC|XP_044042674.1
EPYC	XP_053506009.1	Ictalurus furcatus	128623147		698	excluded	absolute_length	XP_053506009.1 epyc [organism=Ictalurus furcatus] [GeneID=128623147]	Ictalurus_furcatus|EPYC|XP_053506009.1
EPYC	XP_056281272.1	Pseudoliparis swirei	130200767		616	excluded	absolute_length	XP_056281272.1 epyc [organism=Pseudoliparis swirei] [GeneID=130200767]	Pseudoliparis_swirei|EPYC|XP_056281272.1
EPYC	NP_004941.2	Homo sapiens	1833		322	kept	representative	NP_004941.2 EPYC [organism=Homo sapiens] [GeneID=1833]	Homo_sapiens|EPYC|NP_004941.2
EPYC	XP_011536310.1	Homo sapiens	1833	X1	261	excluded	extra_isoform_same_locus	XP_011536310.1 EPYC [organism=Homo sapiens] [GeneID=1833] [isoform=X1]	Homo_sapiens|EPYC|XP_011536310.1
EPYC	XP_054227327.1	Homo sapiens	1833	X1	261	excluded	extra_isoform_same_locus	XP_054227327.1 EPYC [organism=Homo sapiens] [GeneID=1833] [isoform=X1]	Homo_sapiens|EPYC|XP_054227327.1
EPYC	XP_068951237.1	Petaurus breviceps papuanus	138166673		318	kept	representative	XP_068951237.1 EPYC [organism=Petaurus breviceps papuanus] [GeneID=138166673]	Petaurus_breviceps_papuanus|EPYC|XP_068951237.1
EPYC	XP_068951238.1	Petaurus breviceps papuanus	138166673		318	excluded	extra_isoform_same_locus	XP_068951238.1 EPYC [organism=Petaurus breviceps papuanus] [GeneID=138166673]	Petaurus_breviceps_papuanus|EPYC|XP_068951238.1
EPYC	XP_077450132.1	Stigmatopora argus	144068998	X1	663	excluded	absolute_length	XP_077450132.1 epyc [organism=Stigmatopora argus] [GeneID=144068998] [isoform=X1]	Stigmatopora_argus|EPYC|XP_077450132.1
EPYC	XP_077450133.1	Stigmatopora argus	144068998	X2	559	excluded	relative_length	XP_077450133.1 epyc [organism=Stigmatopora argus] [GeneID=144068998] [isoform=X2]	Stigmatopora_argus|EPYC|XP_077450133.1
EPYC	XP_010382246.1	Rhinopithecus roxellana	104678616	X1	322	kept	representative	XP_010382246.1 EPYC [organism=Rhinopithecus roxellana] [GeneID=104678616] [isoform=X1]	Rhinopithecus_roxellana|EPYC|XP_010382246.1
EPYC	XP_030795202.1	Rhinopithecus roxellana	104678616	X2	261	excluded	extra_isoform_same_locus	XP_030795202.1 EPYC [organism=Rhinopithecus roxellana] [GeneID=104678616] [isoform=X2]	Rhinopithecus_roxellana|EPYC|XP_030795202.1
EPYC	XP_032893926.1	Amblyraja radiata	116984010	X1	392	excluded	extra_isoform_same_locus	XP_032893926.1 epyc [organism=Amblyraja radiata] [GeneID=116984010] [isoform=X1]	Amblyraja_radiata|EPYC|XP_032893926.1
EPYC	XP_032893927.1	Amblyraja radiata	116984010	X2	324	kept	representative	XP_032893927.1 epyc [organism=Amblyraja radiata] [GeneID=116984010] [isoform=X2]	Amblyraja_radiata|EPYC|XP_032893927.1
EPYC	XP_051974627.1	Xyrauchen texanus	127637556		670	excluded	absolute_length	XP_051974627.1 epyc [organism=Xyrauchen texanus] [GeneID=127637556]	Xyrauchen_texanus|EPYC|XP_051974627.1
EPYC	XP_035193289.1	Oxyura jamaicensis	118173128		316	kept	representative	XP_035193289.1 EPYC [organism=Oxyura jamaicensis] [GeneID=118173128]	Oxyura_jamaicensis|EPYC|XP_035193289.1
EPYC	XP_020862108.1	Phascolarctos cinereus	110221769		318	kept	representative	XP_020862108.1 EPYC [organism=Phascolarctos cinereus] [GeneID=110221769]	Phascolarctos_cinereus|EPYC|XP_020862108.1
EPYC	XP_070710210.1	Pempheris klunzingeri	139222131		586	excluded	relative_length	XP_070710210.1 epyc [organism=Pempheris klunzingeri] [GeneID=139222131]	Pempheris_klunzingeri|EPYC|XP_070710210.1
EPYC	XP_030335237.1	Strigops habroptila	115605240		316	kept	representative	XP_030335237.1 EPYC [organism=Strigops habroptila] [GeneID=115605240]	Strigops_habroptila|EPYC|XP_030335237.1
EPYC	XP_031613657.2	Oreochromis aureus	116334383		320	kept	representative	XP_031613657.2 epyc [organism=Oreochromis aureus] [GeneID=116334383]	Oreochromis_aureus|EPYC|XP_031613657.2
EPYC	XP_046502572.1	Equus quagga	124230491		321	kept	representative	XP_046502572.1 EPYC [organism=Equus quagga] [GeneID=124230491]	Equus_quagga|EPYC|XP_046502572.1
EPYC	XP_046502573.1	Equus quagga	124230491		321	excluded	extra_isoform_same_locus	XP_046502573.1 EPYC [organism=Equus quagga] [GeneID=124230491]	Equus_quagga|EPYC|XP_046502573.1
EPYC	XP_046502574.1	Equus quagga	124230491		321	excluded	extra_isoform_same_locus	XP_046502574.1 EPYC [organism=Equus quagga] [GeneID=124230491]	Equus_quagga|EPYC|XP_046502574.1
EPYC	XP_056703067.1	Euleptes europaea	130475334		316	kept	representative	XP_056703067.1 EPYC [organism=Euleptes europaea] [GeneID=130475334]	Euleptes_europaea|EPYC|XP_056703067.1
EPYC	XP_007524304.2	Erinaceus europaeus	103114553		322	kept	representative	XP_007524304.2 EPYC [organism=Erinaceus europaeus] [GeneID=103114553]	Erinaceus_europaeus|EPYC|XP_007524304.2
EPYC	XP_059181452.1	Centropristis striata	131960299		325	kept	representative	XP_059181452.1 epyc [organism=Centropristis striata] [GeneID=131960299]	Centropristis_striata|EPYC|XP_059181452.1
EPYC	XP_061847669.1	Colius striatus	104558632		316	kept	representative	XP_061847669.1 EPYC [organism=Colius striatus] [GeneID=104558632]	Colius_striatus|EPYC|XP_061847669.1
EPYC	XP_032449645.1	Lynx canadensis	115518437		321	kept	representative	XP_032449645.1 EPYC [organism=Lynx canadensis] [GeneID=115518437]	Lynx_canadensis|EPYC|XP_032449645.1
EPYC	XP_059042482.1	Mustela lutreola	131839249		321	kept	representative	XP_059042482.1 EPYC [organism=Mustela lutreola] [GeneID=131839249]	Mustela_lutreola|EPYC|XP_059042482.1
EPYC	XP_059790713.1	Balaenoptera ricei	132372643		321	kept	representative	XP_059790713.1 EPYC [organism=Balaenoptera ricei] [GeneID=132372643]	Balaenoptera_ricei|EPYC|XP_059790713.1
EPYC	XP_057279567.1	Pezoporus wallicus	130606938		316	kept	representative	XP_057279567.1 EPYC [organism=Pezoporus wallicus] [GeneID=130606938]	Pezoporus_wallicus|EPYC|XP_057279567.1
EPYC	XP_069527190.1	Semicossyphus pulcher	138599417		593	excluded	relative_length	XP_069527190.1 epyc [organism=Semicossyphus pulcher] [GeneID=138599417]	Semicossyphus_pulcher|EPYC|XP_069527190.1
EPYC	XP_081105266.1	Mesoplodon bidens	308625203		321	kept	representative	XP_081105266.1 EPYC [organism=Mesoplodon bidens] [GeneID=308625203]	Mesoplodon_bidens|EPYC|XP_081105266.1
EPYC	XP_081167060.1	Spermophilus citellus	308658375		322	kept	representative	XP_081167060.1 EPYC [organism=Spermophilus citellus] [GeneID=308658375]	Spermophilus_citellus|EPYC|XP_081167060.1
EPYC	XP_081218760.1	Scardinius erythrophthalmus	308689081		693	excluded	absolute_length	XP_081218760.1 epyc [organism=Scardinius erythrophthalmus] [GeneID=308689081]	Scardinius_erythrophthalmus|EPYC|XP_081218760.1
EPYC	XP_007449172.1	Lipotes vexillifer	103077961		321	kept	representative	XP_007449172.1 EPYC [organism=Lipotes vexillifer] [GeneID=103077961]	Lipotes_vexillifer|EPYC|XP_007449172.1
EPYC	XP_010006315.1	Chaetura pelagica	104397979		331	kept	representative	XP_010006315.1 EPYC [organism=Chaetura pelagica] [GeneID=104397979]	Chaetura_pelagica|EPYC|XP_010006315.1
EPYC	XP_027594002.1	Pipra filicauda	113996872		316	kept	representative	XP_027594002.1 EPYC [organism=Pipra filicauda] [GeneID=113996872]	Pipra_filicauda|EPYC|XP_027594002.1
EPYC	XP_007944310.1	Orycteropus afer afer	103201425		320	kept	representative	XP_007944310.1 EPYC [organism=Orycteropus afer afer] [GeneID=103201425]	Orycteropus_afer_afer|EPYC|XP_007944310.1
EPYC	XP_026778593.3	Pangasianodon hypophthalmus	113531859	X1	724	excluded	absolute_length	XP_026778593.3 epyc [organism=Pangasianodon hypophthalmus] [GeneID=113531859] [isoform=X1]	Pangasianodon_hypophthalmus|EPYC|XP_026778593.3
EPYC	XP_026778594.3	Pangasianodon hypophthalmus	113531859	X2	707	excluded	absolute_length	XP_026778594.3 epyc [organism=Pangasianodon hypophthalmus] [GeneID=113531859] [isoform=X2]	Pangasianodon_hypophthalmus|EPYC|XP_026778594.3
EPYC	XP_068572838.1	Cebidichthys violaceus	137877054		373	kept	representative	XP_068572838.1 epyc [organism=Cebidichthys violaceus] [GeneID=137877054]	Cebidichthys_violaceus|EPYC|XP_068572838.1
EPYC	XP_017582158.1	Corvus brachyrhynchos	103624985		316	kept	representative	XP_017582158.1 EPYC [organism=Corvus brachyrhynchos] [GeneID=103624985]	Corvus_brachyrhynchos|EPYC|XP_017582158.1
EPYC	XP_012519459.1	Propithecus coquereli	105826093		322	kept	representative	XP_012519459.1 EPYC [organism=Propithecus coquereli] [GeneID=105826093]	Propithecus_coquereli|EPYC|XP_012519459.1
EPYC	XP_034843749.1	Mirounga leonina	117998904		321	kept	representative	XP_034843749.1 EPYC [organism=Mirounga leonina] [GeneID=117998904]	Mirounga_leonina|EPYC|XP_034843749.1
EPYC	XP_081977812.1	Larus argentatus	309469452		316	kept	representative	XP_081977812.1 EPYC [organism=Larus argentatus] [GeneID=309469452]	Larus_argentatus|EPYC|XP_081977812.1
EPYC	XP_048870680.1	Brienomyrus brachyistius	125742594		323	kept	representative	XP_048870680.1 epyc [organism=Brienomyrus brachyistius] [GeneID=125742594]	Brienomyrus_brachyistius|EPYC|XP_048870680.1
EPYC	XP_039725266.1	Pteropus medius	120607432		321	kept	representative	XP_039725266.1 EPYC [organism=Pteropus medius] [GeneID=120607432]	Pteropus_medius|EPYC|XP_039725266.1
EPYC	XP_083763145.1	Microchirus variegatus	310941778		377	kept	representative	XP_083763145.1 epyc [organism=Microchirus variegatus] [GeneID=310941778]	Microchirus_variegatus|EPYC|XP_083763145.1
EPYC	XP_069893082.1	Dipodomys merriami	138837985		322	kept	representative	XP_069893082.1 Epyc [organism=Dipodomys merriami] [GeneID=138837985]	Dipodomys_merriami|EPYC|XP_069893082.1
EPYC	XP_034528943.1	Notolabrus celidotus	117804719	X1	624	excluded	absolute_length	XP_034528943.1 epyc [organism=Notolabrus celidotus] [GeneID=117804719] [isoform=X1]	Notolabrus_celidotus|EPYC|XP_034528943.1
EPYC	XP_034528944.1	Notolabrus celidotus	117804719	X2	586	excluded	relative_length	XP_034528944.1 epyc [organism=Notolabrus celidotus] [GeneID=117804719] [isoform=X2]	Notolabrus_celidotus|EPYC|XP_034528944.1
EPYC	XP_034528945.1	Notolabrus celidotus	117804719	X3	526	excluded	relative_length	XP_034528945.1 epyc [organism=Notolabrus celidotus] [GeneID=117804719] [isoform=X3]	Notolabrus_celidotus|EPYC|XP_034528945.1
EPYC	XP_034528946.1	Notolabrus celidotus	117804719	X4	506	excluded	relative_length	XP_034528946.1 epyc [organism=Notolabrus celidotus] [GeneID=117804719] [isoform=X4]	Notolabrus_celidotus|EPYC|XP_034528946.1
EPYC	XP_047406393.1	Sciurus carolinensis	124983279		322	kept	representative	XP_047406393.1 Epyc [organism=Sciurus carolinensis] [GeneID=124983279]	Sciurus_carolinensis|EPYC|XP_047406393.1
EPYC	XP_060936299.1	Limanda limanda	133012353		581	excluded	relative_length	XP_060936299.1 epyc [organism=Limanda limanda] [GeneID=133012353]	Limanda_limanda|EPYC|XP_060936299.1
EPYC	XP_003342011.2	Monodelphis domestica	100011434	X1	318	kept	representative	XP_003342011.2 EPYC [organism=Monodelphis domestica] [GeneID=100011434] [isoform=X1]	Monodelphis_domestica|EPYC|XP_003342011.2
EPYC	XP_056654622.1	Monodelphis domestica	100011434	X1	318	excluded	extra_isoform_same_locus	XP_056654622.1 EPYC [organism=Monodelphis domestica] [GeneID=100011434] [isoform=X1]	Monodelphis_domestica|EPYC|XP_056654622.1
EPYC	XP_056654623.1	Monodelphis domestica	100011434	X3	257	excluded	extra_isoform_same_locus	XP_056654623.1 EPYC [organism=Monodelphis domestica] [GeneID=100011434] [isoform=X3]	Monodelphis_domestica|EPYC|XP_056654623.1
EPYC	XP_085188703.1	Monodelphis domestica	100011434	X2	275	excluded	extra_isoform_same_locus	XP_085188703.1 EPYC [organism=Monodelphis domestica] [GeneID=100011434] [isoform=X2]	Monodelphis_domestica|EPYC|XP_085188703.1
EPYC	XP_018541158.1	Lates calcarifer	108889271		601	excluded	absolute_length	XP_018541158.1 epyc [organism=Lates calcarifer] [GeneID=108889271]	Lates_calcarifer|EPYC|XP_018541158.1
EPYC	XP_009880907.1	Charadrius vociferus	104284290		316	kept	representative	XP_009880907.1 EPYC [organism=Charadrius vociferus] [GeneID=104284290]	Charadrius_vociferus|EPYC|XP_009880907.1
EPYC	XP_049638890.1	Suncus etruscus	126022070		320	kept	representative	XP_049638890.1 EPYC [organism=Suncus etruscus] [GeneID=126022070]	Suncus_etruscus|EPYC|XP_049638890.1
EPYC	XP_053262825.1	Podarcis raffonei	128422631		316	kept	representative	XP_053262825.1 EPYC [organism=Podarcis raffonei] [GeneID=128422631]	Podarcis_raffonei|EPYC|XP_053262825.1
EPYC	XP_053262827.1	Podarcis raffonei	128422631		316	excluded	extra_isoform_same_locus	XP_053262827.1 EPYC [organism=Podarcis raffonei] [GeneID=128422631]	Podarcis_raffonei|EPYC|XP_053262827.1
EPYC	XP_056133787.1	Lampris incognitus	130110648		574	excluded	relative_length	XP_056133787.1 epyc [organism=Lampris incognitus] [GeneID=130110648]	Lampris_incognitus|EPYC|XP_056133787.1
EPYC	XP_071358760.1	Trachinotus anak	139635385		618	excluded	absolute_length	XP_071358760.1 epyc [organism=Trachinotus anak] [GeneID=139635385]	Trachinotus_anak|EPYC|XP_071358760.1
EPYC	XP_079311342.1	Barbatula barbatula	306893426		696	excluded	absolute_length	XP_079311342.1 epyc [organism=Barbatula barbatula] [GeneID=306893426]	Barbatula_barbatula|EPYC|XP_079311342.1
EPYC	XP_027900183.1	Xiphophorus couchianus	114161212		595	excluded	relative_length	XP_027900183.1 epyc [organism=Xiphophorus couchianus] [GeneID=114161212]	Xiphophorus_couchianus|EPYC|XP_027900183.1
EPYC	XP_045149264.1	Echinops telfairi	101662853		322	kept	representative	XP_045149264.1 EPYC [organism=Echinops telfairi] [GeneID=101662853]	Echinops_telfairi|EPYC|XP_045149264.1
EPYC	XP_005446357.1	Falco cherrug	102057834		316	kept	representative	XP_005446357.1 EPYC [organism=Falco cherrug] [GeneID=102057834]	Falco_cherrug|EPYC|XP_005446357.1
EPYC	XP_032973324.1	Rhinolophus ferrumequinum	117028612		321	kept	representative	XP_032973324.1 EPYC [organism=Rhinolophus ferrumequinum] [GeneID=117028612]	Rhinolophus_ferrumequinum|EPYC|XP_032973324.1
EPYC	XP_036152610.1	Myotis myotis	118649548		321	kept	representative	XP_036152610.1 EPYC [organism=Myotis myotis] [GeneID=118649548]	Myotis_myotis|EPYC|XP_036152610.1
EPYC	XP_019488458.1	Hipposideros armiger	109376787		323	kept	representative	XP_019488458.1 EPYC [organism=Hipposideros armiger] [GeneID=109376787]	Hipposideros_armiger|EPYC|XP_019488458.1
EPYC	XP_005147991.1	Melopsittacus undulatus	101871108		316	kept	representative	XP_005147991.1 EPYC [organism=Melopsittacus undulatus] [GeneID=101871108]	Melopsittacus_undulatus|EPYC|XP_005147991.1
EPYC	XP_062424196.1	Rhea pennata	134136400		316	kept	representative	XP_062424196.1 EPYC [organism=Rhea pennata] [GeneID=134136400]	Rhea_pennata|EPYC|XP_062424196.1
EPYC	XP_079405230.1	Tetrao urogallus	306957790		316	kept	representative	XP_079405230.1 EPYC [organism=Tetrao urogallus] [GeneID=306957790]	Tetrao_urogallus|EPYC|XP_079405230.1
EPYC	XP_080827640.1	Podarcis pityusensis	308457556	1	316	kept	representative	XP_080827640.1 EPYC [organism=Podarcis pityusensis] [GeneID=308457556] [isoform=1]	Podarcis_pityusensis|EPYC|XP_080827640.1
EPYC	XP_080827641.1	Podarcis pityusensis	308457556	1	316	excluded	extra_isoform_same_locus	XP_080827641.1 EPYC [organism=Podarcis pityusensis] [GeneID=308457556] [isoform=1]	Podarcis_pityusensis|EPYC|XP_080827641.1
EPYC	XP_080827642.1	Podarcis pityusensis	308457556	1	316	excluded	extra_isoform_same_locus	XP_080827642.1 EPYC [organism=Podarcis pityusensis] [GeneID=308457556] [isoform=1]	Podarcis_pityusensis|EPYC|XP_080827642.1
EPYC	XP_080827643.1	Podarcis pityusensis	308457556	1	316	excluded	extra_isoform_same_locus	XP_080827643.1 EPYC [organism=Podarcis pityusensis] [GeneID=308457556] [isoform=1]	Podarcis_pityusensis|EPYC|XP_080827643.1
EPYC	XP_080827644.1	Podarcis pityusensis	308457556	1	316	excluded	extra_isoform_same_locus	XP_080827644.1 EPYC [organism=Podarcis pityusensis] [GeneID=308457556] [isoform=1]	Podarcis_pityusensis|EPYC|XP_080827644.1
EPYC	XP_053872183.1	Malaclemys terrapin pileata	128830392		316	kept	representative	XP_053872183.1 EPYC [organism=Malaclemys terrapin pileata] [GeneID=128830392]	Malaclemys_terrapin_pileata|EPYC|XP_053872183.1
EPYC	XP_053872184.1	Malaclemys terrapin pileata	128830392		316	excluded	extra_isoform_same_locus	XP_053872184.1 EPYC [organism=Malaclemys terrapin pileata] [GeneID=128830392]	Malaclemys_terrapin_pileata|EPYC|XP_053872184.1
EPYC	XP_028602845.2	Podarcis muralis	114605603		316	kept	representative	XP_028602845.2 EPYC [organism=Podarcis muralis] [GeneID=114605603]	Podarcis_muralis|EPYC|XP_028602845.2
EPYC	XP_065743873.1	Phocoena phocoena	136131083		321	kept	representative	XP_065743873.1 EPYC [organism=Phocoena phocoena] [GeneID=136131083]	Phocoena_phocoena|EPYC|XP_065743873.1
EPYC	XP_070785244.1	Enoplosus armatus	139305196		601	excluded	absolute_length	XP_070785244.1 epyc [organism=Enoplosus armatus] [GeneID=139305196]	Enoplosus_armatus|EPYC|XP_070785244.1
EPYC	XP_080374100.1	Blennius ocellaris	308146247		596	excluded	relative_length	XP_080374100.1 epyc [organism=Blennius ocellaris] [GeneID=308146247]	Blennius_ocellaris|EPYC|XP_080374100.1
EPYC	XP_003771063.1	Sarcophilus harrisii	100922323		318	kept	representative	XP_003771063.1 EPYC [organism=Sarcophilus harrisii] [GeneID=100922323]	Sarcophilus_harrisii|EPYC|XP_003771063.1
EPYC	XP_023140512.2	Amphiprion ocellaris	111578136		598	excluded	relative_length	XP_023140512.2 epyc [organism=Amphiprion ocellaris] [GeneID=111578136]	Amphiprion_ocellaris|EPYC|XP_023140512.2
EPYC	XP_027751167.1	Empidonax traillii	114063222		316	kept	representative	XP_027751167.1 EPYC [organism=Empidonax traillii] [GeneID=114063222]	Empidonax_traillii|EPYC|XP_027751167.1
EPYC	XP_055192580.1	Nyctereutes procyonoides	129516988		322	kept	representative	XP_055192580.1 EPYC [organism=Nyctereutes procyonoides] [GeneID=129516988]	Nyctereutes_procyonoides|EPYC|XP_055192580.1
EPYC	XP_018766010.1	Serinus canaria	103813405		316	kept	representative	XP_018766010.1 EPYC [organism=Serinus canaria] [GeneID=103813405]	Serinus_canaria|EPYC|XP_018766010.1
EPYC	XP_040264686.1	Bufo bufo	120979793		317	kept	representative	XP_040264686.1 EPYC [organism=Bufo bufo] [GeneID=120979793]	Bufo_bufo|EPYC|XP_040264686.1
EPYC	XP_041820385.1	Chelmon rostratus	121626090		615	excluded	absolute_length	XP_041820385.1 epyc [organism=Chelmon rostratus] [GeneID=121626090]	Chelmon_rostratus|EPYC|XP_041820385.1
EPYC	XP_049991500.1	Alexandromys fortis	126497490		322	kept	representative	XP_049991500.1 Epyc [organism=Alexandromys fortis] [GeneID=126497490]	Alexandromys_fortis|EPYC|XP_049991500.1
EPYC	XP_010085587.1	Pterocles gutturalis	104471803		313	kept	representative	XP_010085587.1 EPYC [organism=Pterocles gutturalis] [GeneID=104471803]	Pterocles_gutturalis|EPYC|XP_010085587.1
EPYC	XP_037245160.1	Falco rusticolus	119148731		316	kept	representative	XP_037245160.1 EPYC [organism=Falco rusticolus] [GeneID=119148731]	Falco_rusticolus|EPYC|XP_037245160.1
EPYC	XP_037245162.1	Falco rusticolus	119148731		316	excluded	extra_isoform_same_locus	XP_037245162.1 EPYC [organism=Falco rusticolus] [GeneID=119148731]	Falco_rusticolus|EPYC|XP_037245162.1
EPYC	XP_048124767.1	Alosa alosa	125311006		686	excluded	absolute_length	XP_048124767.1 epyc [organism=Alosa alosa] [GeneID=125311006]	Alosa_alosa|EPYC|XP_048124767.1
EPYC	XP_079793841.1	Stenella coeruleoalba	307194544		321	kept	representative	XP_079793841.1 EPYC [organism=Stenella coeruleoalba] [GeneID=307194544]	Stenella_coeruleoalba|EPYC|XP_079793841.1
EPYC	XP_014936326.1	Acinonyx jubatus	106982667		320	kept	representative	XP_014936326.1 EPYC [organism=Acinonyx jubatus] [GeneID=106982667]	Acinonyx_jubatus|EPYC|XP_014936326.1
EPYC	XP_053082566.1	Acinonyx jubatus	106982667		320	excluded	extra_isoform_same_locus	XP_053082566.1 EPYC [organism=Acinonyx jubatus] [GeneID=106982667]	Acinonyx_jubatus|EPYC|XP_053082566.1
EPYC	XP_039891925.1	Simochromis diagramma	120736056		621	excluded	absolute_length	XP_039891925.1 epyc [organism=Simochromis diagramma] [GeneID=120736056]	Simochromis_diagramma|EPYC|XP_039891925.1
EPYC	XP_056196750.1	Falco biarmicus	130150137		316	kept	representative	XP_056196750.1 EPYC [organism=Falco biarmicus] [GeneID=130150137]	Falco_biarmicus|EPYC|XP_056196750.1
EPYC	XP_064511543.1	Pseudopipra pipra	135414571		316	kept	representative	XP_064511543.1 EPYC [organism=Pseudopipra pipra] [GeneID=135414571]	Pseudopipra_pipra|EPYC|XP_064511543.1
EPYC	XP_079570316.1	Hyperoodon ampullatus	307059914		321	kept	representative	XP_079570316.1 EPYC [organism=Hyperoodon ampullatus] [GeneID=307059914]	Hyperoodon_ampullatus|EPYC|XP_079570316.1
EPYC	XP_029351344.1	Echeneis naucrates	115037027	X1	627	excluded	absolute_length	XP_029351344.1 epyc [organism=Echeneis naucrates] [GeneID=115037027] [isoform=X1]	Echeneis_naucrates|EPYC|XP_029351344.1
EPYC	XP_029351345.1	Echeneis naucrates	115037027	X2	612	excluded	absolute_length	XP_029351345.1 epyc [organism=Echeneis naucrates] [GeneID=115037027] [isoform=X2]	Echeneis_naucrates|EPYC|XP_029351345.1
EPYC	XP_029351346.1	Echeneis naucrates	115037027	X3	586	excluded	relative_length	XP_029351346.1 epyc [organism=Echeneis naucrates] [GeneID=115037027] [isoform=X3]	Echeneis_naucrates|EPYC|XP_029351346.1
EPYC	XP_029139360.1	Protobothrops mucrosquamatus	107284610		300	kept	representative	XP_029139360.1 EPYC [organism=Protobothrops mucrosquamatus] [GeneID=107284610]	Protobothrops_mucrosquamatus|EPYC|XP_029139360.1
EPYC	XP_043303229.1	Cervus canadensis	122427669		321	kept	representative	XP_043303229.1 EPYC [organism=Cervus canadensis] [GeneID=122427669]	Cervus_canadensis|EPYC|XP_043303229.1
EPYC	XP_043303230.1	Cervus canadensis	122427669		321	excluded	extra_isoform_same_locus	XP_043303230.1 EPYC [organism=Cervus canadensis] [GeneID=122427669]	Cervus_canadensis|EPYC|XP_043303230.1
EPYC	XP_043303231.1	Cervus canadensis	122427669		321	excluded	extra_isoform_same_locus	XP_043303231.1 EPYC [organism=Cervus canadensis] [GeneID=122427669]	Cervus_canadensis|EPYC|XP_043303231.1
EPYC	XP_058272517.1	Hemibagrus wyckioides	131369708		750	excluded	absolute_length	XP_058272517.1 epyc [organism=Hemibagrus wyckioides] [GeneID=131369708]	Hemibagrus_wyckioides|EPYC|XP_058272517.1
EPYC	XP_010736931.1	Larimichthys crocea	104925085		642	excluded	absolute_length	XP_010736931.1 epyc [organism=Larimichthys crocea] [GeneID=104925085]	Larimichthys_crocea|EPYC|XP_010736931.1
EPYC	XP_027127887.1	Larimichthys crocea	104925085		642	excluded	absolute_length	XP_027127887.1 epyc [organism=Larimichthys crocea] [GeneID=104925085]	Larimichthys_crocea|EPYC|XP_027127887.1
EPYC	XP_023686923.1	Paramormyrops kingsleyae	111853814		323	kept	representative	XP_023686923.1 epyc [organism=Paramormyrops kingsleyae] [GeneID=111853814]	Paramormyrops_kingsleyae|EPYC|XP_023686923.1
EPYC	XP_035004032.2	Hippoglossus stenolepis	118102015	X1	608	excluded	absolute_length	XP_035004032.2 epyc [organism=Hippoglossus stenolepis] [GeneID=118102015] [isoform=X1]	Hippoglossus_stenolepis|EPYC|XP_035004032.2
EPYC	XP_035004033.2	Hippoglossus stenolepis	118102015	X2	373	excluded	extra_isoform_same_locus	XP_035004033.2 epyc [organism=Hippoglossus stenolepis] [GeneID=118102015] [isoform=X2]	Hippoglossus_stenolepis|EPYC|XP_035004033.2
EPYC	XP_035004034.2	Hippoglossus stenolepis	118102015	X3	329	kept	representative	XP_035004034.2 epyc [organism=Hippoglossus stenolepis] [GeneID=118102015] [isoform=X3]	Hippoglossus_stenolepis|EPYC|XP_035004034.2
EPYC	XP_054844946.1	Eublepharis macularius	129336017		314	kept	representative	XP_054844946.1 EPYC [organism=Eublepharis macularius] [GeneID=129336017]	Eublepharis_macularius|EPYC|XP_054844946.1
EPYC	XP_083855340.1	Trachurus trachurus	311006393		372	kept	representative	XP_083855340.1 epyc [organism=Trachurus trachurus] [GeneID=311006393]	Trachurus_trachurus|EPYC|XP_083855340.1
EPYC	NP_001017903.3	Danio rerio	550602	2 precursor	712	excluded	absolute_length	NP_001017903.3 epyc [organism=Danio rerio] [GeneID=550602] [isoform=2 precursor]	Danio_rerio|EPYC|NP_001017903.3
EPYC	NP_001335412.1	Danio rerio	550602	1 precursor	321	kept	representative	NP_001335412.1 epyc [organism=Danio rerio] [GeneID=550602] [isoform=1 precursor]	Danio_rerio|EPYC|NP_001335412.1
EPYC	NP_001429155.1	Danio rerio	550602	1 precursor	321	excluded	extra_isoform_same_locus	NP_001429155.1 epyc [organism=Danio rerio] [GeneID=550602] [isoform=1 precursor]	Danio_rerio|EPYC|NP_001429155.1
EPYC	NP_001429156.1	Danio rerio	550602	2 precursor	712	excluded	absolute_length	NP_001429156.1 epyc [organism=Danio rerio] [GeneID=550602] [isoform=2 precursor]	Danio_rerio|EPYC|NP_001429156.1
EPYC	XP_005164800.1	Danio rerio	550602		712	excluded	absolute_length	XP_005164800.1 epyc [organism=Danio rerio] [GeneID=550602]	Danio_rerio|EPYC|XP_005164800.1
EPYC	XP_009298554.1	Danio rerio	550602		712	excluded	absolute_length	XP_009298554.1 epyc [organism=Danio rerio] [GeneID=550602]	Danio_rerio|EPYC|XP_009298554.1
EPYC	XP_021330689.1	Danio rerio	550602		321	excluded	extra_isoform_same_locus	XP_021330689.1 epyc [organism=Danio rerio] [GeneID=550602]	Danio_rerio|EPYC|XP_021330689.1
EPYC	XP_069620473.1	Ranitomeya imitator	138675818		317	kept	representative	XP_069620473.1 EPYC [organism=Ranitomeya imitator] [GeneID=138675818]	Ranitomeya_imitator|EPYC|XP_069620473.1
EPYC	XP_078997718.1	Sciurus vulgaris	306662086		322	kept	representative	XP_078997718.1 EPYC [organism=Sciurus vulgaris] [GeneID=306662086]	Sciurus_vulgaris|EPYC|XP_078997718.1
EPYC	XP_009462194.1	Nipponia nippon	104011643		316	kept	representative	XP_009462194.1 EPYC [organism=Nipponia nippon] [GeneID=104011643]	Nipponia_nippon|EPYC|XP_009462194.1
EPYC	XP_012876175.1	Dipodomys ordii	105988938		322	kept	representative	XP_012876175.1 Epyc [organism=Dipodomys ordii] [GeneID=105988938]	Dipodomys_ordii|EPYC|XP_012876175.1
EPYC	XP_042746281.1	Lagopus leucura	122190382		316	kept	representative	XP_042746281.1 EPYC [organism=Lagopus leucura] [GeneID=122190382]	Lagopus_leucura|EPYC|XP_042746281.1
EPYC	XP_010707300.3	Meleagris gallopavo	100542727		316	kept	representative	XP_010707300.3 EPYC [organism=Meleagris gallopavo] [GeneID=100542727]	Meleagris_gallopavo|EPYC|XP_010707300.3
EPYC	XP_079119181.1	Telmatherina bonti	306773284		216	excluded	relative_length	XP_079119181.1 epyc [organism=Telmatherina bonti] [GeneID=306773284]	Telmatherina_bonti|EPYC|XP_079119181.1
EPYC	XP_031455876.1	Phasianus colchicus	116233248		316	kept	representative	XP_031455876.1 EPYC [organism=Phasianus colchicus] [GeneID=116233248]	Phasianus_colchicus|EPYC|XP_031455876.1
EPYC	XP_082347453.1	Vanellus vanellus	309678326		316	kept	representative	XP_082347453.1 EPYC [organism=Vanellus vanellus] [GeneID=309678326]	Vanellus_vanellus|EPYC|XP_082347453.1
EPYC	XP_026653971.1	Zonotrichia albicollis	102062929		316	kept	representative	XP_026653971.1 EPYC [organism=Zonotrichia albicollis] [GeneID=102062929]	Zonotrichia_albicollis|EPYC|XP_026653971.1
EPYC	XP_066221848.1	Saccopteryx leptura	136393101		321	kept	representative	XP_066221848.1 EPYC [organism=Saccopteryx leptura] [GeneID=136393101]	Saccopteryx_leptura|EPYC|XP_066221848.1
EPYC	XP_021383743.2	Lonchura striata	110469388		316	kept	representative	XP_021383743.2 EPYC [organism=Lonchura striata] [GeneID=110469388]	Lonchura_striata|EPYC|XP_021383743.2
EPYC	XP_021383744.2	Lonchura striata	110469388		316	excluded	extra_isoform_same_locus	XP_021383744.2 EPYC [organism=Lonchura striata] [GeneID=110469388]	Lonchura_striata|EPYC|XP_021383744.2
EPYC	XP_085426348.1	Lonchura striata	110469388		316	excluded	extra_isoform_same_locus	XP_085426348.1 EPYC [organism=Lonchura striata] [GeneID=110469388]	Lonchura_striata|EPYC|XP_085426348.1
EPYC	XP_029414876.1	Nannospalax galili	103726403	X1	326	kept	representative	XP_029414876.1 Epyc [organism=Nannospalax galili] [GeneID=103726403] [isoform=X1]	Nannospalax_galili|EPYC|XP_029414876.1
EPYC	XP_029414877.1	Nannospalax galili	103726403	X2	266	excluded	extra_isoform_same_locus	XP_029414877.1 Epyc [organism=Nannospalax galili] [GeneID=103726403] [isoform=X2]	Nannospalax_galili|EPYC|XP_029414877.1
EPYC	XP_029414880.1	Nannospalax galili	103726403	X3	261	excluded	extra_isoform_same_locus	XP_029414880.1 Epyc [organism=Nannospalax galili] [GeneID=103726403] [isoform=X3]	Nannospalax_galili|EPYC|XP_029414880.1
EPYC	XP_039560025.1	Passer montanus	120499860		316	kept	representative	XP_039560025.1 EPYC [organism=Passer montanus] [GeneID=120499860]	Passer_montanus|EPYC|XP_039560025.1
EPYC	XP_023061584.1	Piliocolobus tephrosceles	111538391		322	kept	representative	XP_023061584.1 EPYC [organism=Piliocolobus tephrosceles] [GeneID=111538391]	Piliocolobus_tephrosceles|EPYC|XP_023061584.1
EPYC	XP_085509145.1	Triturus cristatus	146855320		318	kept	representative	XP_085509145.1 EPYC [organism=Triturus cristatus] [GeneID=146855320]	Triturus_cristatus|EPYC|XP_085509145.1
EPYC	XP_085509147.1	Triturus cristatus	146855320		318	excluded	extra_isoform_same_locus	XP_085509147.1 EPYC [organism=Triturus cristatus] [GeneID=146855320]	Triturus_cristatus|EPYC|XP_085509147.1
EPYC	XP_085509148.1	Triturus cristatus	146855320		318	excluded	extra_isoform_same_locus	XP_085509148.1 EPYC [organism=Triturus cristatus] [GeneID=146855320]	Triturus_cristatus|EPYC|XP_085509148.1
EPYC	XP_023263964.1	Seriola lalandi dorsalis	111656470	X1	607	excluded	absolute_length	XP_023263964.1 epyc [organism=Seriola lalandi dorsalis] [GeneID=111656470] [isoform=X1]	Seriola_lalandi_dorsalis|EPYC|XP_023263964.1
EPYC	XP_023263965.1	Seriola lalandi dorsalis	111656470	X2	329	kept	representative	XP_023263965.1 epyc [organism=Seriola lalandi dorsalis] [GeneID=111656470] [isoform=X2]	Seriola_lalandi_dorsalis|EPYC|XP_023263965.1
EPYC	XP_084567207.1	Lutjanus erythropterus	146306887		581	excluded	relative_length	XP_084567207.1 epyc [organism=Lutjanus erythropterus] [GeneID=146306887]	Lutjanus_erythropterus|EPYC|XP_084567207.1
EPYC	NP_001005627.1	Xenopus tropicalis	448084		318	kept	representative	NP_001005627.1 epyc [organism=Xenopus tropicalis] [GeneID=448084]	Xenopus_tropicalis|EPYC|NP_001005627.1
EPYC	XP_017947505.1	Xenopus tropicalis	448084	X1	318	excluded	extra_isoform_same_locus	XP_017947505.1 epyc [organism=Xenopus tropicalis] [GeneID=448084] [isoform=X1]	Xenopus_tropicalis|EPYC|XP_017947505.1
EPYC	XP_031753666.1	Xenopus tropicalis	448084	X1	318	excluded	extra_isoform_same_locus	XP_031753666.1 epyc [organism=Xenopus tropicalis] [GeneID=448084] [isoform=X1]	Xenopus_tropicalis|EPYC|XP_031753666.1
EPYC	XP_067554843.1	Pseudorca crassidens	137202979		321	kept	representative	XP_067554843.1 EPYC [organism=Pseudorca crassidens] [GeneID=137202979]	Pseudorca_crassidens|EPYC|XP_067554843.1
EPYC	XP_074757579.1	Athene noctua	141958633		315	kept	representative	XP_074757579.1 EPYC [organism=Athene noctua] [GeneID=141958633]	Athene_noctua|EPYC|XP_074757579.1
EPYC	XP_029810631.1	Suricata suricatta	115304553		321	kept	representative	XP_029810631.1 EPYC [organism=Suricata suricatta] [GeneID=115304553]	Suricata_suricatta|EPYC|XP_029810631.1
EPYC	XP_084153463.1	Netta rufina	311215912		316	kept	representative	XP_084153463.1 EPYC [organism=Netta rufina] [GeneID=311215912]	Netta_rufina|EPYC|XP_084153463.1
EPYC	XP_014819004.1	Calidris pugnax	106901150	X1	316	kept	representative	XP_014819004.1 EPYC [organism=Calidris pugnax] [GeneID=106901150] [isoform=X1]	Calidris_pugnax|EPYC|XP_014819004.1
EPYC	XP_014819005.1	Calidris pugnax	106901150	X2	305	excluded	extra_isoform_same_locus	XP_014819005.1 EPYC [organism=Calidris pugnax] [GeneID=106901150] [isoform=X2]	Calidris_pugnax|EPYC|XP_014819005.1
EPYC	XP_016015999.1	Rousettus aegyptiacus	107518649		321	kept	representative	XP_016015999.1 EPYC [organism=Rousettus aegyptiacus] [GeneID=107518649]	Rousettus_aegyptiacus|EPYC|XP_016015999.1
EPYC	XP_084667904.1	Heloderma suspectum	146339827		316	kept	representative	XP_084667904.1 EPYC [organism=Heloderma suspectum] [GeneID=146339827]	Heloderma_suspectum|EPYC|XP_084667904.1
EPYC	XP_084667906.1	Heloderma suspectum	146339827		316	excluded	extra_isoform_same_locus	XP_084667906.1 EPYC [organism=Heloderma suspectum] [GeneID=146339827]	Heloderma_suspectum|EPYC|XP_084667906.1
EPYC	XP_066524989.1	Hoplias malabaricus	136695081		792	excluded	absolute_length	XP_066524989.1 epyc [organism=Hoplias malabaricus] [GeneID=136695081]	Hoplias_malabaricus|EPYC|XP_066524989.1
EPYC	XP_079480590.1	Phoxinus phoxinus	307004900	1	699	excluded	absolute_length	XP_079480590.1 epyc [organism=Phoxinus phoxinus] [GeneID=307004900] [isoform=1]	Phoxinus_phoxinus|EPYC|XP_079480590.1
EPYC	XP_079480591.1	Phoxinus phoxinus	307004900	2	693	excluded	absolute_length	XP_079480591.1 epyc [organism=Phoxinus phoxinus] [GeneID=307004900] [isoform=2]	Phoxinus_phoxinus|EPYC|XP_079480591.1
EPYC	XP_079480592.1	Phoxinus phoxinus	307004900	2	693	excluded	absolute_length	XP_079480592.1 epyc [organism=Phoxinus phoxinus] [GeneID=307004900] [isoform=2]	Phoxinus_phoxinus|EPYC|XP_079480592.1
EPYC	XP_079480593.1	Phoxinus phoxinus	307004900	3	681	excluded	absolute_length	XP_079480593.1 epyc [organism=Phoxinus phoxinus] [GeneID=307004900] [isoform=3]	Phoxinus_phoxinus|EPYC|XP_079480593.1
EPYC	XP_023206300.1	Xiphophorus maculatus	102222208		595	excluded	relative_length	XP_023206300.1 epyc [organism=Xiphophorus maculatus] [GeneID=102222208]	Xiphophorus_maculatus|EPYC|XP_023206300.1
EPYC	XP_008685900.1	Ursus maritimus	103660078		321	kept	representative	XP_008685900.1 EPYC [organism=Ursus maritimus] [GeneID=103660078]	Ursus_maritimus|EPYC|XP_008685900.1
EPYC	XP_021240733.1	Numida meleagris	110392738		316	kept	representative	XP_021240733.1 EPYC [organism=Numida meleagris] [GeneID=110392738]	Numida_meleagris|EPYC|XP_021240733.1
EPYC	XP_029062209.1	Monodon monoceros	114885949		321	kept	representative	XP_029062209.1 EPYC [organism=Monodon monoceros] [GeneID=114885949]	Monodon_monoceros|EPYC|XP_029062209.1
EPYC	XP_082594943.1	Mustela nivalis	309868703		321	kept	representative	XP_082594943.1 EPYC [organism=Mustela nivalis] [GeneID=309868703]	Mustela_nivalis|EPYC|XP_082594943.1
EPYC	XP_040030826.2	Gasterosteus aculeatus	120818114		720	excluded	absolute_length	XP_040030826.2 epyc [organism=Gasterosteus aculeatus] [GeneID=120818114]	Gasterosteus_aculeatus|EPYC|XP_040030826.2
EPYC	XP_069705926.1	Phaenicophaeus curvirostris	138716655		316	kept	representative	XP_069705926.1 EPYC [organism=Phaenicophaeus curvirostris] [GeneID=138716655]	Phaenicophaeus_curvirostris|EPYC|XP_069705926.1
EPYC	XP_069705927.1	Phaenicophaeus curvirostris	138716655		316	excluded	extra_isoform_same_locus	XP_069705927.1 EPYC [organism=Phaenicophaeus curvirostris] [GeneID=138716655]	Phaenicophaeus_curvirostris|EPYC|XP_069705927.1
EPYC	XP_069705928.1	Phaenicophaeus curvirostris	138716655		316	excluded	extra_isoform_same_locus	XP_069705928.1 EPYC [organism=Phaenicophaeus curvirostris] [GeneID=138716655]	Phaenicophaeus_curvirostris|EPYC|XP_069705928.1
EPYC	XP_025025115.1	Python bivittatus	103061210		315	kept	representative	XP_025025115.1 EPYC [organism=Python bivittatus] [GeneID=103061210]	Python_bivittatus|EPYC|XP_025025115.1
EPYC	XP_018862113.1	Parus major	107204244		316	kept	representative	XP_018862113.1 EPYC [organism=Parus major] [GeneID=107204244]	Parus_major|EPYC|XP_018862113.1
EPYC	XP_004459883.1	Dasypus novemcinctus	101446673		320	kept	representative	XP_004459883.1 EPYC [organism=Dasypus novemcinctus] [GeneID=101446673]	Dasypus_novemcinctus|EPYC|XP_004459883.1
EPYC	NP_001004382.1	Gallus gallus	417890		316	kept	representative	NP_001004382.1 EPYC [organism=Gallus gallus] [GeneID=417890]	Gallus_gallus|EPYC|NP_001004382.1
EPYC	XP_025003921.1	Gallus gallus	417890	X1	332	excluded	extra_isoform_same_locus	XP_025003921.1 EPYC [organism=Gallus gallus] [GeneID=417890] [isoform=X1]	Gallus_gallus|EPYC|XP_025003921.1
EPYC	XP_046763288.1	Gallus gallus	417890	X1	332	excluded	extra_isoform_same_locus	XP_046763288.1 EPYC [organism=Gallus gallus] [GeneID=417890] [isoform=X1]	Gallus_gallus|EPYC|XP_046763288.1
EPYC	XP_081262453.1	Grus grus	308714553		316	kept	representative	XP_081262453.1 EPYC [organism=Grus grus] [GeneID=308714553]	Grus_grus|EPYC|XP_081262453.1
EPYC	XP_028638953.1	Grammomys surdaster	114634514		322	kept	representative	XP_028638953.1 Epyc [organism=Grammomys surdaster] [GeneID=114634514]	Grammomys_surdaster|EPYC|XP_028638953.1
EPYC	XP_083675992.1	Anser anser	310892305	1	332	excluded	extra_isoform_same_locus	XP_083675992.1 EPYC [organism=Anser anser] [GeneID=310892305] [isoform=1]	Anser_anser|EPYC|XP_083675992.1
EPYC	XP_083675993.1	Anser anser	310892305	2	316	kept	representative	XP_083675993.1 EPYC [organism=Anser anser] [GeneID=310892305] [isoform=2]	Anser_anser|EPYC|XP_083675993.1
EPYC	XP_083675994.1	Anser anser	310892305	2	316	excluded	extra_isoform_same_locus	XP_083675994.1 EPYC [organism=Anser anser] [GeneID=310892305] [isoform=2]	Anser_anser|EPYC|XP_083675994.1
EPYC	XP_008501412.2	Calypte anna	103536940		316	kept	representative	XP_008501412.2 EPYC [organism=Calypte anna] [GeneID=103536940]	Calypte_anna|EPYC|XP_008501412.2
EPYC	XP_059101675.1	Peromyscus eremicus	131895261		322	kept	representative	XP_059101675.1 Epyc [organism=Peromyscus eremicus] [GeneID=131895261]	Peromyscus_eremicus|EPYC|XP_059101675.1
EPYC	XP_077195141.1	Paroedura picta	143838141		316	kept	representative	XP_077195141.1 EPYC [organism=Paroedura picta] [GeneID=143838141]	Paroedura_picta|EPYC|XP_077195141.1
EPYC	XP_077195142.1	Paroedura picta	143838141		316	excluded	extra_isoform_same_locus	XP_077195142.1 EPYC [organism=Paroedura picta] [GeneID=143838141]	Paroedura_picta|EPYC|XP_077195142.1
EPYC	XP_079673759.1	Gobio gobio	307126843		691	excluded	absolute_length	XP_079673759.1 epyc [organism=Gobio gobio] [GeneID=307126843]	Gobio_gobio|EPYC|XP_079673759.1
EPYC	XP_080984303.1	Miniopterus schreibersii	308552798		321	kept	representative	XP_080984303.1 EPYC [organism=Miniopterus schreibersii] [GeneID=308552798]	Miniopterus_schreibersii|EPYC|XP_080984303.1
EPYC	XP_020782135.1	Boleophthalmus pectinirostris	110161678		551	excluded	relative_length	XP_020782135.1 epyc [organism=Boleophthalmus pectinirostris] [GeneID=110161678]	Boleophthalmus_pectinirostris|EPYC|XP_020782135.1
EPYC	XP_041595184.1	Vulpes lagopus	121481684		321	kept	representative	XP_041595184.1 EPYC [organism=Vulpes lagopus] [GeneID=121481684]	Vulpes_lagopus|EPYC|XP_041595184.1
EPYC	XP_041595185.1	Vulpes lagopus	121481684		321	excluded	extra_isoform_same_locus	XP_041595185.1 EPYC [organism=Vulpes lagopus] [GeneID=121481684]	Vulpes_lagopus|EPYC|XP_041595185.1
EPYC	XP_045686548.1	Phyllostomus hastatus	123813524	X1	335	excluded	extra_isoform_same_locus	XP_045686548.1 EPYC [organism=Phyllostomus hastatus] [GeneID=123813524] [isoform=X1]	Phyllostomus_hastatus|EPYC|XP_045686548.1
EPYC	XP_045686549.1	Phyllostomus hastatus	123813524	X2	320	kept	representative	XP_045686549.1 EPYC [organism=Phyllostomus hastatus] [GeneID=123813524] [isoform=X2]	Phyllostomus_hastatus|EPYC|XP_045686549.1
EPYC	XP_057878873.1	Melospiza georgiana	131082771		316	kept	representative	XP_057878873.1 EPYC [organism=Melospiza georgiana] [GeneID=131082771]	Melospiza_georgiana|EPYC|XP_057878873.1
EPYC	XP_081922590.1	Streptopelia decaocto	309446597		316	kept	representative	XP_081922590.1 EPYC [organism=Streptopelia decaocto] [GeneID=309446597]	Streptopelia_decaocto|EPYC|XP_081922590.1
EPYC	XP_004285162.1	Orcinus orca	101280033		321	kept	representative	XP_004285162.1 EPYC [organism=Orcinus orca] [GeneID=101280033]	Orcinus_orca|EPYC|XP_004285162.1
EPYC	XP_008054962.1	Carlito syrichta	103259104		322	kept	representative	XP_008054962.1 EPYC [organism=Carlito syrichta] [GeneID=103259104]	Carlito_syrichta|EPYC|XP_008054962.1
EPYC	XP_086002236.1	Fistularia commersonii	147233821		604	excluded	absolute_length	XP_086002236.1 epyc [organism=Fistularia commersonii] [GeneID=147233821]	Fistularia_commersonii|EPYC|XP_086002236.1
EPYC	XP_031962971.1	Corvus moneduloides	116443158		316	kept	representative	XP_031962971.1 EPYC [organism=Corvus moneduloides] [GeneID=116443158]	Corvus_moneduloides|EPYC|XP_031962971.1
EPYC	XP_055250099.1	Moschus berezovskii	129535633		368	kept	representative	XP_055250099.1 EPYC [organism=Moschus berezovskii] [GeneID=129535633]	Moschus_berezovskii|EPYC|XP_055250099.1
EPYC	XP_083791596.1	Echiichthys vipera	310962866		605	excluded	absolute_length	XP_083791596.1 epyc [organism=Echiichthys vipera] [GeneID=310962866]	Echiichthys_vipera|EPYC|XP_083791596.1
EPYC	XP_010947746.2	Camelus bactrianus	105064496		320	kept	representative	XP_010947746.2 EPYC [organism=Camelus bactrianus] [GeneID=105064496]	Camelus_bactrianus|EPYC|XP_010947746.2
EPYC	XP_065715515.1	Patagioenas fasciata	136114142		316	kept	representative	XP_065715515.1 EPYC [organism=Patagioenas fasciata] [GeneID=136114142]	Patagioenas_fasciata|EPYC|XP_065715515.1
EPYC	XP_035283102.1	Anguilla anguilla	118232315		216	excluded	relative_length	XP_035283102.1 epyc [organism=Anguilla anguilla] [GeneID=118232315]	Anguilla_anguilla|EPYC|XP_035283102.1
EPYC	XP_085625223.1	Trachurus japonicus	146962553	X1	609	excluded	absolute_length	XP_085625223.1 epyc [organism=Trachurus japonicus] [GeneID=146962553] [isoform=X1]	Trachurus_japonicus|EPYC|XP_085625223.1
EPYC	XP_085625224.1	Trachurus japonicus	146962553	X2	328	kept	representative	XP_085625224.1 epyc [organism=Trachurus japonicus] [GeneID=146962553] [isoform=X2]	Trachurus_japonicus|EPYC|XP_085625224.1
EPYC	XP_010830370.1	Bison bison bison	104982628		321	kept	representative	XP_010830370.1 EPYC [organism=Bison bison bison] [GeneID=104982628]	Bison_bison_bison|EPYC|XP_010830370.1
EPYC	XP_059879861.1	Delphinus delphis	132433270		321	kept	representative	XP_059879861.1 EPYC [organism=Delphinus delphis] [GeneID=132433270]	Delphinus_delphis|EPYC|XP_059879861.1
EPYC	XP_079191926.1	Symphodus melops	306818292	1	437	excluded	relative_length	XP_079191926.1 epyc [organism=Symphodus melops] [GeneID=306818292] [isoform=1]	Symphodus_melops|EPYC|XP_079191926.1
EPYC	XP_079191927.1	Symphodus melops	306818292	2	371	kept	representative	XP_079191927.1 epyc [organism=Symphodus melops] [GeneID=306818292] [isoform=2]	Symphodus_melops|EPYC|XP_079191927.1
EPYC	XP_055087460.1	Periophthalmus magnuspinnatus	117391503		568	excluded	relative_length	XP_055087460.1 epyc [organism=Periophthalmus magnuspinnatus] [GeneID=117391503]	Periophthalmus_magnuspinnatus|EPYC|XP_055087460.1
EPYC	XP_050964554.1	Labeo rohita	127164589	X1	791	excluded	absolute_length	XP_050964554.1 epyc [organism=Labeo rohita] [GeneID=127164589] [isoform=X1]	Labeo_rohita|EPYC|XP_050964554.1
EPYC	XP_050964556.1	Labeo rohita	127164589	X1	791	excluded	absolute_length	XP_050964556.1 epyc [organism=Labeo rohita] [GeneID=127164589] [isoform=X1]	Labeo_rohita|EPYC|XP_050964556.1
EPYC	XP_050964557.1	Labeo rohita	127164589	X1	791	excluded	absolute_length	XP_050964557.1 epyc [organism=Labeo rohita] [GeneID=127164589] [isoform=X1]	Labeo_rohita|EPYC|XP_050964557.1
EPYC	XP_050964558.1	Labeo rohita	127164589	X2	335	kept	representative	XP_050964558.1 epyc [organism=Labeo rohita] [GeneID=127164589] [isoform=X2]	Labeo_rohita|EPYC|XP_050964558.1
EPYC	XP_009319600.1	Pygoscelis adeliae	103914644		316	kept	representative	XP_009319600.1 EPYC [organism=Pygoscelis adeliae] [GeneID=103914644]	Pygoscelis_adeliae|EPYC|XP_009319600.1
EPYC	XP_049739994.1	Elephas maximus indicus	126075864		322	kept	representative	XP_049739994.1 EPYC [organism=Elephas maximus indicus] [GeneID=126075864]	Elephas_maximus_indicus|EPYC|XP_049739994.1
EPYC	XP_049739995.1	Elephas maximus indicus	126075864		322	excluded	extra_isoform_same_locus	XP_049739995.1 EPYC [organism=Elephas maximus indicus] [GeneID=126075864]	Elephas_maximus_indicus|EPYC|XP_049739995.1
EPYC	XP_032061640.1	Aythya fuligula	116500614		316	kept	representative	XP_032061640.1 EPYC [organism=Aythya fuligula] [GeneID=116500614]	Aythya_fuligula|EPYC|XP_032061640.1
EPYC	XP_044200068.1	Thunnus albacares	122975610		611	excluded	absolute_length	XP_044200068.1 epyc [organism=Thunnus albacares] [GeneID=122975610]	Thunnus_albacares|EPYC|XP_044200068.1
EPYC	XP_026877402.2	Electrophorus electricus	113584592	X2	328	kept	representative	XP_026877402.2 epyc [organism=Electrophorus electricus] [GeneID=113584592] [isoform=X2]	Electrophorus_electricus|EPYC|XP_026877402.2
EPYC	XP_081579108.1	Electrophorus electricus	113584592	X1	688	excluded	absolute_length	XP_081579108.1 epyc [organism=Electrophorus electricus] [GeneID=113584592] [isoform=X1]	Electrophorus_electricus|EPYC|XP_081579108.1
EPYC	XP_010795549.1	Notothenia coriiceps	104967728		418	excluded	relative_length	XP_010795549.1 epyc [organism=Notothenia coriiceps] [GeneID=104967728]	Notothenia_coriiceps|EPYC|XP_010795549.1
EPYC	XP_076967700.1	Tamandua tetradactyla	143642779	X1	320	kept	representative	XP_076967700.1 EPYC [organism=Tamandua tetradactyla] [GeneID=143642779] [isoform=X1]	Tamandua_tetradactyla|EPYC|XP_076967700.1
EPYC	XP_076967701.1	Tamandua tetradactyla	143642779	X2	259	excluded	extra_isoform_same_locus	XP_076967701.1 EPYC [organism=Tamandua tetradactyla] [GeneID=143642779] [isoform=X2]	Tamandua_tetradactyla|EPYC|XP_076967701.1
EPYC	XP_039096166.1	Hyaena hyaena	120237083		321	kept	representative	XP_039096166.1 EPYC [organism=Hyaena hyaena] [GeneID=120237083]	Hyaena_hyaena|EPYC|XP_039096166.1
EPYC	XP_043417984.1	Prionailurus bengalensis	122472470		320	kept	representative	XP_043417984.1 EPYC [organism=Prionailurus bengalensis] [GeneID=122472470]	Prionailurus_bengalensis|EPYC|XP_043417984.1
EPYC	XP_046920902.1	Lynx rufus	124501037		320	kept	representative	XP_046920902.1 EPYC [organism=Lynx rufus] [GeneID=124501037]	Lynx_rufus|EPYC|XP_046920902.1
EPYC	XP_047246238.1	Girardinichthys multiradiatus	124883264		594	excluded	relative_length	XP_047246238.1 epyc [organism=Girardinichthys multiradiatus] [GeneID=124883264]	Girardinichthys_multiradiatus|EPYC|XP_047246238.1
EPYC	XP_047246239.1	Girardinichthys multiradiatus	124883264		594	excluded	relative_length	XP_047246239.1 epyc [organism=Girardinichthys multiradiatus] [GeneID=124883264]	Girardinichthys_multiradiatus|EPYC|XP_047246239.1
EPYC	XP_004384254.1	Trichechus manatus latirostris	101346680		322	kept	representative	XP_004384254.1 EPYC [organism=Trichechus manatus latirostris] [GeneID=101346680]	Trichechus_manatus_latirostris|EPYC|XP_004384254.1
EPYC	XP_086775671.1	Lissotriton vulgaris	147751381		318	kept	representative	XP_086775671.1 EPYC [organism=Lissotriton vulgaris] [GeneID=147751381]	Lissotriton_vulgaris|EPYC|XP_086775671.1
EPYC	XP_074124002.1	Sminthopsis crassicaudata	141543071		318	kept	representative	XP_074124002.1 EPYC [organism=Sminthopsis crassicaudata] [GeneID=141543071]	Sminthopsis_crassicaudata|EPYC|XP_074124002.1
EPYC	XP_080941332.1	Myotis nattereri	308514863		321	kept	representative	XP_080941332.1 EPYC [organism=Myotis nattereri] [GeneID=308514863]	Myotis_nattereri|EPYC|XP_080941332.1
EPYC	XP_053440829.1	Nycticebus coucang	128581714		322	kept	representative	XP_053440829.1 EPYC [organism=Nycticebus coucang] [GeneID=128581714]	Nycticebus_coucang|EPYC|XP_053440829.1
EPYC	XP_053799218.1	Vidua chalybeata	128788302		316	kept	representative	XP_053799218.1 EPYC [organism=Vidua chalybeata] [GeneID=128788302]	Vidua_chalybeata|EPYC|XP_053799218.1
EPYC	XP_084111468.1	Talpa europaea	311185004		320	kept	representative	XP_084111468.1 EPYC [organism=Talpa europaea] [GeneID=311185004]	Talpa_europaea|EPYC|XP_084111468.1
EPYC	XP_005242713.2	Falco peregrinus	101923433		316	kept	representative	XP_005242713.2 EPYC [organism=Falco peregrinus] [GeneID=101923433]	Falco_peregrinus|EPYC|XP_005242713.2
EPYC	XP_006063017.2	Bubalus bubalis	102402929		321	kept	representative	XP_006063017.2 EPYC [organism=Bubalus bubalis] [GeneID=102402929]	Bubalus_bubalis|EPYC|XP_006063017.2
EPYC	XP_004748615.1	Mustela putorius furo	101684877		321	kept	representative	XP_004748615.1 EPYC [organism=Mustela putorius furo] [GeneID=101684877]	Mustela_putorius_furo|EPYC|XP_004748615.1
EPYC	XP_003927922.1	Saimiri boliviensis	101050651		322	kept	representative	XP_003927922.1 EPYC [organism=Saimiri boliviensis] [GeneID=101050651]	Saimiri_boliviensis|EPYC|XP_003927922.1
EPYC	XP_063074186.1	Engraulis encrasicolus	134464769		617	excluded	absolute_length	XP_063074186.1 epyc [organism=Engraulis encrasicolus] [GeneID=134464769]	Engraulis_encrasicolus|EPYC|XP_063074186.1
EPYC	XP_073694224.1	Garra rufa	141333176		725	excluded	absolute_length	XP_073694224.1 epyc [organism=Garra rufa] [GeneID=141333176]	Garra_rufa|EPYC|XP_073694224.1
EPYC	XP_010280267.1	Phaethon lepturus	104613999		260	kept	representative	XP_010280267.1 EPYC [organism=Phaethon lepturus] [GeneID=104613999]	Phaethon_lepturus|EPYC|XP_010280267.1
EPYC	XP_037003375.1	Artibeus jamaicensis	119050954		321	kept	representative	XP_037003375.1 EPYC [organism=Artibeus jamaicensis] [GeneID=119050954]	Artibeus_jamaicensis|EPYC|XP_037003375.1
EPYC	XP_085242543.1	Rhamphochromis longiceps	146649921		618	excluded	absolute_length	XP_085242543.1 epyc [organism=Rhamphochromis longiceps] [GeneID=146649921]	Rhamphochromis_longiceps|EPYC|XP_085242543.1
EPYC	XP_016831835.1	Cricetulus griseus	100754407		322	kept	representative	XP_016831835.1 Epyc [organism=Cricetulus griseus] [GeneID=100754407]	Cricetulus_griseus|EPYC|XP_016831835.1
EPYC	XP_027249914.1	Cricetulus griseus	100754407		322	excluded	extra_isoform_same_locus	XP_027249914.1 Epyc [organism=Cricetulus griseus] [GeneID=100754407]	Cricetulus_griseus|EPYC|XP_027249914.1
EPYC	XP_035307419.1	Cricetulus griseus	100754407		322	excluded	extra_isoform_same_locus	XP_035307419.1 Epyc [organism=Cricetulus griseus] [GeneID=100754407]	Cricetulus_griseus|EPYC|XP_035307419.1
EPYC	XP_035312696.1	Cricetulus griseus	100754407		322	excluded	extra_isoform_same_locus	XP_035312696.1 Epyc [organism=Cricetulus griseus] [GeneID=100754407]	Cricetulus_griseus|EPYC|XP_035312696.1
EPYC	XP_079255272.1	Barbus barbus	306858562	1	668	excluded	absolute_length	XP_079255272.1 LOC306858562 [organism=Barbus barbus] [GeneID=306858562] [isoform=1]	Barbus_barbus|EPYC|XP_079255272.1
EPYC	XP_079255273.1	Barbus barbus	306858562	1	668	excluded	absolute_length	XP_079255273.1 LOC306858562 [organism=Barbus barbus] [GeneID=306858562] [isoform=1]	Barbus_barbus|EPYC|XP_079255273.1
EPYC	XP_079255274.1	Barbus barbus	306858562	2	666	excluded	absolute_length	XP_079255274.1 LOC306858562 [organism=Barbus barbus] [GeneID=306858562] [isoform=2]	Barbus_barbus|EPYC|XP_079255274.1
EPYC	XP_034611968.1	Trachemys scripta elegans	117869304		316	kept	representative	XP_034611968.1 EPYC [organism=Trachemys scripta elegans] [GeneID=117869304]	Trachemys_scripta_elegans|EPYC|XP_034611968.1
EPYC	XP_034612055.1	Trachemys scripta elegans	117869304		316	excluded	extra_isoform_same_locus	XP_034612055.1 EPYC [organism=Trachemys scripta elegans] [GeneID=117869304]	Trachemys_scripta_elegans|EPYC|XP_034612055.1
EPYC	XP_034612141.1	Trachemys scripta elegans	117869304		316	excluded	extra_isoform_same_locus	XP_034612141.1 EPYC [organism=Trachemys scripta elegans] [GeneID=117869304]	Trachemys_scripta_elegans|EPYC|XP_034612141.1
EPYC	XP_019815568.2	Bos indicus	109558670		321	kept	representative	XP_019815568.2 EPYC [organism=Bos indicus] [GeneID=109558670]	Bos_indicus|EPYC|XP_019815568.2
EPYC	XP_065597402.1	Cyrtonyx montezumae	136051755		316	kept	representative	XP_065597402.1 EPYC [organism=Cyrtonyx montezumae] [GeneID=136051755]	Cyrtonyx_montezumae|EPYC|XP_065597402.1
EPYC	XP_071600568.1	Heliangelus exortis	139796431		316	kept	representative	XP_071600568.1 EPYC [organism=Heliangelus exortis] [GeneID=139796431]	Heliangelus_exortis|EPYC|XP_071600568.1
EPYC	XP_060550813.1	Pantherophis guttatus	117655668		322	kept	representative	XP_060550813.1 EPYC [organism=Pantherophis guttatus] [GeneID=117655668]	Pantherophis_guttatus|EPYC|XP_060550813.1
EPYC	XP_081885464.1	Branta canadensis	309426064		316	kept	representative	XP_081885464.1 EPYC [organism=Branta canadensis] [GeneID=309426064]	Branta_canadensis|EPYC|XP_081885464.1
EPYC	XP_042577921.1	Cyprinus carpio	109075206	X1	717	excluded	absolute_length	XP_042577921.1 epyc [organism=Cyprinus carpio] [GeneID=109075206] [isoform=X1]	Cyprinus_carpio|EPYC|XP_042577921.1
EPYC	XP_042577922.1	Cyprinus carpio	109075206	X1	717	excluded	absolute_length	XP_042577922.1 epyc [organism=Cyprinus carpio] [GeneID=109075206] [isoform=X1]	Cyprinus_carpio|EPYC|XP_042577922.1
EPYC	XP_042577923.1	Cyprinus carpio	109075206	X2	693	excluded	absolute_length	XP_042577923.1 epyc [organism=Cyprinus carpio] [GeneID=109075206] [isoform=X2]	Cyprinus_carpio|EPYC|XP_042577923.1
EPYC	XP_042577924.1	Cyprinus carpio	109075206	X3	336	kept	representative	XP_042577924.1 epyc [organism=Cyprinus carpio] [GeneID=109075206] [isoform=X3]	Cyprinus_carpio|EPYC|XP_042577924.1
EPYC	XP_063316662.1	Pelmatolapia mariae	134615911		615	excluded	absolute_length	XP_063316662.1 epyc [organism=Pelmatolapia mariae] [GeneID=134615911]	Pelmatolapia_mariae|EPYC|XP_063316662.1
EPYC	XP_072714016.1	Ciconia boyciana	140649804		351	kept	representative	XP_072714016.1 EPYC [organism=Ciconia boyciana] [GeneID=140649804]	Ciconia_boyciana|EPYC|XP_072714016.1
EPYC	XP_077327045.1	Lithobates pipiens	143961603		318	kept	representative	XP_077327045.1 EPYC [organism=Lithobates pipiens] [GeneID=143961603]	Lithobates_pipiens|EPYC|XP_077327045.1
EPYC	XP_079151126.1	Melanostigma gelatinosum	306796184	1	371	excluded	extra_isoform_same_locus	XP_079151126.1 epyc [organism=Melanostigma gelatinosum] [GeneID=306796184] [isoform=1]	Melanostigma_gelatinosum|EPYC|XP_079151126.1
EPYC	XP_079151127.1	Melanostigma gelatinosum	306796184	2	332	kept	representative	XP_079151127.1 epyc [organism=Melanostigma gelatinosum] [GeneID=306796184] [isoform=2]	Melanostigma_gelatinosum|EPYC|XP_079151127.1
EPYC	XP_008579758.1	Galeopterus variegatus	103597668		275	kept	representative	XP_008579758.1 EPYC [organism=Galeopterus variegatus] [GeneID=103597668]	Galeopterus_variegatus|EPYC|XP_008579758.1
EPYC	XP_010178345.1	Mesitornis unicolor	104533657		316	kept	representative	XP_010178345.1 EPYC [organism=Mesitornis unicolor] [GeneID=104533657]	Mesitornis_unicolor|EPYC|XP_010178345.1
EPYC	XP_015256376.1	Cyprinodon variegatus	107101828		577	excluded	relative_length	XP_015256376.1 epyc [organism=Cyprinodon variegatus] [GeneID=107101828]	Cyprinodon_variegatus|EPYC|XP_015256376.1
EPYC	XP_026355701.4	Ursus arctos	113256181		321	kept	representative	XP_026355701.4 EPYC [organism=Ursus arctos] [GeneID=113256181]	Ursus_arctos|EPYC|XP_026355701.4
EPYC	XP_058629859.1	Onychostoma macrolepis	131539343	X1	338	kept	representative	XP_058629859.1 epyc [organism=Onychostoma macrolepis] [GeneID=131539343] [isoform=X1]	Onychostoma_macrolepis|EPYC|XP_058629859.1
EPYC	XP_058629860.1	Onychostoma macrolepis	131539343	X2	742	excluded	absolute_length	XP_058629860.1 epyc [organism=Onychostoma macrolepis] [GeneID=131539343] [isoform=X2]	Onychostoma_macrolepis|EPYC|XP_058629860.1
EPYC	XP_059260645.1	Mustela nigripes	132020524		321	kept	representative	XP_059260645.1 EPYC [organism=Mustela nigripes] [GeneID=132020524]	Mustela_nigripes|EPYC|XP_059260645.1
EPYC	XP_084993532.1	Neolamprologus multifasciatus	146499492		618	excluded	absolute_length	XP_084993532.1 epyc [organism=Neolamprologus multifasciatus] [GeneID=146499492]	Neolamprologus_multifasciatus|EPYC|XP_084993532.1
EPYC	XP_084339417.1	Micromesistius poutassou	311363341		622	excluded	absolute_length	XP_084339417.1 epyc [organism=Micromesistius poutassou] [GeneID=311363341]	Micromesistius_poutassou|EPYC|XP_084339417.1
EPYC	XP_069347152.1	Eulemur rufifrons	138397129		322	kept	representative	XP_069347152.1 EPYC [organism=Eulemur rufifrons] [GeneID=138397129]	Eulemur_rufifrons|EPYC|XP_069347152.1
EPYC	XP_075130596.1	Leptodactylus fuscus	142203609		315	kept	representative	XP_075130596.1 EPYC [organism=Leptodactylus fuscus] [GeneID=142203609]	Leptodactylus_fuscus|EPYC|XP_075130596.1
EPYC	XP_075130598.1	Leptodactylus fuscus	142203609		315	excluded	extra_isoform_same_locus	XP_075130598.1 EPYC [organism=Leptodactylus fuscus] [GeneID=142203609]	Leptodactylus_fuscus|EPYC|XP_075130598.1
EPYC	XP_080707828.1	Sprattus sprattus	308375537		372	kept	representative	XP_080707828.1 epyc [organism=Sprattus sprattus] [GeneID=308375537]	Sprattus_sprattus|EPYC|XP_080707828.1
EPYC	XP_084473771.1	Lepidochelys olivacea	311514921		316	kept	representative	XP_084473771.1 EPYC [organism=Lepidochelys olivacea] [GeneID=311514921]	Lepidochelys_olivacea|EPYC|XP_084473771.1
EPYC	XP_010168220.1	Antrostomus carolinensis	104517878		208	excluded	relative_length	XP_010168220.1 EPYC [organism=Antrostomus carolinensis] [GeneID=104517878]	Antrostomus_carolinensis|EPYC|XP_010168220.1
EPYC	XP_035407734.1	Cygnus atratus	118250589	X1	316	kept	representative	XP_035407734.1 EPYC [organism=Cygnus atratus] [GeneID=118250589] [isoform=X1]	Cygnus_atratus|EPYC|XP_035407734.1
EPYC	XP_050569105.1	Cygnus atratus	118250589	X2	277	excluded	extra_isoform_same_locus	XP_050569105.1 EPYC [organism=Cygnus atratus] [GeneID=118250589] [isoform=X2]	Cygnus_atratus|EPYC|XP_050569105.1
EPYC	XP_061271708.1	Bos javanicus	133247207		321	kept	representative	XP_061271708.1 EPYC [organism=Bos javanicus] [GeneID=133247207]	Bos_javanicus|EPYC|XP_061271708.1
EPYC	XP_007165968.1	Balaenoptera acutorostrata	102997999		321	kept	representative	XP_007165968.1 EPYC [organism=Balaenoptera acutorostrata] [GeneID=102997999]	Balaenoptera_acutorostrata|EPYC|XP_007165968.1
EPYC	XP_082024625.1	Leuciscus leuciscus	309498022	1	666	excluded	absolute_length	XP_082024625.1 epyc [organism=Leuciscus leuciscus] [GeneID=309498022] [isoform=1]	Leuciscus_leuciscus|EPYC|XP_082024625.1
EPYC	XP_082024626.1	Leuciscus leuciscus	309498022	2	664	excluded	absolute_length	XP_082024626.1 epyc [organism=Leuciscus leuciscus] [GeneID=309498022] [isoform=2]	Leuciscus_leuciscus|EPYC|XP_082024626.1
EPYC	XP_082024627.1	Leuciscus leuciscus	309498022	3	654	excluded	absolute_length	XP_082024627.1 epyc [organism=Leuciscus leuciscus] [GeneID=309498022] [isoform=3]	Leuciscus_leuciscus|EPYC|XP_082024627.1
EPYC	XP_082024628.1	Leuciscus leuciscus	309498022	4	612	excluded	absolute_length	XP_082024628.1 epyc [organism=Leuciscus leuciscus] [GeneID=309498022] [isoform=4]	Leuciscus_leuciscus|EPYC|XP_082024628.1
EPYC	XP_063180009.1	Chroicocephalus ridibundus	134510664		316	kept	representative	XP_063180009.1 EPYC [organism=Chroicocephalus ridibundus] [GeneID=134510664]	Chroicocephalus_ridibundus|EPYC|XP_063180009.1
EPYC	XP_068163050.1	Antennarius striatus	137589300		583	excluded	relative_length	XP_068163050.1 epyc [organism=Antennarius striatus] [GeneID=137589300]	Antennarius_striatus|EPYC|XP_068163050.1
EPYC	XP_081067082.1	Podarcis bocagei	308596127	1	316	kept	representative	XP_081067082.1 EPYC [organism=Podarcis bocagei] [GeneID=308596127] [isoform=1]	Podarcis_bocagei|EPYC|XP_081067082.1
EPYC	XP_081067083.1	Podarcis bocagei	308596127	1	316	excluded	extra_isoform_same_locus	XP_081067083.1 EPYC [organism=Podarcis bocagei] [GeneID=308596127] [isoform=1]	Podarcis_bocagei|EPYC|XP_081067083.1
EPYC	XP_081067084.1	Podarcis bocagei	308596127	1	316	excluded	extra_isoform_same_locus	XP_081067084.1 EPYC [organism=Podarcis bocagei] [GeneID=308596127] [isoform=1]	Podarcis_bocagei|EPYC|XP_081067084.1
EPYC	XP_051856816.1	Antechinus flavipes	127564371		318	kept	representative	XP_051856816.1 EPYC [organism=Antechinus flavipes] [GeneID=127564371]	Antechinus_flavipes|EPYC|XP_051856816.1
EPYC	XP_082366894.1	Aulonocara stuartgranti	309692371	1	618	excluded	absolute_length	XP_082366894.1 epyc [organism=Aulonocara stuartgranti] [GeneID=309692371] [isoform=1]	Aulonocara_stuartgranti|EPYC|XP_082366894.1
EPYC	XP_082366895.1	Aulonocara stuartgranti	309692371	1	618	excluded	absolute_length	XP_082366895.1 epyc [organism=Aulonocara stuartgranti] [GeneID=309692371] [isoform=1]	Aulonocara_stuartgranti|EPYC|XP_082366895.1
EPYC	XP_082366896.1	Aulonocara stuartgranti	309692371	2	514	excluded	relative_length	XP_082366896.1 epyc [organism=Aulonocara stuartgranti] [GeneID=309692371] [isoform=2]	Aulonocara_stuartgranti|EPYC|XP_082366896.1
EPYC	XP_082366897.1	Aulonocara stuartgranti	309692371	2	514	excluded	relative_length	XP_082366897.1 epyc [organism=Aulonocara stuartgranti] [GeneID=309692371] [isoform=2]	Aulonocara_stuartgranti|EPYC|XP_082366897.1
EPYC	XP_082366898.1	Aulonocara stuartgranti	309692371	3	508	excluded	relative_length	XP_082366898.1 epyc [organism=Aulonocara stuartgranti] [GeneID=309692371] [isoform=3]	Aulonocara_stuartgranti|EPYC|XP_082366898.1
EPYC	XP_083895342.1	Eutrigla gurnardus	311032443	1	590	excluded	relative_length	XP_083895342.1 epyc [organism=Eutrigla gurnardus] [GeneID=311032443] [isoform=1]	Eutrigla_gurnardus|EPYC|XP_083895342.1
EPYC	XP_083895343.1	Eutrigla gurnardus	311032443	2	438	excluded	relative_length	XP_083895343.1 epyc [organism=Eutrigla gurnardus] [GeneID=311032443] [isoform=2]	Eutrigla_gurnardus|EPYC|XP_083895343.1
EPYC	XP_084362675.1	Aythya ferina	311430146		316	kept	representative	XP_084362675.1 EPYC [organism=Aythya ferina] [GeneID=311430146]	Aythya_ferina|EPYC|XP_084362675.1
