gene	accession	species	gene_id	isoform	length	status	reason	old_header	new_header
BGN	XP_048035309.1	Megalobrama amblycephala	125260808		371	kept	representative	XP_048035309.1 bgnb [organism=Megalobrama amblycephala] [GeneID=125260808]	Megalobrama_amblycephala|BGN|XP_048035309.1
BGN	XP_051913225.1	Hippocampus zosterae	127595621		371	kept	representative	XP_051913225.1 bgnb [organism=Hippocampus zosterae] [GeneID=127595621]	Hippocampus_zosterae|BGN|XP_051913225.1
BGN	XP_051913226.1	Hippocampus zosterae	127595621		371	excluded	extra_isoform_same_locus	XP_051913226.1 bgnb [organism=Hippocampus zosterae] [GeneID=127595621]	Hippocampus_zosterae|BGN|XP_051913226.1
BGN	XP_068452796.1	Clinocottus analis	137799847		372	kept	representative	XP_068452796.1 bgnb [organism=Clinocottus analis] [GeneID=137799847]	Clinocottus_analis|BGN|XP_068452796.1
BGN	XP_069065486.1	Pleurodeles waltl	138260902		365	kept	representative	XP_069065486.1 BGN [organism=Pleurodeles waltl] [GeneID=138260902]	Pleurodeles_waltl|BGN|XP_069065486.1
BGN	XP_026009672.1	Astatotilapia calliptera	113013183		371	kept	representative	XP_026009672.1 bgnb [organism=Astatotilapia calliptera] [GeneID=113013183]	Astatotilapia_calliptera|BGN|XP_026009672.1
BGN	XP_041801491.1	Chelmon rostratus	121612576		372	kept	representative	XP_041801491.1 bgnb [organism=Chelmon rostratus] [GeneID=121612576]	Chelmon_rostratus|BGN|XP_041801491.1
BGN	XP_070964488.1	Oncorhynchus clarkii lewisi	139368906		370	kept	representative	XP_070964488.1 bgnb [organism=Oncorhynchus clarkii lewisi] [GeneID=139368906]	Oncorhynchus_clarkii_lewisi|BGN|XP_070964488.1
BGN	XP_042830885.1	Panthera tigris	102965562		372	kept	representative	XP_042830885.1 BGN [organism=Panthera tigris] [GeneID=102965562]	Panthera_tigris|BGN|XP_042830885.1
BGN	XP_084645222.1	Acomys minous	311601579		369	kept	representative	XP_084645222.1 BGN [organism=Acomys minous] [GeneID=311601579]	Acomys_minous|BGN|XP_084645222.1
BGN	XP_014907866.1	Poecilia latipinna	106959660		372	kept	representative	XP_014907866.1 bgnb [organism=Poecilia latipinna] [GeneID=106959660]	Poecilia_latipinna|BGN|XP_014907866.1
BGN	XP_038603822.1	Tachyglossus aculeatus	119929683		369	kept	representative	XP_038603822.1 BGN [organism=Tachyglossus aculeatus] [GeneID=119929683]	Tachyglossus_aculeatus|BGN|XP_038603822.1
BGN	XP_053870847.1	Malaclemys terrapin pileata	128829446	X1	870	excluded	absolute_length	XP_053870847.1 BGN [organism=Malaclemys terrapin pileata] [GeneID=128829446] [isoform=X1]	Malaclemys_terrapin_pileata|BGN|XP_053870847.1
BGN	XP_053870848.1	Malaclemys terrapin pileata	128829446	X2	864	excluded	absolute_length	XP_053870848.1 BGN [organism=Malaclemys terrapin pileata] [GeneID=128829446] [isoform=X2]	Malaclemys_terrapin_pileata|BGN|XP_053870848.1
BGN	XP_053870849.1	Malaclemys terrapin pileata	128829446	X3	753	excluded	absolute_length	XP_053870849.1 BGN [organism=Malaclemys terrapin pileata] [GeneID=128829446] [isoform=X3]	Malaclemys_terrapin_pileata|BGN|XP_053870849.1
BGN	XP_053870850.1	Malaclemys terrapin pileata	128829446	X4	418	kept	representative	XP_053870850.1 BGN [organism=Malaclemys terrapin pileata] [GeneID=128829446] [isoform=X4]	Malaclemys_terrapin_pileata|BGN|XP_053870850.1
BGN	XP_077403808.1	Vanacampus margaritifer	144036786	X1	607	excluded	absolute_length	XP_077403808.1 bgnb [organism=Vanacampus margaritifer] [GeneID=144036786] [isoform=X1]	Vanacampus_margaritifer|BGN|XP_077403808.1
BGN	XP_077403816.1	Vanacampus margaritifer	144036786	X1	607	excluded	absolute_length	XP_077403816.1 bgnb [organism=Vanacampus margaritifer] [GeneID=144036786] [isoform=X1]	Vanacampus_margaritifer|BGN|XP_077403816.1
BGN	XP_077403826.1	Vanacampus margaritifer	144036786	X1	607	excluded	absolute_length	XP_077403826.1 bgnb [organism=Vanacampus margaritifer] [GeneID=144036786] [isoform=X1]	Vanacampus_margaritifer|BGN|XP_077403826.1
BGN	XP_077403836.1	Vanacampus margaritifer	144036786	X2	569	excluded	relative_length	XP_077403836.1 bgnb [organism=Vanacampus margaritifer] [GeneID=144036786] [isoform=X2]	Vanacampus_margaritifer|BGN|XP_077403836.1
BGN	XP_077403845.1	Vanacampus margaritifer	144036786	X3	371	kept	representative	XP_077403845.1 bgnb [organism=Vanacampus margaritifer] [GeneID=144036786] [isoform=X3]	Vanacampus_margaritifer|BGN|XP_077403845.1
BGN	XP_077403854.1	Vanacampus margaritifer	144036786	X3	371	excluded	extra_isoform_same_locus	XP_077403854.1 bgnb [organism=Vanacampus margaritifer] [GeneID=144036786] [isoform=X3]	Vanacampus_margaritifer|BGN|XP_077403854.1
BGN	XP_085926019.1	Leptonotus elevatus	147179842		371	kept	representative	XP_085926019.1 bgnb [organism=Leptonotus elevatus] [GeneID=147179842]	Leptonotus_elevatus|BGN|XP_085926019.1
BGN	XP_011857624.1	Mandrillus leucophaeus	105555344	X1	385	excluded	extra_isoform_same_locus	XP_011857624.1 BGN [organism=Mandrillus leucophaeus] [GeneID=105555344] [isoform=X1]	Mandrillus_leucophaeus|BGN|XP_011857624.1
BGN	XP_011857625.1	Mandrillus leucophaeus	105555344	X2	368	kept	representative	XP_011857625.1 BGN [organism=Mandrillus leucophaeus] [GeneID=105555344] [isoform=X2]	Mandrillus_leucophaeus|BGN|XP_011857625.1
BGN	XP_011857626.1	Mandrillus leucophaeus	105555344	X2	368	excluded	extra_isoform_same_locus	XP_011857626.1 BGN [organism=Mandrillus leucophaeus] [GeneID=105555344] [isoform=X2]	Mandrillus_leucophaeus|BGN|XP_011857626.1
BGN	XP_042606035.1	Cyprinus carpio	109064226		371	kept	representative	XP_042606035.1 bgnb [organism=Cyprinus carpio] [GeneID=109064226]	Cyprinus_carpio|BGN|XP_042606035.1
BGN	XP_043425999.1	Prionailurus bengalensis	122477204		372	kept	representative	XP_043425999.1 BGN [organism=Prionailurus bengalensis] [GeneID=122477204]	Prionailurus_bengalensis|BGN|XP_043425999.1
BGN	XP_043426000.1	Prionailurus bengalensis	122477204		372	excluded	extra_isoform_same_locus	XP_043426000.1 BGN [organism=Prionailurus bengalensis] [GeneID=122477204]	Prionailurus_bengalensis|BGN|XP_043426000.1
BGN	XP_070146600.1	Ovis canadensis	138930378		369	kept	representative	XP_070146600.1 BGN [organism=Ovis canadensis] [GeneID=138930378]	Ovis_canadensis|BGN|XP_070146600.1
BGN	XP_081174945.1	Vipera berus	308662696	1	368	kept	representative	XP_081174945.1 BGN [organism=Vipera berus] [GeneID=308662696] [isoform=1]	Vipera_berus|BGN|XP_081174945.1
BGN	XP_081174946.1	Vipera berus	308662696	1	368	excluded	extra_isoform_same_locus	XP_081174946.1 BGN [organism=Vipera berus] [GeneID=308662696] [isoform=1]	Vipera_berus|BGN|XP_081174946.1
BGN	XP_085638283.1	Trachurus japonicus	146984750		371	kept	representative	XP_085638283.1 bgnb [organism=Trachurus japonicus] [GeneID=146984750]	Trachurus_japonicus|BGN|XP_085638283.1
BGN	XP_083575668.1	Podarcis gaigeae	310834954		369	kept	representative	XP_083575668.1 BGN [organism=Podarcis gaigeae] [GeneID=310834954]	Podarcis_gaigeae|BGN|XP_083575668.1
BGN	XP_003431026.2	Ornithorhynchus anatinus	100079985		369	kept	representative	XP_003431026.2 BGN [organism=Ornithorhynchus anatinus] [GeneID=100079985]	Ornithorhynchus_anatinus|BGN|XP_003431026.2
BGN	XP_008827740.1	Nannospalax galili	103731187		369	kept	representative	XP_008827740.1 Bgn [organism=Nannospalax galili] [GeneID=103731187]	Nannospalax_galili|BGN|XP_008827740.1
BGN	XP_017652747.1	Nannospalax galili	103731187		369	excluded	extra_isoform_same_locus	XP_017652747.1 Bgn [organism=Nannospalax galili] [GeneID=103731187]	Nannospalax_galili|BGN|XP_017652747.1
BGN	XP_029417690.1	Nannospalax galili	103731187		369	excluded	extra_isoform_same_locus	XP_029417690.1 Bgn [organism=Nannospalax galili] [GeneID=103731187]	Nannospalax_galili|BGN|XP_029417690.1
BGN	XP_067171164.1	Apteryx mantelli	136995237		386	kept	representative	XP_067171164.1 BGN [organism=Apteryx mantelli] [GeneID=136995237]	Apteryx_mantelli|BGN|XP_067171164.1
BGN	XP_079334653.1	Barbatula barbatula	306906841		371	kept	representative	XP_079334653.1 bgnb [organism=Barbatula barbatula] [GeneID=306906841]	Barbatula_barbatula|BGN|XP_079334653.1
BGN	XP_072673945.1	Canis lupus baileyi	140628577		372	kept	representative	XP_072673945.1 BGN [organism=Canis lupus baileyi] [GeneID=140628577]	Canis_lupus_baileyi|BGN|XP_072673945.1
BGN	XP_072673946.1	Canis lupus baileyi	140628577		372	excluded	extra_isoform_same_locus	XP_072673946.1 BGN [organism=Canis lupus baileyi] [GeneID=140628577]	Canis_lupus_baileyi|BGN|XP_072673946.1
BGN	XP_072673947.1	Canis lupus baileyi	140628577		372	excluded	extra_isoform_same_locus	XP_072673947.1 BGN [organism=Canis lupus baileyi] [GeneID=140628577]	Canis_lupus_baileyi|BGN|XP_072673947.1
BGN	XP_049623468.1	Suncus etruscus	125999447		370	kept	representative	XP_049623468.1 BGN [organism=Suncus etruscus] [GeneID=125999447]	Suncus_etruscus|BGN|XP_049623468.1
BGN	XP_047703595.1	Prionailurus viverrinus	125159351		372	kept	representative	XP_047703595.1 BGN [organism=Prionailurus viverrinus] [GeneID=125159351]	Prionailurus_viverrinus|BGN|XP_047703595.1
BGN	XP_054434110.1	Pteronotus mesoamericanus	129074352		372	kept	representative	XP_054434110.1 BGN [organism=Pteronotus mesoamericanus] [GeneID=129074352]	Pteronotus_mesoamericanus|BGN|XP_054434110.1
BGN	XP_063064045.1	Engraulis encrasicolus	134456573		373	kept	representative	XP_063064045.1 bgnb [organism=Engraulis encrasicolus] [GeneID=134456573]	Engraulis_encrasicolus|BGN|XP_063064045.1
BGN	XP_035501608.1	Scophthalmus maximus	118317217		372	kept	representative	XP_035501608.1 bgnb [organism=Scophthalmus maximus] [GeneID=118317217]	Scophthalmus_maximus|BGN|XP_035501608.1
BGN	XP_035501609.1	Scophthalmus maximus	118317217		372	excluded	extra_isoform_same_locus	XP_035501609.1 bgnb [organism=Scophthalmus maximus] [GeneID=118317217]	Scophthalmus_maximus|BGN|XP_035501609.1
BGN	XP_030706255.1	Globicephala melas	115849295		369	kept	representative	XP_030706255.1 BGN [organism=Globicephala melas] [GeneID=115849295]	Globicephala_melas|BGN|XP_030706255.1
BGN	XP_051824101.1	Antechinus flavipes	127542494		369	kept	representative	XP_051824101.1 BGN [organism=Antechinus flavipes] [GeneID=127542494]	Antechinus_flavipes|BGN|XP_051824101.1
BGN	XP_051824102.1	Antechinus flavipes	127542494		369	excluded	extra_isoform_same_locus	XP_051824102.1 BGN [organism=Antechinus flavipes] [GeneID=127542494]	Antechinus_flavipes|BGN|XP_051824102.1
BGN	XP_059858563.1	Delphinus delphis	132418616		369	kept	representative	XP_059858563.1 BGN [organism=Delphinus delphis] [GeneID=132418616]	Delphinus_delphis|BGN|XP_059858563.1
BGN	XP_061034416.1	Eubalaena glacialis	133082036		369	kept	representative	XP_061034416.1 BGN [organism=Eubalaena glacialis] [GeneID=133082036]	Eubalaena_glacialis|BGN|XP_061034416.1
BGN	XP_063319202.1	Pelmatolapia mariae	134617997		371	kept	representative	XP_063319202.1 bgnb [organism=Pelmatolapia mariae] [GeneID=134617997]	Pelmatolapia_mariae|BGN|XP_063319202.1
BGN	XP_071755052.1	Centroberyx gerrardi	139911421		372	kept	representative	XP_071755052.1 bgnb [organism=Centroberyx gerrardi] [GeneID=139911421]	Centroberyx_gerrardi|BGN|XP_071755052.1
BGN	XP_028641145.1	Grammomys surdaster	114637141		369	kept	representative	XP_028641145.1 Bgn [organism=Grammomys surdaster] [GeneID=114637141]	Grammomys_surdaster|BGN|XP_028641145.1
BGN	XP_046252870.1	Scatophagus argus	124063347		372	kept	representative	XP_046252870.1 bgnb [organism=Scatophagus argus] [GeneID=124063347]	Scatophagus_argus|BGN|XP_046252870.1
BGN	XP_049728733.1	Elephas maximus indicus	126069411		369	kept	representative	XP_049728733.1 BGN [organism=Elephas maximus indicus] [GeneID=126069411]	Elephas_maximus_indicus|BGN|XP_049728733.1
BGN	XP_066212938.1	Saccopteryx leptura	136385682		372	kept	representative	XP_066212938.1 BGN [organism=Saccopteryx leptura] [GeneID=136385682]	Saccopteryx_leptura|BGN|XP_066212938.1
BGN	XP_066212939.1	Saccopteryx leptura	136385682		372	excluded	extra_isoform_same_locus	XP_066212939.1 BGN [organism=Saccopteryx leptura] [GeneID=136385682]	Saccopteryx_leptura|BGN|XP_066212939.1
BGN	XP_026776868.3	Pangasianodon hypophthalmus	113530763		383	kept	representative	XP_026776868.3 bgnb [organism=Pangasianodon hypophthalmus] [GeneID=113530763]	Pangasianodon_hypophthalmus|BGN|XP_026776868.3
BGN	XP_026776869.3	Pangasianodon hypophthalmus	113530763		383	excluded	extra_isoform_same_locus	XP_026776869.3 bgnb [organism=Pangasianodon hypophthalmus] [GeneID=113530763]	Pangasianodon_hypophthalmus|BGN|XP_026776869.3
BGN	XP_041092939.1	Polyodon spathula	121305393		369	kept	representative	XP_041092939.1 bgnb [organism=Polyodon spathula] [GeneID=121305393]	Polyodon_spathula|BGN|XP_041092939.1
BGN	XP_035872203.1	Phyllostomus discolor	114505234		372	kept	representative	XP_035872203.1 BGN [organism=Phyllostomus discolor] [GeneID=114505234]	Phyllostomus_discolor|BGN|XP_035872203.1
BGN	XP_066528545.1	Hoplias malabaricus	136697389		371	kept	representative	XP_066528545.1 bgnb [organism=Hoplias malabaricus] [GeneID=136697389]	Hoplias_malabaricus|BGN|XP_066528545.1
BGN	XP_066528546.1	Hoplias malabaricus	136697389		371	excluded	extra_isoform_same_locus	XP_066528546.1 bgnb [organism=Hoplias malabaricus] [GeneID=136697389]	Hoplias_malabaricus|BGN|XP_066528546.1
BGN	XP_072344028.1	Scyliorhinus torazame	140398938		375	kept	representative	XP_072344028.1 bgnb [organism=Scyliorhinus torazame] [GeneID=140398938]	Scyliorhinus_torazame|BGN|XP_072344028.1
BGN	XP_072344029.1	Scyliorhinus torazame	140398938		375	excluded	extra_isoform_same_locus	XP_072344029.1 bgnb [organism=Scyliorhinus torazame] [GeneID=140398938]	Scyliorhinus_torazame|BGN|XP_072344029.1
BGN	XP_083497629.1	Poromitra crassiceps	310780971		376	kept	representative	XP_083497629.1 bgnb [organism=Poromitra crassiceps] [GeneID=310780971]	Poromitra_crassiceps|BGN|XP_083497629.1
BGN	XP_026909143.1	Acinonyx jubatus	113597400		372	kept	representative	XP_026909143.1 BGN [organism=Acinonyx jubatus] [GeneID=113597400]	Acinonyx_jubatus|BGN|XP_026909143.1
BGN	XP_026909144.1	Acinonyx jubatus	113597400		372	excluded	extra_isoform_same_locus	XP_026909144.1 BGN [organism=Acinonyx jubatus] [GeneID=113597400]	Acinonyx_jubatus|BGN|XP_026909144.1
BGN	XP_082232521.1	Balaenoptera borealis	309620281		369	kept	representative	XP_082232521.1 BGN [organism=Balaenoptera borealis] [GeneID=309620281]	Balaenoptera_borealis|BGN|XP_082232521.1
BGN	XP_084114214.1	Talpa europaea	311186878		369	kept	representative	XP_084114214.1 BGN [organism=Talpa europaea] [GeneID=311186878]	Talpa_europaea|BGN|XP_084114214.1
BGN	XP_084285403.1	Rutilus rutilus	311303043		371	kept	representative	XP_084285403.1 bgnb [organism=Rutilus rutilus] [GeneID=311303043]	Rutilus_rutilus|BGN|XP_084285403.1
BGN	XP_032121086.1	Sapajus apella	116541207		369	kept	representative	XP_032121086.1 BGN [organism=Sapajus apella] [GeneID=116541207]	Sapajus_apella|BGN|XP_032121086.1
BGN	XP_032121087.1	Sapajus apella	116541207		369	excluded	extra_isoform_same_locus	XP_032121087.1 BGN [organism=Sapajus apella] [GeneID=116541207]	Sapajus_apella|BGN|XP_032121087.1
BGN	XP_032121088.1	Sapajus apella	116541207		369	excluded	extra_isoform_same_locus	XP_032121088.1 BGN [organism=Sapajus apella] [GeneID=116541207]	Sapajus_apella|BGN|XP_032121088.1
BGN	XP_032431293.1	Xiphophorus hellerii	116727774		372	kept	representative	XP_032431293.1 bgnb [organism=Xiphophorus hellerii] [GeneID=116727774]	Xiphophorus_hellerii|BGN|XP_032431293.1
BGN	XP_032431294.1	Xiphophorus hellerii	116727774		372	excluded	extra_isoform_same_locus	XP_032431294.1 bgnb [organism=Xiphophorus hellerii] [GeneID=116727774]	Xiphophorus_hellerii|BGN|XP_032431294.1
BGN	XP_086243714.1	Bos grunniens	147341067		369	kept	representative	XP_086243714.1 BGN [organism=Bos grunniens] [GeneID=147341067]	Bos_grunniens|BGN|XP_086243714.1
BGN	XP_086243715.1	Bos grunniens	147341067		369	excluded	extra_isoform_same_locus	XP_086243715.1 BGN [organism=Bos grunniens] [GeneID=147341067]	Bos_grunniens|BGN|XP_086243715.1
BGN	XP_051282217.1	Dicentrarchus labrax	127377924		372	kept	representative	XP_051282217.1 bgnb [organism=Dicentrarchus labrax] [GeneID=127377924]	Dicentrarchus_labrax|BGN|XP_051282217.1
BGN	XP_007955372.1	Orycteropus afer afer	103211243		372	kept	representative	XP_007955372.1 BGN [organism=Orycteropus afer afer] [GeneID=103211243]	Orycteropus_afer_afer|BGN|XP_007955372.1
BGN	XP_068589420.1	Cebidichthys violaceus	137889454		375	kept	representative	XP_068589420.1 bgnb [organism=Cebidichthys violaceus] [GeneID=137889454]	Cebidichthys_violaceus|BGN|XP_068589420.1
BGN	XP_025843837.1	Vulpes vulpes	112911475		372	kept	representative	XP_025843837.1 BGN [organism=Vulpes vulpes] [GeneID=112911475]	Vulpes_vulpes|BGN|XP_025843837.1
BGN	XP_072600847.1	Vulpes vulpes	112911475		372	excluded	extra_isoform_same_locus	XP_072600847.1 BGN [organism=Vulpes vulpes] [GeneID=112911475]	Vulpes_vulpes|BGN|XP_072600847.1
BGN	XP_072305937.1	Eucyclogobius newberryi	140363335		372	kept	representative	XP_072305937.1 bgnb [organism=Eucyclogobius newberryi] [GeneID=140363335]	Eucyclogobius_newberryi|BGN|XP_072305937.1
BGN	XP_075332968.1	Odontesthes bonariensis	142390954		374	kept	representative	XP_075332968.1 bgnb [organism=Odontesthes bonariensis] [GeneID=142390954]	Odontesthes_bonariensis|BGN|XP_075332968.1
BGN	XP_081132674.1	Spermophilus citellus	308638776	1	369	kept	representative	XP_081132674.1 BGN [organism=Spermophilus citellus] [GeneID=308638776] [isoform=1]	Spermophilus_citellus|BGN|XP_081132674.1
BGN	XP_081132675.1	Spermophilus citellus	308638776	1	369	excluded	extra_isoform_same_locus	XP_081132675.1 BGN [organism=Spermophilus citellus] [GeneID=308638776] [isoform=1]	Spermophilus_citellus|BGN|XP_081132675.1
BGN	XP_081132676.1	Spermophilus citellus	308638776	1	369	excluded	extra_isoform_same_locus	XP_081132676.1 BGN [organism=Spermophilus citellus] [GeneID=308638776] [isoform=1]	Spermophilus_citellus|BGN|XP_081132676.1
BGN	XP_023057868.1	Piliocolobus tephrosceles	111535866		368	kept	representative	XP_023057868.1 BGN [organism=Piliocolobus tephrosceles] [GeneID=111535866]	Piliocolobus_tephrosceles|BGN|XP_023057868.1
BGN	XP_032330270.1	Camelus ferus	102519453		369	kept	representative	XP_032330270.1 BGN [organism=Camelus ferus] [GeneID=102519453]	Camelus_ferus|BGN|XP_032330270.1
BGN	XP_056588485.1	Triplophysa dalaica	130408967		371	kept	representative	XP_056588485.1 bgnb [organism=Triplophysa dalaica] [GeneID=130408967]	Triplophysa_dalaica|BGN|XP_056588485.1
BGN	XP_040482982.1	Ursus maritimus	103679673	X1	369	kept	representative	XP_040482982.1 BGN [organism=Ursus maritimus] [GeneID=103679673] [isoform=X1]	Ursus_maritimus|BGN|XP_040482982.1
BGN	XP_040482988.1	Ursus maritimus	103679673	X2	332	excluded	extra_isoform_same_locus	XP_040482988.1 BGN [organism=Ursus maritimus] [GeneID=103679673] [isoform=X2]	Ursus_maritimus|BGN|XP_040482988.1
BGN	XP_040482994.1	Ursus maritimus	103679673	X1	369	excluded	extra_isoform_same_locus	XP_040482994.1 BGN [organism=Ursus maritimus] [GeneID=103679673] [isoform=X1]	Ursus_maritimus|BGN|XP_040482994.1
BGN	XP_008412044.1	Poecilia reticulata	103467442		372	kept	representative	XP_008412044.1 bgnb [organism=Poecilia reticulata] [GeneID=103467442]	Poecilia_reticulata|BGN|XP_008412044.1
BGN	XP_005340648.1	Ictidomys tridecemlineatus	101963673		369	kept	representative	XP_005340648.1 Bgn [organism=Ictidomys tridecemlineatus] [GeneID=101963673]	Ictidomys_tridecemlineatus|BGN|XP_005340648.1
BGN	XP_040142801.1	Ictidomys tridecemlineatus	101963673		369	excluded	extra_isoform_same_locus	XP_040142801.1 Bgn [organism=Ictidomys tridecemlineatus] [GeneID=101963673]	Ictidomys_tridecemlineatus|BGN|XP_040142801.1
BGN	XP_040142804.1	Ictidomys tridecemlineatus	101963673		369	excluded	extra_isoform_same_locus	XP_040142804.1 Bgn [organism=Ictidomys tridecemlineatus] [GeneID=101963673]	Ictidomys_tridecemlineatus|BGN|XP_040142804.1
BGN	XP_040142811.1	Ictidomys tridecemlineatus	101963673		369	excluded	extra_isoform_same_locus	XP_040142811.1 Bgn [organism=Ictidomys tridecemlineatus] [GeneID=101963673]	Ictidomys_tridecemlineatus|BGN|XP_040142811.1
BGN	XP_064415290.1	Latimeria chalumnae	102349306		367	kept	representative	XP_064415290.1 BGNB [organism=Latimeria chalumnae] [GeneID=102349306]	Latimeria_chalumnae|BGN|XP_064415290.1
BGN	XP_049980982.1	Alexandromys fortis	126490246		369	kept	representative	XP_049980982.1 Bgn [organism=Alexandromys fortis] [GeneID=126490246]	Alexandromys_fortis|BGN|XP_049980982.1
BGN	XP_058499989.1	Solea solea	131469126		372	kept	representative	XP_058499989.1 bgnb [organism=Solea solea] [GeneID=131469126]	Solea_solea|BGN|XP_058499989.1
BGN	XP_061128382.1	Syngnathus typhle	133150098		371	kept	representative	XP_061128382.1 bgnb [organism=Syngnathus typhle] [GeneID=133150098]	Syngnathus_typhle|BGN|XP_061128382.1
BGN	XP_061128383.1	Syngnathus typhle	133150098		371	excluded	extra_isoform_same_locus	XP_061128383.1 bgnb [organism=Syngnathus typhle] [GeneID=133150098]	Syngnathus_typhle|BGN|XP_061128383.1
BGN	XP_068780318.1	Struthio camelus	138063978		381	kept	representative	XP_068780318.1 BGN [organism=Struthio camelus] [GeneID=138063978]	Struthio_camelus|BGN|XP_068780318.1
BGN	XP_068780319.1	Struthio camelus	138063978		381	excluded	extra_isoform_same_locus	XP_068780319.1 BGN [organism=Struthio camelus] [GeneID=138063978]	Struthio_camelus|BGN|XP_068780319.1
BGN	XP_014983991.1	Macaca mulatta	697544	X2	368	kept	representative	XP_014983991.1 BGN [organism=Macaca mulatta] [GeneID=697544] [isoform=X2]	Macaca_mulatta|BGN|XP_014983991.1
BGN	XP_077844931.1	Macaca mulatta	697544	X1	392	excluded	extra_isoform_same_locus	XP_077844931.1 BGN [organism=Macaca mulatta] [GeneID=697544] [isoform=X1]	Macaca_mulatta|BGN|XP_077844931.1
BGN	XP_077844932.1	Macaca mulatta	697544	X3	298	excluded	extra_isoform_same_locus	XP_077844932.1 BGN [organism=Macaca mulatta] [GeneID=697544] [isoform=X3]	Macaca_mulatta|BGN|XP_077844932.1
BGN	XP_048097130.1	Alosa alosa	125293307		371	kept	representative	XP_048097130.1 bgnb [organism=Alosa alosa] [GeneID=125293307]	Alosa_alosa|BGN|XP_048097130.1
BGN	XP_034071938.1	Gymnodraco acuticeps	117545988		372	kept	representative	XP_034071938.1 bgnb [organism=Gymnodraco acuticeps] [GeneID=117545988]	Gymnodraco_acuticeps|BGN|XP_034071938.1
BGN	XP_059013687.1	Mustela lutreola	131821535		372	kept	representative	XP_059013687.1 BGN [organism=Mustela lutreola] [GeneID=131821535]	Mustela_lutreola|BGN|XP_059013687.1
BGN	XP_059013688.1	Mustela lutreola	131821535		372	excluded	extra_isoform_same_locus	XP_059013688.1 BGN [organism=Mustela lutreola] [GeneID=131821535]	Mustela_lutreola|BGN|XP_059013688.1
BGN	XP_059943484.1	Mesoplodon densirostris	132482292		369	kept	representative	XP_059943484.1 BGN [organism=Mesoplodon densirostris] [GeneID=132482292]	Mesoplodon_densirostris|BGN|XP_059943484.1
BGN	XP_062282446.1	Scomber scombrus	133987178		369	kept	representative	XP_062282446.1 bgnb [organism=Scomber scombrus] [GeneID=133987178]	Scomber_scombrus|BGN|XP_062282446.1
BGN	XP_004672117.1	Jaculus jaculus	101603478		368	kept	representative	XP_004672117.1 Bgn [organism=Jaculus jaculus] [GeneID=101603478]	Jaculus_jaculus|BGN|XP_004672117.1
BGN	XP_044996515.1	Jaculus jaculus	101603478		368	excluded	extra_isoform_same_locus	XP_044996515.1 Bgn [organism=Jaculus jaculus] [GeneID=101603478]	Jaculus_jaculus|BGN|XP_044996515.1
BGN	XP_037744820.1	Chelonia mydas	119565055		370	kept	representative	XP_037744820.1 BGN [organism=Chelonia mydas] [GeneID=119565055]	Chelonia_mydas|BGN|XP_037744820.1
BGN	XP_037006742.1	Artibeus jamaicensis	119053351		372	kept	representative	XP_037006742.1 BGN [organism=Artibeus jamaicensis] [GeneID=119053351]	Artibeus_jamaicensis|BGN|XP_037006742.1
BGN	XP_063288794.1	Pelobates fuscus	134573178		364	kept	representative	XP_063288794.1 BGN [organism=Pelobates fuscus] [GeneID=134573178]	Pelobates_fuscus|BGN|XP_063288794.1
BGN	XP_071980135.1	Engystomops pustulosus	140077131		371	kept	representative	XP_071980135.1 BGN [organism=Engystomops pustulosus] [GeneID=140077131]	Engystomops_pustulosus|BGN|XP_071980135.1
BGN	XP_072222448.1	Leuresthes tenuis	140271226		375	kept	representative	XP_072222448.1 bgnb [organism=Leuresthes tenuis] [GeneID=140271226]	Leuresthes_tenuis|BGN|XP_072222448.1
BGN	XP_083014825.1	Crinia signifera	146035329		373	kept	representative	XP_083014825.1 BGN [organism=Crinia signifera] [GeneID=146035329]	Crinia_signifera|BGN|XP_083014825.1
BGN	XP_060930383.1	Limanda limanda	133004860		372	kept	representative	XP_060930383.1 bgnb [organism=Limanda limanda] [GeneID=133004860]	Limanda_limanda|BGN|XP_060930383.1
BGN	XP_005914696.1	Haplochromis burtoni	102308436		371	kept	representative	XP_005914696.1 bgnb [organism=Haplochromis burtoni] [GeneID=102308436]	Haplochromis_burtoni|BGN|XP_005914696.1
BGN	XP_049500415.1	Panthera uncia	125932068		372	kept	representative	XP_049500415.1 BGN [organism=Panthera uncia] [GeneID=125932068]	Panthera_uncia|BGN|XP_049500415.1
BGN	XP_077070564.1	Siphateles boraxobius	143722843		371	kept	representative	XP_077070564.1 bgnb [organism=Siphateles boraxobius] [GeneID=143722843]	Siphateles_boraxobius|BGN|XP_077070564.1
BGN	XP_019951471.1	Paralichthys olivaceus	109635021		372	kept	representative	XP_019951471.1 bgnb [organism=Paralichthys olivaceus] [GeneID=109635021]	Paralichthys_olivaceus|BGN|XP_019951471.1
BGN	XP_067383117.1	Channa argus	137139575		372	kept	representative	XP_067383117.1 bgnb [organism=Channa argus] [GeneID=137139575]	Channa_argus|BGN|XP_067383117.1
BGN	XP_067383118.1	Channa argus	137139575		372	excluded	extra_isoform_same_locus	XP_067383118.1 bgnb [organism=Channa argus] [GeneID=137139575]	Channa_argus|BGN|XP_067383118.1
BGN	XP_003943916.1	Saimiri boliviensis	101054259		369	kept	representative	XP_003943916.1 BGN [organism=Saimiri boliviensis] [GeneID=101054259]	Saimiri_boliviensis|BGN|XP_003943916.1
BGN	XP_043977717.1	Gambusia affinis	122833852		372	kept	representative	XP_043977717.1 bgnb [organism=Gambusia affinis] [GeneID=122833852]	Gambusia_affinis|BGN|XP_043977717.1
BGN	XP_043977725.1	Gambusia affinis	122833852		372	excluded	extra_isoform_same_locus	XP_043977725.1 bgnb [organism=Gambusia affinis] [GeneID=122833852]	Gambusia_affinis|BGN|XP_043977725.1
BGN	XP_061836066.1	Nerophis lumbriciformis	133619164		372	kept	representative	XP_061836066.1 bgnb [organism=Nerophis lumbriciformis] [GeneID=133619164]	Nerophis_lumbriciformis|BGN|XP_061836066.1
BGN	XP_069516610.1	Semicossyphus pulcher	138589994		372	kept	representative	XP_069516610.1 bgnb [organism=Semicossyphus pulcher] [GeneID=138589994]	Semicossyphus_pulcher|BGN|XP_069516610.1
BGN	XP_069516611.1	Semicossyphus pulcher	138589994		372	excluded	extra_isoform_same_locus	XP_069516611.1 bgnb [organism=Semicossyphus pulcher] [GeneID=138589994]	Semicossyphus_pulcher|BGN|XP_069516611.1
BGN	XP_042523486.1	Dipodomys spectabilis	122097066		369	kept	representative	XP_042523486.1 Bgn [organism=Dipodomys spectabilis] [GeneID=122097066]	Dipodomys_spectabilis|BGN|XP_042523486.1
BGN	XP_021483629.1	Meriones unguiculatus	110541156		369	kept	representative	XP_021483629.1 Bgn [organism=Meriones unguiculatus] [GeneID=110541156]	Meriones_unguiculatus|BGN|XP_021483629.1
BGN	XP_033943712.1	Pseudochaenichthys georgianus	117449902		372	kept	representative	XP_033943712.1 bgnb [organism=Pseudochaenichthys georgianus] [GeneID=117449902]	Pseudochaenichthys_georgianus|BGN|XP_033943712.1
BGN	XP_007115299.1	Physeter macrocephalus	102988443		369	kept	representative	XP_007115299.1 BGN [organism=Physeter macrocephalus] [GeneID=102988443]	Physeter_macrocephalus|BGN|XP_007115299.1
BGN	XP_068390222.1	Eschrichtius robustus	137757428	X1	330	excluded	extra_isoform_same_locus	XP_068390222.1 BGN [organism=Eschrichtius robustus] [GeneID=137757428] [isoform=X1]	Eschrichtius_robustus|BGN|XP_068390222.1
BGN	XP_068390223.1	Eschrichtius robustus	137757428	X1	330	excluded	extra_isoform_same_locus	XP_068390223.1 BGN [organism=Eschrichtius robustus] [GeneID=137757428] [isoform=X1]	Eschrichtius_robustus|BGN|XP_068390223.1
BGN	XP_068390224.1	Eschrichtius robustus	137757428	X2	369	kept	representative	XP_068390224.1 BGN [organism=Eschrichtius robustus] [GeneID=137757428] [isoform=X2]	Eschrichtius_robustus|BGN|XP_068390224.1
BGN	XP_061760445.1	Nerophis ophidion	133555040		372	kept	representative	XP_061760445.1 bgnb [organism=Nerophis ophidion] [GeneID=133555040]	Nerophis_ophidion|BGN|XP_061760445.1
BGN	XP_032253340.1	Phoca vitulina	116627606		369	kept	representative	XP_032253340.1 BGN [organism=Phoca vitulina] [GeneID=116627606]	Phoca_vitulina|BGN|XP_032253340.1
BGN	XP_073326837.1	Pagrus major	141000105		373	kept	representative	XP_073326837.1 bgnb [organism=Pagrus major] [GeneID=141000105]	Pagrus_major|BGN|XP_073326837.1
BGN	XP_015362468.1	Marmota marmota marmota	107160302		369	kept	representative	XP_015362468.1 Bgn [organism=Marmota marmota marmota] [GeneID=107160302]	Marmota_marmota_marmota|BGN|XP_015362468.1
BGN	XP_015362469.1	Marmota marmota marmota	107160302		369	excluded	extra_isoform_same_locus	XP_015362469.1 Bgn [organism=Marmota marmota marmota] [GeneID=107160302]	Marmota_marmota_marmota|BGN|XP_015362469.1
BGN	XP_002929125.1	Ailuropoda melanoleuca	100477011	X1	371	kept	representative	XP_002929125.1 BGN [organism=Ailuropoda melanoleuca] [GeneID=100477011] [isoform=X1]	Ailuropoda_melanoleuca|BGN|XP_002929125.1
BGN	XP_034505361.1	Ailuropoda melanoleuca	100477011	X2	352	excluded	extra_isoform_same_locus	XP_034505361.1 BGN [organism=Ailuropoda melanoleuca] [GeneID=100477011] [isoform=X2]	Ailuropoda_melanoleuca|BGN|XP_034505361.1
BGN	NP_001009201.1	Ovis aries	443011		369	kept	representative	NP_001009201.1 BGN [organism=Ovis aries] [GeneID=443011]	Ovis_aries|BGN|NP_001009201.1
BGN	XP_014960150.2	Ovis aries	443011	X1	369	excluded	extra_isoform_same_locus	XP_014960150.2 BGN [organism=Ovis aries] [GeneID=443011] [isoform=X1]	Ovis_aries|BGN|XP_014960150.2
BGN	XP_053173155.1	Scomber japonicus	128356973		369	kept	representative	XP_053173155.1 bgnb [organism=Scomber japonicus] [GeneID=128356973]	Scomber_japonicus|BGN|XP_053173155.1
BGN	XP_081649704.1	Panthera onca	145714272		372	kept	representative	XP_081649704.1 BGN [organism=Panthera onca] [GeneID=145714272]	Panthera_onca|BGN|XP_081649704.1
BGN	XP_081649705.1	Panthera onca	145714272		372	excluded	extra_isoform_same_locus	XP_081649705.1 BGN [organism=Panthera onca] [GeneID=145714272]	Panthera_onca|BGN|XP_081649705.1
BGN	XP_024149879.1	Oryzias melastigma	112159810		372	kept	representative	XP_024149879.1 bgnb [organism=Oryzias melastigma] [GeneID=112159810]	Oryzias_melastigma|BGN|XP_024149879.1
BGN	XP_041035525.1	Carcharodon carcharias	121272805		378	kept	representative	XP_041035525.1 bgnb [organism=Carcharodon carcharias] [GeneID=121272805]	Carcharodon_carcharias|BGN|XP_041035525.1
BGN	XP_041035527.1	Carcharodon carcharias	121272805		378	excluded	extra_isoform_same_locus	XP_041035527.1 bgnb [organism=Carcharodon carcharias] [GeneID=121272805]	Carcharodon_carcharias|BGN|XP_041035527.1
BGN	XP_041035528.1	Carcharodon carcharias	121272805		378	excluded	extra_isoform_same_locus	XP_041035528.1 bgnb [organism=Carcharodon carcharias] [GeneID=121272805]	Carcharodon_carcharias|BGN|XP_041035528.1
BGN	XP_052518909.1	Budorcas taxicolor	128069790		369	kept	representative	XP_052518909.1 BGN [organism=Budorcas taxicolor] [GeneID=128069790]	Budorcas_taxicolor|BGN|XP_052518909.1
BGN	XP_034733278.1	Etheostoma cragini	117947984		372	kept	representative	XP_034733278.1 bgnb [organism=Etheostoma cragini] [GeneID=117947984]	Etheostoma_cragini|BGN|XP_034733278.1
BGN	XP_010863969.1	Esox lucius	105006929		372	kept	representative	XP_010863969.1 bgnb [organism=Esox lucius] [GeneID=105006929]	Esox_lucius|BGN|XP_010863969.1
BGN	XP_012987953.1	Esox lucius	105006929		372	excluded	extra_isoform_same_locus	XP_012987953.1 bgnb [organism=Esox lucius] [GeneID=105006929]	Esox_lucius|BGN|XP_012987953.1
BGN	XP_029390332.1	Mus pahari	110313386		369	kept	representative	XP_029390332.1 Bgn [organism=Mus pahari] [GeneID=110313386]	Mus_pahari|BGN|XP_029390332.1
BGN	XP_074537558.1	Halichoeres trimaculatus	141799259		371	kept	representative	XP_074537558.1 bgnb [organism=Halichoeres trimaculatus] [GeneID=141799259]	Halichoeres_trimaculatus|BGN|XP_074537558.1
BGN	XP_076962859.1	Callospermophilus lateralis	143638820		369	kept	representative	XP_076962859.1 Bgn [organism=Callospermophilus lateralis] [GeneID=143638820]	Callospermophilus_lateralis|BGN|XP_076962859.1
BGN	XP_079036272.1	Pholis gunnellus	306711280		372	kept	representative	XP_079036272.1 bgnb [organism=Pholis gunnellus] [GeneID=306711280]	Pholis_gunnellus|BGN|XP_079036272.1
BGN	XP_026224631.1	Anabas testudineus	113167910		372	kept	representative	XP_026224631.1 bgnb [organism=Anabas testudineus] [GeneID=113167910]	Anabas_testudineus|BGN|XP_026224631.1
BGN	XP_062871328.1	Trichomycterus rosablanca	134333315		371	kept	representative	XP_062871328.1 bgnb [organism=Trichomycterus rosablanca] [GeneID=134333315]	Trichomycterus_rosablanca|BGN|XP_062871328.1
BGN	XP_020490673.1	Labrus bergylta	109984864		372	kept	representative	XP_020490673.1 bgnb [organism=Labrus bergylta] [GeneID=109984864]	Labrus_bergylta|BGN|XP_020490673.1
BGN	XP_039903526.1	Simochromis diagramma	120743763		371	kept	representative	XP_039903526.1 bgnb [organism=Simochromis diagramma] [GeneID=120743763]	Simochromis_diagramma|BGN|XP_039903526.1
BGN	XP_041860447.1	Melanotaenia boesemani	121651998		372	kept	representative	XP_041860447.1 bgnb [organism=Melanotaenia boesemani] [GeneID=121651998]	Melanotaenia_boesemani|BGN|XP_041860447.1
BGN	XP_077002692.1	Tamandua tetradactyla	143671426		363	kept	representative	XP_077002692.1 BGN [organism=Tamandua tetradactyla] [GeneID=143671426]	Tamandua_tetradactyla|BGN|XP_077002692.1
BGN	XP_077002693.1	Tamandua tetradactyla	143671426		363	excluded	extra_isoform_same_locus	XP_077002693.1 BGN [organism=Tamandua tetradactyla] [GeneID=143671426]	Tamandua_tetradactyla|BGN|XP_077002693.1
BGN	XP_079871569.1	Zeus faber	307241383	1	381	excluded	extra_isoform_same_locus	XP_079871569.1 bgnb [organism=Zeus faber] [GeneID=307241383] [isoform=1]	Zeus_faber|BGN|XP_079871569.1
BGN	XP_079871570.1	Zeus faber	307241383	2	372	kept	representative	XP_079871570.1 bgnb [organism=Zeus faber] [GeneID=307241383] [isoform=2]	Zeus_faber|BGN|XP_079871570.1
BGN	XP_003804899.2	Pan paniscus	100979162		368	kept	representative	XP_003804899.2 BGN [organism=Pan paniscus] [GeneID=100979162]	Pan_paniscus|BGN|XP_003804899.2
BGN	XP_038173201.1	Arvicola amphibius	119805324		369	kept	representative	XP_038173201.1 Bgn [organism=Arvicola amphibius] [GeneID=119805324]	Arvicola_amphibius|BGN|XP_038173201.1
BGN	XP_038173202.1	Arvicola amphibius	119805324		369	excluded	extra_isoform_same_locus	XP_038173202.1 Bgn [organism=Arvicola amphibius] [GeneID=119805324]	Arvicola_amphibius|BGN|XP_038173202.1
BGN	XP_085001831.1	Neolamprologus multifasciatus	146495497		371	kept	representative	XP_085001831.1 bgnb [organism=Neolamprologus multifasciatus] [GeneID=146495497]	Neolamprologus_multifasciatus|BGN|XP_085001831.1
BGN	XP_039508794.1	Pimephales promelas	120463614		371	kept	representative	XP_039508794.1 bgnb [organism=Pimephales promelas] [GeneID=120463614]	Pimephales_promelas|BGN|XP_039508794.1
BGN	XP_035015192.1	Hippoglossus stenolepis	118111035		372	kept	representative	XP_035015192.1 bgnb [organism=Hippoglossus stenolepis] [GeneID=118111035]	Hippoglossus_stenolepis|BGN|XP_035015192.1
BGN	XP_023133966.1	Amphiprion ocellaris	111573850		375	kept	representative	XP_023133966.1 bgnb [organism=Amphiprion ocellaris] [GeneID=111573850]	Amphiprion_ocellaris|BGN|XP_023133966.1
BGN	XP_054869092.1	Amphiprion ocellaris	111573850		375	excluded	extra_isoform_same_locus	XP_054869092.1 bgnb [organism=Amphiprion ocellaris] [GeneID=111573850]	Amphiprion_ocellaris|BGN|XP_054869092.1
BGN	XP_020785382.1	Boleophthalmus pectinirostris	110164638		372	kept	representative	XP_020785382.1 bgnb [organism=Boleophthalmus pectinirostris] [GeneID=110164638]	Boleophthalmus_pectinirostris|BGN|XP_020785382.1
BGN	XP_004001049.2	Felis catus	101101201		372	kept	representative	XP_004001049.2 BGN [organism=Felis catus] [GeneID=101101201]	Felis_catus|BGN|XP_004001049.2
BGN	XP_019680037.1	Felis catus	101101201		372	excluded	extra_isoform_same_locus	XP_019680037.1 BGN [organism=Felis catus] [GeneID=101101201]	Felis_catus|BGN|XP_019680037.1
BGN	XP_040009826.1	Xiphias gladius	120804439		372	kept	representative	XP_040009826.1 bgnb [organism=Xiphias gladius] [GeneID=120804439]	Xiphias_gladius|BGN|XP_040009826.1
BGN	XP_061592024.1	Cololabis saira	133457128		372	kept	representative	XP_061592024.1 bgnb [organism=Cololabis saira] [GeneID=133457128]	Cololabis_saira|BGN|XP_061592024.1
BGN	XP_040121516.1	Oryx dammah	120881855		369	kept	representative	XP_040121516.1 BGN [organism=Oryx dammah] [GeneID=120881855]	Oryx_dammah|BGN|XP_040121516.1
BGN	XP_065427079.1	Chrysemys picta bellii	112061704		1004	excluded	absolute_length	XP_065427079.1 BGN [organism=Chrysemys picta bellii] [GeneID=112061704]	Chrysemys_picta_bellii|BGN|XP_065427079.1
BGN	XP_054107008.1	Callithrix jacchus	100402588	X2	369	kept	representative	XP_054107008.1 BGN [organism=Callithrix jacchus] [GeneID=100402588] [isoform=X2]	Callithrix_jacchus|BGN|XP_054107008.1
BGN	XP_054107009.1	Callithrix jacchus	100402588	X2	369	excluded	extra_isoform_same_locus	XP_054107009.1 BGN [organism=Callithrix jacchus] [GeneID=100402588] [isoform=X2]	Callithrix_jacchus|BGN|XP_054107009.1
BGN	XP_078219748.1	Callithrix jacchus	100402588	X1	433	excluded	extra_isoform_same_locus	XP_078219748.1 BGN [organism=Callithrix jacchus] [GeneID=100402588] [isoform=X1]	Callithrix_jacchus|BGN|XP_078219748.1
BGN	XP_006915330.1	Pteropus alecto	102882905		372	kept	representative	XP_006915330.1 BGN [organism=Pteropus alecto] [GeneID=102882905]	Pteropus_alecto|BGN|XP_006915330.1
BGN	XP_015447561.1	Pteropus alecto	102882905		372	excluded	extra_isoform_same_locus	XP_015447561.1 BGN [organism=Pteropus alecto] [GeneID=102882905]	Pteropus_alecto|BGN|XP_015447561.1
BGN	XP_015447562.1	Pteropus alecto	102882905		372	excluded	extra_isoform_same_locus	XP_015447562.1 BGN [organism=Pteropus alecto] [GeneID=102882905]	Pteropus_alecto|BGN|XP_015447562.1
BGN	XP_058266866.1	Hemibagrus wyckioides	131366409		383	kept	representative	XP_058266866.1 bgnb [organism=Hemibagrus wyckioides] [GeneID=131366409]	Hemibagrus_wyckioides|BGN|XP_058266866.1
BGN	XP_069604409.1	Ranitomeya imitator	138662539	X1	391	excluded	extra_isoform_same_locus	XP_069604409.1 BGN [organism=Ranitomeya imitator] [GeneID=138662539] [isoform=X1]	Ranitomeya_imitator|BGN|XP_069604409.1
BGN	XP_069604410.1	Ranitomeya imitator	138662539	X2	374	kept	representative	XP_069604410.1 BGN [organism=Ranitomeya imitator] [GeneID=138662539] [isoform=X2]	Ranitomeya_imitator|BGN|XP_069604410.1
BGN	XP_081242338.1	Scardinius erythrophthalmus	308702999		371	kept	representative	XP_081242338.1 bgnb [organism=Scardinius erythrophthalmus] [GeneID=308702999]	Scardinius_erythrophthalmus|BGN|XP_081242338.1
BGN	NP_001072552.1	Xenopus tropicalis	780007		369	kept	representative	NP_001072552.1 bgn [organism=Xenopus tropicalis] [GeneID=780007]	Xenopus_tropicalis|BGN|NP_001072552.1
BGN	XP_051516121.1	Myxocyprinus asiaticus	127419076		372	kept	representative	XP_051516121.1 bgnb [organism=Myxocyprinus asiaticus] [GeneID=127419076]	Myxocyprinus_asiaticus|BGN|XP_051516121.1
BGN	XP_026268576.1	Urocitellus parryii	113199742		369	kept	representative	XP_026268576.1 Bgn [organism=Urocitellus parryii] [GeneID=113199742]	Urocitellus_parryii|BGN|XP_026268576.1
BGN	XP_026268577.1	Urocitellus parryii	113199742		369	excluded	extra_isoform_same_locus	XP_026268577.1 Bgn [organism=Urocitellus parryii] [GeneID=113199742]	Urocitellus_parryii|BGN|XP_026268577.1
BGN	XP_026268578.1	Urocitellus parryii	113199742		369	excluded	extra_isoform_same_locus	XP_026268578.1 Bgn [organism=Urocitellus parryii] [GeneID=113199742]	Urocitellus_parryii|BGN|XP_026268578.1
BGN	XP_026268579.1	Urocitellus parryii	113199742		369	excluded	extra_isoform_same_locus	XP_026268579.1 Bgn [organism=Urocitellus parryii] [GeneID=113199742]	Urocitellus_parryii|BGN|XP_026268579.1
BGN	XP_084043775.1	Coregonus lavaretus	311150264		371	kept	representative	XP_084043775.1 bgnb [organism=Coregonus lavaretus] [GeneID=311150264]	Coregonus_lavaretus|BGN|XP_084043775.1
BGN	XP_043936348.1	Protopterus annectens	122809138		471	kept	representative	XP_043936348.1 BGN [organism=Protopterus annectens] [GeneID=122809138]	Protopterus_annectens|BGN|XP_043936348.1
BGN	XP_037367687.1	Talpa occidentalis	119245812		369	kept	representative	XP_037367687.1 BGN [organism=Talpa occidentalis] [GeneID=119245812]	Talpa_occidentalis|BGN|XP_037367687.1
BGN	XP_037367688.1	Talpa occidentalis	119245812		369	excluded	extra_isoform_same_locus	XP_037367688.1 BGN [organism=Talpa occidentalis] [GeneID=119245812]	Talpa_occidentalis|BGN|XP_037367688.1
BGN	XP_040323427.1	Herpailurus yagouaroundi	121025087		372	kept	representative	XP_040323427.1 BGN [organism=Herpailurus yagouaroundi] [GeneID=121025087]	Herpailurus_yagouaroundi|BGN|XP_040323427.1
BGN	XP_040323428.1	Herpailurus yagouaroundi	121025087		372	excluded	extra_isoform_same_locus	XP_040323428.1 BGN [organism=Herpailurus yagouaroundi] [GeneID=121025087]	Herpailurus_yagouaroundi|BGN|XP_040323428.1
BGN	XP_003963356.1	Takifugu rubripes	101076181		371	kept	representative	XP_003963356.1 bgnb [organism=Takifugu rubripes] [GeneID=101076181]	Takifugu_rubripes|BGN|XP_003963356.1
BGN	XP_029689042.1	Takifugu rubripes	101076181		371	excluded	extra_isoform_same_locus	XP_029689042.1 bgnb [organism=Takifugu rubripes] [GeneID=101076181]	Takifugu_rubripes|BGN|XP_029689042.1
BGN	XP_029689043.1	Takifugu rubripes	101076181		371	excluded	extra_isoform_same_locus	XP_029689043.1 bgnb [organism=Takifugu rubripes] [GeneID=101076181]	Takifugu_rubripes|BGN|XP_029689043.1
BGN	XP_007568980.1	Poecilia formosa	103149649		372	kept	representative	XP_007568980.1 bgnb [organism=Poecilia formosa] [GeneID=103149649]	Poecilia_formosa|BGN|XP_007568980.1
BGN	XP_083338947.1	Podarcis liolepis	310696800		369	kept	representative	XP_083338947.1 BGN [organism=Podarcis liolepis] [GeneID=310696800]	Podarcis_liolepis|BGN|XP_083338947.1
BGN	XP_070460956.1	Equus przewalskii	103545171		372	kept	representative	XP_070460956.1 BGN [organism=Equus przewalskii] [GeneID=103545171]	Equus_przewalskii|BGN|XP_070460956.1
BGN	XP_070460957.1	Equus przewalskii	103545171		372	excluded	extra_isoform_same_locus	XP_070460957.1 BGN [organism=Equus przewalskii] [GeneID=103545171]	Equus_przewalskii|BGN|XP_070460957.1
BGN	XP_063150329.1	Candoia aspera	134490895		368	kept	representative	XP_063150329.1 BGN [organism=Candoia aspera] [GeneID=134490895]	Candoia_aspera|BGN|XP_063150329.1
BGN	XP_028308454.1	Gouania willdenowi	114466845		371	kept	representative	XP_028308454.1 bgnb [organism=Gouania willdenowi] [GeneID=114466845]	Gouania_willdenowi|BGN|XP_028308454.1
BGN	XP_028308455.1	Gouania willdenowi	114466845		371	excluded	extra_isoform_same_locus	XP_028308455.1 bgnb [organism=Gouania willdenowi] [GeneID=114466845]	Gouania_willdenowi|BGN|XP_028308455.1
BGN	XP_058618991.1	Onychostoma macrolepis	131531870		371	kept	representative	XP_058618991.1 bgnb [organism=Onychostoma macrolepis] [GeneID=131531870]	Onychostoma_macrolepis|BGN|XP_058618991.1
BGN	XP_018425626.1	Nanorana parkeri	108798380		375	kept	representative	XP_018425626.1 BGN [organism=Nanorana parkeri] [GeneID=108798380]	Nanorana_parkeri|BGN|XP_018425626.1
BGN	XP_070597478.1	Erythrolamprus reginae	139161786		368	kept	representative	XP_070597478.1 BGN [organism=Erythrolamprus reginae] [GeneID=139161786]	Erythrolamprus_reginae|BGN|XP_070597478.1
BGN	NP_001182620.1	Oryctolagus cuniculus	100008663		369	kept	representative	NP_001182620.1 BGN [organism=Oryctolagus cuniculus] [GeneID=100008663]	Oryctolagus_cuniculus|BGN|NP_001182620.1
BGN	XP_051693405.1	Oryctolagus cuniculus	100008663	X2	369	excluded	extra_isoform_same_locus	XP_051693405.1 BGN [organism=Oryctolagus cuniculus] [GeneID=100008663] [isoform=X2]	Oryctolagus_cuniculus|BGN|XP_051693405.1
BGN	XP_051693406.1	Oryctolagus cuniculus	100008663	X2	369	excluded	extra_isoform_same_locus	XP_051693406.1 BGN [organism=Oryctolagus cuniculus] [GeneID=100008663] [isoform=X2]	Oryctolagus_cuniculus|BGN|XP_051693406.1
BGN	XP_069922400.1	Oryctolagus cuniculus	100008663	X1	394	excluded	extra_isoform_same_locus	XP_069922400.1 BGN [organism=Oryctolagus cuniculus] [GeneID=100008663] [isoform=X1]	Oryctolagus_cuniculus|BGN|XP_069922400.1
BGN	XP_069922401.1	Oryctolagus cuniculus	100008663	X2	369	excluded	extra_isoform_same_locus	XP_069922401.1 BGN [organism=Oryctolagus cuniculus] [GeneID=100008663] [isoform=X2]	Oryctolagus_cuniculus|BGN|XP_069922401.1
BGN	XP_069922403.1	Oryctolagus cuniculus	100008663	X2	369	excluded	extra_isoform_same_locus	XP_069922403.1 BGN [organism=Oryctolagus cuniculus] [GeneID=100008663] [isoform=X2]	Oryctolagus_cuniculus|BGN|XP_069922403.1
BGN	XP_069922404.1	Oryctolagus cuniculus	100008663	X2	369	excluded	extra_isoform_same_locus	XP_069922404.1 BGN [organism=Oryctolagus cuniculus] [GeneID=100008663] [isoform=X2]	Oryctolagus_cuniculus|BGN|XP_069922404.1
BGN	XP_034341191.1	Arvicanthis niloticus	117694404		369	kept	representative	XP_034341191.1 Bgn [organism=Arvicanthis niloticus] [GeneID=117694404]	Arvicanthis_niloticus|BGN|XP_034341191.1
BGN	XP_034341192.1	Arvicanthis niloticus	117694404		369	excluded	extra_isoform_same_locus	XP_034341192.1 Bgn [organism=Arvicanthis niloticus] [GeneID=117694404]	Arvicanthis_niloticus|BGN|XP_034341192.1
BGN	XP_076774946.1	Arvicanthis niloticus	117694404		369	excluded	extra_isoform_same_locus	XP_076774946.1 Bgn [organism=Arvicanthis niloticus] [GeneID=117694404]	Arvicanthis_niloticus|BGN|XP_076774946.1
BGN	XP_043313531.1	Cervus canadensis	122434343		369	kept	representative	XP_043313531.1 BGN [organism=Cervus canadensis] [GeneID=122434343]	Cervus_canadensis|BGN|XP_043313531.1
BGN	XP_084221732.1	Pagrus pagrus	311264595		373	kept	representative	XP_084221732.1 bgnb [organism=Pagrus pagrus] [GeneID=311264595]	Pagrus_pagrus|BGN|XP_084221732.1
BGN	XP_019610723.1	Rhinolophus sinicus	109460093		371	kept	representative	XP_019610723.1 BGN [organism=Rhinolophus sinicus] [GeneID=109460093]	Rhinolophus_sinicus|BGN|XP_019610723.1
BGN	XP_077334987.1	Lithobates pipiens	143978560		375	kept	representative	XP_077334987.1 BGN [organism=Lithobates pipiens] [GeneID=143978560]	Lithobates_pipiens|BGN|XP_077334987.1
BGN	XP_007534951.1	Erinaceus europaeus	103124190		368	kept	representative	XP_007534951.1 BGN [organism=Erinaceus europaeus] [GeneID=103124190]	Erinaceus_europaeus|BGN|XP_007534951.1
BGN	XP_052337753.1	Oncorhynchus keta	118374065	X1	430	excluded	extra_isoform_same_locus	XP_052337753.1 bgnb [organism=Oncorhynchus keta] [GeneID=118374065] [isoform=X1]	Oncorhynchus_keta|BGN|XP_052337753.1
BGN	XP_052337754.1	Oncorhynchus keta	118374065	X2	371	kept	representative	XP_052337754.1 bgnb [organism=Oncorhynchus keta] [GeneID=118374065] [isoform=X2]	Oncorhynchus_keta|BGN|XP_052337754.1
BGN	XP_052337755.1	Oncorhynchus keta	118374065	X2	371	excluded	extra_isoform_same_locus	XP_052337755.1 bgnb [organism=Oncorhynchus keta] [GeneID=118374065] [isoform=X2]	Oncorhynchus_keta|BGN|XP_052337755.1
BGN	XP_052337756.1	Oncorhynchus keta	118374065	X2	371	excluded	extra_isoform_same_locus	XP_052337756.1 bgnb [organism=Oncorhynchus keta] [GeneID=118374065] [isoform=X2]	Oncorhynchus_keta|BGN|XP_052337756.1
BGN	XP_052337758.1	Oncorhynchus keta	118374065	X2	371	excluded	extra_isoform_same_locus	XP_052337758.1 bgnb [organism=Oncorhynchus keta] [GeneID=118374065] [isoform=X2]	Oncorhynchus_keta|BGN|XP_052337758.1
BGN	XP_052337759.1	Oncorhynchus keta	118374065	X2	371	excluded	extra_isoform_same_locus	XP_052337759.1 bgnb [organism=Oncorhynchus keta] [GeneID=118374065] [isoform=X2]	Oncorhynchus_keta|BGN|XP_052337759.1
BGN	XP_052337760.1	Oncorhynchus keta	118374065	X2	371	excluded	extra_isoform_same_locus	XP_052337760.1 bgnb [organism=Oncorhynchus keta] [GeneID=118374065] [isoform=X2]	Oncorhynchus_keta|BGN|XP_052337760.1
BGN	XP_074057346.1	Macrotis lagotis	141498219		369	kept	representative	XP_074057346.1 BGN [organism=Macrotis lagotis] [GeneID=141498219]	Macrotis_lagotis|BGN|XP_074057346.1
BGN	XP_074057347.1	Macrotis lagotis	141498219		369	excluded	extra_isoform_same_locus	XP_074057347.1 BGN [organism=Macrotis lagotis] [GeneID=141498219]	Macrotis_lagotis|BGN|XP_074057347.1
BGN	XP_080508338.1	Plecotus auritus	308239384		369	kept	representative	XP_080508338.1 BGN [organism=Plecotus auritus] [GeneID=308239384]	Plecotus_auritus|BGN|XP_080508338.1
BGN	XP_021009260.1	Mus caroli	110286929		369	kept	representative	XP_021009260.1 Bgn [organism=Mus caroli] [GeneID=110286929]	Mus_caroli|BGN|XP_021009260.1
BGN	XP_028265365.1	Parambassis ranga	114438319		372	kept	representative	XP_028265365.1 bgnb [organism=Parambassis ranga] [GeneID=114438319]	Parambassis_ranga|BGN|XP_028265365.1
BGN	XP_030624041.1	Chanos chanos	115807292		372	kept	representative	XP_030624041.1 bgnb [organism=Chanos chanos] [GeneID=115807292]	Chanos_chanos|BGN|XP_030624041.1
BGN	XP_029096516.1	Monodon monoceros	114906108	X1	392	excluded	extra_isoform_same_locus	XP_029096516.1 BGN [organism=Monodon monoceros] [GeneID=114906108] [isoform=X1]	Monodon_monoceros|BGN|XP_029096516.1
BGN	XP_029096517.1	Monodon monoceros	114906108	X2	369	kept	representative	XP_029096517.1 BGN [organism=Monodon monoceros] [GeneID=114906108] [isoform=X2]	Monodon_monoceros|BGN|XP_029096517.1
BGN	XP_012672146.1	Clupea harengus	105890632		374	kept	representative	XP_012672146.1 bgnb [organism=Clupea harengus] [GeneID=105890632]	Clupea_harengus|BGN|XP_012672146.1
BGN	XP_031609153.1	Oreochromis aureus	116330843		371	kept	representative	XP_031609153.1 bgnb [organism=Oreochromis aureus] [GeneID=116330843]	Oreochromis_aureus|BGN|XP_031609153.1
BGN	XP_039460837.1	Oreochromis aureus	116330843		371	excluded	extra_isoform_same_locus	XP_039460837.1 bgnb [organism=Oreochromis aureus] [GeneID=116330843]	Oreochromis_aureus|BGN|XP_039460837.1
BGN	XP_053434839.1	Nycticebus coucang	128576674		369	kept	representative	XP_053434839.1 BGN [organism=Nycticebus coucang] [GeneID=128576674]	Nycticebus_coucang|BGN|XP_053434839.1
BGN	XP_053434840.1	Nycticebus coucang	128576674		369	excluded	extra_isoform_same_locus	XP_053434840.1 BGN [organism=Nycticebus coucang] [GeneID=128576674]	Nycticebus_coucang|BGN|XP_053434840.1
BGN	XP_053434841.1	Nycticebus coucang	128576674		369	excluded	extra_isoform_same_locus	XP_053434841.1 BGN [organism=Nycticebus coucang] [GeneID=128576674]	Nycticebus_coucang|BGN|XP_053434841.1
BGN	XP_076132772.1	Alosa pseudoharengus	143114843		371	kept	representative	XP_076132772.1 bgnb [organism=Alosa pseudoharengus] [GeneID=143114843]	Alosa_pseudoharengus|BGN|XP_076132772.1
BGN	XP_041713023.1	Coregonus clupeaformis	121546075		371	kept	representative	XP_041713023.1 bgnb [organism=Coregonus clupeaformis] [GeneID=121546075]	Coregonus_clupeaformis|BGN|XP_041713023.1
BGN	XP_054905707.1	Poeciliopsis prolifica	129372419		372	kept	representative	XP_054905707.1 bgnb [organism=Poeciliopsis prolifica] [GeneID=129372419]	Poeciliopsis_prolifica|BGN|XP_054905707.1
BGN	XP_068818042.1	Capricornis sumatraensis	138070713		369	kept	representative	XP_068818042.1 BGN [organism=Capricornis sumatraensis] [GeneID=138070713]	Capricornis_sumatraensis|BGN|XP_068818042.1
BGN	XP_015281086.1	Gekko japonicus	107122495		371	kept	representative	XP_015281086.1 BGN [organism=Gekko japonicus] [GeneID=107122495]	Gekko_japonicus|BGN|XP_015281086.1
BGN	XP_022421663.1	Delphinapterus leucas	111170609		369	kept	representative	XP_022421663.1 BGN [organism=Delphinapterus leucas] [GeneID=111170609]	Delphinapterus_leucas|BGN|XP_022421663.1
BGN	XP_038142242.1	Cyprinodon tularosa	119784323		372	kept	representative	XP_038142242.1 bgnb [organism=Cyprinodon tularosa] [GeneID=119784323]	Cyprinodon_tularosa|BGN|XP_038142242.1
BGN	XP_038142243.1	Cyprinodon tularosa	119784323		372	excluded	extra_isoform_same_locus	XP_038142243.1 bgnb [organism=Cyprinodon tularosa] [GeneID=119784323]	Cyprinodon_tularosa|BGN|XP_038142243.1
BGN	XP_057941340.2	Doryrhamphus excisus	131137416		372	kept	representative	XP_057941340.2 bgnb [organism=Doryrhamphus excisus] [GeneID=131137416]	Doryrhamphus_excisus|BGN|XP_057941340.2
BGN	XP_068997408.1	Embiotoca jacksoni	138193327	X1	382	excluded	extra_isoform_same_locus	XP_068997408.1 bgnb [organism=Embiotoca jacksoni] [GeneID=138193327] [isoform=X1]	Embiotoca_jacksoni|BGN|XP_068997408.1
BGN	XP_068997409.1	Embiotoca jacksoni	138193327	X2	372	kept	representative	XP_068997409.1 bgnb [organism=Embiotoca jacksoni] [GeneID=138193327] [isoform=X2]	Embiotoca_jacksoni|BGN|XP_068997409.1
BGN	XP_071403158.1	Centroberyx affinis	139667570		288	kept	representative	XP_071403158.1 bgnb [organism=Centroberyx affinis] [GeneID=139667570]	Centroberyx_affinis|BGN|XP_071403158.1
BGN	XP_075691467.1	Rhinoderma darwinii	142659326	X1	387	excluded	extra_isoform_same_locus	XP_075691467.1 BGN [organism=Rhinoderma darwinii] [GeneID=142659326] [isoform=X1]	Rhinoderma_darwinii|BGN|XP_075691467.1
BGN	XP_075691468.1	Rhinoderma darwinii	142659326	X2	374	kept	representative	XP_075691468.1 BGN [organism=Rhinoderma darwinii] [GeneID=142659326] [isoform=X2]	Rhinoderma_darwinii|BGN|XP_075691468.1
BGN	XP_022047504.1	Acanthochromis polyacanthus	110949657		375	kept	representative	XP_022047504.1 bgnb [organism=Acanthochromis polyacanthus] [GeneID=110949657]	Acanthochromis_polyacanthus|BGN|XP_022047504.1
BGN	XP_074215009.1	Camelus bactrianus	105076091		369	kept	representative	XP_074215009.1 BGN [organism=Camelus bactrianus] [GeneID=105076091]	Camelus_bactrianus|BGN|XP_074215009.1
BGN	XP_063746940.1	Eleginops maclovinus	134869330		372	kept	representative	XP_063746940.1 bgnb [organism=Eleginops maclovinus] [GeneID=134869330]	Eleginops_maclovinus|BGN|XP_063746940.1
BGN	XP_063746949.1	Eleginops maclovinus	134869330		372	excluded	extra_isoform_same_locus	XP_063746949.1 bgnb [organism=Eleginops maclovinus] [GeneID=134869330]	Eleginops_maclovinus|BGN|XP_063746949.1
BGN	XP_011890676.1	Cercocebus atys	105574401		368	kept	representative	XP_011890676.1 BGN [organism=Cercocebus atys] [GeneID=105574401]	Cercocebus_atys|BGN|XP_011890676.1
BGN	XP_011890677.1	Cercocebus atys	105574401		368	excluded	extra_isoform_same_locus	XP_011890677.1 BGN [organism=Cercocebus atys] [GeneID=105574401]	Cercocebus_atys|BGN|XP_011890677.1
BGN	XP_011890678.1	Cercocebus atys	105574401		368	excluded	extra_isoform_same_locus	XP_011890678.1 BGN [organism=Cercocebus atys] [GeneID=105574401]	Cercocebus_atys|BGN|XP_011890678.1
BGN	XP_003216944.1	Anolis carolinensis	100552113		371	kept	representative	XP_003216944.1 bgn [organism=Anolis carolinensis] [GeneID=100552113]	Anolis_carolinensis|BGN|XP_003216944.1
BGN	XP_062827322.1	Anolis carolinensis	100552113		371	excluded	extra_isoform_same_locus	XP_062827322.1 bgn [organism=Anolis carolinensis] [GeneID=100552113]	Anolis_carolinensis|BGN|XP_062827322.1
BGN	XP_064359534.1	Dromaius novaehollandiae	135325414		391	kept	representative	XP_064359534.1 BGN [organism=Dromaius novaehollandiae] [GeneID=135325414]	Dromaius_novaehollandiae|BGN|XP_064359534.1
BGN	XP_007249930.3	Astyanax mexicanus	103021838		372	kept	representative	XP_007249930.3 bgnb [organism=Astyanax mexicanus] [GeneID=103021838]	Astyanax_mexicanus|BGN|XP_007249930.3
BGN	XP_022533136.2	Astyanax mexicanus	103021838		372	excluded	extra_isoform_same_locus	XP_022533136.2 bgnb [organism=Astyanax mexicanus] [GeneID=103021838]	Astyanax_mexicanus|BGN|XP_022533136.2
BGN	NP_001003229.1	Canis lupus familiaris	403905		369	excluded	extra_isoform_same_locus	NP_001003229.1 BGN [organism=Canis lupus familiaris] [GeneID=403905]	Canis_lupus_familiaris|BGN|NP_001003229.1
BGN	XP_038304748.1	Canis lupus familiaris	403905	X1	372	kept	representative	XP_038304748.1 BGN [organism=Canis lupus familiaris] [GeneID=403905] [isoform=X1]	Canis_lupus_familiaris|BGN|XP_038304748.1
BGN	XP_044856523.1	Mauremys mutica	123357307		451	kept	representative	XP_044856523.1 BGN [organism=Mauremys mutica] [GeneID=123357307]	Mauremys_mutica|BGN|XP_044856523.1
BGN	XP_079445071.1	Phoxinus phoxinus	306986070		371	kept	representative	XP_079445071.1 bgnb [organism=Phoxinus phoxinus] [GeneID=306986070]	Phoxinus_phoxinus|BGN|XP_079445071.1
BGN	XP_081700677.1	Podarcis erhardii	309331952		369	kept	representative	XP_081700677.1 BGN [organism=Podarcis erhardii] [GeneID=309331952]	Podarcis_erhardii|BGN|XP_081700677.1
BGN	XP_067448468.1	Thunnus thynnus	137184576	X1	381	excluded	extra_isoform_same_locus	XP_067448468.1 bgnb [organism=Thunnus thynnus] [GeneID=137184576] [isoform=X1]	Thunnus_thynnus|BGN|XP_067448468.1
BGN	XP_067448469.1	Thunnus thynnus	137184576	X2	372	kept	representative	XP_067448469.1 bgnb [organism=Thunnus thynnus] [GeneID=137184576] [isoform=X2]	Thunnus_thynnus|BGN|XP_067448469.1
BGN	XP_005808733.1	Xiphophorus maculatus	102217871		372	kept	representative	XP_005808733.1 bgnb [organism=Xiphophorus maculatus] [GeneID=102217871]	Xiphophorus_maculatus|BGN|XP_005808733.1
BGN	XP_037095425.1	Syngnathus acus	119115222		371	kept	representative	XP_037095425.1 bgnb [organism=Syngnathus acus] [GeneID=119115222]	Syngnathus_acus|BGN|XP_037095425.1
BGN	XP_037095435.1	Syngnathus acus	119115222		371	excluded	extra_isoform_same_locus	XP_037095435.1 bgnb [organism=Syngnathus acus] [GeneID=119115222]	Syngnathus_acus|BGN|XP_037095435.1
BGN	XP_056305047.1	Danio aesculapii	130217069		371	kept	representative	XP_056305047.1 bgnb [organism=Danio aesculapii] [GeneID=130217069]	Danio_aesculapii|BGN|XP_056305047.1
BGN	XP_059994064.1	Lagenorhynchus albirostris	132513598		369	kept	representative	XP_059994064.1 BGN [organism=Lagenorhynchus albirostris] [GeneID=132513598]	Lagenorhynchus_albirostris|BGN|XP_059994064.1
BGN	XP_072482733.1	Notamacropus eugenii	140515796		369	kept	representative	XP_072482733.1 BGN [organism=Notamacropus eugenii] [GeneID=140515796]	Notamacropus_eugenii|BGN|XP_072482733.1
BGN	XP_072482734.1	Notamacropus eugenii	140515796		369	excluded	extra_isoform_same_locus	XP_072482734.1 BGN [organism=Notamacropus eugenii] [GeneID=140515796]	Notamacropus_eugenii|BGN|XP_072482734.1
BGN	XP_082374915.1	Aulonocara stuartgranti	309697127		371	kept	representative	XP_082374915.1 bgnb [organism=Aulonocara stuartgranti] [GeneID=309697127]	Aulonocara_stuartgranti|BGN|XP_082374915.1
BGN	XP_032613828.1	Hylobates moloch	116812196		368	kept	representative	XP_032613828.1 BGN [organism=Hylobates moloch] [GeneID=116812196]	Hylobates_moloch|BGN|XP_032613828.1
BGN	XP_004717640.1	Echinops telfairi	101657686		369	kept	representative	XP_004717640.1 BGN [organism=Echinops telfairi] [GeneID=101657686]	Echinops_telfairi|BGN|XP_004717640.1
BGN	XP_034392942.1	Cyclopterus lumpus	117733418		372	kept	representative	XP_034392942.1 bgnb [organism=Cyclopterus lumpus] [GeneID=117733418]	Cyclopterus_lumpus|BGN|XP_034392942.1
BGN	XP_046529356.1	Equus quagga	124245727		372	kept	representative	XP_046529356.1 BGN [organism=Equus quagga] [GeneID=124245727]	Equus_quagga|BGN|XP_046529356.1
BGN	XP_046529357.1	Equus quagga	124245727		372	excluded	extra_isoform_same_locus	XP_046529357.1 BGN [organism=Equus quagga] [GeneID=124245727]	Equus_quagga|BGN|XP_046529357.1
BGN	XP_075814455.1	Microtus pennsylvanicus	142841462		369	kept	representative	XP_075814455.1 Bgn [organism=Microtus pennsylvanicus] [GeneID=142841462]	Microtus_pennsylvanicus|BGN|XP_075814455.1
BGN	XP_077573890.1	Stigmatopora nigra	144197149		371	kept	representative	XP_077573890.1 bgnb [organism=Stigmatopora nigra] [GeneID=144197149]	Stigmatopora_nigra|BGN|XP_077573890.1
BGN	XP_068610244.1	Brachionichthys hirsutus	137909679		371	kept	representative	XP_068610244.1 bgnb [organism=Brachionichthys hirsutus] [GeneID=137909679]	Brachionichthys_hirsutus|BGN|XP_068610244.1
BGN	XP_029579798.1	Salmo trutta	115168555		371	kept	representative	XP_029579798.1 bgnb [organism=Salmo trutta] [GeneID=115168555]	Salmo_trutta|BGN|XP_029579798.1
BGN	XP_029579799.1	Salmo trutta	115168555		371	excluded	extra_isoform_same_locus	XP_029579799.1 bgnb [organism=Salmo trutta] [GeneID=115168555]	Salmo_trutta|BGN|XP_029579799.1
BGN	XP_036803464.1	Oncorhynchus mykiss	110492568		371	kept	representative	XP_036803464.1 bgnb [organism=Oncorhynchus mykiss] [GeneID=110492568]	Oncorhynchus_mykiss|BGN|XP_036803464.1
BGN	XP_036803465.1	Oncorhynchus mykiss	110492568		371	excluded	extra_isoform_same_locus	XP_036803465.1 bgnb [organism=Oncorhynchus mykiss] [GeneID=110492568]	Oncorhynchus_mykiss|BGN|XP_036803465.1
BGN	XP_030278617.1	Sparus aurata	115584884		373	kept	representative	XP_030278617.1 bgnb [organism=Sparus aurata] [GeneID=115584884]	Sparus_aurata|BGN|XP_030278617.1
BGN	XP_030278618.1	Sparus aurata	115584884		373	excluded	extra_isoform_same_locus	XP_030278618.1 bgnb [organism=Sparus aurata] [GeneID=115584884]	Sparus_aurata|BGN|XP_030278618.1
BGN	XP_045701371.1	Phyllostomus hastatus	123823093		372	kept	representative	XP_045701371.1 BGN [organism=Phyllostomus hastatus] [GeneID=123823093]	Phyllostomus_hastatus|BGN|XP_045701371.1
BGN	XP_067302518.1	Pseudorasbora parva	137078757		371	kept	representative	XP_067302518.1 bgnb [organism=Pseudorasbora parva] [GeneID=137078757]	Pseudorasbora_parva|BGN|XP_067302518.1
BGN	XP_078706175.1	Lepidochelys kempii	144929682		369	kept	representative	XP_078706175.1 BGN [organism=Lepidochelys kempii] [GeneID=144929682]	Lepidochelys_kempii|BGN|XP_078706175.1
BGN	XP_023862050.2	Salvelinus sp. IW2-2015	111977027		327	kept	representative	XP_023862050.2 bgnb [organism=Salvelinus sp. IW2-2015] [GeneID=111977027]	Salvelinus_sp._IW2-2015|BGN|XP_023862050.2
BGN	XP_066470889.1	Tiliqua scincoides	136640008		369	kept	representative	XP_066470889.1 BGN [organism=Tiliqua scincoides] [GeneID=136640008]	Tiliqua_scincoides|BGN|XP_066470889.1
BGN	XP_049610719.1	Syngnathus scovelli	125988927		371	kept	representative	XP_049610719.1 bgnb [organism=Syngnathus scovelli] [GeneID=125988927]	Syngnathus_scovelli|BGN|XP_049610719.1
BGN	XP_030161688.1	Lynx canadensis	115507464		372	kept	representative	XP_030161688.1 BGN [organism=Lynx canadensis] [GeneID=115507464]	Lynx_canadensis|BGN|XP_030161688.1
BGN	XP_032448078.1	Lynx canadensis	115507464		372	excluded	extra_isoform_same_locus	XP_032448078.1 BGN [organism=Lynx canadensis] [GeneID=115507464]	Lynx_canadensis|BGN|XP_032448078.1
BGN	XP_044299726.1	Varanus komodoensis	123030143		370	kept	representative	XP_044299726.1 BGN [organism=Varanus komodoensis] [GeneID=123030143]	Varanus_komodoensis|BGN|XP_044299726.1
BGN	XP_077696373.1	Eretmochelys imbricata	144278887	X1	369	kept	representative	XP_077696373.1 BGN [organism=Eretmochelys imbricata] [GeneID=144278887] [isoform=X1]	Eretmochelys_imbricata|BGN|XP_077696373.1
BGN	XP_077696374.1	Eretmochelys imbricata	144278887	X2	369	excluded	extra_isoform_same_locus	XP_077696374.1 BGN [organism=Eretmochelys imbricata] [GeneID=144278887] [isoform=X2]	Eretmochelys_imbricata|BGN|XP_077696374.1
BGN	XP_020470471.1	Monopterus albus	109968503		369	kept	representative	XP_020470471.1 bgnb [organism=Monopterus albus] [GeneID=109968503]	Monopterus_albus|BGN|XP_020470471.1
BGN	XP_063792387.1	Pseudophryne corroboree	134948384	X1	396	excluded	extra_isoform_same_locus	XP_063792387.1 BGN [organism=Pseudophryne corroboree] [GeneID=134948384] [isoform=X1]	Pseudophryne_corroboree|BGN|XP_063792387.1
BGN	XP_063792388.1	Pseudophryne corroboree	134948384	X2	384	excluded	extra_isoform_same_locus	XP_063792388.1 BGN [organism=Pseudophryne corroboree] [GeneID=134948384] [isoform=X2]	Pseudophryne_corroboree|BGN|XP_063792388.1
BGN	XP_063792389.1	Pseudophryne corroboree	134948384	X3	373	kept	representative	XP_063792389.1 BGN [organism=Pseudophryne corroboree] [GeneID=134948384] [isoform=X3]	Pseudophryne_corroboree|BGN|XP_063792389.1
BGN	XP_063792390.1	Pseudophryne corroboree	134948384	X3	373	excluded	extra_isoform_same_locus	XP_063792390.1 BGN [organism=Pseudophryne corroboree] [GeneID=134948384] [isoform=X3]	Pseudophryne_corroboree|BGN|XP_063792390.1
BGN	XP_073456253.1	Aquarana catesbeiana	141108497		375	kept	representative	XP_073456253.1 BGN [organism=Aquarana catesbeiana] [GeneID=141108497]	Aquarana_catesbeiana|BGN|XP_073456253.1
BGN	XP_085249685.1	Rhamphochromis longiceps	146644527		371	kept	representative	XP_085249685.1 bgnb [organism=Rhamphochromis longiceps] [GeneID=146644527]	Rhamphochromis_longiceps|BGN|XP_085249685.1
BGN	XP_007991238.1	Chlorocebus sabaeus	103232782		368	kept	representative	XP_007991238.1 BGN [organism=Chlorocebus sabaeus] [GeneID=103232782]	Chlorocebus_sabaeus|BGN|XP_007991238.1
BGN	XP_003462210.1	Cavia porcellus	100729862		368	kept	representative	XP_003462210.1 Bgn [organism=Cavia porcellus] [GeneID=100729862]	Cavia_porcellus|BGN|XP_003462210.1
BGN	XP_045658363.1	Ursus americanus	123795573		369	kept	representative	XP_045658363.1 BGN [organism=Ursus americanus] [GeneID=123795573]	Ursus_americanus|BGN|XP_045658363.1
BGN	XP_016799988.1	Pan troglodytes	473829		368	kept	representative	XP_016799988.1 BGN [organism=Pan troglodytes] [GeneID=473829]	Pan_troglodytes|BGN|XP_016799988.1
BGN	XP_061264923.1	Bos javanicus	133242781		369	kept	representative	XP_061264923.1 BGN [organism=Bos javanicus] [GeneID=133242781]	Bos_javanicus|BGN|XP_061264923.1
BGN	XP_061264924.1	Bos javanicus	133242781		369	excluded	extra_isoform_same_locus	XP_061264924.1 BGN [organism=Bos javanicus] [GeneID=133242781]	Bos_javanicus|BGN|XP_061264924.1
BGN	XP_079583428.1	Hyperoodon ampullatus	307069141		369	kept	representative	XP_079583428.1 BGN [organism=Hyperoodon ampullatus] [GeneID=307069141]	Hyperoodon_ampullatus|BGN|XP_079583428.1
BGN	XP_047234642.1	Girardinichthys multiradiatus	124876125		372	kept	representative	XP_047234642.1 bgnb [organism=Girardinichthys multiradiatus] [GeneID=124876125]	Girardinichthys_multiradiatus|BGN|XP_047234642.1
BGN	XP_047234724.1	Girardinichthys multiradiatus	124876125		372	excluded	extra_isoform_same_locus	XP_047234724.1 bgnb [organism=Girardinichthys multiradiatus] [GeneID=124876125]	Girardinichthys_multiradiatus|BGN|XP_047234724.1
BGN	XP_029995662.1	Sphaeramia orbicularis	115423085		369	kept	representative	XP_029995662.1 bgnb [organism=Sphaeramia orbicularis] [GeneID=115423085]	Sphaeramia_orbicularis|BGN|XP_029995662.1
BGN	XP_029995663.1	Sphaeramia orbicularis	115423085		369	excluded	extra_isoform_same_locus	XP_029995663.1 bgnb [organism=Sphaeramia orbicularis] [GeneID=115423085]	Sphaeramia_orbicularis|BGN|XP_029995663.1
BGN	XP_029995664.1	Sphaeramia orbicularis	115423085		369	excluded	extra_isoform_same_locus	XP_029995664.1 bgnb [organism=Sphaeramia orbicularis] [GeneID=115423085]	Sphaeramia_orbicularis|BGN|XP_029995664.1
BGN	XP_075116535.1	Leptodactylus fuscus	142185162		374	kept	representative	XP_075116535.1 BGN [organism=Leptodactylus fuscus] [GeneID=142185162]	Leptodactylus_fuscus|BGN|XP_075116535.1
BGN	XP_061075818.1	Conger conger	133110018		369	kept	representative	XP_061075818.1 bgnb [organism=Conger conger] [GeneID=133110018]	Conger_conger|BGN|XP_061075818.1
BGN	XP_065772188.1	Muntiacus reevesi	136153977		369	kept	representative	XP_065772188.1 BGN [organism=Muntiacus reevesi] [GeneID=136153977]	Muntiacus_reevesi|BGN|XP_065772188.1
BGN	XP_065772189.1	Muntiacus reevesi	136153977		369	excluded	extra_isoform_same_locus	XP_065772189.1 BGN [organism=Muntiacus reevesi] [GeneID=136153977]	Muntiacus_reevesi|BGN|XP_065772189.1
BGN	XP_069320555.1	Eulemur rufifrons	138379124		369	kept	representative	XP_069320555.1 BGN [organism=Eulemur rufifrons] [GeneID=138379124]	Eulemur_rufifrons|BGN|XP_069320555.1
BGN	XP_032745481.1	Rattus rattus	116888317		369	kept	representative	XP_032745481.1 Bgn [organism=Rattus rattus] [GeneID=116888317]	Rattus_rattus|BGN|XP_032745481.1
BGN	XP_004558932.2	Maylandia zebra	101466361		371	kept	representative	XP_004558932.2 bgnb [organism=Maylandia zebra] [GeneID=101466361]	Maylandia_zebra|BGN|XP_004558932.2
BGN	NP_001125588.1	Pongo abelii	100172504		368	kept	representative	NP_001125588.1 BGN [organism=Pongo abelii] [GeneID=100172504]	Pongo_abelii|BGN|NP_001125588.1
BGN	NP_001398705.1	Mus musculus	12111	1 precursor	384	excluded	extra_isoform_same_locus	NP_001398705.1 Bgn [organism=Mus musculus] [GeneID=12111] [isoform=1 precursor]	Mus_musculus|BGN|NP_001398705.1
BGN	NP_031568.2	Mus musculus	12111	2 preproprotein	369	kept	representative	NP_031568.2 Bgn [organism=Mus musculus] [GeneID=12111] [isoform=2 preproprotein]	Mus_musculus|BGN|NP_031568.2
BGN	XP_010626318.1	Fukomys damarensis	104864808		368	kept	representative	XP_010626318.1 Bgn [organism=Fukomys damarensis] [GeneID=104864808]	Fukomys_damarensis|BGN|XP_010626318.1
BGN	XP_055123731.1	Symphalangus syndactylus	129475601		368	kept	representative	XP_055123731.1 BGN [organism=Symphalangus syndactylus] [GeneID=129475601]	Symphalangus_syndactylus|BGN|XP_055123731.1
BGN	XP_085971932.1	Hippocampus guttulatus	147210742		371	kept	representative	XP_085971932.1 bgnb [organism=Hippocampus guttulatus] [GeneID=147210742]	Hippocampus_guttulatus|BGN|XP_085971932.1
BGN	XP_055447849.1	Psammomys obesus	129665302		369	kept	representative	XP_055447849.1 Bgn [organism=Psammomys obesus] [GeneID=129665302]	Psammomys_obesus|BGN|XP_055447849.1
BGN	XP_054859594.1	Eublepharis macularius	129346273		371	kept	representative	XP_054859594.1 BGN [organism=Eublepharis macularius] [GeneID=129346273]	Eublepharis_macularius|BGN|XP_054859594.1
BGN	XP_067880291.1	Heterodontus francisci	137358278		375	kept	representative	XP_067880291.1 bgnb [organism=Heterodontus francisci] [GeneID=137358278]	Heterodontus_francisci|BGN|XP_067880291.1
BGN	XP_011373886.1	Pteropus vampyrus	105302519		359	kept	representative	XP_011373886.1 BGN [organism=Pteropus vampyrus] [GeneID=105302519]	Pteropus_vampyrus|BGN|XP_011373886.1
BGN	XP_047391912.1	Sciurus carolinensis	124971934		369	kept	representative	XP_047391912.1 Bgn [organism=Sciurus carolinensis] [GeneID=124971934]	Sciurus_carolinensis|BGN|XP_047391912.1
BGN	XP_047391913.1	Sciurus carolinensis	124971934		369	excluded	extra_isoform_same_locus	XP_047391913.1 Bgn [organism=Sciurus carolinensis] [GeneID=124971934]	Sciurus_carolinensis|BGN|XP_047391913.1
BGN	XP_045329151.1	Leopardus geoffroyi	123595419		372	kept	representative	XP_045329151.1 BGN [organism=Leopardus geoffroyi] [GeneID=123595419]	Leopardus_geoffroyi|BGN|XP_045329151.1
BGN	XP_045329152.1	Leopardus geoffroyi	123595419		372	excluded	extra_isoform_same_locus	XP_045329152.1 BGN [organism=Leopardus geoffroyi] [GeneID=123595419]	Leopardus_geoffroyi|BGN|XP_045329152.1
BGN	XP_079532880.1	Notothenia rossii	307036428		372	kept	representative	XP_079532880.1 bgnb [organism=Notothenia rossii] [GeneID=307036428]	Notothenia_rossii|BGN|XP_079532880.1
BGN	XP_080981132.1	Miniopterus schreibersii	308550784		372	kept	representative	XP_080981132.1 BGN [organism=Miniopterus schreibersii] [GeneID=308550784]	Miniopterus_schreibersii|BGN|XP_080981132.1
BGN	XP_082061859.1	Podarcis vaucheri	309522452		369	kept	representative	XP_082061859.1 BGN [organism=Podarcis vaucheri] [GeneID=309522452]	Podarcis_vaucheri|BGN|XP_082061859.1
BGN	XP_057684311.1	Corythoichthys intestinalis	130910770		371	kept	representative	XP_057684311.1 bgnb [organism=Corythoichthys intestinalis] [GeneID=130910770]	Corythoichthys_intestinalis|BGN|XP_057684311.1
BGN	XP_033028899.1	Lacerta agilis	117060621		369	kept	representative	XP_033028899.1 BGN [organism=Lacerta agilis] [GeneID=117060621]	Lacerta_agilis|BGN|XP_033028899.1
BGN	XP_046309229.1	Marmota monax	124098444		369	kept	representative	XP_046309229.1 Bgn [organism=Marmota monax] [GeneID=124098444]	Marmota_monax|BGN|XP_046309229.1
BGN	XP_058438493.1	Marmota monax	124098444		369	excluded	extra_isoform_same_locus	XP_058438493.1 Bgn [organism=Marmota monax] [GeneID=124098444]	Marmota_monax|BGN|XP_058438493.1
BGN	XP_055788399.1	Salvelinus fontinalis	129861210		371	kept	representative	XP_055788399.1 bgnb [organism=Salvelinus fontinalis] [GeneID=129861210]	Salvelinus_fontinalis|BGN|XP_055788399.1
BGN	XP_032702210.1	Lontra canadensis	116860310		372	kept	representative	XP_032702210.1 BGN [organism=Lontra canadensis] [GeneID=116860310]	Lontra_canadensis|BGN|XP_032702210.1
BGN	XP_032702211.1	Lontra canadensis	116860310		372	excluded	extra_isoform_same_locus	XP_032702211.1 BGN [organism=Lontra canadensis] [GeneID=116860310]	Lontra_canadensis|BGN|XP_032702211.1
BGN	XP_037540032.1	Nematolebias whitei	119416910		372	kept	representative	XP_037540032.1 bgnb [organism=Nematolebias whitei] [GeneID=119416910]	Nematolebias_whitei|BGN|XP_037540032.1
BGN	XP_062038842.1	Lepus europaeus	133752390		369	kept	representative	XP_062038842.1 BGN [organism=Lepus europaeus] [GeneID=133752390]	Lepus_europaeus|BGN|XP_062038842.1
BGN	XP_062038843.1	Lepus europaeus	133752390		369	excluded	extra_isoform_same_locus	XP_062038843.1 BGN [organism=Lepus europaeus] [GeneID=133752390]	Lepus_europaeus|BGN|XP_062038843.1
BGN	XP_062248359.1	Platichthys flesus	133956989		372	kept	representative	XP_062248359.1 bgnb [organism=Platichthys flesus] [GeneID=133956989]	Platichthys_flesus|BGN|XP_062248359.1
BGN	XP_081033340.1	Podarcis bocagei	308577179		369	kept	representative	XP_081033340.1 BGN [organism=Podarcis bocagei] [GeneID=308577179]	Podarcis_bocagei|BGN|XP_081033340.1
BGN	XP_025316429.1	Canis lupus dingo	112668398		372	kept	representative	XP_025316429.1 BGN [organism=Canis lupus dingo] [GeneID=112668398]	Canis_lupus_dingo|BGN|XP_025316429.1
BGN	XP_025316430.1	Canis lupus dingo	112668398		372	excluded	extra_isoform_same_locus	XP_025316430.1 BGN [organism=Canis lupus dingo] [GeneID=112668398]	Canis_lupus_dingo|BGN|XP_025316430.1
BGN	XP_025316431.1	Canis lupus dingo	112668398		372	excluded	extra_isoform_same_locus	XP_025316431.1 BGN [organism=Canis lupus dingo] [GeneID=112668398]	Canis_lupus_dingo|BGN|XP_025316431.1
BGN	XP_031301971.1	Camelus dromedarius	105103903		369	kept	representative	XP_031301971.1 BGN [organism=Camelus dromedarius] [GeneID=105103903]	Camelus_dromedarius|BGN|XP_031301971.1
BGN	XP_064338813.1	Camelus dromedarius	105103903		369	excluded	extra_isoform_same_locus	XP_064338813.1 BGN [organism=Camelus dromedarius] [GeneID=105103903]	Camelus_dromedarius|BGN|XP_064338813.1
BGN	XP_074872422.1	Carettochelys insculpta	142024370		370	kept	representative	XP_074872422.1 BGN [organism=Carettochelys insculpta] [GeneID=142024370]	Carettochelys_insculpta|BGN|XP_074872422.1
BGN	XP_015670600.1	Protobothrops mucrosquamatus	107286709		368	kept	representative	XP_015670600.1 BGN [organism=Protobothrops mucrosquamatus] [GeneID=107286709]	Protobothrops_mucrosquamatus|BGN|XP_015670600.1
BGN	XP_057394775.1	Balaenoptera acutorostrata	103018867		369	kept	representative	XP_057394775.1 BGN [organism=Balaenoptera acutorostrata] [GeneID=103018867]	Balaenoptera_acutorostrata|BGN|XP_057394775.1
BGN	XP_026853969.2	Electrophorus electricus	113570004		372	kept	representative	XP_026853969.2 bgnb [organism=Electrophorus electricus] [GeneID=113570004]	Electrophorus_electricus|BGN|XP_026853969.2
BGN	XP_033057571.1	Trachypithecus francoisi	117078189		368	kept	representative	XP_033057571.1 BGN [organism=Trachypithecus francoisi] [GeneID=117078189]	Trachypithecus_francoisi|BGN|XP_033057571.1
BGN	XP_059190066.1	Centropristis striata	131972279		371	kept	representative	XP_059190066.1 bgnb [organism=Centropristis striata] [GeneID=131972279]	Centropristis_striata|BGN|XP_059190066.1
BGN	XP_069501454.1	Ambystoma mexicanum	138567297		366	kept	representative	XP_069501454.1 BGN [organism=Ambystoma mexicanum] [GeneID=138567297]	Ambystoma_mexicanum|BGN|XP_069501454.1
BGN	XP_069501455.1	Ambystoma mexicanum	138567297		366	excluded	extra_isoform_same_locus	XP_069501455.1 BGN [organism=Ambystoma mexicanum] [GeneID=138567297]	Ambystoma_mexicanum|BGN|XP_069501455.1
BGN	XP_069501457.1	Ambystoma mexicanum	138567297		366	excluded	extra_isoform_same_locus	XP_069501457.1 BGN [organism=Ambystoma mexicanum] [GeneID=138567297]	Ambystoma_mexicanum|BGN|XP_069501457.1
BGN	XP_085779526.1	Syngnathus leptorhynchus	147061526	X1	371	kept	representative	XP_085779526.1 bgnb [organism=Syngnathus leptorhynchus] [GeneID=147061526] [isoform=X1]	Syngnathus_leptorhynchus|BGN|XP_085779526.1
BGN	XP_085779538.1	Syngnathus leptorhynchus	147061526	X2	325	excluded	extra_isoform_same_locus	XP_085779538.1 bgnb [organism=Syngnathus leptorhynchus] [GeneID=147061526] [isoform=X2]	Syngnathus_leptorhynchus|BGN|XP_085779538.1
BGN	XP_042160053.1	Oncorhynchus tshawytscha	112229711		371	kept	representative	XP_042160053.1 bgnb [organism=Oncorhynchus tshawytscha] [GeneID=112229711]	Oncorhynchus_tshawytscha|BGN|XP_042160053.1
BGN	XP_047450021.1	Mugil cephalus	125013410		372	kept	representative	XP_047450021.1 bgnb [organism=Mugil cephalus] [GeneID=125013410]	Mugil_cephalus|BGN|XP_047450021.1
BGN	XP_068187641.1	Antennarius striatus	137606324		371	kept	representative	XP_068187641.1 bgnb [organism=Antennarius striatus] [GeneID=137606324]	Antennarius_striatus|BGN|XP_068187641.1
BGN	XP_079415360.1	Gobius niger	306965025		372	kept	representative	XP_079415360.1 bgnb [organism=Gobius niger] [GeneID=306965025]	Gobius_niger|BGN|XP_079415360.1
BGN	XP_081750732.1	Podarcis melisellensis	309360057		369	kept	representative	XP_081750732.1 BGN [organism=Podarcis melisellensis] [GeneID=309360057]	Podarcis_melisellensis|BGN|XP_081750732.1
BGN	XP_070319012.1	Odocoileus virginianus	110132234		369	kept	representative	XP_070319012.1 BGN [organism=Odocoileus virginianus] [GeneID=110132234]	Odocoileus_virginianus|BGN|XP_070319012.1
BGN	XP_030590586.1	Archocentrus centrarchus	115783747		372	kept	representative	XP_030590586.1 bgnb [organism=Archocentrus centrarchus] [GeneID=115783747]	Archocentrus_centrarchus|BGN|XP_030590586.1
BGN	XP_084577283.1	Lutjanus erythropterus	146325258		372	kept	representative	XP_084577283.1 bgnb [organism=Lutjanus erythropterus] [GeneID=146325258]	Lutjanus_erythropterus|BGN|XP_084577283.1
BGN	XP_027389031.1	Bos indicus x Bos taurus	113886773		369	kept	representative	XP_027389031.1 BGN [organism=Bos indicus x Bos taurus] [GeneID=113886773]	Bos_indicus_x_Bos_taurus|BGN|XP_027389031.1
BGN	XP_027389032.1	Bos indicus x Bos taurus	113886773		369	excluded	extra_isoform_same_locus	XP_027389032.1 BGN [organism=Bos indicus x Bos taurus] [GeneID=113886773]	Bos_indicus_x_Bos_taurus|BGN|XP_027389032.1
BGN	XP_057575158.1	Hippopotamus amphibius kiboko	130842513		369	kept	representative	XP_057575158.1 BGN [organism=Hippopotamus amphibius kiboko] [GeneID=130842513]	Hippopotamus_amphibius_kiboko|BGN|XP_057575158.1
BGN	XP_057575159.1	Hippopotamus amphibius kiboko	130842513		369	excluded	extra_isoform_same_locus	XP_057575159.1 BGN [organism=Hippopotamus amphibius kiboko] [GeneID=130842513]	Hippopotamus_amphibius_kiboko|BGN|XP_057575159.1
BGN	XP_057615469.1	Chionomys nivalis	130867459		369	kept	representative	XP_057615469.1 Bgn [organism=Chionomys nivalis] [GeneID=130867459]	Chionomys_nivalis|BGN|XP_057615469.1
BGN	XP_080843577.1	Podarcis pityusensis	308466589		369	kept	representative	XP_080843577.1 BGN [organism=Podarcis pityusensis] [GeneID=308466589]	Podarcis_pityusensis|BGN|XP_080843577.1
BGN	XP_012981310.1	Mesocricetus auratus	101837392		369	kept	representative	XP_012981310.1 Bgn [organism=Mesocricetus auratus] [GeneID=101837392]	Mesocricetus_auratus|BGN|XP_012981310.1
BGN	XP_040600687.1	Mesocricetus auratus	101837392		369	excluded	extra_isoform_same_locus	XP_040600687.1 Bgn [organism=Mesocricetus auratus] [GeneID=101837392]	Mesocricetus_auratus|BGN|XP_040600687.1
BGN	XP_044091093.1	Neogale vison	122897025		372	kept	representative	XP_044091093.1 BGN [organism=Neogale vison] [GeneID=122897025]	Neogale_vison|BGN|XP_044091093.1
BGN	XP_044091094.1	Neogale vison	122897025		372	excluded	extra_isoform_same_locus	XP_044091094.1 BGN [organism=Neogale vison] [GeneID=122897025]	Neogale_vison|BGN|XP_044091094.1
BGN	XP_036743110.1	Manis pentadactyla	118913309	X2	369	kept	representative	XP_036743110.1 BGN [organism=Manis pentadactyla] [GeneID=118913309] [isoform=X2]	Manis_pentadactyla|BGN|XP_036743110.1
BGN	XP_057351493.1	Manis pentadactyla	118913309	X1	380	excluded	extra_isoform_same_locus	XP_057351493.1 BGN [organism=Manis pentadactyla] [GeneID=118913309] [isoform=X1]	Manis_pentadactyla|BGN|XP_057351493.1
BGN	XP_040830622.1	Ochotona curzoniae	121152559		369	kept	representative	XP_040830622.1 BGN [organism=Ochotona curzoniae] [GeneID=121152559]	Ochotona_curzoniae|BGN|XP_040830622.1
BGN	XP_069581851.1	Brachyistius frenatus	138637227	X1	382	excluded	extra_isoform_same_locus	XP_069581851.1 bgnb [organism=Brachyistius frenatus] [GeneID=138637227] [isoform=X1]	Brachyistius_frenatus|BGN|XP_069581851.1
BGN	XP_069581860.1	Brachyistius frenatus	138637227	X2	372	kept	representative	XP_069581860.1 bgnb [organism=Brachyistius frenatus] [GeneID=138637227] [isoform=X2]	Brachyistius_frenatus|BGN|XP_069581860.1
BGN	XP_073496032.1	Phyllobates terribilis	141154284		374	kept	representative	XP_073496032.1 BGN [organism=Phyllobates terribilis] [GeneID=141154284]	Phyllobates_terribilis|BGN|XP_073496032.1
BGN	XP_024611575.1	Neophocaena asiaeorientalis asiaeorientalis	112406813		387	kept	representative	XP_024611575.1 BGN [organism=Neophocaena asiaeorientalis asiaeorientalis] [GeneID=112406813]	Neophocaena_asiaeorientalis_asiaeorientalis|BGN|XP_024611575.1
BGN	XP_032969925.1	Rhinolophus ferrumequinum	117026863		371	kept	representative	XP_032969925.1 BGN [organism=Rhinolophus ferrumequinum] [GeneID=117026863]	Rhinolophus_ferrumequinum|BGN|XP_032969925.1
BGN	XP_056896153.1	Takifugu flavidus	130529697		373	kept	representative	XP_056896153.1 bgnb [organism=Takifugu flavidus] [GeneID=130529697]	Takifugu_flavidus|BGN|XP_056896153.1
BGN	XP_060992283.1	Dama dama	133051711		369	kept	representative	XP_060992283.1 BGN [organism=Dama dama] [GeneID=133051711]	Dama_dama|BGN|XP_060992283.1
BGN	XP_004070537.1	Oryzias latipes	101159012		372	kept	representative	XP_004070537.1 bgnb [organism=Oryzias latipes] [GeneID=101159012]	Oryzias_latipes|BGN|XP_004070537.1
BGN	XP_004455256.2	Dasypus novemcinctus	101413898		369	kept	representative	XP_004455256.2 BGN [organism=Dasypus novemcinctus] [GeneID=101413898]	Dasypus_novemcinctus|BGN|XP_004455256.2
BGN	XP_012379436.1	Dasypus novemcinctus	101413898		369	excluded	extra_isoform_same_locus	XP_012379436.1 BGN [organism=Dasypus novemcinctus] [GeneID=101413898]	Dasypus_novemcinctus|BGN|XP_012379436.1
BGN	XP_071069272.1	Dasypus novemcinctus	101413898		369	excluded	extra_isoform_same_locus	XP_071069272.1 BGN [organism=Dasypus novemcinctus] [GeneID=101413898]	Dasypus_novemcinctus|BGN|XP_071069272.1
BGN	XP_053499566.1	Ictalurus furcatus	128619414		373	kept	representative	XP_053499566.1 bgnb [organism=Ictalurus furcatus] [GeneID=128619414]	Ictalurus_furcatus|BGN|XP_053499566.1
BGN	XP_012517497.1	Propithecus coquereli	105824550		369	kept	representative	XP_012517497.1 BGN [organism=Propithecus coquereli] [GeneID=105824550]	Propithecus_coquereli|BGN|XP_012517497.1
BGN	XP_083750631.1	Microchirus variegatus	310931376		372	kept	representative	XP_083750631.1 bgnb [organism=Microchirus variegatus] [GeneID=310931376]	Microchirus_variegatus|BGN|XP_083750631.1
BGN	XP_053281279.1	Pleuronectes platessa	128442735		372	kept	representative	XP_053281279.1 bgnb [organism=Pleuronectes platessa] [GeneID=128442735]	Pleuronectes_platessa|BGN|XP_053281279.1
BGN	XP_077464518.1	Stigmatopora argus	144080774		371	kept	representative	XP_077464518.1 bgnb [organism=Stigmatopora argus] [GeneID=144080774]	Stigmatopora_argus|BGN|XP_077464518.1
BGN	XP_077464519.1	Stigmatopora argus	144080774		371	excluded	extra_isoform_same_locus	XP_077464519.1 bgnb [organism=Stigmatopora argus] [GeneID=144080774]	Stigmatopora_argus|BGN|XP_077464519.1
BGN	XP_007420549.1	Python bivittatus	103061940		368	kept	representative	XP_007420549.1 BGN [organism=Python bivittatus] [GeneID=103061940]	Python_bivittatus|BGN|XP_007420549.1
BGN	XP_083532056.1	Argentina silus	310808829		292	kept	representative	XP_083532056.1 bgnb [organism=Argentina silus] [GeneID=310808829]	Argentina_silus|BGN|XP_083532056.1
BGN	XP_070358349.1	Equus asinus	106826663		372	kept	representative	XP_070358349.1 BGN [organism=Equus asinus] [GeneID=106826663]	Equus_asinus|BGN|XP_070358349.1
BGN	XP_070358350.1	Equus asinus	106826663		372	excluded	extra_isoform_same_locus	XP_070358350.1 BGN [organism=Equus asinus] [GeneID=106826663]	Equus_asinus|BGN|XP_070358350.1
BGN	XP_085114794.1	Mchenga conophoros	146549957		371	kept	representative	XP_085114794.1 bgnb [organism=Mchenga conophoros] [GeneID=146549957]	Mchenga_conophoros|BGN|XP_085114794.1
BGN	XP_085114795.1	Mchenga conophoros	146549957		371	excluded	extra_isoform_same_locus	XP_085114795.1 bgnb [organism=Mchenga conophoros] [GeneID=146549957]	Mchenga_conophoros|BGN|XP_085114795.1
BGN	XP_059904432.1	Gadus macrocephalus	132454886		371	kept	representative	XP_059904432.1 bgnb [organism=Gadus macrocephalus] [GeneID=132454886]	Gadus_macrocephalus|BGN|XP_059904432.1
BGN	XP_068964580.1	Petaurus breviceps papuanus	138177332		369	kept	representative	XP_068964580.1 BGN [organism=Petaurus breviceps papuanus] [GeneID=138177332]	Petaurus_breviceps_papuanus|BGN|XP_068964580.1
BGN	XP_068964581.1	Petaurus breviceps papuanus	138177332		369	excluded	extra_isoform_same_locus	XP_068964581.1 BGN [organism=Petaurus breviceps papuanus] [GeneID=138177332]	Petaurus_breviceps_papuanus|BGN|XP_068964581.1
BGN	XP_039630364.1	Polypterus senegalus	120542176		367	kept	representative	XP_039630364.1 bgnb [organism=Polypterus senegalus] [GeneID=120542176]	Polypterus_senegalus|BGN|XP_039630364.1
BGN	XP_060792917.1	Neoarius graeffei	132896208		381	kept	representative	XP_060792917.1 bgnb [organism=Neoarius graeffei] [GeneID=132896208]	Neoarius_graeffei|BGN|XP_060792917.1
BGN	XP_062890810.1	Mobula hypostoma	134338700		369	kept	representative	XP_062890810.1 bgnb [organism=Mobula hypostoma] [GeneID=134338700]	Mobula_hypostoma|BGN|XP_062890810.1
BGN	XP_062890811.1	Mobula hypostoma	134338700		369	excluded	extra_isoform_same_locus	XP_062890811.1 bgnb [organism=Mobula hypostoma] [GeneID=134338700]	Mobula_hypostoma|BGN|XP_062890811.1
BGN	XP_064812515.1	Oncorhynchus masou masou	135527835		371	kept	representative	XP_064812515.1 bgnb [organism=Oncorhynchus masou masou] [GeneID=135527835]	Oncorhynchus_masou_masou|BGN|XP_064812515.1
BGN	XP_019519897.1	Hipposideros armiger	109394356		372	kept	representative	XP_019519897.1 BGN [organism=Hipposideros armiger] [GeneID=109394356]	Hipposideros_armiger|BGN|XP_019519897.1
BGN	XP_054591911.1	Nothobranchius furzeri	107373849		372	kept	representative	XP_054591911.1 bgnb [organism=Nothobranchius furzeri] [GeneID=107373849]	Nothobranchius_furzeri|BGN|XP_054591911.1
BGN	XP_054591912.1	Nothobranchius furzeri	107373849		372	excluded	extra_isoform_same_locus	XP_054591912.1 bgnb [organism=Nothobranchius furzeri] [GeneID=107373849]	Nothobranchius_furzeri|BGN|XP_054591912.1
BGN	XP_003421749.2	Loxodonta africana	100669333		369	kept	representative	XP_003421749.2 BGN [organism=Loxodonta africana] [GeneID=100669333]	Loxodonta_africana|BGN|XP_003421749.2
BGN	XP_064133811.1	Loxodonta africana	100669333		369	excluded	extra_isoform_same_locus	XP_064133811.1 BGN [organism=Loxodonta africana] [GeneID=100669333]	Loxodonta_africana|BGN|XP_064133811.1
BGN	XP_008047841.1	Carlito syrichta	103251042		370	kept	representative	XP_008047841.1 BGN [organism=Carlito syrichta] [GeneID=103251042]	Carlito_syrichta|BGN|XP_008047841.1
BGN	XP_021564033.1	Carlito syrichta	103251042		370	excluded	extra_isoform_same_locus	XP_021564033.1 BGN [organism=Carlito syrichta] [GeneID=103251042]	Carlito_syrichta|BGN|XP_021564033.1
BGN	XP_027691611.1	Vombatus ursinus	114023249		369	kept	representative	XP_027691611.1 BGN [organism=Vombatus ursinus] [GeneID=114023249]	Vombatus_ursinus|BGN|XP_027691611.1
BGN	XP_027691619.1	Vombatus ursinus	114023249		369	excluded	extra_isoform_same_locus	XP_027691619.1 BGN [organism=Vombatus ursinus] [GeneID=114023249]	Vombatus_ursinus|BGN|XP_027691619.1
BGN	XP_032067367.1	Thamnophis elegans	116504464		368	kept	representative	XP_032067367.1 BGN [organism=Thamnophis elegans] [GeneID=116504464]	Thamnophis_elegans|BGN|XP_032067367.1
BGN	XP_041597952.1	Vulpes lagopus	121483457		372	kept	representative	XP_041597952.1 BGN [organism=Vulpes lagopus] [GeneID=121483457]	Vulpes_lagopus|BGN|XP_041597952.1
BGN	XP_053227072.1	Podarcis raffonei	128404967		369	kept	representative	XP_053227072.1 BGN [organism=Podarcis raffonei] [GeneID=128404967]	Podarcis_raffonei|BGN|XP_053227072.1
BGN	XP_061526074.1	Phycodurus eques	133399025	X1	384	excluded	extra_isoform_same_locus	XP_061526074.1 bgnb [organism=Phycodurus eques] [GeneID=133399025] [isoform=X1]	Phycodurus_eques|BGN|XP_061526074.1
BGN	XP_061526082.1	Phycodurus eques	133399025	X2	372	kept	representative	XP_061526082.1 bgnb [organism=Phycodurus eques] [GeneID=133399025] [isoform=X2]	Phycodurus_eques|BGN|XP_061526082.1
BGN	XP_061526087.1	Phycodurus eques	133399025	X2	372	excluded	extra_isoform_same_locus	XP_061526087.1 bgnb [organism=Phycodurus eques] [GeneID=133399025] [isoform=X2]	Phycodurus_eques|BGN|XP_061526087.1
BGN	XP_061526097.1	Phycodurus eques	133399025	X2	372	excluded	extra_isoform_same_locus	XP_061526097.1 bgnb [organism=Phycodurus eques] [GeneID=133399025] [isoform=X2]	Phycodurus_eques|BGN|XP_061526097.1
BGN	XP_071332464.1	Trachinotus anak	139620638		372	kept	representative	XP_071332464.1 bgnb [organism=Trachinotus anak] [GeneID=139620638]	Trachinotus_anak|BGN|XP_071332464.1
BGN	XP_078980014.1	Sciurus vulgaris	306651314		368	kept	representative	XP_078980014.1 BGN [organism=Sciurus vulgaris] [GeneID=306651314]	Sciurus_vulgaris|BGN|XP_078980014.1
BGN	XP_054327772.1	Pongo pygmaeus	129024633		368	kept	representative	XP_054327772.1 BGN [organism=Pongo pygmaeus] [GeneID=129024633]	Pongo_pygmaeus|BGN|XP_054327772.1
BGN	XP_055419392.1	Bubalus kerabau	129638761		369	kept	representative	XP_055419392.1 BGN [organism=Bubalus kerabau] [GeneID=129638761]	Bubalus_kerabau|BGN|XP_055419392.1
BGN	XP_040178826.1	Rana temporaria	120913157		375	kept	representative	XP_040178826.1 BGN [organism=Rana temporaria] [GeneID=120913157]	Rana_temporaria|BGN|XP_040178826.1
BGN	XP_042348261.1	Plectropomus leopardus	121947327		373	kept	representative	XP_042348261.1 bgnb [organism=Plectropomus leopardus] [GeneID=121947327]	Plectropomus_leopardus|BGN|XP_042348261.1
BGN	XP_060913560.1	Labrus mixtus	132989755		372	kept	representative	XP_060913560.1 bgnb [organism=Labrus mixtus] [GeneID=132989755]	Labrus_mixtus|BGN|XP_060913560.1
BGN	XP_081419946.1	Giraffa tippelskirchi	145535394		369	kept	representative	XP_081419946.1 BGN [organism=Giraffa tippelskirchi] [GeneID=145535394]	Giraffa_tippelskirchi|BGN|XP_081419946.1
BGN	XP_081419947.1	Giraffa tippelskirchi	145535394		369	excluded	extra_isoform_same_locus	XP_081419947.1 BGN [organism=Giraffa tippelskirchi] [GeneID=145535394]	Giraffa_tippelskirchi|BGN|XP_081419947.1
BGN	XP_034446277.1	Hippoglossus hippoglossus	117764526		372	kept	representative	XP_034446277.1 bgnb [organism=Hippoglossus hippoglossus] [GeneID=117764526]	Hippoglossus_hippoglossus|BGN|XP_034446277.1
BGN	XP_032475701.1	Phocoena sinus	116747512	X1	369	excluded	extra_isoform_same_locus	XP_032475701.1 BGN [organism=Phocoena sinus] [GeneID=116747512] [isoform=X1]	Phocoena_sinus|BGN|XP_032475701.1
BGN	XP_032475702.1	Phocoena sinus	116747512	X2	329	excluded	extra_isoform_same_locus	XP_032475702.1 BGN [organism=Phocoena sinus] [GeneID=116747512] [isoform=X2]	Phocoena_sinus|BGN|XP_032475702.1
BGN	XP_032475703.1	Phocoena sinus	116747512	X3	372	kept	representative	XP_032475703.1 BGN [organism=Phocoena sinus] [GeneID=116747512] [isoform=X3]	Phocoena_sinus|BGN|XP_032475703.1
BGN	XP_032475704.1	Phocoena sinus	116747512	X1	369	excluded	extra_isoform_same_locus	XP_032475704.1 BGN [organism=Phocoena sinus] [GeneID=116747512] [isoform=X1]	Phocoena_sinus|BGN|XP_032475704.1
BGN	XP_058568623.1	Neofelis nebulosa	131502018		372	kept	representative	XP_058568623.1 BGN [organism=Neofelis nebulosa] [GeneID=131502018]	Neofelis_nebulosa|BGN|XP_058568623.1
BGN	XP_058568624.1	Neofelis nebulosa	131502018		372	excluded	extra_isoform_same_locus	XP_058568624.1 BGN [organism=Neofelis nebulosa] [GeneID=131502018]	Neofelis_nebulosa|BGN|XP_058568624.1
BGN	XP_065757453.1	Phocoena phocoena	136143097		369	kept	representative	XP_065757453.1 BGN [organism=Phocoena phocoena] [GeneID=136143097]	Phocoena_phocoena|BGN|XP_065757453.1
BGN	XP_079886959.1	Ammodytes marinus	307253001		372	kept	representative	XP_079886959.1 bgnb [organism=Ammodytes marinus] [GeneID=307253001]	Ammodytes_marinus|BGN|XP_079886959.1
BGN	XP_086071049.1	Aulostomus chinensis	147256705		371	kept	representative	XP_086071049.1 bgnb [organism=Aulostomus chinensis] [GeneID=147256705]	Aulostomus_chinensis|BGN|XP_086071049.1
BGN	XP_086071050.1	Aulostomus chinensis	147256705		371	excluded	extra_isoform_same_locus	XP_086071050.1 bgnb [organism=Aulostomus chinensis] [GeneID=147256705]	Aulostomus_chinensis|BGN|XP_086071050.1
BGN	XP_022597393.1	Seriola dumerili	111219084		372	kept	representative	XP_022597393.1 bgnb [organism=Seriola dumerili] [GeneID=111219084]	Seriola_dumerili|BGN|XP_022597393.1
BGN	XP_032185370.1	Mustela erminea	116582108		369	kept	representative	XP_032185370.1 BGN [organism=Mustela erminea] [GeneID=116582108]	Mustela_erminea|BGN|XP_032185370.1
BGN	XP_032185371.1	Mustela erminea	116582108		369	excluded	extra_isoform_same_locus	XP_032185371.1 BGN [organism=Mustela erminea] [GeneID=116582108]	Mustela_erminea|BGN|XP_032185371.1
BGN	XP_060108471.1	Heteronotia binoei	132581301		371	kept	representative	XP_060108471.1 BGN [organism=Heteronotia binoei] [GeneID=132581301]	Heteronotia_binoei|BGN|XP_060108471.1
BGN	XP_078111234.1	Sander vitreus	144520970		372	kept	representative	XP_078111234.1 bgnb [organism=Sander vitreus] [GeneID=144520970]	Sander_vitreus|BGN|XP_078111234.1
BGN	XP_078111235.1	Sander vitreus	144520970		372	excluded	extra_isoform_same_locus	XP_078111235.1 bgnb [organism=Sander vitreus] [GeneID=144520970]	Sander_vitreus|BGN|XP_078111235.1
BGN	XP_023280831.1	Seriola lalandi dorsalis	111668911		372	kept	representative	XP_023280831.1 bgnb [organism=Seriola lalandi dorsalis] [GeneID=111668911]	Seriola_lalandi_dorsalis|BGN|XP_023280831.1
BGN	XP_085997714.1	Fistularia commersonii	147214419		373	kept	representative	XP_085997714.1 bgnb [organism=Fistularia commersonii] [GeneID=147214419]	Fistularia_commersonii|BGN|XP_085997714.1
BGN	NP_001702.1	Homo sapiens	633		368	kept	representative	NP_001702.1 BGN [organism=Homo sapiens] [GeneID=633]	Homo_sapiens|BGN|NP_001702.1
BGN	XP_016885213.1	Homo sapiens	633	X1	368	excluded	extra_isoform_same_locus	XP_016885213.1 BGN [organism=Homo sapiens] [GeneID=633] [isoform=X1]	Homo_sapiens|BGN|XP_016885213.1
BGN	XP_054183538.1	Homo sapiens	633	X1	368	excluded	extra_isoform_same_locus	XP_054183538.1 BGN [organism=Homo sapiens] [GeneID=633] [isoform=X1]	Homo_sapiens|BGN|XP_054183538.1
BGN	XP_062314455.1	Osmerus eperlanus	134018501		372	kept	representative	XP_062314455.1 bgnb [organism=Osmerus eperlanus] [GeneID=134018501]	Osmerus_eperlanus|BGN|XP_062314455.1
BGN	XP_062398128.1	Sardina pilchardus	134088225		370	kept	representative	XP_062398128.1 bgnb [organism=Sardina pilchardus] [GeneID=134088225]	Sardina_pilchardus|BGN|XP_062398128.1
BGN	XP_075947483.1	Anarhichas minor	142949625		370	kept	representative	XP_075947483.1 bgnb [organism=Anarhichas minor] [GeneID=142949625]	Anarhichas_minor|BGN|XP_075947483.1
BGN	XP_080324789.1	Lipophrys pholis	308112878	1	372	kept	representative	XP_080324789.1 bgnb [organism=Lipophrys pholis] [GeneID=308112878] [isoform=1]	Lipophrys_pholis|BGN|XP_080324789.1
BGN	XP_067226913.1	Chanodichthys erythropterus	137008979		370	kept	representative	XP_067226913.1 bgnb [organism=Chanodichthys erythropterus] [GeneID=137008979]	Chanodichthys_erythropterus|BGN|XP_067226913.1
BGN	XP_067226914.1	Chanodichthys erythropterus	137008979		370	excluded	extra_isoform_same_locus	XP_067226914.1 bgnb [organism=Chanodichthys erythropterus] [GeneID=137008979]	Chanodichthys_erythropterus|BGN|XP_067226914.1
BGN	XP_048688724.2	Caretta caretta	125628044		553	excluded	relative_length	XP_048688724.2 BGN [organism=Caretta caretta] [GeneID=125628044]	Caretta_caretta|BGN|XP_048688724.2
BGN	XP_030403927.1	Gopherus evgoodei	115644009	X1	400	excluded	extra_isoform_same_locus	XP_030403927.1 BGN [organism=Gopherus evgoodei] [GeneID=115644009] [isoform=X1]	Gopherus_evgoodei|BGN|XP_030403927.1
BGN	XP_030403928.1	Gopherus evgoodei	115644009	X2	369	kept	representative	XP_030403928.1 BGN [organism=Gopherus evgoodei] [GeneID=115644009] [isoform=X2]	Gopherus_evgoodei|BGN|XP_030403928.1
BGN	XP_036446840.1	Colossoma macropomum	118822102		372	kept	representative	XP_036446840.1 bgnb [organism=Colossoma macropomum] [GeneID=118822102]	Colossoma_macropomum|BGN|XP_036446840.1
BGN	XP_043830834.1	Dromiciops gliroides	122734169		369	kept	representative	XP_043830834.1 BGN [organism=Dromiciops gliroides] [GeneID=122734169]	Dromiciops_gliroides|BGN|XP_043830834.1
BGN	XP_046954443.1	Lynx rufus	124525870		372	kept	representative	XP_046954443.1 BGN [organism=Lynx rufus] [GeneID=124525870]	Lynx_rufus|BGN|XP_046954443.1
BGN	XP_075041051.1	Mixophyes fleayi	142100976		376	kept	representative	XP_075041051.1 BGN [organism=Mixophyes fleayi] [GeneID=142100976]	Mixophyes_fleayi|BGN|XP_075041051.1
BGN	XP_080899320.1	Rhinolophus hipposideros	308495277	1	371	kept	representative	XP_080899320.1 BGN [organism=Rhinolophus hipposideros] [GeneID=308495277] [isoform=1]	Rhinolophus_hipposideros|BGN|XP_080899320.1
BGN	XP_080899321.1	Rhinolophus hipposideros	308495277	1	371	excluded	extra_isoform_same_locus	XP_080899321.1 BGN [organism=Rhinolophus hipposideros] [GeneID=308495277] [isoform=1]	Rhinolophus_hipposideros|BGN|XP_080899321.1
BGN	XP_048313554.1	Myodes glareolus	125415386		369	kept	representative	XP_048313554.1 Bgn [organism=Myodes glareolus] [GeneID=125415386]	Myodes_glareolus|BGN|XP_048313554.1
BGN	XP_051789847.1	Erpetoichthys calabaricus	114660700		367	kept	representative	XP_051789847.1 bgnb [organism=Erpetoichthys calabaricus] [GeneID=114660700]	Erpetoichthys_calabaricus|BGN|XP_051789847.1
BGN	XP_057219248.1	Triplophysa rosa	130571937		371	kept	representative	XP_057219248.1 bgnb [organism=Triplophysa rosa] [GeneID=130571937]	Triplophysa_rosa|BGN|XP_057219248.1
BGN	XP_057219249.1	Triplophysa rosa	130571937		371	excluded	extra_isoform_same_locus	XP_057219249.1 bgnb [organism=Triplophysa rosa] [GeneID=130571937]	Triplophysa_rosa|BGN|XP_057219249.1
BGN	XP_031219836.1	Mastomys coucha	116085943		363	kept	representative	XP_031219836.1 Bgn [organism=Mastomys coucha] [GeneID=116085943]	Mastomys_coucha|BGN|XP_031219836.1
BGN	XP_036285884.1	Pipistrellus kuhlii	118714697		368	kept	representative	XP_036285884.1 BGN [organism=Pipistrellus kuhlii] [GeneID=118714697]	Pipistrellus_kuhlii|BGN|XP_036285884.1
BGN	XP_036285885.1	Pipistrellus kuhlii	118714697		368	excluded	extra_isoform_same_locus	XP_036285885.1 BGN [organism=Pipistrellus kuhlii] [GeneID=118714697]	Pipistrellus_kuhlii|BGN|XP_036285885.1
BGN	XP_036958882.1	Acanthopagrus latus	119022290		373	kept	representative	XP_036958882.1 bgnb [organism=Acanthopagrus latus] [GeneID=119022290]	Acanthopagrus_latus|BGN|XP_036958882.1
BGN	XP_055043783.2	Misgurnus anguillicaudatus	129430526		372	kept	representative	XP_055043783.2 bgnb [organism=Misgurnus anguillicaudatus] [GeneID=129430526]	Misgurnus_anguillicaudatus|BGN|XP_055043783.2
BGN	XP_026189084.1	Mastacembelus armatus	113146066		372	kept	representative	XP_026189084.1 bgnb [organism=Mastacembelus armatus] [GeneID=113146066]	Mastacembelus_armatus|BGN|XP_026189084.1
BGN	XP_026189085.1	Mastacembelus armatus	113146066		372	excluded	extra_isoform_same_locus	XP_026189085.1 bgnb [organism=Mastacembelus armatus] [GeneID=113146066]	Mastacembelus_armatus|BGN|XP_026189085.1
BGN	XP_034028430.1	Thalassophryne amazonica	117512459		372	kept	representative	XP_034028430.1 bgnb [organism=Thalassophryne amazonica] [GeneID=117512459]	Thalassophryne_amazonica|BGN|XP_034028430.1
BGN	XP_034028431.1	Thalassophryne amazonica	117512459		372	excluded	extra_isoform_same_locus	XP_034028431.1 bgnb [organism=Thalassophryne amazonica] [GeneID=117512459]	Thalassophryne_amazonica|BGN|XP_034028431.1
BGN	NP_001001825.2	Danio rerio	792197		374	kept	representative	NP_001001825.2 bgnb [organism=Danio rerio] [GeneID=792197]	Danio_rerio|BGN|NP_001001825.2
BGN	XP_074793793.1	Natator depressus	141976622		371	kept	representative	XP_074793793.1 BGN [organism=Natator depressus] [GeneID=141976622]	Natator_depressus|BGN|XP_074793793.1
BGN	XP_079095887.1	Telmatherina bonti	306755395		372	kept	representative	XP_079095887.1 bgnb [organism=Telmatherina bonti] [GeneID=306755395]	Telmatherina_bonti|BGN|XP_079095887.1
BGN	XP_014438953.1	Tupaia belangeri chinensis	102479442		369	kept	representative	XP_014438953.1 BGN [organism=Tupaia belangeri chinensis] [GeneID=102479442]	Tupaia_belangeri_chinensis|BGN|XP_014438953.1
BGN	XP_014438955.1	Tupaia belangeri chinensis	102479442		369	excluded	extra_isoform_same_locus	XP_014438955.1 BGN [organism=Tupaia belangeri chinensis] [GeneID=102479442]	Tupaia_belangeri_chinensis|BGN|XP_014438955.1
BGN	XP_027623381.1	Tupaia belangeri chinensis	102479442		369	excluded	extra_isoform_same_locus	XP_027623381.1 BGN [organism=Tupaia belangeri chinensis] [GeneID=102479442]	Tupaia_belangeri_chinensis|BGN|XP_027623381.1
BGN	XP_072287902.1	Pyxicephalus adspersus	140344564		375	kept	representative	XP_072287902.1 BGN [organism=Pyxicephalus adspersus] [GeneID=140344564]	Pyxicephalus_adspersus|BGN|XP_072287902.1
BGN	XP_043893241.1	Solea senegalensis	122776668		375	kept	representative	XP_043893241.1 bgnb [organism=Solea senegalensis] [GeneID=122776668]	Solea_senegalensis|BGN|XP_043893241.1
BGN	XP_054652939.1	Dunckerocampus dactyliophorus	129192689		372	kept	representative	XP_054652939.1 bgnb [organism=Dunckerocampus dactyliophorus] [GeneID=129192689]	Dunckerocampus_dactyliophorus|BGN|XP_054652939.1
BGN	XP_054652949.1	Dunckerocampus dactyliophorus	129192689		372	excluded	extra_isoform_same_locus	XP_054652949.1 bgnb [organism=Dunckerocampus dactyliophorus] [GeneID=129192689]	Dunckerocampus_dactyliophorus|BGN|XP_054652949.1
BGN	XP_056129729.1	Lampris incognitus	130107247		374	kept	representative	XP_056129729.1 bgnb [organism=Lampris incognitus] [GeneID=130107247]	Lampris_incognitus|BGN|XP_056129729.1
BGN	XP_056129731.1	Lampris incognitus	130107247		374	excluded	extra_isoform_same_locus	XP_056129731.1 bgnb [organism=Lampris incognitus] [GeneID=130107247]	Lampris_incognitus|BGN|XP_056129731.1
BGN	XP_017372135.1	Cebus imitator	108294727		369	kept	representative	XP_017372135.1 BGN [organism=Cebus imitator] [GeneID=108294727]	Cebus_imitator|BGN|XP_017372135.1
BGN	XP_017372136.1	Cebus imitator	108294727		369	excluded	extra_isoform_same_locus	XP_017372136.1 BGN [organism=Cebus imitator] [GeneID=108294727]	Cebus_imitator|BGN|XP_017372136.1
BGN	XP_037590208.1	Cebus imitator	108294727		369	excluded	extra_isoform_same_locus	XP_037590208.1 BGN [organism=Cebus imitator] [GeneID=108294727]	Cebus_imitator|BGN|XP_037590208.1
BGN	XP_014865453.1	Poecilia mexicana	106931700		372	kept	representative	XP_014865453.1 bgnb [organism=Poecilia mexicana] [GeneID=106931700]	Poecilia_mexicana|BGN|XP_014865453.1
BGN	XP_014865454.1	Poecilia mexicana	106931700		372	excluded	extra_isoform_same_locus	XP_014865454.1 bgnb [organism=Poecilia mexicana] [GeneID=106931700]	Poecilia_mexicana|BGN|XP_014865454.1
BGN	XP_036126718.1	Molossus molossus	118635853		372	kept	representative	XP_036126718.1 BGN [organism=Molossus molossus] [GeneID=118635853]	Molossus_molossus|BGN|XP_036126718.1
BGN	XP_036126719.1	Molossus molossus	118635853		372	excluded	extra_isoform_same_locus	XP_036126719.1 BGN [organism=Molossus molossus] [GeneID=118635853]	Molossus_molossus|BGN|XP_036126719.1
BGN	XP_059241903.1	Mustela nigripes	132007675		348	kept	representative	XP_059241903.1 BGN [organism=Mustela nigripes] [GeneID=132007675]	Mustela_nigripes|BGN|XP_059241903.1
BGN	XP_065279207.1	Emys orbicularis	135895075		369	kept	representative	XP_065279207.1 BGN [organism=Emys orbicularis] [GeneID=135895075]	Emys_orbicularis|BGN|XP_065279207.1
BGN	XP_079621283.1	Cnephaeus nilssonii	307095698	1	368	kept	representative	XP_079621283.1 BGN [organism=Cnephaeus nilssonii] [GeneID=307095698] [isoform=1]	Cnephaeus_nilssonii|BGN|XP_079621283.1
BGN	XP_079621284.1	Cnephaeus nilssonii	307095698	1	368	excluded	extra_isoform_same_locus	XP_079621284.1 BGN [organism=Cnephaeus nilssonii] [GeneID=307095698] [isoform=1]	Cnephaeus_nilssonii|BGN|XP_079621284.1
BGN	XP_085299044.1	Copadichromis virginalis	146683888		371	kept	representative	XP_085299044.1 bgnb [organism=Copadichromis virginalis] [GeneID=146683888]	Copadichromis_virginalis|BGN|XP_085299044.1
BGN	XP_015988499.1	Rousettus aegyptiacus	107504056		372	kept	representative	XP_015988499.1 BGN [organism=Rousettus aegyptiacus] [GeneID=107504056]	Rousettus_aegyptiacus|BGN|XP_015988499.1
BGN	XP_036082811.1	Rousettus aegyptiacus	107504056		372	excluded	extra_isoform_same_locus	XP_036082811.1 BGN [organism=Rousettus aegyptiacus] [GeneID=107504056]	Rousettus_aegyptiacus|BGN|XP_036082811.1
BGN	XP_017568204.2	Pygocentrus nattereri	108436305		371	kept	representative	XP_017568204.2 bgnb [organism=Pygocentrus nattereri] [GeneID=108436305]	Pygocentrus_nattereri|BGN|XP_017568204.2
BGN	XP_037397094.1	Pygocentrus nattereri	108436305		371	excluded	extra_isoform_same_locus	XP_037397094.1 bgnb [organism=Pygocentrus nattereri] [GeneID=108436305]	Pygocentrus_nattereri|BGN|XP_037397094.1
BGN	XP_067579249.1	Pseudorca crassidens	137216988		369	kept	representative	XP_067579249.1 BGN [organism=Pseudorca crassidens] [GeneID=137216988]	Pseudorca_crassidens|BGN|XP_067579249.1
BGN	XP_077371427.1	Festucalex cinctus	144015003		371	kept	representative	XP_077371427.1 bgnb [organism=Festucalex cinctus] [GeneID=144015003]	Festucalex_cinctus|BGN|XP_077371427.1
BGN	XP_034001144.1	Trematomus bernacchii	117494373		372	kept	representative	XP_034001144.1 bgnb [organism=Trematomus bernacchii] [GeneID=117494373]	Trematomus_bernacchii|BGN|XP_034001144.1
BGN	XP_034001145.1	Trematomus bernacchii	117494373		372	excluded	extra_isoform_same_locus	XP_034001145.1 bgnb [organism=Trematomus bernacchii] [GeneID=117494373]	Trematomus_bernacchii|BGN|XP_034001145.1
BGN	XP_020648694.2	Pogona vitticeps	110078650		369	kept	representative	XP_020648694.2 BGN [organism=Pogona vitticeps] [GeneID=110078650]	Pogona_vitticeps|BGN|XP_020648694.2
BGN	XP_078242684.1	Pogona vitticeps	110078650		369	excluded	extra_isoform_same_locus	XP_078242684.1 BGN [organism=Pogona vitticeps] [GeneID=110078650]	Pogona_vitticeps|BGN|XP_078242684.1
BGN	XP_080651438.1	Martes martes	308337203	1	393	excluded	extra_isoform_same_locus	XP_080651438.1 BGN [organism=Martes martes] [GeneID=308337203] [isoform=1]	Martes_martes|BGN|XP_080651438.1
BGN	XP_080651439.1	Martes martes	308337203	1	393	excluded	extra_isoform_same_locus	XP_080651439.1 BGN [organism=Martes martes] [GeneID=308337203] [isoform=1]	Martes_martes|BGN|XP_080651439.1
BGN	XP_080651440.1	Martes martes	308337203	2	372	kept	representative	XP_080651440.1 BGN [organism=Martes martes] [GeneID=308337203] [isoform=2]	Martes_martes|BGN|XP_080651440.1
BGN	XP_080651441.1	Martes martes	308337203	2	372	excluded	extra_isoform_same_locus	XP_080651441.1 BGN [organism=Martes martes] [GeneID=308337203] [isoform=2]	Martes_martes|BGN|XP_080651441.1
BGN	XP_028567781.1	Podarcis muralis	114587557		369	kept	representative	XP_028567781.1 BGN [organism=Podarcis muralis] [GeneID=114587557]	Podarcis_muralis|BGN|XP_028567781.1
BGN	XP_077777796.1	Podarcis muralis	114587557		369	excluded	extra_isoform_same_locus	XP_077777796.1 BGN [organism=Podarcis muralis] [GeneID=114587557]	Podarcis_muralis|BGN|XP_077777796.1
BGN	XP_079814916.1	Podarcis cretensis	307205999		369	kept	representative	XP_079814916.1 BGN [organism=Podarcis cretensis] [GeneID=307205999]	Podarcis_cretensis|BGN|XP_079814916.1
BGN	XP_070791278.1	Pituophis catenifer annectens	139310905		368	kept	representative	XP_070791278.1 BGN [organism=Pituophis catenifer annectens] [GeneID=139310905]	Pituophis_catenifer_annectens|BGN|XP_070791278.1
BGN	XP_008287531.1	Stegastes partitus	103362815		375	kept	representative	XP_008287531.1 bgnb [organism=Stegastes partitus] [GeneID=103362815]	Stegastes_partitus|BGN|XP_008287531.1
BGN	XP_083870599.1	Eutrigla gurnardus	311016636	1	372	kept	representative	XP_083870599.1 bgnb [organism=Eutrigla gurnardus] [GeneID=311016636] [isoform=1]	Eutrigla_gurnardus|BGN|XP_083870599.1
BGN	XP_083870600.1	Eutrigla gurnardus	311016636	1	372	excluded	extra_isoform_same_locus	XP_083870600.1 bgnb [organism=Eutrigla gurnardus] [GeneID=311016636] [isoform=1]	Eutrigla_gurnardus|BGN|XP_083870600.1
BGN	XP_084318176.1	Borostomias antarcticus	311330082		372	kept	representative	XP_084318176.1 bgnb [organism=Borostomias antarcticus] [GeneID=311330082]	Borostomias_antarcticus|BGN|XP_084318176.1
BGN	XP_037628327.1	Sebastes umbrosus	119489664		372	kept	representative	XP_037628327.1 bgnb [organism=Sebastes umbrosus] [GeneID=119489664]	Sebastes_umbrosus|BGN|XP_037628327.1
BGN	XP_017270619.1	Kryptolebias marmoratus	108235244		372	kept	representative	XP_017270619.1 bgnb [organism=Kryptolebias marmoratus] [GeneID=108235244]	Kryptolebias_marmoratus|BGN|XP_017270619.1
BGN	XP_028744427.1	Peromyscus leucopus	114706244		258	excluded	relative_length	XP_028744427.1 Bgn [organism=Peromyscus leucopus] [GeneID=114706244]	Peromyscus_leucopus|BGN|XP_028744427.1
BGN	XP_033486131.1	Epinephelus lanceolatus	117258975		372	kept	representative	XP_033486131.1 bgnb [organism=Epinephelus lanceolatus] [GeneID=117258975]	Epinephelus_lanceolatus|BGN|XP_033486131.1
BGN	XP_047620046.1	Phacochoerus africanus	125117929		369	kept	representative	XP_047620046.1 BGN [organism=Phacochoerus africanus] [GeneID=125117929]	Phacochoerus_africanus|BGN|XP_047620046.1
BGN	XP_047620047.1	Phacochoerus africanus	125117929		369	excluded	extra_isoform_same_locus	XP_047620047.1 BGN [organism=Phacochoerus africanus] [GeneID=125117929]	Phacochoerus_africanus|BGN|XP_047620047.1
BGN	XP_074500313.1	Sebastes fasciatus	141772798		372	kept	representative	XP_074500313.1 bgnb [organism=Sebastes fasciatus] [GeneID=141772798]	Sebastes_fasciatus|BGN|XP_074500313.1
BGN	XP_015421506.1	Myotis davidii	102763114		366	kept	representative	XP_015421506.1 BGN [organism=Myotis davidii] [GeneID=102763114]	Myotis_davidii|BGN|XP_015421506.1
BGN	XP_015421507.1	Myotis davidii	102763114		366	excluded	extra_isoform_same_locus	XP_015421507.1 BGN [organism=Myotis davidii] [GeneID=102763114]	Myotis_davidii|BGN|XP_015421507.1
BGN	XP_015421508.1	Myotis davidii	102763114		366	excluded	extra_isoform_same_locus	XP_015421508.1 BGN [organism=Myotis davidii] [GeneID=102763114]	Myotis_davidii|BGN|XP_015421508.1
BGN	XP_004065120.1	Gorilla gorilla gorilla	101150996		368	kept	representative	XP_004065120.1 BGN [organism=Gorilla gorilla gorilla] [GeneID=101150996]	Gorilla_gorilla_gorilla|BGN|XP_004065120.1
BGN	XP_039657347.1	Perca fluviatilis	120559583		372	kept	representative	XP_039657347.1 bgnb [organism=Perca fluviatilis] [GeneID=120559583]	Perca_fluviatilis|BGN|XP_039657347.1
BGN	XP_012293310.2	Aotus nancymaae	105707104		369	kept	representative	XP_012293310.2 BGN [organism=Aotus nancymaae] [GeneID=105707104]	Aotus_nancymaae|BGN|XP_012293310.2
BGN	XP_012293311.2	Aotus nancymaae	105707104		369	excluded	extra_isoform_same_locus	XP_012293311.2 BGN [organism=Aotus nancymaae] [GeneID=105707104]	Aotus_nancymaae|BGN|XP_012293311.2
BGN	XP_080971256.1	Myotis nattereri	308536094		368	kept	representative	XP_080971256.1 BGN [organism=Myotis nattereri] [GeneID=308536094]	Myotis_nattereri|BGN|XP_080971256.1
BGN	XP_014310379.1	Myotis lucifugus	102426685		124	excluded	absolute_length	XP_014310379.1 BGN [organism=Myotis lucifugus] [GeneID=102426685]	Myotis_lucifugus|BGN|XP_014310379.1
BGN	XP_023608792.1	Myotis lucifugus	102426685		124	excluded	absolute_length	XP_023608792.1 BGN [organism=Myotis lucifugus] [GeneID=102426685]	Myotis_lucifugus|BGN|XP_023608792.1
BGN	XP_085485946.1	Triturus cristatus	146797144		366	kept	representative	XP_085485946.1 BGN [organism=Triturus cristatus] [GeneID=146797144]	Triturus_cristatus|BGN|XP_085485946.1
BGN	XP_085485947.1	Triturus cristatus	146797144		366	excluded	extra_isoform_same_locus	XP_085485947.1 BGN [organism=Triturus cristatus] [GeneID=146797144]	Triturus_cristatus|BGN|XP_085485947.1
BGN	XP_030662678.1	Nomascus leucogenys	100590598		368	kept	representative	XP_030662678.1 BGN [organism=Nomascus leucogenys] [GeneID=100590598]	Nomascus_leucogenys|BGN|XP_030662678.1
BGN	XP_017900688.1	Capra hircus	102183219		369	kept	representative	XP_017900688.1 BGN [organism=Capra hircus] [GeneID=102183219]	Capra_hircus|BGN|XP_017900688.1
BGN	XP_027026278.2	Tachysurus fulvidraco	113658210		380	kept	representative	XP_027026278.2 bgnb [organism=Tachysurus fulvidraco] [GeneID=113658210]	Tachysurus_fulvidraco|BGN|XP_027026278.2
BGN	XP_036695838.1	Balaenoptera musculus	118888645	X1	369	kept	representative	XP_036695838.1 BGN [organism=Balaenoptera musculus] [GeneID=118888645] [isoform=X1]	Balaenoptera_musculus|BGN|XP_036695838.1
BGN	XP_036695839.1	Balaenoptera musculus	118888645	X1	369	excluded	extra_isoform_same_locus	XP_036695839.1 BGN [organism=Balaenoptera musculus] [GeneID=118888645] [isoform=X1]	Balaenoptera_musculus|BGN|XP_036695839.1
BGN	XP_036695840.1	Balaenoptera musculus	118888645	X2	332	excluded	extra_isoform_same_locus	XP_036695840.1 BGN [organism=Balaenoptera musculus] [GeneID=118888645] [isoform=X2]	Balaenoptera_musculus|BGN|XP_036695840.1
BGN	XP_036695841.1	Balaenoptera musculus	118888645	X1	369	excluded	extra_isoform_same_locus	XP_036695841.1 BGN [organism=Balaenoptera musculus] [GeneID=118888645] [isoform=X1]	Balaenoptera_musculus|BGN|XP_036695841.1
BGN	XP_055249437.1	Moschus berezovskii	129534932		372	kept	representative	XP_055249437.1 BGN [organism=Moschus berezovskii] [GeneID=129534932]	Moschus_berezovskii|BGN|XP_055249437.1
BGN	XP_055249438.1	Moschus berezovskii	129534932		372	excluded	extra_isoform_same_locus	XP_055249438.1 BGN [organism=Moschus berezovskii] [GeneID=129534932]	Moschus_berezovskii|BGN|XP_055249438.1
BGN	XP_059589065.1	Alligator mississippiensis	102569015		379	kept	representative	XP_059589065.1 BGN [organism=Alligator mississippiensis] [GeneID=102569015]	Alligator_mississippiensis|BGN|XP_059589065.1
BGN	XP_006992548.1	Peromyscus maniculatus bairdii	102907890		369	kept	representative	XP_006992548.1 Bgn [organism=Peromyscus maniculatus bairdii] [GeneID=102907890]	Peromyscus_maniculatus_bairdii|BGN|XP_006992548.1
BGN	XP_062939831.1	Cynocephalus volans	134367125		372	kept	representative	XP_062939831.1 BGN [organism=Cynocephalus volans] [GeneID=134367125]	Cynocephalus_volans|BGN|XP_062939831.1
BGN	XP_007456695.1	Lipotes vexillifer	103088104		369	kept	representative	XP_007456695.1 BGN [organism=Lipotes vexillifer] [GeneID=103088104]	Lipotes_vexillifer|BGN|XP_007456695.1
BGN	XP_077139905.1	Ranitomeya variabilis	143805042		374	kept	representative	XP_077139905.1 BGN [organism=Ranitomeya variabilis] [GeneID=143805042]	Ranitomeya_variabilis|BGN|XP_077139905.1
BGN	XP_003448257.1	Oreochromis niloticus	100697072		371	kept	representative	XP_003448257.1 bgnb [organism=Oreochromis niloticus] [GeneID=100697072]	Oreochromis_niloticus|BGN|XP_003448257.1
BGN	XP_005478047.1	Oreochromis niloticus	100697072		371	excluded	extra_isoform_same_locus	XP_005478047.1 bgnb [organism=Oreochromis niloticus] [GeneID=100697072]	Oreochromis_niloticus|BGN|XP_005478047.1
BGN	XP_084335952.1	Micromesistius poutassou	311359787		398	kept	representative	XP_084335952.1 bgnb [organism=Micromesistius poutassou] [GeneID=311359787]	Micromesistius_poutassou|BGN|XP_084335952.1
BGN	XP_050952342.1	Labeo rohita	127154684		371	kept	representative	XP_050952342.1 bgnb [organism=Labeo rohita] [GeneID=127154684]	Labeo_rohita|BGN|XP_050952342.1
BGN	XP_056394041.1	Hyla sarda	130290434		374	kept	representative	XP_056394041.1 BGN [organism=Hyla sarda] [GeneID=130290434]	Hyla_sarda|BGN|XP_056394041.1
BGN	XP_067399286.1	Emydura macquarii macquarii	137149649		371	kept	representative	XP_067399286.1 BGN [organism=Emydura macquarii macquarii] [GeneID=137149649]	Emydura_macquarii_macquarii|BGN|XP_067399286.1
BGN	XP_080574789.1	Muscardinus avellanarius	308278708		369	kept	representative	XP_080574789.1 BGN [organism=Muscardinus avellanarius] [GeneID=308278708]	Muscardinus_avellanarius|BGN|XP_080574789.1
BGN	XP_053338216.1	Clarias gariepinus	128510169		374	kept	representative	XP_053338216.1 bgnb [organism=Clarias gariepinus] [GeneID=128510169]	Clarias_gariepinus|BGN|XP_053338216.1
BGN	XP_022347084.1	Enhydra lutris kenyoni	111139187		372	kept	representative	XP_022347084.1 LOC111139187 [organism=Enhydra lutris kenyoni] [GeneID=111139187]	Enhydra_lutris_kenyoni|BGN|XP_022347084.1
BGN	XP_022347086.1	Enhydra lutris kenyoni	111139187		372	excluded	extra_isoform_same_locus	XP_022347086.1 LOC111139187 [organism=Enhydra lutris kenyoni] [GeneID=111139187]	Enhydra_lutris_kenyoni|BGN|XP_022347086.1
BGN	XP_019293281.1	Panthera pardus	109259864		372	kept	representative	XP_019293281.1 BGN [organism=Panthera pardus] [GeneID=109259864]	Panthera_pardus|BGN|XP_019293281.1
BGN	XP_019293282.1	Panthera pardus	109259864		372	excluded	extra_isoform_same_locus	XP_019293282.1 BGN [organism=Panthera pardus] [GeneID=109259864]	Panthera_pardus|BGN|XP_019293282.1
BGN	XP_004390612.1	Trichechus manatus latirostris	101359520	X1	369	kept	representative	XP_004390612.1 BGN [organism=Trichechus manatus latirostris] [GeneID=101359520] [isoform=X1]	Trichechus_manatus_latirostris|BGN|XP_004390612.1
BGN	XP_004390613.1	Trichechus manatus latirostris	101359520	X2	334	excluded	extra_isoform_same_locus	XP_004390613.1 BGN [organism=Trichechus manatus latirostris] [GeneID=101359520] [isoform=X2]	Trichechus_manatus_latirostris|BGN|XP_004390613.1
BGN	XP_079081819.1	Taurulus bubalis	306743199		372	kept	representative	XP_079081819.1 bgnb [organism=Taurulus bubalis] [GeneID=306743199]	Taurulus_bubalis|BGN|XP_079081819.1
BGN	XP_059106244.1	Peromyscus eremicus	131898958		369	kept	representative	XP_059106244.1 Bgn [organism=Peromyscus eremicus] [GeneID=131898958]	Peromyscus_eremicus|BGN|XP_059106244.1
BGN	XP_072512545.1	Salminus brasiliensis	140534878	X1	372	kept	representative	XP_072512545.1 bgnb [organism=Salminus brasiliensis] [GeneID=140534878] [isoform=X1]	Salminus_brasiliensis|BGN|XP_072512545.1
BGN	XP_072512546.1	Salminus brasiliensis	140534878	X2	315	excluded	extra_isoform_same_locus	XP_072512546.1 bgnb [organism=Salminus brasiliensis] [GeneID=140534878] [isoform=X2]	Salminus_brasiliensis|BGN|XP_072512546.1
BGN	XP_079704524.1	Squalius cephalus	307145338		371	kept	representative	XP_079704524.1 bgnb [organism=Squalius cephalus] [GeneID=307145338]	Squalius_cephalus|BGN|XP_079704524.1
BGN	XP_083276585.1	Podarcis tiliguerta	310667655		369	kept	representative	XP_083276585.1 BGN [organism=Podarcis tiliguerta] [GeneID=310667655]	Podarcis_tiliguerta|BGN|XP_083276585.1
BGN	XP_026532161.1	Notechis scutatus	113417800		332	kept	representative	XP_026532161.1 BGN [organism=Notechis scutatus] [GeneID=113417800]	Notechis_scutatus|BGN|XP_026532161.1
BGN	XP_035761502.1	Neolamprologus brichardi	102791857		314	kept	representative	XP_035761502.1 bgnb [organism=Neolamprologus brichardi] [GeneID=102791857]	Neolamprologus_brichardi|BGN|XP_035761502.1
BGN	XP_029785579.1	Suricata suricatta	115283537		366	kept	representative	XP_029785579.1 BGN [organism=Suricata suricatta] [GeneID=115283537]	Suricata_suricatta|BGN|XP_029785579.1
BGN	XP_039366996.1	Mauremys reevesii	120388934		418	kept	representative	XP_039366996.1 BGN [organism=Mauremys reevesii] [GeneID=120388934]	Mauremys_reevesii|BGN|XP_039366996.1
BGN	XP_084468422.1	Lepidochelys olivacea	311511586		369	kept	representative	XP_084468422.1 BGN [organism=Lepidochelys olivacea] [GeneID=311511586]	Lepidochelys_olivacea|BGN|XP_084468422.1
BGN	XP_082301777.1	Balaenoptera physalus	309652143		369	kept	representative	XP_082301777.1 BGN [organism=Balaenoptera physalus] [GeneID=309652143]	Balaenoptera_physalus|BGN|XP_082301777.1
BGN	XP_083925952.1	Gymnoscopelus microlampas	311053982		373	kept	representative	XP_083925952.1 bgnb [organism=Gymnoscopelus microlampas] [GeneID=311053982]	Gymnoscopelus_microlampas|BGN|XP_083925952.1
BGN	XP_018523617.1	Lates calcarifer	108877882		372	kept	representative	XP_018523617.1 bgnb [organism=Lates calcarifer] [GeneID=108877882]	Lates_calcarifer|BGN|XP_018523617.1
BGN	XP_084727250.1	Pipistrellus hanaki	311615713	1	368	kept	representative	XP_084727250.1 BGN [organism=Pipistrellus hanaki] [GeneID=311615713] [isoform=1]	Pipistrellus_hanaki|BGN|XP_084727250.1
BGN	XP_084727251.1	Pipistrellus hanaki	311615713	1	368	excluded	extra_isoform_same_locus	XP_084727251.1 BGN [organism=Pipistrellus hanaki] [GeneID=311615713] [isoform=1]	Pipistrellus_hanaki|BGN|XP_084727251.1
BGN	XP_051736780.1	Ctenopharyngodon idella	127505343		371	kept	representative	XP_051736780.1 bgnb [organism=Ctenopharyngodon idella] [GeneID=127505343]	Ctenopharyngodon_idella|BGN|XP_051736780.1
BGN	XP_076023274.1	Genypterus blacodes	143013502		369	kept	representative	XP_076023274.1 bgnb [organism=Genypterus blacodes] [GeneID=143013502]	Genypterus_blacodes|BGN|XP_076023274.1
BGN	XP_033273534.1	Orcinus orca	101273604		369	kept	representative	XP_033273534.1 BGN [organism=Orcinus orca] [GeneID=101273604]	Orcinus_orca|BGN|XP_033273534.1
BGN	XP_029011010.1	Betta splendens	114858230		369	kept	representative	XP_029011010.1 bgnb [organism=Betta splendens] [GeneID=114858230]	Betta_splendens|BGN|XP_029011010.1
BGN	XP_036030524.1	Onychomys torridus	118574035		369	kept	representative	XP_036030524.1 Bgn [organism=Onychomys torridus] [GeneID=118574035]	Onychomys_torridus|BGN|XP_036030524.1
BGN	XP_038237573.1	Dermochelys coriacea	119847148	X1	370	kept	representative	XP_038237573.1 BGN [organism=Dermochelys coriacea] [GeneID=119847148] [isoform=X1]	Dermochelys_coriacea|BGN|XP_038237573.1
BGN	XP_038237575.1	Dermochelys coriacea	119847148	X2	417	excluded	extra_isoform_same_locus	XP_038237575.1 BGN [organism=Dermochelys coriacea] [GeneID=119847148] [isoform=X2]	Dermochelys_coriacea|BGN|XP_038237575.1
BGN	XP_031701517.1	Anarrhichthys ocellatus	116382528		372	kept	representative	XP_031701517.1 bgnb [organism=Anarrhichthys ocellatus] [GeneID=116382528]	Anarrhichthys_ocellatus|BGN|XP_031701517.1
BGN	XP_034290090.1	Pantherophis guttatus	117675499		368	kept	representative	XP_034290090.1 BGN [organism=Pantherophis guttatus] [GeneID=117675499]	Pantherophis_guttatus|BGN|XP_034290090.1
BGN	XP_077185785.1	Paroedura picta	143833616		371	kept	representative	XP_077185785.1 BGN [organism=Paroedura picta] [GeneID=143833616]	Paroedura_picta|BGN|XP_077185785.1
BGN	XP_050631316.1	Macaca thibetana thibetana	126945410		368	kept	representative	XP_050631316.1 BGN [organism=Macaca thibetana thibetana] [GeneID=126945410]	Macaca_thibetana_thibetana|BGN|XP_050631316.1
BGN	XP_083448529.1	Podarcis filfolensis	310752312		369	kept	representative	XP_083448529.1 BGN [organism=Podarcis filfolensis] [GeneID=310752312]	Podarcis_filfolensis|BGN|XP_083448529.1
BGN	XP_044206265.1	Thunnus albacares	122981669		372	kept	representative	XP_044206265.1 bgnb [organism=Thunnus albacares] [GeneID=122981669]	Thunnus_albacares|BGN|XP_044206265.1
BGN	XP_086132552.1	Aulonocara sp. 'chitande type north' Nkhata Bay	147304718		371	kept	representative	XP_086132552.1 bgnb [organism=Aulonocara sp. 'chitande type north' Nkhata Bay] [GeneID=147304718]	Aulonocara_sp._chitande_type_north_Nkhata_Bay|BGN|XP_086132552.1
BGN	XP_076596694.1	Chaetodon auriga	143326741		372	kept	representative	XP_076596694.1 bgnb [organism=Chaetodon auriga] [GeneID=143326741]	Chaetodon_auriga|BGN|XP_076596694.1
BGN	XP_031800608.1	Sarcophilus harrisii	100913818		359	kept	representative	XP_031800608.1 BGN [organism=Sarcophilus harrisii] [GeneID=100913818]	Sarcophilus_harrisii|BGN|XP_031800608.1
BGN	XP_015233874.1	Cyprinodon variegatus	107087047		372	kept	representative	XP_015233874.1 bgnb [organism=Cyprinodon variegatus] [GeneID=107087047]	Cyprinodon_variegatus|BGN|XP_015233874.1
BGN	XP_015233875.1	Cyprinodon variegatus	107087047		372	excluded	extra_isoform_same_locus	XP_015233875.1 bgnb [organism=Cyprinodon variegatus] [GeneID=107087047]	Cyprinodon_variegatus|BGN|XP_015233875.1
BGN	XP_034552235.1	Notolabrus celidotus	117821828		372	kept	representative	XP_034552235.1 bgnb [organism=Notolabrus celidotus] [GeneID=117821828]	Notolabrus_celidotus|BGN|XP_034552235.1
BGN	XP_034552236.1	Notolabrus celidotus	117821828		372	excluded	extra_isoform_same_locus	XP_034552236.1 bgnb [organism=Notolabrus celidotus] [GeneID=117821828]	Notolabrus_celidotus|BGN|XP_034552236.1
BGN	XP_071205086.1	Salvelinus alpinus	139542961		371	kept	representative	XP_071205086.1 bgnb [organism=Salvelinus alpinus] [GeneID=139542961]	Salvelinus_alpinus|BGN|XP_071205086.1
BGN	XP_029292376.1	Cottoperca gobio	115011377		372	kept	representative	XP_029292376.1 bgnb [organism=Cottoperca gobio] [GeneID=115011377]	Cottoperca_gobio|BGN|XP_029292376.1
BGN	XP_029292377.1	Cottoperca gobio	115011377		372	excluded	extra_isoform_same_locus	XP_029292377.1 bgnb [organism=Cottoperca gobio] [GeneID=115011377]	Cottoperca_gobio|BGN|XP_029292377.1
BGN	XP_083831612.1	Trachurus trachurus	310988766		371	kept	representative	XP_083831612.1 bgnb [organism=Trachurus trachurus] [GeneID=310988766]	Trachurus_trachurus|BGN|XP_083831612.1
BGN	XP_035512583.1	Morone saxatilis	118324378		379	kept	representative	XP_035512583.1 bgnb [organism=Morone saxatilis] [GeneID=118324378]	Morone_saxatilis|BGN|XP_035512583.1
BGN	XP_006900006.1	Elephantulus edwardii	102861008		369	kept	representative	XP_006900006.1 BGN [organism=Elephantulus edwardii] [GeneID=102861008]	Elephantulus_edwardii|BGN|XP_006900006.1
BGN	XP_053329573.1	Spea bombifrons	128503492		367	kept	representative	XP_053329573.1 BGN [organism=Spea bombifrons] [GeneID=128503492]	Spea_bombifrons|BGN|XP_053329573.1
BGN	XP_067095403.1	Osmerus mordax	136945469		372	kept	representative	XP_067095403.1 bgnb [organism=Osmerus mordax] [GeneID=136945469]	Osmerus_mordax|BGN|XP_067095403.1
BGN	XP_077921632.1	Halichoerus grypus	144380633		369	kept	representative	XP_077921632.1 BGN [organism=Halichoerus grypus] [GeneID=144380633]	Halichoerus_grypus|BGN|XP_077921632.1
BGN	XP_077921633.1	Halichoerus grypus	144380633		369	excluded	extra_isoform_same_locus	XP_077921633.1 BGN [organism=Halichoerus grypus] [GeneID=144380633]	Halichoerus_grypus|BGN|XP_077921633.1
BGN	XP_005732533.1	Pundamilia nyererei	102197665		371	kept	representative	XP_005732533.1 bgnb [organism=Pundamilia nyererei] [GeneID=102197665]	Pundamilia_nyererei|BGN|XP_005732533.1
BGN	XP_016833115.1	Cricetulus griseus	100771022		369	kept	representative	XP_016833115.1 Bgn [organism=Cricetulus griseus] [GeneID=100771022]	Cricetulus_griseus|BGN|XP_016833115.1
BGN	XP_027288244.1	Cricetulus griseus	100771022		369	excluded	extra_isoform_same_locus	XP_027288244.1 Bgn [organism=Cricetulus griseus] [GeneID=100771022]	Cricetulus_griseus|BGN|XP_027288244.1
BGN	XP_027288245.1	Cricetulus griseus	100771022		369	excluded	extra_isoform_same_locus	XP_027288245.1 Bgn [organism=Cricetulus griseus] [GeneID=100771022]	Cricetulus_griseus|BGN|XP_027288245.1
BGN	XP_006043761.1	Bubalus bubalis	102392235		369	kept	representative	XP_006043761.1 BGN [organism=Bubalus bubalis] [GeneID=102392235]	Bubalus_bubalis|BGN|XP_006043761.1
BGN	XP_054465603.1	Anoplopoma fimbria	129100101		372	kept	representative	XP_054465603.1 bgnb [organism=Anoplopoma fimbria] [GeneID=129100101]	Anoplopoma_fimbria|BGN|XP_054465603.1
BGN	XP_084409140.1	Chelon labrosus	311494126		372	kept	representative	XP_084409140.1 bgnb [organism=Chelon labrosus] [GeneID=311494126]	Chelon_labrosus|BGN|XP_084409140.1
BGN	XP_073447005.1	Dendrobates tinctorius	141101669		374	kept	representative	XP_073447005.1 BGN [organism=Dendrobates tinctorius] [GeneID=141101669]	Dendrobates_tinctorius|BGN|XP_073447005.1
BGN	NP_847888.2	Bos taurus	280733		369	kept	representative	NP_847888.2 BGN [organism=Bos taurus] [GeneID=280733]	Bos_taurus|BGN|NP_847888.2
BGN	XP_005227715.1	Bos taurus	280733	X1	369	excluded	extra_isoform_same_locus	XP_005227715.1 BGN [organism=Bos taurus] [GeneID=280733] [isoform=X1]	Bos_taurus|BGN|XP_005227715.1
BGN	XP_004645185.1	Octodon degus	101562827		368	kept	representative	XP_004645185.1 Bgn [organism=Octodon degus] [GeneID=101562827]	Octodon_degus|BGN|XP_004645185.1
BGN	XP_027950161.1	Eumetopias jubatus	114201600		369	kept	representative	XP_027950161.1 BGN [organism=Eumetopias jubatus] [GeneID=114201600]	Eumetopias_jubatus|BGN|XP_027950161.1
BGN	XP_044065746.1	Siniperca chuatsi	122882447		372	kept	representative	XP_044065746.1 bgnb [organism=Siniperca chuatsi] [GeneID=122882447]	Siniperca_chuatsi|BGN|XP_044065746.1
BGN	XP_048192221.1	Perognathus longimembris pacificus	125343733		368	kept	representative	XP_048192221.1 Bgn [organism=Perognathus longimembris pacificus] [GeneID=125343733]	Perognathus_longimembris_pacificus|BGN|XP_048192221.1
BGN	XP_070695578.1	Pempheris klunzingeri	139209675		372	kept	representative	XP_070695578.1 bgnb [organism=Pempheris klunzingeri] [GeneID=139209675]	Pempheris_klunzingeri|BGN|XP_070695578.1
BGN	XP_016070644.1	Miniopterus natalensis	107538820		372	kept	representative	XP_016070644.1 BGN [organism=Miniopterus natalensis] [GeneID=107538820]	Miniopterus_natalensis|BGN|XP_016070644.1
BGN	NP_058783.1	Rattus norvegicus	25181		369	kept	representative	NP_058783.1 Bgn [organism=Rattus norvegicus] [GeneID=25181]	Rattus_norvegicus|BGN|NP_058783.1
BGN	XP_026953736.1	Aethalodelphis obliquidens	113615478		369	kept	representative	XP_026953736.1 BGN [organism=Aethalodelphis obliquidens] [GeneID=113615478]	Aethalodelphis_obliquidens|BGN|XP_026953736.1
BGN	XP_011811235.1	Colobus angolensis palliatus	105521613		368	kept	representative	XP_011811235.1 BGN [organism=Colobus angolensis palliatus] [GeneID=105521613]	Colobus_angolensis_palliatus|BGN|XP_011811235.1
BGN	XP_011811236.1	Colobus angolensis palliatus	105521613		368	excluded	extra_isoform_same_locus	XP_011811236.1 BGN [organism=Colobus angolensis palliatus] [GeneID=105521613]	Colobus_angolensis_palliatus|BGN|XP_011811236.1
BGN	XP_011811237.1	Colobus angolensis palliatus	105521613		368	excluded	extra_isoform_same_locus	XP_011811237.1 BGN [organism=Colobus angolensis palliatus] [GeneID=105521613]	Colobus_angolensis_palliatus|BGN|XP_011811237.1
BGN	XP_033777026.1	Geotrypetes seraphini	117348727		361	kept	representative	XP_033777026.1 BGN [organism=Geotrypetes seraphini] [GeneID=117348727]	Geotrypetes_seraphini|BGN|XP_033777026.1
BGN	XP_033777035.1	Geotrypetes seraphini	117348727		361	excluded	extra_isoform_same_locus	XP_033777035.1 BGN [organism=Geotrypetes seraphini] [GeneID=117348727]	Geotrypetes_seraphini|BGN|XP_033777035.1
BGN	XP_069895634.1	Dipodomys merriami	138839992		369	kept	representative	XP_069895634.1 Bgn [organism=Dipodomys merriami] [GeneID=138839992]	Dipodomys_merriami|BGN|XP_069895634.1
BGN	XP_073679487.1	Garra rufa	141291217		371	kept	representative	XP_073679487.1 bgnb [organism=Garra rufa] [GeneID=141291217]	Garra_rufa|BGN|XP_073679487.1
BGN	XP_075395599.1	Tenrec ecaudatus	142434895		369	kept	representative	XP_075395599.1 BGN [organism=Tenrec ecaudatus] [GeneID=142434895]	Tenrec_ecaudatus|BGN|XP_075395599.1
BGN	XP_075395600.1	Tenrec ecaudatus	142434895		369	excluded	extra_isoform_same_locus	XP_075395600.1 BGN [organism=Tenrec ecaudatus] [GeneID=142434895]	Tenrec_ecaudatus|BGN|XP_075395600.1
BGN	XP_036915135.1	Sturnira hondurensis	118996032		372	kept	representative	XP_036915135.1 BGN [organism=Sturnira hondurensis] [GeneID=118996032]	Sturnira_hondurensis|BGN|XP_036915135.1
BGN	XP_084692144.1	Heloderma suspectum	146353244		370	kept	representative	XP_084692144.1 BGN [organism=Heloderma suspectum] [GeneID=146353244]	Heloderma_suspectum|BGN|XP_084692144.1
BGN	XP_084692145.1	Heloderma suspectum	146353244		370	excluded	extra_isoform_same_locus	XP_084692145.1 BGN [organism=Heloderma suspectum] [GeneID=146353244]	Heloderma_suspectum|BGN|XP_084692145.1
BGN	XP_005594955.1	Macaca fascicularis	102116142		368	kept	representative	XP_005594955.1 BGN [organism=Macaca fascicularis] [GeneID=102116142]	Macaca_fascicularis|BGN|XP_005594955.1
BGN	XP_055194761.1	Nyctereutes procyonoides	129518603		372	kept	representative	XP_055194761.1 BGN [organism=Nyctereutes procyonoides] [GeneID=129518603]	Nyctereutes_procyonoides|BGN|XP_055194761.1
BGN	XP_055194762.1	Nyctereutes procyonoides	129518603		372	excluded	extra_isoform_same_locus	XP_055194762.1 BGN [organism=Nyctereutes procyonoides] [GeneID=129518603]	Nyctereutes_procyonoides|BGN|XP_055194762.1
BGN	XP_004606577.1	Sorex araneus	101544072		370	kept	representative	XP_004606577.1 BGN [organism=Sorex araneus] [GeneID=101544072]	Sorex_araneus|BGN|XP_004606577.1
BGN	XP_079259268.1	Barbus barbus	306861070		371	kept	representative	XP_079259268.1 LOC306861070 [organism=Barbus barbus] [GeneID=306861070]	Barbus_barbus|BGN|XP_079259268.1
BGN	XP_040049613.2	Gasterosteus aculeatus	120829517	X1	410	excluded	extra_isoform_same_locus	XP_040049613.2 bgnb [organism=Gasterosteus aculeatus] [GeneID=120829517] [isoform=X1]	Gasterosteus_aculeatus|BGN|XP_040049613.2
BGN	XP_040049614.2	Gasterosteus aculeatus	120829517	X2	378	kept	representative	XP_040049614.2 bgnb [organism=Gasterosteus aculeatus] [GeneID=120829517] [isoform=X2]	Gasterosteus_aculeatus|BGN|XP_040049614.2
BGN	XP_061653633.1	Phyllopteryx taeniolatus	133489003		372	kept	representative	XP_061653633.1 bgnb [organism=Phyllopteryx taeniolatus] [GeneID=133489003]	Phyllopteryx_taeniolatus|BGN|XP_061653633.1
BGN	XP_061653721.1	Phyllopteryx taeniolatus	133489003		372	excluded	extra_isoform_same_locus	XP_061653721.1 bgnb [organism=Phyllopteryx taeniolatus] [GeneID=133489003]	Phyllopteryx_taeniolatus|BGN|XP_061653721.1
BGN	XP_080755751.1	Rhamphochromis sp. 'chilingali'	308407772		371	kept	representative	XP_080755751.1 bgnb [organism=Rhamphochromis sp. 'chilingali'] [GeneID=308407772]	Rhamphochromis_sp._chilingali|BGN|XP_080755751.1
BGN	XP_028848648.1	Denticeps clupeoides	114797762		374	kept	representative	XP_028848648.1 bgnb [organism=Denticeps clupeoides] [GeneID=114797762]	Denticeps_clupeoides|BGN|XP_028848648.1
BGN	XP_082538084.1	Grampus griseus	309839948		369	kept	representative	XP_082538084.1 BGN [organism=Grampus griseus] [GeneID=309839948]	Grampus_griseus|BGN|XP_082538084.1
BGN	XP_082720996.1	Leucopleurus acutus	309978399		369	kept	representative	XP_082720996.1 BGN [organism=Leucopleurus acutus] [GeneID=309978399]	Leucopleurus_acutus|BGN|XP_082720996.1
BGN	XP_017342828.1	Ictalurus punctatus	108276053		373	kept	representative	XP_017342828.1 bgnb [organism=Ictalurus punctatus] [GeneID=108276053]	Ictalurus_punctatus|BGN|XP_017342828.1
BGN	XP_017342829.1	Ictalurus punctatus	108276053		373	excluded	extra_isoform_same_locus	XP_017342829.1 bgnb [organism=Ictalurus punctatus] [GeneID=108276053]	Ictalurus_punctatus|BGN|XP_017342829.1
BGN	XP_053542172.1	Ictalurus punctatus	108276053		373	excluded	extra_isoform_same_locus	XP_053542172.1 bgnb [organism=Ictalurus punctatus] [GeneID=108276053]	Ictalurus_punctatus|BGN|XP_053542172.1
BGN	XP_025718691.1	Callorhinus ursinus	112816414		369	kept	representative	XP_025718691.1 BGN [organism=Callorhinus ursinus] [GeneID=112816414]	Callorhinus_ursinus|BGN|XP_025718691.1
BGN	XP_029477301.1	Oncorhynchus nerka	115101977		371	kept	representative	XP_029477301.1 bgnb [organism=Oncorhynchus nerka] [GeneID=115101977]	Oncorhynchus_nerka|BGN|XP_029477301.1
BGN	XP_037336787.2	Pungitius pungitius	119223551		419	kept	representative	XP_037336787.2 bgnb [organism=Pungitius pungitius] [GeneID=119223551]	Pungitius_pungitius|BGN|XP_037336787.2
BGN	XP_068104435.1	Hyperolius riggenbachi	137527647		376	kept	representative	XP_068104435.1 BGN [organism=Hyperolius riggenbachi] [GeneID=137527647]	Hyperolius_riggenbachi|BGN|XP_068104435.1
BGN	XP_070824108.1	Chaetodon trifascialis	139334816		372	kept	representative	XP_070824108.1 bgnb [organism=Chaetodon trifascialis] [GeneID=139334816]	Chaetodon_trifascialis|BGN|XP_070824108.1
BGN	XP_080589214.1	Nannobrachium achirus	308291145		376	kept	representative	XP_080589214.1 bgnb [organism=Nannobrachium achirus] [GeneID=308291145]	Nannobrachium_achirus|BGN|XP_080589214.1
BGN	XP_027463834.1	Zalophus californianus	113930679		369	kept	representative	XP_027463834.1 BGN [organism=Zalophus californianus] [GeneID=113930679]	Zalophus_californianus|BGN|XP_027463834.1
BGN	XP_030049917.1	Microcaecilia unicolor	115463496		362	kept	representative	XP_030049917.1 BGN [organism=Microcaecilia unicolor] [GeneID=115463496]	Microcaecilia_unicolor|BGN|XP_030049917.1
BGN	XP_031172551.1	Sander lucioperca	116062133		372	kept	representative	XP_031172551.1 bgnb [organism=Sander lucioperca] [GeneID=116062133]	Sander_lucioperca|BGN|XP_031172551.1
BGN	XP_005886214.1	Myotis brandtii	102240427		368	kept	representative	XP_005886214.1 BGN [organism=Myotis brandtii] [GeneID=102240427]	Myotis_brandtii|BGN|XP_005886214.1
BGN	XP_005886215.1	Myotis brandtii	102240427		368	excluded	extra_isoform_same_locus	XP_005886215.1 BGN [organism=Myotis brandtii] [GeneID=102240427]	Myotis_brandtii|BGN|XP_005886215.1
BGN	XP_014388757.1	Myotis brandtii	102240427		368	excluded	extra_isoform_same_locus	XP_014388757.1 BGN [organism=Myotis brandtii] [GeneID=102240427]	Myotis_brandtii|BGN|XP_014388757.1
BGN	XP_029975733.1	Salarias fasciatus	115408906		372	kept	representative	XP_029975733.1 bgnb [organism=Salarias fasciatus] [GeneID=115408906]	Salarias_fasciatus|BGN|XP_029975733.1
BGN	XP_029975734.1	Salarias fasciatus	115408906		372	excluded	extra_isoform_same_locus	XP_029975734.1 bgnb [organism=Salarias fasciatus] [GeneID=115408906]	Salarias_fasciatus|BGN|XP_029975734.1
BGN	XP_085200055.1	Diplotaxodon limnothrissa	146610190		371	kept	representative	XP_085200055.1 bgnb [organism=Diplotaxodon limnothrissa] [GeneID=146610190]	Diplotaxodon_limnothrissa|BGN|XP_085200055.1
BGN	XP_029465021.1	Rhinatrema bivittatum	115095470		363	kept	representative	XP_029465021.1 BGN [organism=Rhinatrema bivittatum] [GeneID=115095470]	Rhinatrema_bivittatum|BGN|XP_029465021.1
BGN	XP_079216291.1	Symphodus melops	306834323		372	kept	representative	XP_079216291.1 bgnb [organism=Symphodus melops] [GeneID=306834323]	Symphodus_melops|BGN|XP_079216291.1
BGN	XP_083777028.1	Echiichthys vipera	310952322		372	kept	representative	XP_083777028.1 bgnb [organism=Echiichthys vipera] [GeneID=310952322]	Echiichthys_vipera|BGN|XP_083777028.1
BGN	XP_005414177.1	Chinchilla lanigera	102010847		368	kept	representative	XP_005414177.1 Bgn [organism=Chinchilla lanigera] [GeneID=102010847]	Chinchilla_lanigera|BGN|XP_005414177.1
BGN	XP_005414178.1	Chinchilla lanigera	102010847		368	excluded	extra_isoform_same_locus	XP_005414178.1 Bgn [organism=Chinchilla lanigera] [GeneID=102010847]	Chinchilla_lanigera|BGN|XP_005414178.1
BGN	XP_027991943.1	Eptesicus fuscus	103302207		368	kept	representative	XP_027991943.1 BGN [organism=Eptesicus fuscus] [GeneID=103302207]	Eptesicus_fuscus|BGN|XP_027991943.1
BGN	XP_042265253.1	Thunnus maccoyii	121895836		372	kept	representative	XP_042265253.1 bgnb [organism=Thunnus maccoyii] [GeneID=121895836]	Thunnus_maccoyii|BGN|XP_042265253.1
BGN	XP_042265254.1	Thunnus maccoyii	121895836		372	excluded	extra_isoform_same_locus	XP_042265254.1 bgnb [organism=Thunnus maccoyii] [GeneID=121895836]	Thunnus_maccoyii|BGN|XP_042265254.1
BGN	XP_005371884.1	Microtus ochrogaster	101984558		369	kept	representative	XP_005371884.1 Bgn [organism=Microtus ochrogaster] [GeneID=101984558]	Microtus_ochrogaster|BGN|XP_005371884.1
BGN	XP_058906534.1	Kogia breviceps	131748457		369	kept	representative	XP_058906534.1 BGN [organism=Kogia breviceps] [GeneID=131748457]	Kogia_breviceps|BGN|XP_058906534.1
BGN	XP_075870168.1	Nelusetta ayraudi	142880270		375	kept	representative	XP_075870168.1 bgnb [organism=Nelusetta ayraudi] [GeneID=142880270]	Nelusetta_ayraudi|BGN|XP_075870168.1
BGN	XP_075870170.1	Nelusetta ayraudi	142880270		375	excluded	extra_isoform_same_locus	XP_075870170.1 bgnb [organism=Nelusetta ayraudi] [GeneID=142880270]	Nelusetta_ayraudi|BGN|XP_075870170.1
BGN	XP_075870171.1	Nelusetta ayraudi	142880270		375	excluded	extra_isoform_same_locus	XP_075870171.1 bgnb [organism=Nelusetta ayraudi] [GeneID=142880270]	Nelusetta_ayraudi|BGN|XP_075870171.1
BGN	XP_019746770.1	Hippocampus comes	109528512		371	kept	representative	XP_019746770.1 bgnb [organism=Hippocampus comes] [GeneID=109528512]	Hippocampus_comes|BGN|XP_019746770.1
BGN	XP_019746771.1	Hippocampus comes	109528512		371	excluded	extra_isoform_same_locus	XP_019746771.1 bgnb [organism=Hippocampus comes] [GeneID=109528512]	Hippocampus_comes|BGN|XP_019746771.1
BGN	XP_083954593.1	Abramis brama	311073050		371	kept	representative	XP_083954593.1 bgnb [organism=Abramis brama] [GeneID=311073050]	Abramis_brama|BGN|XP_083954593.1
BGN	XP_044125145.1	Bufo gargarizans	122919958		374	kept	representative	XP_044125145.1 BGN [organism=Bufo gargarizans] [GeneID=122919958]	Bufo_gargarizans|BGN|XP_044125145.1
BGN	XP_048880020.1	Brienomyrus brachyistius	125748168		373	kept	representative	XP_048880020.1 bgnb [organism=Brienomyrus brachyistius] [GeneID=125748168]	Brienomyrus_brachyistius|BGN|XP_048880020.1
BGN	XP_003802575.1	Otolemur garnettii	100944593		369	kept	representative	XP_003802575.1 BGN [organism=Otolemur garnettii] [GeneID=100944593]	Otolemur_garnettii|BGN|XP_003802575.1
BGN	XP_023364228.1	Otolemur garnettii	100944593		369	excluded	extra_isoform_same_locus	XP_023364228.1 BGN [organism=Otolemur garnettii] [GeneID=100944593]	Otolemur_garnettii|BGN|XP_023364228.1
BGN	XP_023364229.1	Otolemur garnettii	100944593		369	excluded	extra_isoform_same_locus	XP_023364229.1 BGN [organism=Otolemur garnettii] [GeneID=100944593]	Otolemur_garnettii|BGN|XP_023364229.1
BGN	XP_023364230.1	Otolemur garnettii	100944593		369	excluded	extra_isoform_same_locus	XP_023364230.1 BGN [organism=Otolemur garnettii] [GeneID=100944593]	Otolemur_garnettii|BGN|XP_023364230.1
BGN	XP_023364231.1	Otolemur garnettii	100944593		369	excluded	extra_isoform_same_locus	XP_023364231.1 BGN [organism=Otolemur garnettii] [GeneID=100944593]	Otolemur_garnettii|BGN|XP_023364231.1
BGN	XP_036161325.1	Myotis myotis	118654151		368	kept	representative	XP_036161325.1 BGN [organism=Myotis myotis] [GeneID=118654151]	Myotis_myotis|BGN|XP_036161325.1
BGN	XP_036161326.1	Myotis myotis	118654151		368	excluded	extra_isoform_same_locus	XP_036161326.1 BGN [organism=Myotis myotis] [GeneID=118654151]	Myotis_myotis|BGN|XP_036161326.1
BGN	XP_036161327.1	Myotis myotis	118654151		368	excluded	extra_isoform_same_locus	XP_036161327.1 BGN [organism=Myotis myotis] [GeneID=118654151]	Myotis_myotis|BGN|XP_036161327.1
BGN	XP_036386987.1	Megalops cyprinoides	118779159		370	kept	representative	XP_036386987.1 bgnb [organism=Megalops cyprinoides] [GeneID=118779159]	Megalops_cyprinoides|BGN|XP_036386987.1
BGN	XP_049437943.1	Epinephelus fuscoguttatus	125892177		372	kept	representative	XP_049437943.1 bgnb [organism=Epinephelus fuscoguttatus] [GeneID=125892177]	Epinephelus_fuscoguttatus|BGN|XP_049437943.1
BGN	XP_061908085.1	Entelurus aequoreus	133653096		372	kept	representative	XP_061908085.1 bgnb [organism=Entelurus aequoreus] [GeneID=133653096]	Entelurus_aequoreus|BGN|XP_061908085.1
BGN	XP_035243622.1	Anguilla anguilla	118211025	X1	442	excluded	extra_isoform_same_locus	XP_035243622.1 bgnb [organism=Anguilla anguilla] [GeneID=118211025] [isoform=X1]	Anguilla_anguilla|BGN|XP_035243622.1
BGN	XP_035243623.1	Anguilla anguilla	118211025	X2	370	kept	representative	XP_035243623.1 bgnb [organism=Anguilla anguilla] [GeneID=118211025] [isoform=X2]	Anguilla_anguilla|BGN|XP_035243623.1
BGN	XP_035243624.1	Anguilla anguilla	118211025	X2	370	excluded	extra_isoform_same_locus	XP_035243624.1 bgnb [organism=Anguilla anguilla] [GeneID=118211025] [isoform=X2]	Anguilla_anguilla|BGN|XP_035243624.1
BGN	XP_033825716.1	Periophthalmus magnuspinnatus	117373733		372	kept	representative	XP_033825716.1 bgnb [organism=Periophthalmus magnuspinnatus] [GeneID=117373733]	Periophthalmus_magnuspinnatus|BGN|XP_033825716.1
BGN	XP_053153550.1	Hemicordylus capensis	128345523		372	kept	representative	XP_053153550.1 BGN [organism=Hemicordylus capensis] [GeneID=128345523]	Hemicordylus_capensis|BGN|XP_053153550.1
BGN	XP_053153551.1	Hemicordylus capensis	128345523		372	excluded	extra_isoform_same_locus	XP_053153551.1 BGN [organism=Hemicordylus capensis] [GeneID=128345523]	Hemicordylus_capensis|BGN|XP_053153551.1
BGN	XP_053153552.1	Hemicordylus capensis	128345523		372	excluded	extra_isoform_same_locus	XP_053153552.1 BGN [organism=Hemicordylus capensis] [GeneID=128345523]	Hemicordylus_capensis|BGN|XP_053153552.1
BGN	XP_053153553.1	Hemicordylus capensis	128345523		372	excluded	extra_isoform_same_locus	XP_053153553.1 BGN [organism=Hemicordylus capensis] [GeneID=128345523]	Hemicordylus_capensis|BGN|XP_053153553.1
BGN	XP_013873080.1	Austrofundulus limnaeus	106524004		371	kept	representative	XP_013873080.1 bgnb [organism=Austrofundulus limnaeus] [GeneID=106524004]	Austrofundulus_limnaeus|BGN|XP_013873080.1
BGN	XP_083211926.1	Vipera ursinii	310636196		368	kept	representative	XP_083211926.1 BGN [organism=Vipera ursinii] [GeneID=310636196]	Vipera_ursinii|BGN|XP_083211926.1
BGN	XP_086798431.1	Lissotriton vulgaris	147684320		231	excluded	relative_length	XP_086798431.1 BGN [organism=Lissotriton vulgaris] [GeneID=147684320]	Lissotriton_vulgaris|BGN|XP_086798431.1
BGN	XP_039722863.1	Pteropus medius	120605879		372	kept	representative	XP_039722863.1 BGN [organism=Pteropus medius] [GeneID=120605879]	Pteropus_medius|BGN|XP_039722863.1
BGN	XP_039722864.1	Pteropus medius	120605879		372	excluded	extra_isoform_same_locus	XP_039722864.1 BGN [organism=Pteropus medius] [GeneID=120605879]	Pteropus_medius|BGN|XP_039722864.1
BGN	XP_039075224.1	Hyaena hyaena	120221730		372	kept	representative	XP_039075224.1 BGN [organism=Hyaena hyaena] [GeneID=120221730]	Hyaena_hyaena|BGN|XP_039075224.1
BGN	XP_046220894.1	Oncorhynchus gorbuscha	124045564		371	kept	representative	XP_046220894.1 bgnb [organism=Oncorhynchus gorbuscha] [GeneID=124045564]	Oncorhynchus_gorbuscha|BGN|XP_046220894.1
BGN	XP_046220895.1	Oncorhynchus gorbuscha	124045564		371	excluded	extra_isoform_same_locus	XP_046220895.1 bgnb [organism=Oncorhynchus gorbuscha] [GeneID=124045564]	Oncorhynchus_gorbuscha|BGN|XP_046220895.1
BGN	XP_046220896.1	Oncorhynchus gorbuscha	124045564		371	excluded	extra_isoform_same_locus	XP_046220896.1 bgnb [organism=Oncorhynchus gorbuscha] [GeneID=124045564]	Oncorhynchus_gorbuscha|BGN|XP_046220896.1
BGN	XP_053704613.1	Synchiropus splendidus	128749244		370	kept	representative	XP_053704613.1 bgnb [organism=Synchiropus splendidus] [GeneID=128749244]	Synchiropus_splendidus|BGN|XP_053704613.1
BGN	XP_085899250.1	Filicampus tigris	147152960		371	kept	representative	XP_085899250.1 bgnb [organism=Filicampus tigris] [GeneID=147152960]	Filicampus_tigris|BGN|XP_085899250.1
BGN	XP_038866124.1	Salvelinus namaycush	120060776		371	kept	representative	XP_038866124.1 bgnb [organism=Salvelinus namaycush] [GeneID=120060776]	Salvelinus_namaycush|BGN|XP_038866124.1
BGN	XP_045852463.1	Meles meles	123935570		372	kept	representative	XP_045852463.1 BGN [organism=Meles meles] [GeneID=123935570]	Meles_meles|BGN|XP_045852463.1
BGN	XP_047572154.1	Lutra lutra	125091994		372	kept	representative	XP_047572154.1 BGN [organism=Lutra lutra] [GeneID=125091994]	Lutra_lutra|BGN|XP_047572154.1
BGN	XP_047572155.1	Lutra lutra	125091994		372	excluded	extra_isoform_same_locus	XP_047572155.1 BGN [organism=Lutra lutra] [GeneID=125091994]	Lutra_lutra|BGN|XP_047572155.1
BGN	XP_052597556.1	Peromyscus californicus insignis	128112560		369	kept	representative	XP_052597556.1 Bgn [organism=Peromyscus californicus insignis] [GeneID=128112560]	Peromyscus_californicus_insignis|BGN|XP_052597556.1
BGN	XP_075434512.1	Ascaphus truei	142471930		370	kept	representative	XP_075434512.1 BGN [organism=Ascaphus truei] [GeneID=142471930]	Ascaphus_truei|BGN|XP_075434512.1
BGN	XP_077746044.1	Canis aureus	144308974		372	kept	representative	XP_077746044.1 BGN [organism=Canis aureus] [GeneID=144308974]	Canis_aureus|BGN|XP_077746044.1
BGN	XP_077746045.1	Canis aureus	144308974		372	excluded	extra_isoform_same_locus	XP_077746045.1 BGN [organism=Canis aureus] [GeneID=144308974]	Canis_aureus|BGN|XP_077746045.1
BGN	XP_077746046.1	Canis aureus	144308974		372	excluded	extra_isoform_same_locus	XP_077746046.1 BGN [organism=Canis aureus] [GeneID=144308974]	Canis_aureus|BGN|XP_077746046.1
BGN	XP_077746047.1	Canis aureus	144308974		372	excluded	extra_isoform_same_locus	XP_077746047.1 BGN [organism=Canis aureus] [GeneID=144308974]	Canis_aureus|BGN|XP_077746047.1
BGN	XP_017736285.1	Rhinopithecus bieti	108535090		368	kept	representative	XP_017736285.1 BGN [organism=Rhinopithecus bieti] [GeneID=108535090]	Rhinopithecus_bieti|BGN|XP_017736285.1
BGN	XP_017736286.1	Rhinopithecus bieti	108535090		368	excluded	extra_isoform_same_locus	XP_017736286.1 BGN [organism=Rhinopithecus bieti] [GeneID=108535090]	Rhinopithecus_bieti|BGN|XP_017736286.1
BGN	XP_029361857.1	Echeneis naucrates	115045968		372	kept	representative	XP_029361857.1 bgnb [organism=Echeneis naucrates] [GeneID=115045968]	Echeneis_naucrates|BGN|XP_029361857.1
BGN	XP_023693364.1	Paramormyrops kingsleyae	111857090		373	kept	representative	XP_023693364.1 bgnb [organism=Paramormyrops kingsleyae] [GeneID=111857090]	Paramormyrops_kingsleyae|BGN|XP_023693364.1
BGN	XP_058390916.1	Diceros bicornis minor	131400190		369	kept	representative	XP_058390916.1 BGN [organism=Diceros bicornis minor] [GeneID=131400190]	Diceros_bicornis_minor|BGN|XP_058390916.1
BGN	XP_058390917.1	Diceros bicornis minor	131400190		369	excluded	extra_isoform_same_locus	XP_058390917.1 BGN [organism=Diceros bicornis minor] [GeneID=131400190]	Diceros_bicornis_minor|BGN|XP_058390917.1
BGN	XP_012904787.1	Mustela putorius furo	101693568		372	kept	representative	XP_012904787.1 BGN [organism=Mustela putorius furo] [GeneID=101693568]	Mustela_putorius_furo|BGN|XP_012904787.1
BGN	XP_012904788.1	Mustela putorius furo	101693568		372	excluded	extra_isoform_same_locus	XP_012904788.1 BGN [organism=Mustela putorius furo] [GeneID=101693568]	Mustela_putorius_furo|BGN|XP_012904788.1
BGN	XP_064159955.1	Anguilla rostrata	135237116	X1	385	excluded	extra_isoform_same_locus	XP_064159955.1 bgnb [organism=Anguilla rostrata] [GeneID=135237116] [isoform=X1]	Anguilla_rostrata|BGN|XP_064159955.1
BGN	XP_064159956.1	Anguilla rostrata	135237116	X2	370	kept	representative	XP_064159956.1 bgnb [organism=Anguilla rostrata] [GeneID=135237116] [isoform=X2]	Anguilla_rostrata|BGN|XP_064159956.1
BGN	XP_050997493.1	Acomys russatus	127185011		369	kept	representative	XP_050997493.1 Bgn [organism=Acomys russatus] [GeneID=127185011]	Acomys_russatus|BGN|XP_050997493.1
BGN	XP_041954510.1	Alosa sapidissima	121713714		371	kept	representative	XP_041954510.1 bgnb [organism=Alosa sapidissima] [GeneID=121713714]	Alosa_sapidissima|BGN|XP_041954510.1
BGN	XP_059818790.1	Hypanus sabinus	132390206		362	kept	representative	XP_059818790.1 bgnb [organism=Hypanus sabinus] [GeneID=132390206]	Hypanus_sabinus|BGN|XP_059818790.1
BGN	XP_076840742.1	Brachyhypopomus gauderio	143485261		372	kept	representative	XP_076840742.1 bgnb [organism=Brachyhypopomus gauderio] [GeneID=143485261]	Brachyhypopomus_gauderio|BGN|XP_076840742.1
BGN	XP_010793593.1	Notothenia coriiceps	104966143		372	kept	representative	XP_010793593.1 bgnb [organism=Notothenia coriiceps] [GeneID=104966143]	Notothenia_coriiceps|BGN|XP_010793593.1
BGN	XP_082001626.1	Leuciscus leuciscus	309480836		371	kept	representative	XP_082001626.1 bgnb [organism=Leuciscus leuciscus] [GeneID=309480836]	Leuciscus_leuciscus|BGN|XP_082001626.1
BGN	XP_027777539.1	Marmota flaviventris	114080159		369	kept	representative	XP_027777539.1 Bgn [organism=Marmota flaviventris] [GeneID=114080159]	Marmota_flaviventris|BGN|XP_027777539.1
BGN	XP_045394122.1	Lemur catta	123628452		369	kept	representative	XP_045394122.1 BGN [organism=Lemur catta] [GeneID=123628452]	Lemur_catta|BGN|XP_045394122.1
BGN	XP_060619161.2	Anolis sagrei	132767833		371	kept	representative	XP_060619161.2 BGN [organism=Anolis sagrei] [GeneID=132767833]	Anolis_sagrei|BGN|XP_060619161.2
BGN	XP_066105706.1	Saccopteryx bilineata	136317090		369	kept	representative	XP_066105706.1 BGN [organism=Saccopteryx bilineata] [GeneID=136317090]	Saccopteryx_bilineata|BGN|XP_066105706.1
BGN	XP_066105707.1	Saccopteryx bilineata	136317090		369	excluded	extra_isoform_same_locus	XP_066105707.1 BGN [organism=Saccopteryx bilineata] [GeneID=136317090]	Saccopteryx_bilineata|BGN|XP_066105707.1
BGN	XP_066105708.1	Saccopteryx bilineata	136317090		369	excluded	extra_isoform_same_locus	XP_066105708.1 BGN [organism=Saccopteryx bilineata] [GeneID=136317090]	Saccopteryx_bilineata|BGN|XP_066105708.1
BGN	XP_080766684.1	Micromys minutus	308415519		369	kept	representative	XP_080766684.1 BGN [organism=Micromys minutus] [GeneID=308415519]	Micromys_minutus|BGN|XP_080766684.1
BGN	XP_004695265.1	Condylura cristata	101626137		369	kept	representative	XP_004695265.1 BGN [organism=Condylura cristata] [GeneID=101626137]	Condylura_cristata|BGN|XP_004695265.1
BGN	XP_012589942.1	Condylura cristata	101626137		369	excluded	extra_isoform_same_locus	XP_012589942.1 BGN [organism=Condylura cristata] [GeneID=101626137]	Condylura_cristata|BGN|XP_012589942.1
BGN	XP_029911205.1	Myripristis murdjan	115361740		370	kept	representative	XP_029911205.1 bgnb [organism=Myripristis murdjan] [GeneID=115361740]	Myripristis_murdjan|BGN|XP_029911205.1
BGN	XP_004598890.2	Ochotona princeps	101518597		369	kept	representative	XP_004598890.2 BGN [organism=Ochotona princeps] [GeneID=101518597]	Ochotona_princeps|BGN|XP_004598890.2
BGN	XP_058514708.1	Ochotona princeps	101518597		369	excluded	extra_isoform_same_locus	XP_058514708.1 BGN [organism=Ochotona princeps] [GeneID=101518597]	Ochotona_princeps|BGN|XP_058514708.1
BGN	XP_042309374.1	Sceloporus undulatus	121923226		371	kept	representative	XP_042309374.1 BGN [organism=Sceloporus undulatus] [GeneID=121923226]	Sceloporus_undulatus|BGN|XP_042309374.1
BGN	XP_042309375.1	Sceloporus undulatus	121923226		371	excluded	extra_isoform_same_locus	XP_042309375.1 BGN [organism=Sceloporus undulatus] [GeneID=121923226]	Sceloporus_undulatus|BGN|XP_042309375.1
BGN	XP_042309376.1	Sceloporus undulatus	121923226		371	excluded	extra_isoform_same_locus	XP_042309376.1 BGN [organism=Sceloporus undulatus] [GeneID=121923226]	Sceloporus_undulatus|BGN|XP_042309376.1
BGN	XP_069842443.1	Dendropsophus ebraccatus	138802725		372	kept	representative	XP_069842443.1 BGN [organism=Dendropsophus ebraccatus] [GeneID=138802725]	Dendropsophus_ebraccatus|BGN|XP_069842443.1
BGN	XP_082465098.1	Mesoplodon mirus	309796052		369	kept	representative	XP_082465098.1 BGN [organism=Mesoplodon mirus] [GeneID=309796052]	Mesoplodon_mirus|BGN|XP_082465098.1
BGN	XP_004874977.1	Heterocephalus glaber	101713153		368	kept	representative	XP_004874977.1 Bgn [organism=Heterocephalus glaber] [GeneID=101713153]	Heterocephalus_glaber|BGN|XP_004874977.1
BGN	XP_077625747.1	Crocuta crocuta	144236019		372	kept	representative	XP_077625747.1 BGN [organism=Crocuta crocuta] [GeneID=144236019]	Crocuta_crocuta|BGN|XP_077625747.1
BGN	XP_035994291.1	Fundulus heteroclitus	105935896		373	kept	representative	XP_035994291.1 bgnb [organism=Fundulus heteroclitus] [GeneID=105935896]	Fundulus_heteroclitus|BGN|XP_035994291.1
BGN	XP_011715160.2	Macaca nemestrina	105467337		368	kept	representative	XP_011715160.2 BGN [organism=Macaca nemestrina] [GeneID=105467337]	Macaca_nemestrina|BGN|XP_011715160.2
BGN	XP_043751179.1	Cervus elaphus	122689099		369	kept	representative	XP_043751179.1 BGN [organism=Cervus elaphus] [GeneID=122689099]	Cervus_elaphus|BGN|XP_043751179.1
BGN	XP_059535821.1	Myotis daubentonii	132224738		368	kept	representative	XP_059535821.1 BGN [organism=Myotis daubentonii] [GeneID=132224738]	Myotis_daubentonii|BGN|XP_059535821.1
BGN	XP_059535822.1	Myotis daubentonii	132224738		368	excluded	extra_isoform_same_locus	XP_059535822.1 BGN [organism=Myotis daubentonii] [GeneID=132224738]	Myotis_daubentonii|BGN|XP_059535822.1
BGN	XP_059535823.1	Myotis daubentonii	132224738		368	excluded	extra_isoform_same_locus	XP_059535823.1 BGN [organism=Myotis daubentonii] [GeneID=132224738]	Myotis_daubentonii|BGN|XP_059535823.1
BGN	XP_038578912.1	Micropterus salmoides	119905709		372	kept	representative	XP_038578912.1 bgnb [organism=Micropterus salmoides] [GeneID=119905709]	Micropterus_salmoides|BGN|XP_038578912.1
BGN	XP_079130075.1	Melanostigma gelatinosum	306781206	1	372	kept	representative	XP_079130075.1 bgnb [organism=Melanostigma gelatinosum] [GeneID=306781206] [isoform=1]	Melanostigma_gelatinosum|BGN|XP_079130075.1
BGN	XP_079130076.1	Melanostigma gelatinosum	306781206	1	372	excluded	extra_isoform_same_locus	XP_079130076.1 bgnb [organism=Melanostigma gelatinosum] [GeneID=306781206] [isoform=1]	Melanostigma_gelatinosum|BGN|XP_079130076.1
BGN	XP_080300974.1	Gymnoscopelus braueri	308097189		373	kept	representative	XP_080300974.1 bgnb [organism=Gymnoscopelus braueri] [GeneID=308097189]	Gymnoscopelus_braueri|BGN|XP_080300974.1
BGN	XP_083425702.1	Silurus aristotelis	310741611	1	372	kept	representative	XP_083425702.1 bgnb [organism=Silurus aristotelis] [GeneID=310741611] [isoform=1]	Silurus_aristotelis|BGN|XP_083425702.1
BGN	XP_083425703.1	Silurus aristotelis	310741611	1	372	excluded	extra_isoform_same_locus	XP_083425703.1 bgnb [organism=Silurus aristotelis] [GeneID=310741611] [isoform=1]	Silurus_aristotelis|BGN|XP_083425703.1
BGN	XP_083425704.1	Silurus aristotelis	310741611	1	372	excluded	extra_isoform_same_locus	XP_083425704.1 bgnb [organism=Silurus aristotelis] [GeneID=310741611] [isoform=1]	Silurus_aristotelis|BGN|XP_083425704.1
BGN	XP_051946919.1	Xyrauchen texanus	127618485		371	kept	representative	XP_051946919.1 bgnb [organism=Xyrauchen texanus] [GeneID=127618485]	Xyrauchen_texanus|BGN|XP_051946919.1
BGN	NP_001431820.1	Sus scrofa	397396		369	kept	representative	NP_001431820.1 BGN [organism=Sus scrofa] [GeneID=397396]	Sus_scrofa|BGN|NP_001431820.1
BGN	XP_084862478.1	Sus scrofa	397396	X1	369	excluded	extra_isoform_same_locus	XP_084862478.1 BGN [organism=Sus scrofa] [GeneID=397396] [isoform=X1]	Sus_scrofa|BGN|XP_084862478.1
BGN	XP_032377589.1	Etheostoma spectabile	116693025		372	kept	representative	XP_032377589.1 bgnb [organism=Etheostoma spectabile] [GeneID=116693025]	Etheostoma_spectabile|BGN|XP_032377589.1
BGN	XP_084773032.1	Perissodus microlepis	146363679		371	kept	representative	XP_084773032.1 bgnb [organism=Perissodus microlepis] [GeneID=146363679]	Perissodus_microlepis|BGN|XP_084773032.1
BGN	XP_020832949.1	Phascolarctos cinereus	110201549		369	kept	representative	XP_020832949.1 BGN [organism=Phascolarctos cinereus] [GeneID=110201549]	Phascolarctos_cinereus|BGN|XP_020832949.1
BGN	XP_020832950.1	Phascolarctos cinereus	110201549		369	excluded	extra_isoform_same_locus	XP_020832950.1 BGN [organism=Phascolarctos cinereus] [GeneID=110201549]	Phascolarctos_cinereus|BGN|XP_020832950.1
BGN	XP_072103012.1	Mobula birostris	140190303		369	kept	representative	XP_072103012.1 bgnb [organism=Mobula birostris] [GeneID=140190303]	Mobula_birostris|BGN|XP_072103012.1
BGN	XP_075180371.1	Anomaloglossus baeobatrachus	142251448		374	kept	representative	XP_075180371.1 BGN [organism=Anomaloglossus baeobatrachus] [GeneID=142251448]	Anomaloglossus_baeobatrachus|BGN|XP_075180371.1
BGN	XP_080353327.1	Blennius ocellaris	308130752	1	372	kept	representative	XP_080353327.1 bgnb [organism=Blennius ocellaris] [GeneID=308130752] [isoform=1]	Blennius_ocellaris|BGN|XP_080353327.1
BGN	XP_080353328.1	Blennius ocellaris	308130752	1	372	excluded	extra_isoform_same_locus	XP_080353328.1 bgnb [organism=Blennius ocellaris] [GeneID=308130752] [isoform=1]	Blennius_ocellaris|BGN|XP_080353328.1
BGN	XP_082119153.1	Pelophylax lessonae	309559659		375	kept	representative	XP_082119153.1 BGN [organism=Pelophylax lessonae] [GeneID=309559659]	Pelophylax_lessonae|BGN|XP_082119153.1
BGN	XP_060750712.1	Tachysurus vachellii	132862621		383	kept	representative	XP_060750712.1 bgnb [organism=Tachysurus vachellii] [GeneID=132862621]	Tachysurus_vachellii|BGN|XP_060750712.1
BGN	XP_080709579.1	Sprattus sprattus	308376946		374	kept	representative	XP_080709579.1 bgnb [organism=Sprattus sprattus] [GeneID=308376946]	Sprattus_sprattus|BGN|XP_080709579.1
BGN	XP_010745135.1	Larimichthys crocea	104931741		372	kept	representative	XP_010745135.1 bgnb [organism=Larimichthys crocea] [GeneID=104931741]	Larimichthys_crocea|BGN|XP_010745135.1
BGN	XP_027144515.1	Larimichthys crocea	104931741		372	excluded	extra_isoform_same_locus	XP_027144515.1 bgnb [organism=Larimichthys crocea] [GeneID=104931741]	Larimichthys_crocea|BGN|XP_027144515.1
BGN	XP_013990075.1	Salmo salar	100294505		371	kept	representative	XP_013990075.1 bgnb [organism=Salmo salar] [GeneID=100294505]	Salmo_salar|BGN|XP_013990075.1
BGN	XP_041655374.1	Cheilinus undulatus	121517568		373	kept	representative	XP_041655374.1 bgnb [organism=Cheilinus undulatus] [GeneID=121517568]	Cheilinus_undulatus|BGN|XP_041655374.1
BGN	XP_010360061.1	Rhinopithecus roxellana	104661188	X2	368	kept	representative	XP_010360061.1 BGN [organism=Rhinopithecus roxellana] [GeneID=104661188] [isoform=X2]	Rhinopithecus_roxellana|BGN|XP_010360061.1
BGN	XP_030789323.1	Rhinopithecus roxellana	104661188	X1	380	excluded	extra_isoform_same_locus	XP_030789323.1 BGN [organism=Rhinopithecus roxellana] [GeneID=104661188] [isoform=X1]	Rhinopithecus_roxellana|BGN|XP_030789323.1
BGN	XP_061477645.1	Rhineura floridana	133382014		369	kept	representative	XP_061477645.1 BGN [organism=Rhineura floridana] [GeneID=133382014]	Rhineura_floridana|BGN|XP_061477645.1
BGN	XP_061477646.1	Rhineura floridana	133382014		369	excluded	extra_isoform_same_locus	XP_061477646.1 BGN [organism=Rhineura floridana] [GeneID=133382014]	Rhineura_floridana|BGN|XP_061477646.1
BGN	XP_061477647.1	Rhineura floridana	133382014		369	excluded	extra_isoform_same_locus	XP_061477647.1 BGN [organism=Rhineura floridana] [GeneID=133382014]	Rhineura_floridana|BGN|XP_061477647.1
BGN	XP_061477648.1	Rhineura floridana	133382014		369	excluded	extra_isoform_same_locus	XP_061477648.1 BGN [organism=Rhineura floridana] [GeneID=133382014]	Rhineura_floridana|BGN|XP_061477648.1
BGN	XP_061477649.1	Rhineura floridana	133382014		369	excluded	extra_isoform_same_locus	XP_061477649.1 BGN [organism=Rhineura floridana] [GeneID=133382014]	Rhineura_floridana|BGN|XP_061477649.1
BGN	XP_061477650.1	Rhineura floridana	133382014		369	excluded	extra_isoform_same_locus	XP_061477650.1 BGN [organism=Rhineura floridana] [GeneID=133382014]	Rhineura_floridana|BGN|XP_061477650.1
BGN	XP_056278781.1	Pseudoliparis swirei	130199369		372	kept	representative	XP_056278781.1 bgnb [organism=Pseudoliparis swirei] [GeneID=130199369]	Pseudoliparis_swirei|BGN|XP_056278781.1
BGN	XP_061668465.1	Syngnathoides biaculeatus	133496654		372	kept	representative	XP_061668465.1 bgnb [organism=Syngnathoides biaculeatus] [GeneID=133496654]	Syngnathoides_biaculeatus|BGN|XP_061668465.1
BGN	XP_062975453.1	Elgaria multicarinata webbii	134394171	X1	383	excluded	extra_isoform_same_locus	XP_062975453.1 BGN [organism=Elgaria multicarinata webbii] [GeneID=134394171] [isoform=X1]	Elgaria_multicarinata_webbii|BGN|XP_062975453.1
BGN	XP_062975454.1	Elgaria multicarinata webbii	134394171	X2	370	kept	representative	XP_062975454.1 BGN [organism=Elgaria multicarinata webbii] [GeneID=134394171] [isoform=X2]	Elgaria_multicarinata_webbii|BGN|XP_062975454.1
BGN	XP_027875384.1	Xiphophorus couchianus	114145906		372	kept	representative	XP_027875384.1 bgnb [organism=Xiphophorus couchianus] [GeneID=114145906]	Xiphophorus_couchianus|BGN|XP_027875384.1
BGN	XP_027875393.1	Xiphophorus couchianus	114145906		372	excluded	extra_isoform_same_locus	XP_027875393.1 bgnb [organism=Xiphophorus couchianus] [GeneID=114145906]	Xiphophorus_couchianus|BGN|XP_027875393.1
BGN	XP_081809242.1	Natrix helvetica	309392124		368	kept	representative	XP_081809242.1 BGN [organism=Natrix helvetica] [GeneID=309392124]	Natrix_helvetica|BGN|XP_081809242.1
BGN	NP_001075308.1	Equus caballus	100033879		372	kept	representative	NP_001075308.1 BGN [organism=Equus caballus] [GeneID=100033879]	Equus_caballus|BGN|NP_001075308.1
BGN	XP_023488943.1	Equus caballus	100033879	X1	372	excluded	extra_isoform_same_locus	XP_023488943.1 BGN [organism=Equus caballus] [GeneID=100033879] [isoform=X1]	Equus_caballus|BGN|XP_023488943.1
BGN	XP_048345778.1	Sphaerodactylus townsendi	125429060		371	kept	representative	XP_048345778.1 BGN [organism=Sphaerodactylus townsendi] [GeneID=125429060]	Sphaerodactylus_townsendi|BGN|XP_048345778.1
BGN	XP_055964672.1	Sorex fumeus	130017922		370	kept	representative	XP_055964672.1 BGN [organism=Sorex fumeus] [GeneID=130017922]	Sorex_fumeus|BGN|XP_055964672.1
BGN	XP_079598353.1	Pollachius pollachius	307079729		371	kept	representative	XP_079598353.1 bgnb [organism=Pollachius pollachius] [GeneID=307079729]	Pollachius_pollachius|BGN|XP_079598353.1
BGN	XP_005911083.1	Bos mutus	102269145		369	kept	representative	XP_005911083.1 BGN [organism=Bos mutus] [GeneID=102269145]	Bos_mutus|BGN|XP_005911083.1
BGN	XP_014338918.1	Bos mutus	102269145		369	excluded	extra_isoform_same_locus	XP_014338918.1 BGN [organism=Bos mutus] [GeneID=102269145]	Bos_mutus|BGN|XP_014338918.1
BGN	XP_026567057.1	Pseudonaja textilis	113443216		368	kept	representative	XP_026567057.1 BGN [organism=Pseudonaja textilis] [GeneID=113443216]	Pseudonaja_textilis|BGN|XP_026567057.1
BGN	XP_053551314.1	Bombina bombina	128642574		365	kept	representative	XP_053551314.1 BGN [organism=Bombina bombina] [GeneID=128642574]	Bombina_bombina|BGN|XP_053551314.1
BGN	XP_033705478.1	Tursiops truncatus	101332346		369	kept	representative	XP_033705478.1 BGN [organism=Tursiops truncatus] [GeneID=101332346]	Tursiops_truncatus|BGN|XP_033705478.1
BGN	XP_006877236.1	Chrysochloris asiatica	102831720		369	kept	representative	XP_006877236.1 BGN [organism=Chrysochloris asiatica] [GeneID=102831720]	Chrysochloris_asiatica|BGN|XP_006877236.1
BGN	XP_008575273.1	Galeopterus variegatus	103593926		369	kept	representative	XP_008575273.1 BGN [organism=Galeopterus variegatus] [GeneID=103593926]	Galeopterus_variegatus|BGN|XP_008575273.1
BGN	XP_084188741.1	Notolepis coatsorum	311243398		372	kept	representative	XP_084188741.1 bgnb [organism=Notolepis coatsorum] [GeneID=311243398]	Notolepis_coatsorum|BGN|XP_084188741.1
BGN	XP_012890770.1	Dipodomys ordii	106000116		336	kept	representative	XP_012890770.1 Bgn [organism=Dipodomys ordii] [GeneID=106000116]	Dipodomys_ordii|BGN|XP_012890770.1
BGN	XP_034996892.1	Zootoca vivipara	118097777		369	kept	representative	XP_034996892.1 BGN [organism=Zootoca vivipara] [GeneID=118097777]	Zootoca_vivipara|BGN|XP_034996892.1
BGN	XP_037678423.1	Choloepus didactylus	119523686	X1	275	kept	representative	XP_037678423.1 BGN [organism=Choloepus didactylus] [GeneID=119523686] [isoform=X1]	Choloepus_didactylus|BGN|XP_037678423.1
BGN	XP_037678424.1	Choloepus didactylus	119523686	X2	227	excluded	relative_length	XP_037678424.1 BGN [organism=Choloepus didactylus] [GeneID=119523686] [isoform=X2]	Choloepus_didactylus|BGN|XP_037678424.1
BGN	XP_037678425.1	Choloepus didactylus	119523686	X3	225	excluded	relative_length	XP_037678425.1 BGN [organism=Choloepus didactylus] [GeneID=119523686] [isoform=X3]	Choloepus_didactylus|BGN|XP_037678425.1
BGN	XP_037678426.1	Choloepus didactylus	119523686	X3	225	excluded	relative_length	XP_037678426.1 BGN [organism=Choloepus didactylus] [GeneID=119523686] [isoform=X3]	Choloepus_didactylus|BGN|XP_037678426.1
BGN	XP_044538843.1	Gracilinanus agilis	123253764		278	kept	representative	XP_044538843.1 BGN [organism=Gracilinanus agilis] [GeneID=123253764]	Gracilinanus_agilis|BGN|XP_044538843.1
BGN	XP_056242005.1	Seriola aureovittata	130175501		372	kept	representative	XP_056242005.1 bgnb [organism=Seriola aureovittata] [GeneID=130175501]	Seriola_aureovittata|BGN|XP_056242005.1
BGN	XP_058025146.1	Ahaetulla prasina	131191238		368	kept	representative	XP_058025146.1 BGN [organism=Ahaetulla prasina] [GeneID=131191238]	Ahaetulla_prasina|BGN|XP_058025146.1
BGN	XP_058025147.1	Ahaetulla prasina	131191238		368	excluded	extra_isoform_same_locus	XP_058025147.1 BGN [organism=Ahaetulla prasina] [GeneID=131191238]	Ahaetulla_prasina|BGN|XP_058025147.1
BGN	XP_012612716.1	Microcebus murinus	105867326		369	kept	representative	XP_012612716.1 BGN [organism=Microcebus murinus] [GeneID=105867326]	Microcebus_murinus|BGN|XP_012612716.1
BGN	XP_012612717.1	Microcebus murinus	105867326		369	excluded	extra_isoform_same_locus	XP_012612717.1 BGN [organism=Microcebus murinus] [GeneID=105867326]	Microcebus_murinus|BGN|XP_012612717.1
BGN	XP_040262076.1	Bufo bufo	120977953		374	kept	representative	XP_040262076.1 BGN [organism=Bufo bufo] [GeneID=120977953]	Bufo_bufo|BGN|XP_040262076.1
BGN	XP_003918496.1	Papio anubis	101006423		368	kept	representative	XP_003918496.1 BGN [organism=Papio anubis] [GeneID=101006423]	Papio_anubis|BGN|XP_003918496.1
BGN	XP_006032095.1	Alligator sinensis	102386695		379	kept	representative	XP_006032095.1 BGN [organism=Alligator sinensis] [GeneID=102386695]	Alligator_sinensis|BGN|XP_006032095.1
BGN	XP_017495481.1	Manis javanica	108383481		369	kept	representative	XP_017495481.1 BGN [organism=Manis javanica] [GeneID=108383481]	Manis_javanica|BGN|XP_017495481.1
BGN	XP_044767836.1	Neomonachus schauinslandi	110584629		345	kept	representative	XP_044767836.1 BGN [organism=Neomonachus schauinslandi] [GeneID=110584629]	Neomonachus_schauinslandi|BGN|XP_044767836.1
BGN	XP_065142066.1	Paramisgurnus dabryanus	135775622		372	kept	representative	XP_065142066.1 bgnb [organism=Paramisgurnus dabryanus] [GeneID=135775622]	Paramisgurnus_dabryanus|BGN|XP_065142066.1
BGN	XP_028438948.1	Perca flavescens	114558872		371	kept	representative	XP_028438948.1 bgnb [organism=Perca flavescens] [GeneID=114558872]	Perca_flavescens|BGN|XP_028438948.1
BGN	XP_028438949.1	Perca flavescens	114558872		371	excluded	extra_isoform_same_locus	XP_028438949.1 bgnb [organism=Perca flavescens] [GeneID=114558872]	Perca_flavescens|BGN|XP_028438949.1
BGN	XP_066565962.1	Amia ocellicauda	136753607		360	kept	representative	XP_066565962.1 bgnb [organism=Amia ocellicauda] [GeneID=136753607]	Amia_ocellicauda|BGN|XP_066565962.1
BGN	XP_078520694.1	Lissotriton helveticus	144785762	X1	445	excluded	extra_isoform_same_locus	XP_078520694.1 BGN [organism=Lissotriton helveticus] [GeneID=144785762] [isoform=X1]	Lissotriton_helveticus|BGN|XP_078520694.1
BGN	XP_078520695.1	Lissotriton helveticus	144785762	X2	363	kept	representative	XP_078520695.1 BGN [organism=Lissotriton helveticus] [GeneID=144785762] [isoform=X2]	Lissotriton_helveticus|BGN|XP_078520695.1
BGN	XP_078520696.1	Lissotriton helveticus	144785762	X2	363	excluded	extra_isoform_same_locus	XP_078520696.1 BGN [organism=Lissotriton helveticus] [GeneID=144785762] [isoform=X2]	Lissotriton_helveticus|BGN|XP_078520696.1
BGN	XP_079352187.1	Electrona antarctica	306918358	1	379	kept	representative	XP_079352187.1 bgnb [organism=Electrona antarctica] [GeneID=306918358] [isoform=1]	Electrona_antarctica|BGN|XP_079352187.1
BGN	XP_079352188.1	Electrona antarctica	306918358	1	379	excluded	extra_isoform_same_locus	XP_079352188.1 bgnb [organism=Electrona antarctica] [GeneID=306918358] [isoform=1]	Electrona_antarctica|BGN|XP_079352188.1
BGN	XP_006740507.1	Leptonychotes weddellii	102746401		369	kept	representative	XP_006740507.1 BGN [organism=Leptonychotes weddellii] [GeneID=102746401]	Leptonychotes_weddellii|BGN|XP_006740507.1
BGN	XP_081664209.1	Leptonychotes weddellii	102746401		369	excluded	extra_isoform_same_locus	XP_081664209.1 BGN [organism=Leptonychotes weddellii] [GeneID=102746401]	Leptonychotes_weddellii|BGN|XP_081664209.1
BGN	XP_083624495.1	Protomyctophum parallelum	310861076		379	kept	representative	XP_083624495.1 bgnb [organism=Protomyctophum parallelum] [GeneID=310861076]	Protomyctophum_parallelum|BGN|XP_083624495.1
BGN	XP_004409211.1	Odobenus rosmarus divergens	101374435	X2	369	kept	representative	XP_004409211.1 BGN [organism=Odobenus rosmarus divergens] [GeneID=101374435] [isoform=X2]	Odobenus_rosmarus_divergens|BGN|XP_004409211.1
BGN	XP_012420953.1	Odobenus rosmarus divergens	101374435	X1	397	excluded	extra_isoform_same_locus	XP_012420953.1 BGN [organism=Odobenus rosmarus divergens] [GeneID=101374435] [isoform=X1]	Odobenus_rosmarus_divergens|BGN|XP_012420953.1
BGN	XP_084537043.1	Hypomesus nipponensis	146251628		372	kept	representative	XP_084537043.1 bgnb [organism=Hypomesus nipponensis] [GeneID=146251628]	Hypomesus_nipponensis|BGN|XP_084537043.1
BGN	XP_084537044.1	Hypomesus nipponensis	146251628		372	excluded	extra_isoform_same_locus	XP_084537044.1 bgnb [organism=Hypomesus nipponensis] [GeneID=146251628]	Hypomesus_nipponensis|BGN|XP_084537044.1
BGN	XP_045739857.1	Mirounga angustirostris	123850652		369	kept	representative	XP_045739857.1 BGN [organism=Mirounga angustirostris] [GeneID=123850652]	Mirounga_angustirostris|BGN|XP_045739857.1
BGN	XP_064430772.1	Mirounga angustirostris	123850652		369	excluded	extra_isoform_same_locus	XP_064430772.1 BGN [organism=Mirounga angustirostris] [GeneID=123850652]	Mirounga_angustirostris|BGN|XP_064430772.1
BGN	XP_066436771.1	Eleutherodactylus coqui	136580259		374	kept	representative	XP_066436771.1 BGN [organism=Eleutherodactylus coqui] [GeneID=136580259]	Eleutherodactylus_coqui|BGN|XP_066436771.1
BGN	XP_079658282.1	Gobio gobio	307117352		371	kept	representative	XP_079658282.1 bgnb [organism=Gobio gobio] [GeneID=307117352]	Gobio_gobio|BGN|XP_079658282.1
BGN	XP_080620514.1	Protomyctophum bolini	308316043		379	kept	representative	XP_080620514.1 bgnb [organism=Protomyctophum bolini] [GeneID=308316043]	Protomyctophum_bolini|BGN|XP_080620514.1
BGN	XP_040906800.1	Toxotes jaculatrix	121190270		372	kept	representative	XP_040906800.1 bgnb [organism=Toxotes jaculatrix] [GeneID=121190270]	Toxotes_jaculatrix|BGN|XP_040906800.1
BGN	XP_040906808.1	Toxotes jaculatrix	121190270		372	excluded	extra_isoform_same_locus	XP_040906808.1 bgnb [organism=Toxotes jaculatrix] [GeneID=121190270]	Toxotes_jaculatrix|BGN|XP_040906808.1
BGN	XP_030223834.1	Gadus morhua	115552156		371	kept	representative	XP_030223834.1 bgnb [organism=Gadus morhua] [GeneID=115552156]	Gadus_morhua|BGN|XP_030223834.1
BGN	XP_073918577.1	Castor canadensis	109701558		370	kept	representative	XP_073918577.1 Bgn [organism=Castor canadensis] [GeneID=109701558]	Castor_canadensis|BGN|XP_073918577.1
BGN	XP_073918578.1	Castor canadensis	109701558		370	excluded	extra_isoform_same_locus	XP_073918578.1 Bgn [organism=Castor canadensis] [GeneID=109701558]	Castor_canadensis|BGN|XP_073918578.1
BGN	XP_039217278.1	Crotalus tigris	120316121		368	kept	representative	XP_039217278.1 BGN [organism=Crotalus tigris] [GeneID=120316121]	Crotalus_tigris|BGN|XP_039217278.1
BGN	XP_043080278.1	Puntigrus tetrazona	122328589		371	kept	representative	XP_043080278.1 bgnb [organism=Puntigrus tetrazona] [GeneID=122328589]	Puntigrus_tetrazona|BGN|XP_043080278.1
BGN	XP_043080279.1	Puntigrus tetrazona	122328589		371	excluded	extra_isoform_same_locus	XP_043080279.1 bgnb [organism=Puntigrus tetrazona] [GeneID=122328589]	Puntigrus_tetrazona|BGN|XP_043080279.1
BGN	XP_049921579.1	Epinephelus moara	126403138		372	kept	representative	XP_049921579.1 bgnb [organism=Epinephelus moara] [GeneID=126403138]	Epinephelus_moara|BGN|XP_049921579.1
BGN	XP_051034237.1	Phodopus roborovskii	127217332		370	kept	representative	XP_051034237.1 Bgn [organism=Phodopus roborovskii] [GeneID=127217332]	Phodopus_roborovskii|BGN|XP_051034237.1
BGN	XP_081078008.1	Mesoplodon bidens	308608631		369	kept	representative	XP_081078008.1 BGN [organism=Mesoplodon bidens] [GeneID=308608631]	Mesoplodon_bidens|BGN|XP_081078008.1
BGN	XP_010831497.1	Bison bison bison	104983677		259	excluded	relative_length	XP_010831497.1 BGN [organism=Bison bison bison] [GeneID=104983677]	Bison_bison_bison|BGN|XP_010831497.1
BGN	XP_070641089.1	Bos indicus	109555323		369	kept	representative	XP_070641089.1 BGN [organism=Bos indicus] [GeneID=109555323]	Bos_indicus|BGN|XP_070641089.1
BGN	XP_070641090.1	Bos indicus	109555323		369	excluded	extra_isoform_same_locus	XP_070641090.1 BGN [organism=Bos indicus] [GeneID=109555323]	Bos_indicus|BGN|XP_070641090.1
BGN	XP_034867342.1	Mirounga leonina	118014971		369	kept	representative	XP_034867342.1 BGN [organism=Mirounga leonina] [GeneID=118014971]	Mirounga_leonina|BGN|XP_034867342.1
BGN	XP_020315739.1	Oncorhynchus kisutch	109869864		371	kept	representative	XP_020315739.1 bgnb [organism=Oncorhynchus kisutch] [GeneID=109869864]	Oncorhynchus_kisutch|BGN|XP_020315739.1
